ggml_cuda_init: found 1 CUDA devices (Total VRAM: 32606 MiB):
  Device 0: NVIDIA GeForce RTX 5090, compute capability 12.0, VMM: yes, VRAM: 32606 MiB
[
ESCHA_PROFILE k=2 ic=5120 oc=10240 rows=2048 gen=0 route=mma-fp16-mixedacc total_ms=8.2365 rotate_ms=5.1640 matmul_ms=2.8657 epilogue_ms=0.2068
ESCHA_PROFILE k=2 ic=5120 oc=6144 rows=2048 gen=0 route=mma-fp16-mixedacc total_ms=0.7915 rotate_ms=0.0645 matmul_ms=0.6709 epilogue_ms=0.0560
ESCHA_PROFILE k=2 ic=6144 oc=5120 rows=2048 gen=0 route=mma-fp16-mixedacc total_ms=0.7035 rotate_ms=0.0523 matmul_ms=0.6062 epilogue_ms=0.0451
ESCHA_PROFILE k=2 ic=5120 oc=17408 rows=2048 gen=0 route=mma-fp16-mixedacc total_ms=3.3505 rotate_ms=0.0410 matmul_ms=3.1202 epilogue_ms=0.1893
ESCHA_PROFILE k=3 ic=5120 oc=17408 rows=2048 gen=0 route=mma-fp16-mixedacc total_ms=2.0046 rotate_ms=0.0580 matmul_ms=1.7590 epilogue_ms=0.1876
ESCHA_PROFILE k=3 ic=17408 oc=5120 rows=2048 gen=0 route=mma-fp32-mixedacc total_ms=2.4547 rotate_ms=0.1787 matmul_ms=2.2282 epilogue_ms=0.0478
ESCHA_PROFILE k=2 ic=5120 oc=10240 rows=2048 gen=0 route=mma-fp16-mixedacc total_ms=1.4374 rotate_ms=0.0392 matmul_ms=1.2897 epilogue_ms=0.1085
ESCHA_PROFILE k=2 ic=5120 oc=6144 rows=2048 gen=0 route=mma-fp16-mixedacc total_ms=0.7752 rotate_ms=0.0574 matmul_ms=0.6625 epilogue_ms=0.0553
ESCHA_PROFILE k=2 ic=6144 oc=5120 rows=2048 gen=0 route=mma-fp16-mixedacc total_ms=0.7033 rotate_ms=0.0482 matmul_ms=0.6101 epilogue_ms=0.0450
ESCHA_PROFILE k=2 ic=5120 oc=17408 rows=2048 gen=0 route=mma-fp16-mixedacc total_ms=1.8552 rotate_ms=0.0406 matmul_ms=1.6264 epilogue_ms=0.1881
ESCHA_PROFILE k=3 ic=5120 oc=17408 rows=2048 gen=0 route=mma-fp16-mixedacc total_ms=1.9209 rotate_ms=0.0582 matmul_ms=1.6752 epilogue_ms=0.1874
ESCHA_PROFILE k=3 ic=17408 oc=5120 rows=2048 gen=0 route=mma-fp32-mixedacc total_ms=2.3653 rotate_ms=0.1689 matmul_ms=2.1473 epilogue_ms=0.0491
ESCHA_PROFILE k=2 ic=5120 oc=10240 rows=2048 gen=0 route=mma-fp16-mixedacc total_ms=1.1681 rotate_ms=0.0407 matmul_ms=1.0180 epilogue_ms=0.1093
ESCHA_PROFILE k=2 ic=5120 oc=6144 rows=2048 gen=0 route=mma-fp16-mixedacc total_ms=0.7711 rotate_ms=0.0533 matmul_ms=0.6625 epilogue_ms=0.0553
ESCHA_PROFILE k=2 ic=6144 oc=5120 rows=2048 gen=0 route=mma-fp16-mixedacc total_ms=0.7032 rotate_ms=0.0499 matmul_ms=0.6083 epilogue_ms=0.0450
ESCHA_PROFILE k=2 ic=5120 oc=17408 rows=2048 gen=0 route=mma-fp16-mixedacc total_ms=1.8532 rotate_ms=0.0428 matmul_ms=1.6241 epilogue_ms=0.1863
ESCHA_PROFILE k=3 ic=5120 oc=17408 rows=2048 gen=0 route=mma-fp16-mixedacc total_ms=1.9240 rotate_ms=0.0563 matmul_ms=1.6794 epilogue_ms=0.1884
ESCHA_PROFILE k=3 ic=17408 oc=5120 rows=2048 gen=0 route=mma-fp32-mixedacc total_ms=2.3714 rotate_ms=0.1729 matmul_ms=2.1494 epilogue_ms=0.0491
ESCHA_PROFILE k=2 ic=5120 oc=12288 rows=2048 gen=0 route=mma-fp16-mixedacc total_ms=1.4129 rotate_ms=0.0407 matmul_ms=1.2390 epilogue_ms=0.1331
ESCHA_PROFILE k=2 ic=5120 oc=1024 rows=2048 gen=0 route=mma-fp16-mixedacc total_ms=0.2109 rotate_ms=0.0602 matmul_ms=0.1385 epilogue_ms=0.0123
ESCHA_PROFILE k=2 ic=5120 oc=1024 rows=2048 gen=0 route=mma-fp16-mixedacc total_ms=0.2048 rotate_ms=0.0540 matmul_ms=0.1385 epilogue_ms=0.0123
ESCHA_PROFILE k=2 ic=6144 oc=5120 rows=2048 gen=0 route=mma-fp16-mixedacc total_ms=0.7090 rotate_ms=0.0528 matmul_ms=0.6112 epilogue_ms=0.0450
ESCHA_PROFILE k=2 ic=5120 oc=17408 rows=2048 gen=0 route=mma-fp16-mixedacc total_ms=1.8506 rotate_ms=0.0404 matmul_ms=1.6238 epilogue_ms=0.1864
ESCHA_PROFILE k=3 ic=5120 oc=17408 rows=2048 gen=0 route=mma-fp16-mixedacc total_ms=1.9182 rotate_ms=0.0586 matmul_ms=1.6732 epilogue_ms=0.1864
ESCHA_PROFILE k=3 ic=17408 oc=5120 rows=2048 gen=0 route=mma-fp32-mixedacc total_ms=2.3694 rotate_ms=0.1708 matmul_ms=2.1494 epilogue_ms=0.0492
ESCHA_PROFILE k=2 ic=5120 oc=10240 rows=2048 gen=0 route=mma-fp16-mixedacc total_ms=1.1548 rotate_ms=0.0407 matmul_ms=1.0055 epilogue_ms=0.1086
ESCHA_PROFILE k=2 ic=5120 oc=6144 rows=2048 gen=0 route=mma-fp16-mixedacc total_ms=0.7697 rotate_ms=0.0529 matmul_ms=0.6615 epilogue_ms=0.0553
ESCHA_PROFILE k=2 ic=6144 oc=5120 rows=2048 gen=0 route=mma-fp16-mixedacc total_ms=0.7054 rotate_ms=0.0521 matmul_ms=0.6083 epilogue_ms=0.0450
ESCHA_PROFILE k=2 ic=5120 oc=17408 rows=2048 gen=0 route=mma-fp16-mixedacc total_ms=1.8532 rotate_ms=0.0407 matmul_ms=1.6261 epilogue_ms=0.1864
ESCHA_PROFILE k=3 ic=5120 oc=17408 rows=2048 gen=0 route=mma-fp16-mixedacc total_ms=1.9229 rotate_ms=0.0582 matmul_ms=1.6773 epilogue_ms=0.1874
ESCHA_PROFILE k=3 ic=17408 oc=5120 rows=2048 gen=0 route=mma-fp32-mixedacc total_ms=2.3754 rotate_ms=0.1687 matmul_ms=2.1576 epilogue_ms=0.0492
ESCHA_PROFILE k=2 ic=5120 oc=10240 rows=2048 gen=0 route=mma-fp16-mixedacc total_ms=1.1567 rotate_ms=0.0406 matmul_ms=1.0076 epilogue_ms=0.1085
ESCHA_PROFILE k=2 ic=5120 oc=6144 rows=2048 gen=0 route=mma-fp16-mixedacc total_ms=0.7698 rotate_ms=0.0530 matmul_ms=0.6615 epilogue_ms=0.0553
ESCHA_PROFILE k=2 ic=6144 oc=5120 rows=2048 gen=0 route=mma-fp16-mixedacc total_ms=0.7037 rotate_ms=0.0504 matmul_ms=0.6083 epilogue_ms=0.0451
ESCHA_PROFILE k=2 ic=5120 oc=17408 rows=2048 gen=0 route=mma-fp16-mixedacc total_ms=2.1706 rotate_ms=0.0428 matmul_ms=1.9394 epilogue_ms=0.1884
ESCHA_PROFILE k=3 ic=5120 oc=17408 rows=2048 gen=0 route=mma-fp16-mixedacc total_ms=1.9275 rotate_ms=0.0587 matmul_ms=1.6814 epilogue_ms=0.1874
ESCHA_PROFILE k=3 ic=17408 oc=5120 rows=2048 gen=0 route=mma-fp32-mixedacc total_ms=2.3697 rotate_ms=0.1671 matmul_ms=2.1535 epilogue_ms=0.0491
ESCHA_PROFILE k=2 ic=5120 oc=10240 rows=2048 gen=0 route=mma-fp16-mixedacc total_ms=1.1568 rotate_ms=0.0415 matmul_ms=1.0071 epilogue_ms=0.1082
ESCHA_PROFILE k=2 ic=5120 oc=6144 rows=2048 gen=0 route=mma-fp16-mixedacc total_ms=0.7739 rotate_ms=0.0530 matmul_ms=0.6656 epilogue_ms=0.0553
ESCHA_PROFILE k=2 ic=6144 oc=5120 rows=2048 gen=0 route=mma-fp16-mixedacc total_ms=0.7070 rotate_ms=0.0517 matmul_ms=0.6103 epilogue_ms=0.0451
ESCHA_PROFILE k=2 ic=5120 oc=17408 rows=2048 gen=0 route=mma-fp16-mixedacc total_ms=1.8552 rotate_ms=0.0407 matmul_ms=1.6282 epilogue_ms=0.1864
ESCHA_PROFILE k=3 ic=5120 oc=17408 rows=2048 gen=0 route=mma-fp16-mixedacc total_ms=2.1963 rotate_ms=0.0582 matmul_ms=1.9517 epilogue_ms=0.1864
ESCHA_PROFILE k=3 ic=17408 oc=5120 rows=2048 gen=0 route=mma-fp32-mixedacc total_ms=2.3781 rotate_ms=0.1714 matmul_ms=2.1576 epilogue_ms=0.0492
ESCHA_PROFILE k=2 ic=5120 oc=12288 rows=2048 gen=0 route=mma-fp16-mixedacc total_ms=1.4170 rotate_ms=0.0407 matmul_ms=1.2431 epilogue_ms=0.1331
ESCHA_PROFILE k=2 ic=5120 oc=1024 rows=2048 gen=0 route=mma-fp16-mixedacc total_ms=0.2007 rotate_ms=0.0532 matmul_ms=0.1352 epilogue_ms=0.0123
ESCHA_PROFILE k=2 ic=5120 oc=1024 rows=2048 gen=0 route=mma-fp16-mixedacc total_ms=0.2009 rotate_ms=0.0522 matmul_ms=0.1364 epilogue_ms=0.0123
ESCHA_PROFILE k=2 ic=6144 oc=5120 rows=2048 gen=0 route=mma-fp16-mixedacc total_ms=0.6983 rotate_ms=0.0471 matmul_ms=0.6062 epilogue_ms=0.0450
ESCHA_PROFILE k=2 ic=5120 oc=17408 rows=2048 gen=0 route=mma-fp16-mixedacc total_ms=1.8594 rotate_ms=0.0407 matmul_ms=1.6322 epilogue_ms=0.1864
ESCHA_PROFILE k=3 ic=5120 oc=17408 rows=2048 gen=0 route=mma-fp16-mixedacc total_ms=1.9308 rotate_ms=0.0580 matmul_ms=1.6834 epilogue_ms=0.1894
ESCHA_PROFILE k=3 ic=17408 oc=5120 rows=2048 gen=0 route=mma-fp32-mixedacc total_ms=2.6570 rotate_ms=0.1666 matmul_ms=2.4412 epilogue_ms=0.0492
ESCHA_PROFILE k=2 ic=5120 oc=10240 rows=2048 gen=0 route=mma-fp16-mixedacc total_ms=1.2575 rotate_ms=0.1240 matmul_ms=1.0255 epilogue_ms=0.1080
ESCHA_PROFILE k=2 ic=5120 oc=6144 rows=2048 gen=0 route=mma-fp16-mixedacc total_ms=0.7820 rotate_ms=0.0530 matmul_ms=0.6717 epilogue_ms=0.0574
ESCHA_PROFILE k=2 ic=6144 oc=5120 rows=2048 gen=0 route=mma-fp16-mixedacc total_ms=0.7115 rotate_ms=0.0506 matmul_ms=0.6161 epilogue_ms=0.0448
ESCHA_PROFILE k=2 ic=5120 oc=17408 rows=2048 gen=0 route=mma-fp16-mixedacc total_ms=1.8739 rotate_ms=0.0410 matmul_ms=1.6445 epilogue_ms=0.1884
ESCHA_PROFILE k=3 ic=5120 oc=17408 rows=2048 gen=0 route=mma-fp16-mixedacc total_ms=1.9455 rotate_ms=0.0583 matmul_ms=1.6998 epilogue_ms=0.1874
ESCHA_PROFILE k=3 ic=17408 oc=5120 rows=2048 gen=0 route=mma-fp32-mixedacc total_ms=2.3940 rotate_ms=0.1688 matmul_ms=2.1760 epilogue_ms=0.0491
ESCHA_PROFILE k=2 ic=5120 oc=10240 rows=2048 gen=0 route=mma-fp16-mixedacc total_ms=1.2411 rotate_ms=0.1094 matmul_ms=1.0237 epilogue_ms=0.1080
ESCHA_PROFILE k=2 ic=5120 oc=6144 rows=2048 gen=0 route=mma-fp16-mixedacc total_ms=0.7840 rotate_ms=0.0549 matmul_ms=0.6717 epilogue_ms=0.0573
ESCHA_PROFILE k=2 ic=6144 oc=5120 rows=2048 gen=0 route=mma-fp16-mixedacc total_ms=0.7138 rotate_ms=0.0523 matmul_ms=0.6164 epilogue_ms=0.0450
ESCHA_PROFILE k=2 ic=5120 oc=17408 rows=2048 gen=0 route=mma-fp16-mixedacc total_ms=1.8757 rotate_ms=0.0407 matmul_ms=1.6466 epilogue_ms=0.1884
ESCHA_PROFILE k=3 ic=5120 oc=17408 rows=2048 gen=0 route=mma-fp16-mixedacc total_ms=1.9434 rotate_ms=0.0582 matmul_ms=1.6978 epilogue_ms=0.1874
ESCHA_PROFILE k=3 ic=17408 oc=5120 rows=2048 gen=0 route=mma-fp32-mixedacc total_ms=2.3960 rotate_ms=0.1709 matmul_ms=2.1760 epilogue_ms=0.0491
ESCHA_PROFILE k=2 ic=5120 oc=10240 rows=2048 gen=0 route=mma-fp16-mixedacc total_ms=1.5378 rotate_ms=0.0631 matmul_ms=1.3662 epilogue_ms=0.1084
ESCHA_PROFILE k=2 ic=5120 oc=6144 rows=2048 gen=0 route=mma-fp16-mixedacc total_ms=0.7778 rotate_ms=0.0528 matmul_ms=0.6697 epilogue_ms=0.0553
ESCHA_PROFILE k=2 ic=6144 oc=5120 rows=2048 gen=0 route=mma-fp16-mixedacc total_ms=0.7119 rotate_ms=0.0524 matmul_ms=0.6144 epilogue_ms=0.0451
ESCHA_PROFILE k=2 ic=5120 oc=17408 rows=2048 gen=0 route=mma-fp16-mixedacc total_ms=1.8757 rotate_ms=0.0407 matmul_ms=1.6466 epilogue_ms=0.1884
ESCHA_PROFILE k=3 ic=5120 oc=17408 rows=2048 gen=0 route=mma-fp16-mixedacc total_ms=1.9459 rotate_ms=0.0586 matmul_ms=1.6998 epilogue_ms=0.1874
ESCHA_PROFILE k=3 ic=17408 oc=5120 rows=2048 gen=0 route=mma-fp32-mixedacc total_ms=2.4004 rotate_ms=0.1712 matmul_ms=2.1801 epilogue_ms=0.0491
ESCHA_PROFILE k=2 ic=5120 oc=12288 rows=2048 gen=0 route=mma-fp16-mixedacc total_ms=1.4313 rotate_ms=0.0407 matmul_ms=1.2575 epilogue_ms=0.1331
ESCHA_PROFILE k=2 ic=5120 oc=1024 rows=2048 gen=0 route=mma-fp16-mixedacc total_ms=0.2007 rotate_ms=0.0533 matmul_ms=0.1352 epilogue_ms=0.0123
ESCHA_PROFILE k=2 ic=5120 oc=1024 rows=2048 gen=0 route=mma-fp16-mixedacc total_ms=0.2012 rotate_ms=0.0490 matmul_ms=0.1400 epilogue_ms=0.0123
ESCHA_PROFILE k=2 ic=6144 oc=5120 rows=2048 gen=0 route=mma-fp16-mixedacc total_ms=0.7065 rotate_ms=0.0492 matmul_ms=0.6123 epilogue_ms=0.0451
ESCHA_PROFILE k=2 ic=5120 oc=17408 rows=2048 gen=0 route=mma-fp16-mixedacc total_ms=1.8737 rotate_ms=0.0407 matmul_ms=1.6466 epilogue_ms=0.1864
ESCHA_PROFILE k=3 ic=5120 oc=17408 rows=2048 gen=0 route=mma-fp16-mixedacc total_ms=1.9458 rotate_ms=0.0586 matmul_ms=1.6998 epilogue_ms=0.1874
ESCHA_PROFILE k=3 ic=17408 oc=5120 rows=2048 gen=0 route=mma-fp32-mixedacc total_ms=2.4004 rotate_ms=0.1712 matmul_ms=2.1801 epilogue_ms=0.0491
ESCHA_PROFILE k=2 ic=5120 oc=10240 rows=2048 gen=0 route=mma-fp16-mixedacc total_ms=1.1691 rotate_ms=0.0407 matmul_ms=1.0199 epilogue_ms=0.1085
ESCHA_PROFILE k=2 ic=5120 oc=6144 rows=2048 gen=0 route=mma-fp16-mixedacc total_ms=0.7840 rotate_ms=0.0549 matmul_ms=0.6717 epilogue_ms=0.0573
ESCHA_PROFILE k=2 ic=6144 oc=5120 rows=2048 gen=0 route=mma-fp16-mixedacc total_ms=0.7127 rotate_ms=0.0492 matmul_ms=0.6185 epilogue_ms=0.0451
ESCHA_PROFILE k=2 ic=5120 oc=17408 rows=2048 gen=0 route=mma-fp16-mixedacc total_ms=1.8819 rotate_ms=0.0407 matmul_ms=1.6527 epilogue_ms=0.1884
ESCHA_PROFILE k=3 ic=5120 oc=17408 rows=2048 gen=0 route=mma-fp16-mixedacc total_ms=1.9468 rotate_ms=0.0555 matmul_ms=1.7019 epilogue_ms=0.1894
ESCHA_PROFILE k=3 ic=17408 oc=5120 rows=2048 gen=0 route=mma-fp32-mixedacc total_ms=2.3984 rotate_ms=0.1712 matmul_ms=2.1780 epilogue_ms=0.0491
ESCHA_PROFILE k=2 ic=5120 oc=10240 rows=2048 gen=0 route=mma-fp16-mixedacc total_ms=1.1712 rotate_ms=0.0407 matmul_ms=1.0220 epilogue_ms=0.1085
ESCHA_PROFILE k=2 ic=5120 oc=6144 rows=2048 gen=0 route=mma-fp16-mixedacc total_ms=1.0852 rotate_ms=0.0550 matmul_ms=0.6697 epilogue_ms=0.3604
ESCHA_PROFILE k=2 ic=6144 oc=5120 rows=2048 gen=0 route=mma-fp16-mixedacc total_ms=0.7137 rotate_ms=0.0502 matmul_ms=0.6185 epilogue_ms=0.0450
ESCHA_PROFILE k=2 ic=5120 oc=17408 rows=2048 gen=0 route=mma-fp16-mixedacc total_ms=1.8778 rotate_ms=0.0407 matmul_ms=1.6507 epilogue_ms=0.1864
ESCHA_PROFILE k=3 ic=5120 oc=17408 rows=2048 gen=0 route=mma-fp16-mixedacc total_ms=1.9496 rotate_ms=0.0603 matmul_ms=1.7019 epilogue_ms=0.1874
ESCHA_PROFILE k=3 ic=17408 oc=5120 rows=2048 gen=0 route=mma-fp32-mixedacc total_ms=2.3980 rotate_ms=0.1688 matmul_ms=2.1801 epilogue_ms=0.0491
ESCHA_PROFILE k=2 ic=5120 oc=10240 rows=2048 gen=0 route=mma-fp16-mixedacc total_ms=1.1671 rotate_ms=0.0407 matmul_ms=1.0199 epilogue_ms=0.1065
ESCHA_PROFILE k=2 ic=5120 oc=6144 rows=2048 gen=0 route=mma-fp16-mixedacc total_ms=0.7841 rotate_ms=0.0530 matmul_ms=0.6738 epilogue_ms=0.0573
ESCHA_PROFILE k=2 ic=6144 oc=5120 rows=2048 gen=0 route=mma-fp16-mixedacc total_ms=0.7136 rotate_ms=0.0500 matmul_ms=0.6185 epilogue_ms=0.0451
ESCHA_PROFILE k=2 ic=5120 oc=17408 rows=2048 gen=0 route=mma-fp16-mixedacc total_ms=2.1788 rotate_ms=0.0407 matmul_ms=1.9497 epilogue_ms=0.1884
ESCHA_PROFILE k=3 ic=5120 oc=17408 rows=2048 gen=0 route=mma-fp16-mixedacc total_ms=1.9484 rotate_ms=0.0581 matmul_ms=1.7019 epilogue_ms=0.1884
ESCHA_PROFILE k=3 ic=17408 oc=5120 rows=2048 gen=0 route=mma-fp32-mixedacc total_ms=2.3999 rotate_ms=0.1707 matmul_ms=2.1801 epilogue_ms=0.0491
ESCHA_PROFILE k=2 ic=5120 oc=12288 rows=2048 gen=0 route=mma-fp16-mixedacc total_ms=1.4295 rotate_ms=0.0410 matmul_ms=1.2554 epilogue_ms=0.1331
ESCHA_PROFILE k=2 ic=5120 oc=1024 rows=2048 gen=0 route=mma-fp16-mixedacc total_ms=0.2027 rotate_ms=0.0532 matmul_ms=0.1372 epilogue_ms=0.0123
ESCHA_PROFILE k=2 ic=5120 oc=1024 rows=2048 gen=0 route=mma-fp16-mixedacc total_ms=0.2030 rotate_ms=0.0523 matmul_ms=0.1385 epilogue_ms=0.0123
ESCHA_PROFILE k=2 ic=6144 oc=5120 rows=2048 gen=0 route=mma-fp16-mixedacc total_ms=0.7065 rotate_ms=0.0492 matmul_ms=0.6123 epilogue_ms=0.0451
ESCHA_PROFILE k=2 ic=5120 oc=17408 rows=2048 gen=0 route=mma-fp16-mixedacc total_ms=1.8778 rotate_ms=0.0407 matmul_ms=1.6507 epilogue_ms=0.1864
ESCHA_PROFILE k=3 ic=5120 oc=17408 rows=2048 gen=0 route=mma-fp16-mixedacc total_ms=2.2492 rotate_ms=0.0579 matmul_ms=1.7039 epilogue_ms=0.4874
ESCHA_PROFILE k=3 ic=17408 oc=5120 rows=2048 gen=0 route=mma-fp32-mixedacc total_ms=2.3943 rotate_ms=0.1671 matmul_ms=2.1780 epilogue_ms=0.0492
ESCHA_PROFILE k=2 ic=5120 oc=10240 rows=2048 gen=0 route=mma-fp16-mixedacc total_ms=1.1807 rotate_ms=0.0410 matmul_ms=1.0303 epilogue_ms=0.1094
ESCHA_PROFILE k=2 ic=5120 oc=6144 rows=2048 gen=0 route=mma-fp16-mixedacc total_ms=0.7813 rotate_ms=0.0553 matmul_ms=0.6707 epilogue_ms=0.0553
ESCHA_PROFILE k=2 ic=6144 oc=5120 rows=2048 gen=0 route=mma-fp16-mixedacc total_ms=0.7134 rotate_ms=0.0519 matmul_ms=0.6164 epilogue_ms=0.0450
ESCHA_PROFILE k=2 ic=5120 oc=17408 rows=2048 gen=0 route=mma-fp16-mixedacc total_ms=1.8818 rotate_ms=0.0427 matmul_ms=1.6513 epilogue_ms=0.1878
ESCHA_PROFILE k=3 ic=5120 oc=17408 rows=2048 gen=0 route=mma-fp16-mixedacc total_ms=1.9516 rotate_ms=0.0603 matmul_ms=1.7039 epilogue_ms=0.1874
ESCHA_PROFILE k=3 ic=17408 oc=5120 rows=2048 gen=0 route=mma-fp32-mixedacc total_ms=2.6837 rotate_ms=0.1729 matmul_ms=2.4617 epilogue_ms=0.0491
ESCHA_PROFILE k=2 ic=5120 oc=10240 rows=2048 gen=0 route=mma-fp16-mixedacc total_ms=1.1848 rotate_ms=0.0410 matmul_ms=1.0344 epilogue_ms=0.1094
ESCHA_PROFILE k=2 ic=5120 oc=6144 rows=2048 gen=0 route=mma-fp16-mixedacc total_ms=0.7834 rotate_ms=0.0533 matmul_ms=0.6727 epilogue_ms=0.0574
ESCHA_PROFILE k=2 ic=6144 oc=5120 rows=2048 gen=0 route=mma-fp16-mixedacc total_ms=0.7138 rotate_ms=0.0503 matmul_ms=0.6185 epilogue_ms=0.0451
ESCHA_PROFILE k=2 ic=5120 oc=17408 rows=2048 gen=0 route=mma-fp16-mixedacc total_ms=1.8795 rotate_ms=0.0428 matmul_ms=1.6496 epilogue_ms=0.1871
ESCHA_PROFILE k=3 ic=5120 oc=17408 rows=2048 gen=0 route=mma-fp16-mixedacc total_ms=1.9496 rotate_ms=0.0583 matmul_ms=1.7039 epilogue_ms=0.1874
ESCHA_PROFILE k=3 ic=17408 oc=5120 rows=2048 gen=0 route=mma-fp32-mixedacc total_ms=2.3836 rotate_ms=0.1687 matmul_ms=2.1658 epilogue_ms=0.0491
ESCHA_PROFILE k=2 ic=5120 oc=10240 rows=2048 gen=0 route=mma-fp16-mixedacc total_ms=1.1592 rotate_ms=0.0389 matmul_ms=1.0117 epilogue_ms=0.1085
ESCHA_PROFILE k=2 ic=5120 oc=6144 rows=2048 gen=0 route=mma-fp16-mixedacc total_ms=0.7739 rotate_ms=0.0530 matmul_ms=0.6656 epilogue_ms=0.0553
ESCHA_PROFILE k=2 ic=6144 oc=5120 rows=2048 gen=0 route=mma-fp16-mixedacc total_ms=0.7095 rotate_ms=0.0522 matmul_ms=0.6123 epilogue_ms=0.0451
ESCHA_PROFILE k=2 ic=5120 oc=17408 rows=2048 gen=0 route=mma-fp16-mixedacc total_ms=1.8716 rotate_ms=0.0428 matmul_ms=1.6425 epilogue_ms=0.1864
ESCHA_PROFILE k=3 ic=5120 oc=17408 rows=2048 gen=0 route=mma-fp16-mixedacc total_ms=1.9381 rotate_ms=0.0611 matmul_ms=1.6896 epilogue_ms=0.1874
ESCHA_PROFILE k=3 ic=17408 oc=5120 rows=2048 gen=0 route=mma-fp32-mixedacc total_ms=2.3769 rotate_ms=0.1723 matmul_ms=2.1555 epilogue_ms=0.0491
ESCHA_PROFILE k=2 ic=5120 oc=12288 rows=2048 gen=0 route=mma-fp16-mixedacc total_ms=1.4250 rotate_ms=0.0406 matmul_ms=1.2513 epilogue_ms=0.1331
ESCHA_PROFILE k=2 ic=5120 oc=1024 rows=2048 gen=0 route=mma-fp16-mixedacc total_ms=0.2048 rotate_ms=0.0553 matmul_ms=0.1372 epilogue_ms=0.0123
ESCHA_PROFILE k=2 ic=5120 oc=1024 rows=2048 gen=0 route=mma-fp16-mixedacc total_ms=0.1969 rotate_ms=0.0454 matmul_ms=0.1393 epilogue_ms=0.0123
ESCHA_PROFILE k=2 ic=6144 oc=5120 rows=2048 gen=0 route=mma-fp16-mixedacc total_ms=0.7045 rotate_ms=0.0492 matmul_ms=0.6103 epilogue_ms=0.0451
ESCHA_PROFILE k=2 ic=5120 oc=17408 rows=2048 gen=0 route=mma-fp16-mixedacc total_ms=1.8756 rotate_ms=0.0406 matmul_ms=1.6486 epilogue_ms=0.1864
ESCHA_PROFILE k=3 ic=5120 oc=17408 rows=2048 gen=0 route=mma-fp16-mixedacc total_ms=1.9492 rotate_ms=0.0600 matmul_ms=1.7019 epilogue_ms=0.1874
ESCHA_PROFILE k=3 ic=17408 oc=5120 rows=2048 gen=0 route=mma-fp32-mixedacc total_ms=2.4002 rotate_ms=0.1730 matmul_ms=2.1780 epilogue_ms=0.0491
ESCHA_PROFILE k=2 ic=5120 oc=10240 rows=2048 gen=0 route=mma-fp16-mixedacc total_ms=1.1694 rotate_ms=0.0410 matmul_ms=1.0199 epilogue_ms=0.1085
ESCHA_PROFILE k=2 ic=5120 oc=6144 rows=2048 gen=0 route=mma-fp16-mixedacc total_ms=0.7861 rotate_ms=0.0550 matmul_ms=0.6738 epilogue_ms=0.0573
ESCHA_PROFILE k=2 ic=6144 oc=5120 rows=2048 gen=0 route=mma-fp16-mixedacc total_ms=0.7159 rotate_ms=0.0514 matmul_ms=0.6197 epilogue_ms=0.0447
ESCHA_PROFILE k=2 ic=5120 oc=17408 rows=2048 gen=0 route=mma-fp16-mixedacc total_ms=1.8795 rotate_ms=0.0407 matmul_ms=1.6504 epilogue_ms=0.1884
ESCHA_PROFILE k=3 ic=5120 oc=17408 rows=2048 gen=0 route=mma-fp16-mixedacc total_ms=2.2213 rotate_ms=0.0565 matmul_ms=1.9783 epilogue_ms=0.1864
ESCHA_PROFILE k=3 ic=17408 oc=5120 rows=2048 gen=0 route=mma-fp32-mixedacc total_ms=2.4045 rotate_ms=0.1736 matmul_ms=2.1819 epilogue_ms=0.0491
ESCHA_PROFILE k=2 ic=5120 oc=10240 rows=2048 gen=0 route=mma-fp16-mixedacc total_ms=1.1694 rotate_ms=0.0389 matmul_ms=1.0220 epilogue_ms=0.1085
ESCHA_PROFILE k=2 ic=5120 oc=6144 rows=2048 gen=0 route=mma-fp16-mixedacc total_ms=0.7819 rotate_ms=0.0528 matmul_ms=0.6717 epilogue_ms=0.0573
ESCHA_PROFILE k=2 ic=6144 oc=5120 rows=2048 gen=0 route=mma-fp16-mixedacc total_ms=0.7115 rotate_ms=0.0500 matmul_ms=0.6164 epilogue_ms=0.0451
ESCHA_PROFILE k=2 ic=5120 oc=17408 rows=2048 gen=0 route=mma-fp16-mixedacc total_ms=2.1951 rotate_ms=0.0406 matmul_ms=1.9661 epilogue_ms=0.1884
ESCHA_PROFILE k=3 ic=5120 oc=17408 rows=2048 gen=0 route=mma-fp16-mixedacc total_ms=1.9480 rotate_ms=0.0587 matmul_ms=1.7019 epilogue_ms=0.1874
ESCHA_PROFILE k=3 ic=17408 oc=5120 rows=2048 gen=0 route=mma-fp32-mixedacc total_ms=2.3940 rotate_ms=0.1668 matmul_ms=2.1780 epilogue_ms=0.0491
ESCHA_PROFILE k=2 ic=5120 oc=10240 rows=2048 gen=0 route=mma-fp16-mixedacc total_ms=1.1709 rotate_ms=0.0417 matmul_ms=1.0219 epilogue_ms=0.1072
ESCHA_PROFILE k=2 ic=5120 oc=6144 rows=2048 gen=0 route=mma-fp16-mixedacc total_ms=0.7821 rotate_ms=0.0530 matmul_ms=0.6717 epilogue_ms=0.0574
ESCHA_PROFILE k=2 ic=6144 oc=5120 rows=2048 gen=0 route=mma-fp16-mixedacc total_ms=0.7135 rotate_ms=0.0503 matmul_ms=0.6182 epilogue_ms=0.0450
ESCHA_PROFILE k=2 ic=5120 oc=17408 rows=2048 gen=0 route=mma-fp16-mixedacc total_ms=1.8818 rotate_ms=0.0433 matmul_ms=1.6507 epilogue_ms=0.1878
ESCHA_PROFILE k=3 ic=5120 oc=17408 rows=2048 gen=0 route=mma-fp16-mixedacc total_ms=1.9538 rotate_ms=0.0594 matmul_ms=1.7060 epilogue_ms=0.1884
ESCHA_PROFILE k=3 ic=17408 oc=5120 rows=2048 gen=0 route=mma-fp32-mixedacc total_ms=2.4007 rotate_ms=0.1725 matmul_ms=2.1791 epilogue_ms=0.0491
ESCHA_PROFILE k=2 ic=5120 oc=12288 rows=2048 gen=0 route=mma-fp16-mixedacc total_ms=1.4351 rotate_ms=0.0404 matmul_ms=1.2604 epilogue_ms=0.1343
ESCHA_PROFILE k=2 ic=5120 oc=1024 rows=2048 gen=0 route=mma-fp16-mixedacc total_ms=0.1986 rotate_ms=0.0512 matmul_ms=0.1352 epilogue_ms=0.0123
ESCHA_PROFILE k=2 ic=5120 oc=1024 rows=2048 gen=0 route=mma-fp16-mixedacc total_ms=0.2103 rotate_ms=0.0565 matmul_ms=0.1401 epilogue_ms=0.0137
ESCHA_PROFILE k=2 ic=6144 oc=5120 rows=2048 gen=0 route=mma-fp16-mixedacc total_ms=0.7086 rotate_ms=0.0492 matmul_ms=0.6144 epilogue_ms=0.0450
ESCHA_PROFILE k=2 ic=5120 oc=17408 rows=2048 gen=0 route=mma-fp16-mixedacc total_ms=1.8897 rotate_ms=0.0493 matmul_ms=1.6523 epilogue_ms=0.1881
ESCHA_PROFILE k=3 ic=5120 oc=17408 rows=2048 gen=0 route=mma-fp16-mixedacc total_ms=1.9500 rotate_ms=0.0587 matmul_ms=1.7039 epilogue_ms=0.1874
ESCHA_PROFILE k=3 ic=17408 oc=5120 rows=2048 gen=0 route=mma-fp32-mixedacc total_ms=2.4021 rotate_ms=0.1729 matmul_ms=2.1801 epilogue_ms=0.0491
ESCHA_PROFILE k=2 ic=5120 oc=10240 rows=2048 gen=0 route=mma-fp16-mixedacc total_ms=1.1732 rotate_ms=0.0413 matmul_ms=1.0241 epilogue_ms=0.1079
ESCHA_PROFILE k=2 ic=5120 oc=6144 rows=2048 gen=0 route=mma-fp16-mixedacc total_ms=0.7841 rotate_ms=0.0550 matmul_ms=0.6717 epilogue_ms=0.0573
ESCHA_PROFILE k=2 ic=6144 oc=5120 rows=2048 gen=0 route=mma-fp16-mixedacc total_ms=0.7156 rotate_ms=0.0526 matmul_ms=0.6181 epilogue_ms=0.0448
ESCHA_PROFILE k=2 ic=5120 oc=17408 rows=2048 gen=0 route=mma-fp16-mixedacc total_ms=1.8815 rotate_ms=0.0412 matmul_ms=1.6525 epilogue_ms=0.1878
ESCHA_PROFILE k=3 ic=5120 oc=17408 rows=2048 gen=0 route=mma-fp16-mixedacc total_ms=1.9475 rotate_ms=0.0582 matmul_ms=1.7019 epilogue_ms=0.1874
ESCHA_PROFILE k=3 ic=17408 oc=5120 rows=2048 gen=0 route=mma-fp32-mixedacc total_ms=2.7316 rotate_ms=0.1685 matmul_ms=2.5139 epilogue_ms=0.0491
ESCHA_PROFILE k=2 ic=5120 oc=10240 rows=2048 gen=0 route=mma-fp16-mixedacc total_ms=1.1715 rotate_ms=0.0410 matmul_ms=1.0220 epilogue_ms=0.1085
ESCHA_PROFILE k=2 ic=5120 oc=6144 rows=2048 gen=0 route=mma-fp16-mixedacc total_ms=0.7820 rotate_ms=0.0530 matmul_ms=0.6717 epilogue_ms=0.0573
ESCHA_PROFILE k=2 ic=6144 oc=5120 rows=2048 gen=0 route=mma-fp16-mixedacc total_ms=0.7160 rotate_ms=0.0525 matmul_ms=0.6185 epilogue_ms=0.0450
ESCHA_PROFILE k=2 ic=5120 oc=17408 rows=2048 gen=0 route=mma-fp16-mixedacc total_ms=1.8798 rotate_ms=0.0407 matmul_ms=1.6507 epilogue_ms=0.1884
ESCHA_PROFILE k=3 ic=5120 oc=17408 rows=2048 gen=0 route=mma-fp16-mixedacc total_ms=1.9534 rotate_ms=0.0601 matmul_ms=1.7060 epilogue_ms=0.1874
ESCHA_PROFILE k=3 ic=17408 oc=5120 rows=2048 gen=0 route=mma-fp32-mixedacc total_ms=2.3999 rotate_ms=0.1666 matmul_ms=2.1842 epilogue_ms=0.0491
ESCHA_PROFILE k=2 ic=5120 oc=10240 rows=2048 gen=0 route=mma-fp16-mixedacc total_ms=1.4415 rotate_ms=0.0407 matmul_ms=1.2923 epilogue_ms=0.1085
ESCHA_PROFILE k=2 ic=5120 oc=6144 rows=2048 gen=0 route=mma-fp16-mixedacc total_ms=0.7842 rotate_ms=0.0530 matmul_ms=0.6738 epilogue_ms=0.0573
ESCHA_PROFILE k=2 ic=6144 oc=5120 rows=2048 gen=0 route=mma-fp16-mixedacc total_ms=0.7135 rotate_ms=0.0500 matmul_ms=0.6185 epilogue_ms=0.0451
ESCHA_PROFILE k=2 ic=5120 oc=17408 rows=2048 gen=0 route=mma-fp16-mixedacc total_ms=1.8839 rotate_ms=0.0407 matmul_ms=1.6548 epilogue_ms=0.1884
ESCHA_PROFILE k=3 ic=5120 oc=17408 rows=2048 gen=0 route=mma-fp16-mixedacc total_ms=1.9559 rotate_ms=0.0625 matmul_ms=1.7039 epilogue_ms=0.1894
ESCHA_PROFILE k=3 ic=17408 oc=5120 rows=2048 gen=0 route=mma-fp32-mixedacc total_ms=2.3984 rotate_ms=0.1712 matmul_ms=2.1780 epilogue_ms=0.0491
ESCHA_PROFILE k=2 ic=5120 oc=12288 rows=2048 gen=0 route=mma-fp16-mixedacc total_ms=1.4334 rotate_ms=0.0407 matmul_ms=1.2595 epilogue_ms=0.1331
ESCHA_PROFILE k=2 ic=5120 oc=1024 rows=2048 gen=0 route=mma-fp16-mixedacc total_ms=0.2027 rotate_ms=0.0532 matmul_ms=0.1372 epilogue_ms=0.0123
ESCHA_PROFILE k=2 ic=5120 oc=1024 rows=2048 gen=0 route=mma-fp16-mixedacc total_ms=0.2062 rotate_ms=0.0535 matmul_ms=0.1405 epilogue_ms=0.0123
ESCHA_PROFILE k=2 ic=6144 oc=5120 rows=2048 gen=0 route=mma-fp16-mixedacc total_ms=0.7065 rotate_ms=0.0492 matmul_ms=0.6123 epilogue_ms=0.0451
ESCHA_PROFILE k=2 ic=5120 oc=17408 rows=2048 gen=0 route=mma-fp16-mixedacc total_ms=1.8819 rotate_ms=0.0407 matmul_ms=1.6548 epilogue_ms=0.1864
ESCHA_PROFILE k=3 ic=5120 oc=17408 rows=2048 gen=0 route=mma-fp16-mixedacc total_ms=1.9559 rotate_ms=0.0604 matmul_ms=1.7080 epilogue_ms=0.1874
ESCHA_PROFILE k=3 ic=17408 oc=5120 rows=2048 gen=0 route=mma-fp32-mixedacc total_ms=2.4021 rotate_ms=0.1708 matmul_ms=2.1821 epilogue_ms=0.0491
ESCHA_PROFILE k=2 ic=5120 oc=10240 rows=2048 gen=0 route=mma-fp16-mixedacc total_ms=1.1710 rotate_ms=0.0405 matmul_ms=1.0219 epilogue_ms=0.1086
ESCHA_PROFILE k=2 ic=5120 oc=6144 rows=2048 gen=0 route=mma-fp16-mixedacc total_ms=0.7821 rotate_ms=0.0530 matmul_ms=0.6738 epilogue_ms=0.0553
ESCHA_PROFILE k=2 ic=6144 oc=5120 rows=2048 gen=0 route=mma-fp16-mixedacc total_ms=0.7156 rotate_ms=0.0507 matmul_ms=0.6202 epilogue_ms=0.0448
ESCHA_PROFILE k=2 ic=5120 oc=17408 rows=2048 gen=0 route=mma-fp16-mixedacc total_ms=1.8819 rotate_ms=0.0407 matmul_ms=1.6548 epilogue_ms=0.1864
ESCHA_PROFILE k=3 ic=5120 oc=17408 rows=2048 gen=0 route=mma-fp16-mixedacc total_ms=1.9557 rotate_ms=0.0623 matmul_ms=1.7060 epilogue_ms=0.1874
ESCHA_PROFILE k=3 ic=17408 oc=5120 rows=2048 gen=0 route=mma-fp32-mixedacc total_ms=2.4042 rotate_ms=0.1729 matmul_ms=2.1821 epilogue_ms=0.0491
ESCHA_PROFILE k=2 ic=5120 oc=10240 rows=2048 gen=0 route=mma-fp16-mixedacc total_ms=1.1733 rotate_ms=0.0407 matmul_ms=1.0240 epilogue_ms=0.1085
ESCHA_PROFILE k=2 ic=5120 oc=6144 rows=2048 gen=0 route=mma-fp16-mixedacc total_ms=0.7819 rotate_ms=0.0528 matmul_ms=0.6717 epilogue_ms=0.0574
ESCHA_PROFILE k=2 ic=6144 oc=5120 rows=2048 gen=0 route=mma-fp16-mixedacc total_ms=0.7136 rotate_ms=0.0501 matmul_ms=0.6185 epilogue_ms=0.0450
ESCHA_PROFILE k=2 ic=5120 oc=17408 rows=2048 gen=0 route=mma-fp16-mixedacc total_ms=1.8839 rotate_ms=0.0407 matmul_ms=1.6548 epilogue_ms=0.1884
ESCHA_PROFILE k=3 ic=5120 oc=17408 rows=2048 gen=0 route=mma-fp16-mixedacc total_ms=1.9579 rotate_ms=0.0614 matmul_ms=1.7080 epilogue_ms=0.1884
ESCHA_PROFILE k=3 ic=17408 oc=5120 rows=2048 gen=0 route=mma-fp32-mixedacc total_ms=2.3964 rotate_ms=0.1692 matmul_ms=2.1780 epilogue_ms=0.0491
ESCHA_PROFILE k=2 ic=5120 oc=10240 rows=2048 gen=0 route=mma-fp16-mixedacc total_ms=1.1732 rotate_ms=0.0407 matmul_ms=1.0219 epilogue_ms=0.1106
ESCHA_PROFILE k=2 ic=5120 oc=6144 rows=2048 gen=0 route=mma-fp16-mixedacc total_ms=0.7841 rotate_ms=0.0530 matmul_ms=0.6738 epilogue_ms=0.0573
ESCHA_PROFILE k=2 ic=6144 oc=5120 rows=2048 gen=0 route=mma-fp16-mixedacc total_ms=0.7118 rotate_ms=0.0503 matmul_ms=0.6164 epilogue_ms=0.0451
ESCHA_PROFILE k=2 ic=5120 oc=17408 rows=2048 gen=0 route=mma-fp16-mixedacc total_ms=1.8839 rotate_ms=0.0428 matmul_ms=1.6548 epilogue_ms=0.1864
ESCHA_PROFILE k=3 ic=5120 oc=17408 rows=2048 gen=0 route=mma-fp16-mixedacc total_ms=2.2291 rotate_ms=0.0582 matmul_ms=1.9845 epilogue_ms=0.1864
ESCHA_PROFILE k=3 ic=17408 oc=5120 rows=2048 gen=0 route=mma-fp32-mixedacc total_ms=2.4006 rotate_ms=0.1714 matmul_ms=2.1801 epilogue_ms=0.0491
ESCHA_PROFILE k=2 ic=5120 oc=12288 rows=2048 gen=0 route=mma-fp16-mixedacc total_ms=1.4351 rotate_ms=0.0410 matmul_ms=1.2612 epilogue_ms=0.1329
ESCHA_PROFILE k=2 ic=5120 oc=1024 rows=2048 gen=0 route=mma-fp16-mixedacc total_ms=0.2001 rotate_ms=0.0529 matmul_ms=0.1349 epilogue_ms=0.0123
ESCHA_PROFILE k=2 ic=5120 oc=1024 rows=2048 gen=0 route=mma-fp16-mixedacc total_ms=0.2140 rotate_ms=0.0566 matmul_ms=0.1444 epilogue_ms=0.0130
ESCHA_PROFILE k=2 ic=6144 oc=5120 rows=2048 gen=0 route=mma-fp16-mixedacc total_ms=0.7065 rotate_ms=0.0492 matmul_ms=0.6123 epilogue_ms=0.0451
ESCHA_PROFILE k=2 ic=5120 oc=17408 rows=2048 gen=0 route=mma-fp16-mixedacc total_ms=1.8839 rotate_ms=0.0410 matmul_ms=1.6548 epilogue_ms=0.1882
ESCHA_PROFILE k=3 ic=5120 oc=17408 rows=2048 gen=0 route=mma-fp16-mixedacc total_ms=1.9537 rotate_ms=0.0583 matmul_ms=1.7060 epilogue_ms=0.1894
ESCHA_PROFILE k=3 ic=17408 oc=5120 rows=2048 gen=0 route=mma-fp32-mixedacc total_ms=2.6745 rotate_ms=0.1688 matmul_ms=2.4545 epilogue_ms=0.0512
ESCHA_PROFILE k=2 ic=5120 oc=10240 rows=2048 gen=0 route=mma-fp16-mixedacc total_ms=1.1755 rotate_ms=0.0410 matmul_ms=1.0240 epilogue_ms=0.1106
ESCHA_PROFILE k=2 ic=5120 oc=6144 rows=2048 gen=0 route=mma-fp16-mixedacc total_ms=0.7841 rotate_ms=0.0550 matmul_ms=0.6717 epilogue_ms=0.0574
ESCHA_PROFILE k=2 ic=6144 oc=5120 rows=2048 gen=0 route=mma-fp16-mixedacc total_ms=0.7138 rotate_ms=0.0503 matmul_ms=0.6185 epilogue_ms=0.0451
ESCHA_PROFILE k=2 ic=5120 oc=17408 rows=2048 gen=0 route=mma-fp16-mixedacc total_ms=1.8878 rotate_ms=0.0426 matmul_ms=1.6568 epilogue_ms=0.1884
ESCHA_PROFILE k=3 ic=5120 oc=17408 rows=2048 gen=0 route=mma-fp16-mixedacc total_ms=2.2229 rotate_ms=0.0582 matmul_ms=1.9763 epilogue_ms=0.1884
ESCHA_PROFILE k=3 ic=17408 oc=5120 rows=2048 gen=0 route=mma-fp32-mixedacc total_ms=2.4042 rotate_ms=0.1729 matmul_ms=2.1821 epilogue_ms=0.0491
ESCHA_PROFILE k=2 ic=5120 oc=10240 rows=2048 gen=0 route=mma-fp16-mixedacc total_ms=1.1712 rotate_ms=0.0407 matmul_ms=1.0219 epilogue_ms=0.1086
ESCHA_PROFILE k=2 ic=5120 oc=6144 rows=2048 gen=0 route=mma-fp16-mixedacc total_ms=0.7820 rotate_ms=0.0550 matmul_ms=0.6717 epilogue_ms=0.0553
ESCHA_PROFILE k=2 ic=6144 oc=5120 rows=2048 gen=0 route=mma-fp16-mixedacc total_ms=0.7154 rotate_ms=0.0518 matmul_ms=0.6185 epilogue_ms=0.0450
ESCHA_PROFILE k=2 ic=5120 oc=17408 rows=2048 gen=0 route=mma-fp16-mixedacc total_ms=1.8798 rotate_ms=0.0407 matmul_ms=1.6507 epilogue_ms=0.1884
ESCHA_PROFILE k=3 ic=5120 oc=17408 rows=2048 gen=0 route=mma-fp16-mixedacc total_ms=1.9557 rotate_ms=0.0603 matmul_ms=1.7080 epilogue_ms=0.1874
ESCHA_PROFILE k=3 ic=17408 oc=5120 rows=2048 gen=0 route=mma-fp32-mixedacc total_ms=2.4025 rotate_ms=0.1692 matmul_ms=2.1842 epilogue_ms=0.0491
ESCHA_PROFILE k=2 ic=5120 oc=10240 rows=2048 gen=0 route=mma-fp16-mixedacc total_ms=1.1752 rotate_ms=0.0407 matmul_ms=1.0240 epilogue_ms=0.1106
ESCHA_PROFILE k=2 ic=5120 oc=6144 rows=2048 gen=0 route=mma-fp16-mixedacc total_ms=0.7844 rotate_ms=0.0533 matmul_ms=0.6738 epilogue_ms=0.0573
ESCHA_PROFILE k=2 ic=6144 oc=5120 rows=2048 gen=0 route=mma-fp16-mixedacc total_ms=0.7160 rotate_ms=0.0504 matmul_ms=0.6205 epilogue_ms=0.0450
ESCHA_PROFILE k=2 ic=5120 oc=17408 rows=2048 gen=0 route=mma-fp16-mixedacc total_ms=1.8819 rotate_ms=0.0428 matmul_ms=1.6527 epilogue_ms=0.1864
ESCHA_PROFILE k=3 ic=5120 oc=17408 rows=2048 gen=0 route=mma-fp16-mixedacc total_ms=1.9514 rotate_ms=0.0560 matmul_ms=1.7080 epilogue_ms=0.1874
ESCHA_PROFILE k=3 ic=17408 oc=5120 rows=2048 gen=0 route=mma-fp32-mixedacc total_ms=2.4005 rotate_ms=0.1713 matmul_ms=2.1801 epilogue_ms=0.0491
ESCHA_PROFILE k=2 ic=5120 oc=12288 rows=2048 gen=0 route=mma-fp16-mixedacc total_ms=1.4334 rotate_ms=0.0407 matmul_ms=1.2595 epilogue_ms=0.1331
ESCHA_PROFILE k=2 ic=5120 oc=1024 rows=2048 gen=0 route=mma-fp16-mixedacc total_ms=0.2027 rotate_ms=0.0532 matmul_ms=0.1372 epilogue_ms=0.0123
ESCHA_PROFILE k=2 ic=5120 oc=1024 rows=2048 gen=0 route=mma-fp16-mixedacc total_ms=0.2007 rotate_ms=0.0481 matmul_ms=0.1404 epilogue_ms=0.0123
ESCHA_PROFILE k=2 ic=6144 oc=5120 rows=2048 gen=0 route=mma-fp16-mixedacc total_ms=0.7066 rotate_ms=0.0471 matmul_ms=0.6144 epilogue_ms=0.0450
ESCHA_PROFILE k=2 ic=5120 oc=17408 rows=2048 gen=0 route=mma-fp16-mixedacc total_ms=1.8862 rotate_ms=0.0410 matmul_ms=1.6568 epilogue_ms=0.1884
ESCHA_PROFILE k=3 ic=5120 oc=17408 rows=2048 gen=0 route=mma-fp16-mixedacc total_ms=1.9534 rotate_ms=0.0580 matmul_ms=1.7080 epilogue_ms=0.1874
ESCHA_PROFILE k=3 ic=17408 oc=5120 rows=2048 gen=0 route=mma-fp32-mixedacc total_ms=2.4066 rotate_ms=0.1712 matmul_ms=2.1862 epilogue_ms=0.0491
ESCHA_PROFILE k=2 ic=5120 oc=10240 rows=2048 gen=0 route=mma-fp16-mixedacc total_ms=1.1733 rotate_ms=0.0407 matmul_ms=1.0240 epilogue_ms=0.1085
ESCHA_PROFILE k=2 ic=5120 oc=6144 rows=2048 gen=0 route=mma-fp16-mixedacc total_ms=0.7841 rotate_ms=0.0550 matmul_ms=0.6717 epilogue_ms=0.0574
ESCHA_PROFILE k=2 ic=6144 oc=5120 rows=2048 gen=0 route=mma-fp16-mixedacc total_ms=0.7156 rotate_ms=0.0521 matmul_ms=0.6185 epilogue_ms=0.0450
ESCHA_PROFILE k=2 ic=5120 oc=17408 rows=2048 gen=0 route=mma-fp16-mixedacc total_ms=2.1573 rotate_ms=0.0428 matmul_ms=1.9261 epilogue_ms=0.1884
ESCHA_PROFILE k=3 ic=5120 oc=17408 rows=2048 gen=0 route=mma-fp16-mixedacc total_ms=1.9563 rotate_ms=0.0608 matmul_ms=1.7080 epilogue_ms=0.1874
ESCHA_PROFILE k=3 ic=17408 oc=5120 rows=2048 gen=0 route=mma-fp32-mixedacc total_ms=2.4022 rotate_ms=0.1709 matmul_ms=2.1821 epilogue_ms=0.0491
ESCHA_PROFILE k=2 ic=5120 oc=10240 rows=2048 gen=0 route=mma-fp16-mixedacc total_ms=1.1860 rotate_ms=0.0532 matmul_ms=1.0244 epilogue_ms=0.1085
ESCHA_PROFILE k=2 ic=5120 oc=6144 rows=2048 gen=0 route=mma-fp16-mixedacc total_ms=0.7862 rotate_ms=0.0551 matmul_ms=0.6738 epilogue_ms=0.0574
ESCHA_PROFILE k=2 ic=6144 oc=5120 rows=2048 gen=0 route=mma-fp16-mixedacc total_ms=0.7151 rotate_ms=0.0495 matmul_ms=0.6205 epilogue_ms=0.0451
ESCHA_PROFILE k=2 ic=5120 oc=17408 rows=2048 gen=0 route=mma-fp16-mixedacc total_ms=2.1344 rotate_ms=0.0410 matmul_ms=1.9051 epilogue_ms=0.1884
ESCHA_PROFILE k=3 ic=5120 oc=17408 rows=2048 gen=0 route=mma-fp16-mixedacc total_ms=1.9540 rotate_ms=0.0587 matmul_ms=1.7060 epilogue_ms=0.1894
ESCHA_PROFILE k=3 ic=17408 oc=5120 rows=2048 gen=0 route=mma-fp32-mixedacc total_ms=2.4021 rotate_ms=0.1708 matmul_ms=2.1821 epilogue_ms=0.0492
ESCHA_PROFILE k=2 ic=5120 oc=10240 rows=2048 gen=0 route=mma-fp16-mixedacc total_ms=1.1712 rotate_ms=0.0407 matmul_ms=1.0240 epilogue_ms=0.1065
ESCHA_PROFILE k=2 ic=5120 oc=6144 rows=2048 gen=0 route=mma-fp16-mixedacc total_ms=0.7862 rotate_ms=0.0550 matmul_ms=0.6738 epilogue_ms=0.0573
ESCHA_PROFILE k=2 ic=6144 oc=5120 rows=2048 gen=0 route=mma-fp16-mixedacc total_ms=0.7153 rotate_ms=0.0498 matmul_ms=0.6205 epilogue_ms=0.0450
ESCHA_PROFILE k=2 ic=5120 oc=17408 rows=2048 gen=0 route=mma-fp16-mixedacc total_ms=1.8859 rotate_ms=0.0406 matmul_ms=1.6568 epilogue_ms=0.1884
ESCHA_PROFILE k=3 ic=5120 oc=17408 rows=2048 gen=0 route=mma-fp16-mixedacc total_ms=2.2295 rotate_ms=0.0586 matmul_ms=1.9825 epilogue_ms=0.1884
ESCHA_PROFILE k=3 ic=17408 oc=5120 rows=2048 gen=0 route=mma-fp32-mixedacc total_ms=2.4004 rotate_ms=0.1691 matmul_ms=2.1821 epilogue_ms=0.0491
ESCHA_PROFILE k=2 ic=5120 oc=12288 rows=2048 gen=0 route=mma-fp16-mixedacc total_ms=1.4395 rotate_ms=0.0407 matmul_ms=1.2657 epilogue_ms=0.1331
ESCHA_PROFILE k=2 ic=5120 oc=1024 rows=2048 gen=0 route=mma-fp16-mixedacc total_ms=0.2027 rotate_ms=0.0553 matmul_ms=0.1352 epilogue_ms=0.0123
ESCHA_PROFILE k=2 ic=5120 oc=1024 rows=2048 gen=0 route=mma-fp16-mixedacc total_ms=0.2036 rotate_ms=0.0510 matmul_ms=0.1404 epilogue_ms=0.0123
ESCHA_PROFILE k=2 ic=6144 oc=5120 rows=2048 gen=0 route=mma-fp16-mixedacc total_ms=0.7065 rotate_ms=0.0471 matmul_ms=0.6144 epilogue_ms=0.0450
ESCHA_PROFILE k=2 ic=5120 oc=17408 rows=2048 gen=0 route=mma-fp16-mixedacc total_ms=1.8819 rotate_ms=0.0407 matmul_ms=1.6527 epilogue_ms=0.1884
ESCHA_PROFILE k=3 ic=5120 oc=17408 rows=2048 gen=0 route=mma-fp16-mixedacc total_ms=1.9516 rotate_ms=0.0583 matmul_ms=1.7060 epilogue_ms=0.1874
ESCHA_PROFILE k=3 ic=17408 oc=5120 rows=2048 gen=0 route=mma-fp32-mixedacc total_ms=2.6643 rotate_ms=0.1668 matmul_ms=2.4463 epilogue_ms=0.0512
ESCHA_PROFILE k=2 ic=5120 oc=10240 rows=2048 gen=0 route=mma-fp16-mixedacc total_ms=1.1711 rotate_ms=0.0406 matmul_ms=1.0219 epilogue_ms=0.1086
ESCHA_PROFILE k=2 ic=5120 oc=6144 rows=2048 gen=0 route=mma-fp16-mixedacc total_ms=0.7860 rotate_ms=0.0549 matmul_ms=0.6738 epilogue_ms=0.0574
ESCHA_PROFILE k=2 ic=6144 oc=5120 rows=2048 gen=0 route=mma-fp16-mixedacc total_ms=0.7139 rotate_ms=0.0504 matmul_ms=0.6185 epilogue_ms=0.0450
ESCHA_PROFILE k=2 ic=5120 oc=17408 rows=2048 gen=0 route=mma-fp16-mixedacc total_ms=1.8839 rotate_ms=0.0407 matmul_ms=1.6548 epilogue_ms=0.1884
ESCHA_PROFILE k=3 ic=5120 oc=17408 rows=2048 gen=0 route=mma-fp16-mixedacc total_ms=1.9494 rotate_ms=0.0560 matmul_ms=1.7060 epilogue_ms=0.1874
ESCHA_PROFILE k=3 ic=17408 oc=5120 rows=2048 gen=0 route=mma-fp32-mixedacc total_ms=2.4107 rotate_ms=0.1753 matmul_ms=2.1862 epilogue_ms=0.0491
ESCHA_PROFILE k=2 ic=5120 oc=10240 rows=2048 gen=0 route=mma-fp16-mixedacc total_ms=1.5634 rotate_ms=0.0387 matmul_ms=1.0240 epilogue_ms=0.5007
ESCHA_PROFILE k=2 ic=5120 oc=6144 rows=2048 gen=0 route=mma-fp16-mixedacc total_ms=0.7842 rotate_ms=0.0551 matmul_ms=0.6717 epilogue_ms=0.0574
ESCHA_PROFILE k=2 ic=6144 oc=5120 rows=2048 gen=0 route=mma-fp16-mixedacc total_ms=0.7155 rotate_ms=0.0520 matmul_ms=0.6185 epilogue_ms=0.0451
ESCHA_PROFILE k=2 ic=5120 oc=17408 rows=2048 gen=0 route=mma-fp16-mixedacc total_ms=1.8860 rotate_ms=0.0407 matmul_ms=1.6568 epilogue_ms=0.1884
ESCHA_PROFILE k=3 ic=5120 oc=17408 rows=2048 gen=0 route=mma-fp16-mixedacc total_ms=1.9540 rotate_ms=0.0586 matmul_ms=1.7080 epilogue_ms=0.1874
ESCHA_PROFILE k=3 ic=17408 oc=5120 rows=2048 gen=0 route=mma-fp32-mixedacc total_ms=2.4062 rotate_ms=0.1709 matmul_ms=2.1862 epilogue_ms=0.0491
ESCHA_PROFILE k=2 ic=5120 oc=10240 rows=2048 gen=0 route=mma-fp16-mixedacc total_ms=1.1753 rotate_ms=0.0407 matmul_ms=1.0260 epilogue_ms=0.1085
ESCHA_PROFILE k=2 ic=5120 oc=6144 rows=2048 gen=0 route=mma-fp16-mixedacc total_ms=0.7844 rotate_ms=0.0533 matmul_ms=0.6738 epilogue_ms=0.0573
ESCHA_PROFILE k=2 ic=6144 oc=5120 rows=2048 gen=0 route=mma-fp16-mixedacc total_ms=0.7141 rotate_ms=0.0529 matmul_ms=0.6162 epilogue_ms=0.0451
ESCHA_PROFILE k=2 ic=5120 oc=17408 rows=2048 gen=0 route=mma-fp16-mixedacc total_ms=1.8815 rotate_ms=0.0410 matmul_ms=1.6526 epilogue_ms=0.1879
ESCHA_PROFILE k=3 ic=5120 oc=17408 rows=2048 gen=0 route=mma-fp16-mixedacc total_ms=1.9534 rotate_ms=0.0580 matmul_ms=1.7080 epilogue_ms=0.1874
ESCHA_PROFILE k=3 ic=17408 oc=5120 rows=2048 gen=0 route=mma-fp32-mixedacc total_ms=2.4062 rotate_ms=0.1729 matmul_ms=2.1842 epilogue_ms=0.0491
ESCHA_PROFILE k=2 ic=5120 oc=12288 rows=2048 gen=0 route=mma-fp16-mixedacc total_ms=1.4394 rotate_ms=0.0409 matmul_ms=1.2636 epilogue_ms=0.1348
ESCHA_PROFILE k=2 ic=5120 oc=1024 rows=2048 gen=0 route=mma-fp16-mixedacc total_ms=0.2000 rotate_ms=0.0509 matmul_ms=0.1368 epilogue_ms=0.0123
ESCHA_PROFILE k=2 ic=5120 oc=1024 rows=2048 gen=0 route=mma-fp16-mixedacc total_ms=0.2207 rotate_ms=0.0664 matmul_ms=0.1413 epilogue_ms=0.0130
ESCHA_PROFILE k=2 ic=6144 oc=5120 rows=2048 gen=0 route=mma-fp16-mixedacc total_ms=0.9892 rotate_ms=0.0492 matmul_ms=0.8929 epilogue_ms=0.0471
ESCHA_PROFILE k=2 ic=5120 oc=17408 rows=2048 gen=0 route=mma-fp16-mixedacc total_ms=1.8900 rotate_ms=0.0407 matmul_ms=1.6615 epilogue_ms=0.1878
ESCHA_PROFILE k=3 ic=5120 oc=17408 rows=2048 gen=0 route=mma-fp16-mixedacc total_ms=1.9516 rotate_ms=0.0603 matmul_ms=1.7040 epilogue_ms=0.1874
ESCHA_PROFILE k=3 ic=17408 oc=5120 rows=2048 gen=0 route=mma-fp32-mixedacc total_ms=2.4021 rotate_ms=0.1729 matmul_ms=2.1801 epilogue_ms=0.0491
ESCHA_PROFILE k=2 ic=5120 oc=10240 rows=2048 gen=0 route=mma-fp16-mixedacc total_ms=1.1732 rotate_ms=0.0407 matmul_ms=1.0240 epilogue_ms=0.1085
ESCHA_PROFILE k=2 ic=5120 oc=6144 rows=2048 gen=0 route=mma-fp16-mixedacc total_ms=0.7823 rotate_ms=0.0553 matmul_ms=0.6717 epilogue_ms=0.0553
ESCHA_PROFILE k=2 ic=6144 oc=5120 rows=2048 gen=0 route=mma-fp16-mixedacc total_ms=0.7149 rotate_ms=0.0521 matmul_ms=0.6180 epilogue_ms=0.0448
ESCHA_PROFILE k=2 ic=5120 oc=17408 rows=2048 gen=0 route=mma-fp16-mixedacc total_ms=2.1655 rotate_ms=0.0407 matmul_ms=1.9384 epilogue_ms=0.1863
ESCHA_PROFILE k=3 ic=5120 oc=17408 rows=2048 gen=0 route=mma-fp16-mixedacc total_ms=1.9516 rotate_ms=0.0562 matmul_ms=1.7080 epilogue_ms=0.1874
ESCHA_PROFILE k=3 ic=17408 oc=5120 rows=2048 gen=0 route=mma-fp32-mixedacc total_ms=2.4041 rotate_ms=0.1708 matmul_ms=2.1842 epilogue_ms=0.0491
ESCHA_PROFILE k=2 ic=5120 oc=10240 rows=2048 gen=0 route=mma-fp16-mixedacc total_ms=1.1758 rotate_ms=0.0415 matmul_ms=1.0260 epilogue_ms=0.1083
ESCHA_PROFILE k=2 ic=5120 oc=6144 rows=2048 gen=0 route=mma-fp16-mixedacc total_ms=0.7861 rotate_ms=0.0529 matmul_ms=0.6758 epilogue_ms=0.0573
ESCHA_PROFILE k=2 ic=6144 oc=5120 rows=2048 gen=0 route=mma-fp16-mixedacc total_ms=0.7156 rotate_ms=0.0503 matmul_ms=0.6203 epilogue_ms=0.0450
ESCHA_PROFILE k=2 ic=5120 oc=17408 rows=2048 gen=0 route=mma-fp16-mixedacc total_ms=1.8880 rotate_ms=0.0431 matmul_ms=1.6568 epilogue_ms=0.1881
ESCHA_PROFILE k=3 ic=5120 oc=17408 rows=2048 gen=0 route=mma-fp16-mixedacc total_ms=1.9537 rotate_ms=0.0583 matmul_ms=1.7080 epilogue_ms=0.1874
ESCHA_PROFILE k=3 ic=17408 oc=5120 rows=2048 gen=0 route=mma-fp32-mixedacc total_ms=2.4083 rotate_ms=0.1729 matmul_ms=2.1862 epilogue_ms=0.0491
ESCHA_PROFILE k=2 ic=5120 oc=10240 rows=2048 gen=0 route=mma-fp16-mixedacc total_ms=1.1753 rotate_ms=0.0413 matmul_ms=1.0241 epilogue_ms=0.1099
ESCHA_PROFILE k=2 ic=5120 oc=6144 rows=2048 gen=0 route=mma-fp16-mixedacc total_ms=0.7819 rotate_ms=0.0528 matmul_ms=0.6738 epilogue_ms=0.0553
ESCHA_PROFILE k=2 ic=6144 oc=5120 rows=2048 gen=0 route=mma-fp16-mixedacc total_ms=0.7159 rotate_ms=0.0500 matmul_ms=0.6193 epilogue_ms=0.0466
ESCHA_PROFILE k=2 ic=5120 oc=17408 rows=2048 gen=0 route=mma-fp16-mixedacc total_ms=1.8815 rotate_ms=0.0406 matmul_ms=1.6545 epilogue_ms=0.1864
ESCHA_PROFILE k=3 ic=5120 oc=17408 rows=2048 gen=0 route=mma-fp16-mixedacc total_ms=2.2639 rotate_ms=0.0582 matmul_ms=2.0173 epilogue_ms=0.1884
ESCHA_PROFILE k=3 ic=17408 oc=5120 rows=2048 gen=0 route=mma-fp32-mixedacc total_ms=2.3980 rotate_ms=0.1709 matmul_ms=2.1780 epilogue_ms=0.0491
ESCHA_PROFILE k=2 ic=5120 oc=12288 rows=2048 gen=0 route=mma-fp16-mixedacc total_ms=1.4395 rotate_ms=0.0407 matmul_ms=1.2657 epilogue_ms=0.1331
ESCHA_PROFILE k=2 ic=5120 oc=1024 rows=2048 gen=0 route=mma-fp16-mixedacc total_ms=0.2007 rotate_ms=0.0532 matmul_ms=0.1352 epilogue_ms=0.0123
ESCHA_PROFILE k=2 ic=5120 oc=1024 rows=2048 gen=0 route=mma-fp16-mixedacc total_ms=0.2070 rotate_ms=0.0563 matmul_ms=0.1385 epilogue_ms=0.0123
ESCHA_PROFILE k=2 ic=6144 oc=5120 rows=2048 gen=0 route=mma-fp16-mixedacc total_ms=0.7065 rotate_ms=0.0471 matmul_ms=0.6144 epilogue_ms=0.0451
ESCHA_PROFILE k=2 ic=5120 oc=17408 rows=2048 gen=0 route=mma-fp16-mixedacc total_ms=1.8839 rotate_ms=0.0407 matmul_ms=1.6568 epilogue_ms=0.1864
ESCHA_PROFILE k=3 ic=5120 oc=17408 rows=2048 gen=0 route=mma-fp16-mixedacc total_ms=1.9556 rotate_ms=0.0581 matmul_ms=1.7101 epilogue_ms=0.1874
ESCHA_PROFILE k=3 ic=17408 oc=5120 rows=2048 gen=0 route=mma-fp32-mixedacc total_ms=2.4000 rotate_ms=0.1729 matmul_ms=2.1780 epilogue_ms=0.0491
ESCHA_PROFILE k=2 ic=5120 oc=10240 rows=2048 gen=0 route=mma-fp16-mixedacc total_ms=1.1724 rotate_ms=0.0421 matmul_ms=1.0217 epilogue_ms=0.1086
ESCHA_PROFILE k=2 ic=5120 oc=6144 rows=2048 gen=0 route=mma-fp16-mixedacc total_ms=0.7819 rotate_ms=0.0528 matmul_ms=0.6738 epilogue_ms=0.0553
ESCHA_PROFILE k=2 ic=6144 oc=5120 rows=2048 gen=0 route=mma-fp16-mixedacc total_ms=0.7155 rotate_ms=0.0519 matmul_ms=0.6185 epilogue_ms=0.0451
ESCHA_PROFILE k=2 ic=5120 oc=17408 rows=2048 gen=0 route=mma-fp16-mixedacc total_ms=1.8839 rotate_ms=0.0428 matmul_ms=1.6548 epilogue_ms=0.1863
ESCHA_PROFILE k=3 ic=5120 oc=17408 rows=2048 gen=0 route=mma-fp16-mixedacc total_ms=1.9536 rotate_ms=0.0582 matmul_ms=1.7080 epilogue_ms=0.1874
ESCHA_PROFILE k=3 ic=17408 oc=5120 rows=2048 gen=0 route=mma-fp32-mixedacc total_ms=2.4001 rotate_ms=0.1708 matmul_ms=2.1801 epilogue_ms=0.0491
ESCHA_PROFILE k=2 ic=5120 oc=10240 rows=2048 gen=0 route=mma-fp16-mixedacc total_ms=1.4722 rotate_ms=0.0407 matmul_ms=1.3210 epilogue_ms=0.1106
ESCHA_PROFILE k=2 ic=5120 oc=6144 rows=2048 gen=0 route=mma-fp16-mixedacc total_ms=0.7841 rotate_ms=0.0530 matmul_ms=0.6738 epilogue_ms=0.0574
ESCHA_PROFILE k=2 ic=6144 oc=5120 rows=2048 gen=0 route=mma-fp16-mixedacc total_ms=0.7156 rotate_ms=0.0521 matmul_ms=0.6185 epilogue_ms=0.0451
ESCHA_PROFILE k=2 ic=5120 oc=17408 rows=2048 gen=0 route=mma-fp16-mixedacc total_ms=1.8900 rotate_ms=0.0430 matmul_ms=1.6588 epilogue_ms=0.1882
ESCHA_PROFILE k=3 ic=5120 oc=17408 rows=2048 gen=0 route=mma-fp16-mixedacc total_ms=1.9576 rotate_ms=0.0602 matmul_ms=1.7080 epilogue_ms=0.1894
ESCHA_PROFILE k=3 ic=17408 oc=5120 rows=2048 gen=0 route=mma-fp32-mixedacc total_ms=2.4083 rotate_ms=0.1729 matmul_ms=2.1862 epilogue_ms=0.0491
ESCHA_PROFILE k=2 ic=5120 oc=10240 rows=2048 gen=0 route=mma-fp16-mixedacc total_ms=1.1732 rotate_ms=0.0406 matmul_ms=1.0240 epilogue_ms=0.1085
ESCHA_PROFILE k=2 ic=5120 oc=6144 rows=2048 gen=0 route=mma-fp16-mixedacc total_ms=0.7844 rotate_ms=0.0553 matmul_ms=0.6717 epilogue_ms=0.0574
ESCHA_PROFILE k=2 ic=6144 oc=5120 rows=2048 gen=0 route=mma-fp16-mixedacc total_ms=0.7156 rotate_ms=0.0521 matmul_ms=0.6185 epilogue_ms=0.0450
ESCHA_PROFILE k=2 ic=5120 oc=17408 rows=2048 gen=0 route=mma-fp16-mixedacc total_ms=1.8839 rotate_ms=0.0407 matmul_ms=1.6568 epilogue_ms=0.1864
ESCHA_PROFILE k=3 ic=5120 oc=17408 rows=2048 gen=0 route=mma-fp16-mixedacc total_ms=1.9539 rotate_ms=0.0564 matmul_ms=1.7101 epilogue_ms=0.1874
ESCHA_PROFILE k=3 ic=17408 oc=5120 rows=2048 gen=0 route=mma-fp32-mixedacc total_ms=2.3978 rotate_ms=0.1706 matmul_ms=2.1780 epilogue_ms=0.0491
ESCHA_PROFILE k=2 ic=5120 oc=12288 rows=2048 gen=0 route=mma-fp16-mixedacc total_ms=1.4334 rotate_ms=0.0407 matmul_ms=1.2595 epilogue_ms=0.1331
ESCHA_PROFILE k=2 ic=5120 oc=1024 rows=2048 gen=0 route=mma-fp16-mixedacc total_ms=0.2007 rotate_ms=0.0512 matmul_ms=0.1372 epilogue_ms=0.0123
ESCHA_PROFILE k=2 ic=5120 oc=1024 rows=2048 gen=0 route=mma-fp16-mixedacc total_ms=0.2040 rotate_ms=0.0533 matmul_ms=0.1384 epilogue_ms=0.0123
ESCHA_PROFILE k=2 ic=6144 oc=5120 rows=2048 gen=0 route=mma-fp16-mixedacc total_ms=0.9912 rotate_ms=0.0492 matmul_ms=0.8970 epilogue_ms=0.0450
ESCHA_PROFILE k=2 ic=5120 oc=17408 rows=2048 gen=0 route=mma-fp16-mixedacc total_ms=1.8860 rotate_ms=0.0407 matmul_ms=1.6589 epilogue_ms=0.1864
ESCHA_PROFILE k=3 ic=5120 oc=17408 rows=2048 gen=0 route=mma-fp16-mixedacc total_ms=1.9540 rotate_ms=0.0586 matmul_ms=1.7060 epilogue_ms=0.1894
ESCHA_PROFILE k=3 ic=17408 oc=5120 rows=2048 gen=0 route=mma-fp32-mixedacc total_ms=2.4001 rotate_ms=0.1708 matmul_ms=2.1801 epilogue_ms=0.0491
ESCHA_PROFILE k=2 ic=5120 oc=10240 rows=2048 gen=0 route=mma-fp16-mixedacc total_ms=1.4341 rotate_ms=0.0404 matmul_ms=1.2851 epilogue_ms=0.1085
ESCHA_PROFILE k=2 ic=5120 oc=6144 rows=2048 gen=0 route=mma-fp16-mixedacc total_ms=0.7820 rotate_ms=0.0530 matmul_ms=0.6738 epilogue_ms=0.0553
ESCHA_PROFILE k=2 ic=6144 oc=5120 rows=2048 gen=0 route=mma-fp16-mixedacc total_ms=0.7134 rotate_ms=0.0519 matmul_ms=0.6164 epilogue_ms=0.0451
ESCHA_PROFILE k=2 ic=5120 oc=17408 rows=2048 gen=0 route=mma-fp16-mixedacc total_ms=1.8839 rotate_ms=0.0407 matmul_ms=1.6548 epilogue_ms=0.1884
ESCHA_PROFILE k=3 ic=5120 oc=17408 rows=2048 gen=0 route=mma-fp16-mixedacc total_ms=1.9536 rotate_ms=0.0602 matmul_ms=1.7060 epilogue_ms=0.1874
ESCHA_PROFILE k=3 ic=17408 oc=5120 rows=2048 gen=0 route=mma-fp32-mixedacc total_ms=2.4086 rotate_ms=0.1712 matmul_ms=2.1883 epilogue_ms=0.0491
ESCHA_PROFILE k=2 ic=5120 oc=10240 rows=2048 gen=0 route=mma-fp16-mixedacc total_ms=1.1770 rotate_ms=0.0410 matmul_ms=1.0269 epilogue_ms=0.1092
ESCHA_PROFILE k=2 ic=5120 oc=6144 rows=2048 gen=0 route=mma-fp16-mixedacc total_ms=0.7861 rotate_ms=0.0530 matmul_ms=0.6758 epilogue_ms=0.0573
ESCHA_PROFILE k=2 ic=6144 oc=5120 rows=2048 gen=0 route=mma-fp16-mixedacc total_ms=0.7135 rotate_ms=0.0502 matmul_ms=0.6183 epilogue_ms=0.0450
ESCHA_PROFILE k=2 ic=5120 oc=17408 rows=2048 gen=0 route=mma-fp16-mixedacc total_ms=1.8876 rotate_ms=0.0430 matmul_ms=1.6564 epilogue_ms=0.1882
ESCHA_PROFILE k=3 ic=5120 oc=17408 rows=2048 gen=0 route=mma-fp16-mixedacc total_ms=2.2428 rotate_ms=0.0565 matmul_ms=1.9978 epilogue_ms=0.1884
ESCHA_PROFILE k=3 ic=17408 oc=5120 rows=2048 gen=0 route=mma-fp32-mixedacc total_ms=2.4045 rotate_ms=0.1712 matmul_ms=2.1842 epilogue_ms=0.0491
ESCHA_PROFILE k=2 ic=5120 oc=10240 rows=2048 gen=0 route=mma-fp16-mixedacc total_ms=1.1770 rotate_ms=0.0437 matmul_ms=1.0260 epilogue_ms=0.1073
ESCHA_PROFILE k=2 ic=5120 oc=6144 rows=2048 gen=0 route=mma-fp16-mixedacc total_ms=0.7820 rotate_ms=0.0530 matmul_ms=0.6738 epilogue_ms=0.0553
ESCHA_PROFILE k=2 ic=6144 oc=5120 rows=2048 gen=0 route=mma-fp16-mixedacc total_ms=0.7136 rotate_ms=0.0507 matmul_ms=0.6181 epilogue_ms=0.0448
ESCHA_PROFILE k=2 ic=5120 oc=17408 rows=2048 gen=0 route=mma-fp16-mixedacc total_ms=1.8836 rotate_ms=0.0410 matmul_ms=1.6544 epilogue_ms=0.1882
ESCHA_PROFILE k=3 ic=5120 oc=17408 rows=2048 gen=0 route=mma-fp16-mixedacc total_ms=1.9535 rotate_ms=0.0581 matmul_ms=1.7080 epilogue_ms=0.1874
ESCHA_PROFILE k=3 ic=17408 oc=5120 rows=2048 gen=0 route=mma-fp32-mixedacc total_ms=2.4023 rotate_ms=0.1720 matmul_ms=2.1811 epilogue_ms=0.0491
ESCHA_PROFILE k=2 ic=5120 oc=12288 rows=2048 gen=0 route=mma-fp16-mixedacc total_ms=1.4395 rotate_ms=0.0428 matmul_ms=1.2636 epilogue_ms=0.1331
ESCHA_PROFILE k=2 ic=5120 oc=1024 rows=2048 gen=0 route=mma-fp16-mixedacc total_ms=0.2003 rotate_ms=0.0529 matmul_ms=0.1351 epilogue_ms=0.0123
ESCHA_PROFILE k=2 ic=5120 oc=1024 rows=2048 gen=0 route=mma-fp16-mixedacc total_ms=0.2011 rotate_ms=0.0483 matmul_ms=0.1405 epilogue_ms=0.0123
ESCHA_PROFILE k=2 ic=6144 oc=5120 rows=2048 gen=0 route=mma-fp16-mixedacc total_ms=0.7065 rotate_ms=0.0492 matmul_ms=0.6123 epilogue_ms=0.0451
ESCHA_PROFILE k=2 ic=5120 oc=17408 rows=2048 gen=0 route=mma-fp16-mixedacc total_ms=1.8860 rotate_ms=0.0407 matmul_ms=1.6589 epilogue_ms=0.1864
ESCHA_PROFILE k=3 ic=5120 oc=17408 rows=2048 gen=0 route=mma-fp16-mixedacc total_ms=1.9582 rotate_ms=0.0598 matmul_ms=1.7080 epilogue_ms=0.1905
ESCHA_PROFILE k=3 ic=17408 oc=5120 rows=2048 gen=0 route=mma-fp32-mixedacc total_ms=2.7088 rotate_ms=0.1724 matmul_ms=2.1801 epilogue_ms=0.3563
ESCHA_PROFILE k=2 ic=5120 oc=10240 rows=2048 gen=0 route=mma-fp16-mixedacc total_ms=1.1735 rotate_ms=0.0410 matmul_ms=1.0240 epilogue_ms=0.1086
ESCHA_PROFILE k=2 ic=5120 oc=6144 rows=2048 gen=0 route=mma-fp16-mixedacc total_ms=0.7820 rotate_ms=0.0529 matmul_ms=0.6738 epilogue_ms=0.0553
ESCHA_PROFILE k=2 ic=6144 oc=5120 rows=2048 gen=0 route=mma-fp16-mixedacc total_ms=0.7135 rotate_ms=0.0500 matmul_ms=0.6185 epilogue_ms=0.0450
ESCHA_PROFILE k=2 ic=5120 oc=17408 rows=2048 gen=0 route=mma-fp16-mixedacc total_ms=1.8838 rotate_ms=0.0427 matmul_ms=1.6527 epilogue_ms=0.1884
ESCHA_PROFILE k=3 ic=5120 oc=17408 rows=2048 gen=0 route=mma-fp16-mixedacc total_ms=1.9598 rotate_ms=0.0623 matmul_ms=1.7101 epilogue_ms=0.1874
ESCHA_PROFILE k=3 ic=17408 oc=5120 rows=2048 gen=0 route=mma-fp32-mixedacc total_ms=2.4045 rotate_ms=0.1692 matmul_ms=2.1862 epilogue_ms=0.0491
ESCHA_PROFILE k=2 ic=5120 oc=10240 rows=2048 gen=0 route=mma-fp16-mixedacc total_ms=1.1735 rotate_ms=0.0410 matmul_ms=1.0240 epilogue_ms=0.1085
ESCHA_PROFILE k=2 ic=5120 oc=6144 rows=2048 gen=0 route=mma-fp16-mixedacc total_ms=0.7841 rotate_ms=0.0530 matmul_ms=0.6738 epilogue_ms=0.0573
ESCHA_PROFILE k=2 ic=6144 oc=5120 rows=2048 gen=0 route=mma-fp16-mixedacc total_ms=0.7160 rotate_ms=0.0524 matmul_ms=0.6185 epilogue_ms=0.0451
ESCHA_PROFILE k=2 ic=5120 oc=17408 rows=2048 gen=0 route=mma-fp16-mixedacc total_ms=1.8819 rotate_ms=0.0407 matmul_ms=1.6548 epilogue_ms=0.1864
ESCHA_PROFILE k=3 ic=5120 oc=17408 rows=2048 gen=0 route=mma-fp16-mixedacc total_ms=1.9534 rotate_ms=0.0570 matmul_ms=1.7101 epilogue_ms=0.1864
ESCHA_PROFILE k=3 ic=17408 oc=5120 rows=2048 gen=0 route=mma-fp32-mixedacc total_ms=2.4018 rotate_ms=0.1705 matmul_ms=2.1821 epilogue_ms=0.0491
ESCHA_PROFILE k=2 ic=5120 oc=10240 rows=2048 gen=0 route=mma-fp16-mixedacc total_ms=1.1733 rotate_ms=0.0387 matmul_ms=1.0260 epilogue_ms=0.1085
ESCHA_PROFILE k=2 ic=5120 oc=6144 rows=2048 gen=0 route=mma-fp16-mixedacc total_ms=0.7823 rotate_ms=0.0512 matmul_ms=0.6738 epilogue_ms=0.0573
ESCHA_PROFILE k=2 ic=6144 oc=5120 rows=2048 gen=0 route=mma-fp16-mixedacc total_ms=0.7160 rotate_ms=0.0524 matmul_ms=0.6185 epilogue_ms=0.0451
ESCHA_PROFILE k=2 ic=5120 oc=17408 rows=2048 gen=0 route=mma-fp16-mixedacc total_ms=1.8839 rotate_ms=0.0407 matmul_ms=1.6548 epilogue_ms=0.1884
ESCHA_PROFILE k=3 ic=5120 oc=17408 rows=2048 gen=0 route=mma-fp16-mixedacc total_ms=1.9536 rotate_ms=0.0582 matmul_ms=1.7080 epilogue_ms=0.1874
ESCHA_PROFILE k=3 ic=17408 oc=5120 rows=2048 gen=0 route=mma-fp32-mixedacc total_ms=2.3976 rotate_ms=0.1704 matmul_ms=2.1780 epilogue_ms=0.0491
ESCHA_PROFILE k=2 ic=5120 oc=12288 rows=2048 gen=0 route=mma-fp16-mixedacc total_ms=1.4375 rotate_ms=0.0407 matmul_ms=1.2636 epilogue_ms=0.1331
ESCHA_PROFILE k=2 ic=5120 oc=1024 rows=2048 gen=0 route=mma-fp16-mixedacc total_ms=0.2007 rotate_ms=0.0512 matmul_ms=0.1372 epilogue_ms=0.0123
ESCHA_PROFILE k=2 ic=5120 oc=1024 rows=2048 gen=0 route=mma-fp16-mixedacc total_ms=0.2040 rotate_ms=0.0514 matmul_ms=0.1403 epilogue_ms=0.0123
ESCHA_PROFILE k=2 ic=6144 oc=5120 rows=2048 gen=0 route=mma-fp16-mixedacc total_ms=0.9953 rotate_ms=0.0491 matmul_ms=0.8991 epilogue_ms=0.0471
ESCHA_PROFILE k=2 ic=5120 oc=17408 rows=2048 gen=0 route=mma-fp16-mixedacc total_ms=1.8838 rotate_ms=0.0386 matmul_ms=1.6568 epilogue_ms=0.1884
ESCHA_PROFILE k=3 ic=5120 oc=17408 rows=2048 gen=0 route=mma-fp16-mixedacc total_ms=1.9559 rotate_ms=0.0584 matmul_ms=1.7101 epilogue_ms=0.1874
ESCHA_PROFILE k=3 ic=17408 oc=5120 rows=2048 gen=0 route=mma-fp32-mixedacc total_ms=2.3979 rotate_ms=0.1707 matmul_ms=2.1780 epilogue_ms=0.0491
ESCHA_PROFILE k=2 ic=5120 oc=10240 rows=2048 gen=0 route=mma-fp16-mixedacc total_ms=1.1732 rotate_ms=0.0407 matmul_ms=1.0240 epilogue_ms=0.1085
ESCHA_PROFILE k=2 ic=5120 oc=6144 rows=2048 gen=0 route=mma-fp16-mixedacc total_ms=0.7820 rotate_ms=0.0530 matmul_ms=0.6738 epilogue_ms=0.0553
ESCHA_PROFILE k=2 ic=6144 oc=5120 rows=2048 gen=0 route=mma-fp16-mixedacc total_ms=0.7160 rotate_ms=0.0507 matmul_ms=0.6202 epilogue_ms=0.0450
ESCHA_PROFILE k=2 ic=5120 oc=17408 rows=2048 gen=0 route=mma-fp16-mixedacc total_ms=2.1614 rotate_ms=0.0428 matmul_ms=1.9302 epilogue_ms=0.1884
ESCHA_PROFILE k=3 ic=5120 oc=17408 rows=2048 gen=0 route=mma-fp16-mixedacc total_ms=1.9562 rotate_ms=0.0588 matmul_ms=1.7101 epilogue_ms=0.1874
ESCHA_PROFILE k=3 ic=17408 oc=5120 rows=2048 gen=0 route=mma-fp32-mixedacc total_ms=2.3960 rotate_ms=0.1668 matmul_ms=2.1801 epilogue_ms=0.0491
ESCHA_PROFILE k=2 ic=5120 oc=10240 rows=2048 gen=0 route=mma-fp16-mixedacc total_ms=1.1733 rotate_ms=0.0407 matmul_ms=1.0240 epilogue_ms=0.1085
ESCHA_PROFILE k=2 ic=5120 oc=6144 rows=2048 gen=0 route=mma-fp16-mixedacc total_ms=0.7840 rotate_ms=0.0529 matmul_ms=0.6738 epilogue_ms=0.0573
ESCHA_PROFILE k=2 ic=6144 oc=5120 rows=2048 gen=0 route=mma-fp16-mixedacc total_ms=0.7134 rotate_ms=0.0499 matmul_ms=0.6185 epilogue_ms=0.0451
ESCHA_PROFILE k=2 ic=5120 oc=17408 rows=2048 gen=0 route=mma-fp16-mixedacc total_ms=1.8880 rotate_ms=0.0428 matmul_ms=1.6568 epilogue_ms=0.1884
ESCHA_PROFILE k=3 ic=5120 oc=17408 rows=2048 gen=0 route=mma-fp16-mixedacc total_ms=2.2201 rotate_ms=0.0575 matmul_ms=1.9742 epilogue_ms=0.1884
ESCHA_PROFILE k=3 ic=17408 oc=5120 rows=2048 gen=0 route=mma-fp32-mixedacc total_ms=2.4018 rotate_ms=0.1685 matmul_ms=2.1842 epilogue_ms=0.0491
ESCHA_PROFILE k=2 ic=5120 oc=10240 rows=2048 gen=0 route=mma-fp16-mixedacc total_ms=1.1732 rotate_ms=0.0407 matmul_ms=1.0240 epilogue_ms=0.1085
ESCHA_PROFILE k=2 ic=5120 oc=6144 rows=2048 gen=0 route=mma-fp16-mixedacc total_ms=0.7841 rotate_ms=0.0530 matmul_ms=0.6738 epilogue_ms=0.0573
ESCHA_PROFILE k=2 ic=6144 oc=5120 rows=2048 gen=0 route=mma-fp16-mixedacc total_ms=0.7156 rotate_ms=0.0520 matmul_ms=0.6185 epilogue_ms=0.0451
ESCHA_PROFILE k=2 ic=5120 oc=17408 rows=2048 gen=0 route=mma-fp16-mixedacc total_ms=1.8859 rotate_ms=0.0407 matmul_ms=1.6568 epilogue_ms=0.1884
ESCHA_PROFILE k=3 ic=5120 oc=17408 rows=2048 gen=0 route=mma-fp16-mixedacc total_ms=1.9578 rotate_ms=0.0604 matmul_ms=1.7101 epilogue_ms=0.1874
ESCHA_PROFILE k=3 ic=17408 oc=5120 rows=2048 gen=0 route=mma-fp32-mixedacc total_ms=2.3982 rotate_ms=0.1720 matmul_ms=2.1770 epilogue_ms=0.0491
ESCHA_PROFILE k=2 ic=5120 oc=12288 rows=2048 gen=0 route=mma-fp16-mixedacc total_ms=1.4354 rotate_ms=0.0407 matmul_ms=1.2616 epilogue_ms=0.1331
ESCHA_PROFILE k=2 ic=5120 oc=1024 rows=2048 gen=0 route=mma-fp16-mixedacc total_ms=0.2007 rotate_ms=0.0512 matmul_ms=0.1372 epilogue_ms=0.0123
ESCHA_PROFILE k=2 ic=5120 oc=1024 rows=2048 gen=0 route=mma-fp16-mixedacc total_ms=0.2110 rotate_ms=0.0611 matmul_ms=0.1377 epilogue_ms=0.0123
ESCHA_PROFILE k=2 ic=6144 oc=5120 rows=2048 gen=0 route=mma-fp16-mixedacc total_ms=0.7065 rotate_ms=0.0471 matmul_ms=0.6144 epilogue_ms=0.0450
ESCHA_PROFILE k=2 ic=5120 oc=17408 rows=2048 gen=0 route=mma-fp16-mixedacc total_ms=1.8860 rotate_ms=0.0407 matmul_ms=1.6568 epilogue_ms=0.1884
ESCHA_PROFILE k=3 ic=5120 oc=17408 rows=2048 gen=0 route=mma-fp16-mixedacc total_ms=1.9537 rotate_ms=0.0582 matmul_ms=1.7080 epilogue_ms=0.1874
ESCHA_PROFILE k=3 ic=17408 oc=5120 rows=2048 gen=0 route=mma-fp32-mixedacc total_ms=2.4045 rotate_ms=0.1692 matmul_ms=2.1862 epilogue_ms=0.0491
ESCHA_PROFILE k=2 ic=5120 oc=10240 rows=2048 gen=0 route=mma-fp16-mixedacc total_ms=1.1756 rotate_ms=0.0507 matmul_ms=1.0167 epilogue_ms=0.1083
ESCHA_PROFILE k=2 ic=5120 oc=6144 rows=2048 gen=0 route=mma-fp16-mixedacc total_ms=0.7793 rotate_ms=0.0576 matmul_ms=0.6663 epilogue_ms=0.0553
ESCHA_PROFILE k=2 ic=6144 oc=5120 rows=2048 gen=0 route=mma-fp16-mixedacc total_ms=0.7031 rotate_ms=0.0499 matmul_ms=0.6083 epilogue_ms=0.0450
ESCHA_PROFILE k=2 ic=5120 oc=17408 rows=2048 gen=0 route=mma-fp16-mixedacc total_ms=1.8555 rotate_ms=0.0410 matmul_ms=1.6281 epilogue_ms=0.1864
ESCHA_PROFILE k=3 ic=5120 oc=17408 rows=2048 gen=0 route=mma-fp16-mixedacc total_ms=1.9229 rotate_ms=0.0541 matmul_ms=1.6814 epilogue_ms=0.1874
ESCHA_PROFILE k=3 ic=17408 oc=5120 rows=2048 gen=0 route=mma-fp32-mixedacc total_ms=2.3792 rotate_ms=0.1753 matmul_ms=2.1547 epilogue_ms=0.0492
ESCHA_PROFILE k=2 ic=5120 oc=10240 rows=2048 gen=0 route=mma-fp16-mixedacc total_ms=1.1568 rotate_ms=0.0386 matmul_ms=1.0097 epilogue_ms=0.1085
ESCHA_PROFILE k=2 ic=5120 oc=6144 rows=2048 gen=0 route=mma-fp16-mixedacc total_ms=0.7717 rotate_ms=0.0529 matmul_ms=0.6636 epilogue_ms=0.0553
ESCHA_PROFILE k=2 ic=6144 oc=5120 rows=2048 gen=0 route=mma-fp16-mixedacc total_ms=0.7057 rotate_ms=0.0484 matmul_ms=0.6124 epilogue_ms=0.0450
ESCHA_PROFILE k=2 ic=5120 oc=17408 rows=2048 gen=0 route=mma-fp16-mixedacc total_ms=1.8655 rotate_ms=0.0428 matmul_ms=1.6364 epilogue_ms=0.1864
ESCHA_PROFILE k=3 ic=5120 oc=17408 rows=2048 gen=0 route=mma-fp16-mixedacc total_ms=1.9352 rotate_ms=0.0623 matmul_ms=1.6855 epilogue_ms=0.1874
ESCHA_PROFILE k=3 ic=17408 oc=5120 rows=2048 gen=0 route=mma-fp32-mixedacc total_ms=2.3836 rotate_ms=0.1707 matmul_ms=2.1637 epilogue_ms=0.0491
ESCHA_PROFILE k=2 ic=5120 oc=10240 rows=2048 gen=0 route=mma-fp16-mixedacc total_ms=1.1608 rotate_ms=0.0405 matmul_ms=1.0117 epilogue_ms=0.1086
ESCHA_PROFILE k=2 ic=5120 oc=6144 rows=2048 gen=0 route=mma-fp16-mixedacc total_ms=1.0676 rotate_ms=0.0529 matmul_ms=0.9574 epilogue_ms=0.0573
ESCHA_PROFILE k=2 ic=6144 oc=5120 rows=2048 gen=0 route=mma-fp16-mixedacc total_ms=0.7057 rotate_ms=0.0484 matmul_ms=0.6124 epilogue_ms=0.0450
ESCHA_PROFILE k=2 ic=5120 oc=17408 rows=2048 gen=0 route=mma-fp16-mixedacc total_ms=1.8613 rotate_ms=0.0407 matmul_ms=1.6343 epilogue_ms=0.1864
ESCHA_PROFILE k=3 ic=5120 oc=17408 rows=2048 gen=0 route=mma-fp16-mixedacc total_ms=1.9372 rotate_ms=0.0603 matmul_ms=1.6896 epilogue_ms=0.1874
ESCHA_PROFILE k=3 ic=17408 oc=5120 rows=2048 gen=0 route=mma-fp32-mixedacc total_ms=2.3800 rotate_ms=0.1712 matmul_ms=2.1596 epilogue_ms=0.0491
ESCHA_PROFILE k=2 ic=5120 oc=12288 rows=2048 gen=0 route=mma-fp16-mixedacc total_ms=1.4211 rotate_ms=0.0407 matmul_ms=1.2472 epilogue_ms=0.1331
ESCHA_PROFILE k=2 ic=5120 oc=1024 rows=2048 gen=0 route=mma-fp16-mixedacc total_ms=0.2453 rotate_ms=0.0946 matmul_ms=0.1385 epilogue_ms=0.0123
ESCHA_PROFILE k=2 ic=5120 oc=1024 rows=2048 gen=0 route=mma-fp16-mixedacc total_ms=0.2055 rotate_ms=0.0537 matmul_ms=0.1396 epilogue_ms=0.0123
ESCHA_PROFILE k=2 ic=6144 oc=5120 rows=2048 gen=0 route=mma-fp16-mixedacc total_ms=0.7159 rotate_ms=0.0540 matmul_ms=0.6168 epilogue_ms=0.0450
ESCHA_PROFILE k=2 ic=5120 oc=17408 rows=2048 gen=0 route=mma-fp16-mixedacc total_ms=1.8677 rotate_ms=0.0410 matmul_ms=1.6384 epilogue_ms=0.1884
ESCHA_PROFILE k=3 ic=5120 oc=17408 rows=2048 gen=0 route=mma-fp16-mixedacc total_ms=1.9332 rotate_ms=0.0582 matmul_ms=1.6875 epilogue_ms=0.1874
ESCHA_PROFILE k=3 ic=17408 oc=5120 rows=2048 gen=0 route=mma-fp32-mixedacc total_ms=2.3776 rotate_ms=0.1709 matmul_ms=2.1576 epilogue_ms=0.0491
ESCHA_PROFILE k=2 ic=5120 oc=10240 rows=2048 gen=0 route=mma-fp16-mixedacc total_ms=1.1629 rotate_ms=0.0406 matmul_ms=1.0138 epilogue_ms=0.1085
ESCHA_PROFILE k=2 ic=5120 oc=6144 rows=2048 gen=0 route=mma-fp16-mixedacc total_ms=0.7745 rotate_ms=0.0537 matmul_ms=0.6656 epilogue_ms=0.0553
ESCHA_PROFILE k=2 ic=6144 oc=5120 rows=2048 gen=0 route=mma-fp16-mixedacc total_ms=0.9654 rotate_ms=0.0500 matmul_ms=0.8704 epilogue_ms=0.0451
ESCHA_PROFILE k=2 ic=5120 oc=17408 rows=2048 gen=0 route=mma-fp16-mixedacc total_ms=1.8780 rotate_ms=0.0410 matmul_ms=1.6486 epilogue_ms=0.1884
ESCHA_PROFILE k=3 ic=5120 oc=17408 rows=2048 gen=0 route=mma-fp16-mixedacc total_ms=1.9499 rotate_ms=0.0565 matmul_ms=1.7039 epilogue_ms=0.1895
ESCHA_PROFILE k=3 ic=17408 oc=5120 rows=2048 gen=0 route=mma-fp32-mixedacc total_ms=2.4025 rotate_ms=0.1692 matmul_ms=2.1842 epilogue_ms=0.0491
ESCHA_PROFILE k=2 ic=5120 oc=10240 rows=2048 gen=0 route=mma-fp16-mixedacc total_ms=1.1712 rotate_ms=0.0407 matmul_ms=1.0220 epilogue_ms=0.1085
ESCHA_PROFILE k=2 ic=5120 oc=6144 rows=2048 gen=0 route=mma-fp16-mixedacc total_ms=0.7800 rotate_ms=0.0530 matmul_ms=0.6717 epilogue_ms=0.0553
ESCHA_PROFILE k=2 ic=6144 oc=5120 rows=2048 gen=0 route=mma-fp16-mixedacc total_ms=0.7114 rotate_ms=0.0499 matmul_ms=0.6164 epilogue_ms=0.0451
ESCHA_PROFILE k=2 ic=5120 oc=17408 rows=2048 gen=0 route=mma-fp16-mixedacc total_ms=1.8798 rotate_ms=0.0407 matmul_ms=1.6507 epilogue_ms=0.1884
ESCHA_PROFILE k=3 ic=5120 oc=17408 rows=2048 gen=0 route=mma-fp16-mixedacc total_ms=2.2540 rotate_ms=0.0606 matmul_ms=2.0050 epilogue_ms=0.1884
ESCHA_PROFILE k=3 ic=17408 oc=5120 rows=2048 gen=0 route=mma-fp32-mixedacc total_ms=2.4025 rotate_ms=0.1692 matmul_ms=2.1842 epilogue_ms=0.0491
ESCHA_PROFILE k=2 ic=5120 oc=10240 rows=2048 gen=0 route=mma-fp16-mixedacc total_ms=1.1735 rotate_ms=0.0410 matmul_ms=1.0225 epilogue_ms=0.1100
ESCHA_PROFILE k=2 ic=5120 oc=6144 rows=2048 gen=0 route=mma-fp16-mixedacc total_ms=0.7799 rotate_ms=0.0529 matmul_ms=0.6717 epilogue_ms=0.0553
ESCHA_PROFILE k=2 ic=6144 oc=5120 rows=2048 gen=0 route=mma-fp16-mixedacc total_ms=0.7150 rotate_ms=0.0515 matmul_ms=0.6185 epilogue_ms=0.0450
ESCHA_PROFILE k=2 ic=5120 oc=17408 rows=2048 gen=0 route=mma-fp16-mixedacc total_ms=1.8757 rotate_ms=0.0407 matmul_ms=1.6486 epilogue_ms=0.1864
ESCHA_PROFILE k=3 ic=5120 oc=17408 rows=2048 gen=0 route=mma-fp16-mixedacc total_ms=1.9437 rotate_ms=0.0586 matmul_ms=1.6998 epilogue_ms=0.1853
ESCHA_PROFILE k=3 ic=17408 oc=5120 rows=2048 gen=0 route=mma-fp32-mixedacc total_ms=2.4064 rotate_ms=0.1741 matmul_ms=2.1832 epilogue_ms=0.0491
ESCHA_PROFILE k=2 ic=5120 oc=12288 rows=2048 gen=0 route=mma-fp16-mixedacc total_ms=1.4334 rotate_ms=0.0407 matmul_ms=1.2595 epilogue_ms=0.1331
ESCHA_PROFILE k=2 ic=5120 oc=1024 rows=2048 gen=0 route=mma-fp16-mixedacc total_ms=0.2028 rotate_ms=0.0533 matmul_ms=0.1372 epilogue_ms=0.0123
ESCHA_PROFILE k=2 ic=5120 oc=1024 rows=2048 gen=0 route=mma-fp16-mixedacc total_ms=0.2042 rotate_ms=0.0514 matmul_ms=0.1405 epilogue_ms=0.0123
ESCHA_PROFILE k=2 ic=6144 oc=5120 rows=2048 gen=0 route=mma-fp16-mixedacc total_ms=0.7065 rotate_ms=0.0492 matmul_ms=0.6123 epilogue_ms=0.0451
ESCHA_PROFILE k=2 ic=5120 oc=17408 rows=2048 gen=0 route=mma-fp16-mixedacc total_ms=1.8798 rotate_ms=0.0407 matmul_ms=1.6527 epilogue_ms=0.1864
ESCHA_PROFILE k=3 ic=5120 oc=17408 rows=2048 gen=0 route=mma-fp16-mixedacc total_ms=1.9472 rotate_ms=0.0569 matmul_ms=1.7039 epilogue_ms=0.1864
ESCHA_PROFILE k=3 ic=17408 oc=5120 rows=2048 gen=0 route=mma-fp32-mixedacc total_ms=2.4066 rotate_ms=0.1753 matmul_ms=2.1821 epilogue_ms=0.0491
ESCHA_PROFILE k=2 ic=5120 oc=10240 rows=2048 gen=0 route=mma-fp16-mixedacc total_ms=1.4517 rotate_ms=0.0407 matmul_ms=1.3025 epilogue_ms=0.1086
ESCHA_PROFILE k=2 ic=5120 oc=6144 rows=2048 gen=0 route=mma-fp16-mixedacc total_ms=0.7800 rotate_ms=0.0530 matmul_ms=0.6717 epilogue_ms=0.0553
ESCHA_PROFILE k=2 ic=6144 oc=5120 rows=2048 gen=0 route=mma-fp16-mixedacc total_ms=0.7156 rotate_ms=0.0526 matmul_ms=0.6181 epilogue_ms=0.0448
ESCHA_PROFILE k=2 ic=5120 oc=17408 rows=2048 gen=0 route=mma-fp16-mixedacc total_ms=1.8798 rotate_ms=0.0407 matmul_ms=1.6507 epilogue_ms=0.1884
ESCHA_PROFILE k=3 ic=5120 oc=17408 rows=2048 gen=0 route=mma-fp16-mixedacc total_ms=1.9534 rotate_ms=0.0600 matmul_ms=1.7060 epilogue_ms=0.1874
ESCHA_PROFILE k=3 ic=17408 oc=5120 rows=2048 gen=0 route=mma-fp32-mixedacc total_ms=2.3999 rotate_ms=0.1686 matmul_ms=2.1821 epilogue_ms=0.0491
ESCHA_PROFILE k=2 ic=5120 oc=10240 rows=2048 gen=0 route=mma-fp16-mixedacc total_ms=1.1712 rotate_ms=0.0407 matmul_ms=1.0199 epilogue_ms=0.1106
ESCHA_PROFILE k=2 ic=5120 oc=6144 rows=2048 gen=0 route=mma-fp16-mixedacc total_ms=0.7841 rotate_ms=0.0550 matmul_ms=0.6717 epilogue_ms=0.0573
ESCHA_PROFILE k=2 ic=6144 oc=5120 rows=2048 gen=0 route=mma-fp16-mixedacc total_ms=0.7118 rotate_ms=0.0483 matmul_ms=0.6185 epilogue_ms=0.0451
ESCHA_PROFILE k=2 ic=5120 oc=17408 rows=2048 gen=0 route=mma-fp16-mixedacc total_ms=1.8842 rotate_ms=0.0410 matmul_ms=1.6568 epilogue_ms=0.1864
ESCHA_PROFILE k=3 ic=5120 oc=17408 rows=2048 gen=0 route=mma-fp16-mixedacc total_ms=1.9475 rotate_ms=0.0562 matmul_ms=1.7039 epilogue_ms=0.1874
ESCHA_PROFILE k=3 ic=17408 oc=5120 rows=2048 gen=0 route=mma-fp32-mixedacc total_ms=2.3984 rotate_ms=0.1702 matmul_ms=2.1791 epilogue_ms=0.0491
ESCHA_PROFILE k=2 ic=5120 oc=10240 rows=2048 gen=0 route=mma-fp16-mixedacc total_ms=1.1691 rotate_ms=0.0407 matmul_ms=1.0199 epilogue_ms=0.1086
ESCHA_PROFILE k=2 ic=5120 oc=6144 rows=2048 gen=0 route=mma-fp16-mixedacc total_ms=0.7823 rotate_ms=0.0532 matmul_ms=0.6717 epilogue_ms=0.0574
ESCHA_PROFILE k=2 ic=6144 oc=5120 rows=2048 gen=0 route=mma-fp16-mixedacc total_ms=0.7139 rotate_ms=0.0504 matmul_ms=0.6185 epilogue_ms=0.0451
ESCHA_PROFILE k=2 ic=5120 oc=17408 rows=2048 gen=0 route=mma-fp16-mixedacc total_ms=1.8814 rotate_ms=0.0405 matmul_ms=1.6525 epilogue_ms=0.1884
ESCHA_PROFILE k=3 ic=5120 oc=17408 rows=2048 gen=0 route=mma-fp16-mixedacc total_ms=1.9479 rotate_ms=0.0565 matmul_ms=1.7019 epilogue_ms=0.1895
ESCHA_PROFILE k=3 ic=17408 oc=5120 rows=2048 gen=0 route=mma-fp32-mixedacc total_ms=2.4062 rotate_ms=0.1688 matmul_ms=2.1883 epilogue_ms=0.0491
ESCHA_PROFILE k=2 ic=5120 oc=12288 rows=2048 gen=0 route=mma-fp16-mixedacc total_ms=1.4334 rotate_ms=0.0407 matmul_ms=1.2595 epilogue_ms=0.1331
ESCHA_PROFILE k=2 ic=5120 oc=1024 rows=2048 gen=0 route=mma-fp16-mixedacc total_ms=0.2007 rotate_ms=0.0532 matmul_ms=0.1352 epilogue_ms=0.0123
ESCHA_PROFILE k=2 ic=5120 oc=1024 rows=2048 gen=0 route=mma-fp16-mixedacc total_ms=0.2035 rotate_ms=0.0507 matmul_ms=0.1405 epilogue_ms=0.0123
ESCHA_PROFILE k=2 ic=6144 oc=5120 rows=2048 gen=0 route=mma-fp16-mixedacc total_ms=0.7086 rotate_ms=0.0492 matmul_ms=0.6144 epilogue_ms=0.0450
ESCHA_PROFILE k=2 ic=5120 oc=17408 rows=2048 gen=0 route=mma-fp16-mixedacc total_ms=2.4123 rotate_ms=0.0407 matmul_ms=1.9302 epilogue_ms=0.4413
ESCHA_PROFILE k=3 ic=5120 oc=17408 rows=2048 gen=0 route=mma-fp16-mixedacc total_ms=1.9480 rotate_ms=0.0577 matmul_ms=1.7039 epilogue_ms=0.1864
ESCHA_PROFILE k=3 ic=17408 oc=5120 rows=2048 gen=0 route=mma-fp32-mixedacc total_ms=2.3990 rotate_ms=0.1718 matmul_ms=2.1780 epilogue_ms=0.0491
ESCHA_PROFILE k=2 ic=5120 oc=10240 rows=2048 gen=0 route=mma-fp16-mixedacc total_ms=1.1715 rotate_ms=0.0407 matmul_ms=1.0225 epilogue_ms=0.1083
ESCHA_PROFILE k=2 ic=5120 oc=6144 rows=2048 gen=0 route=mma-fp16-mixedacc total_ms=0.7841 rotate_ms=0.0550 matmul_ms=0.6717 epilogue_ms=0.0574
ESCHA_PROFILE k=2 ic=6144 oc=5120 rows=2048 gen=0 route=mma-fp16-mixedacc total_ms=0.7139 rotate_ms=0.0504 matmul_ms=0.6185 epilogue_ms=0.0451
ESCHA_PROFILE k=2 ic=5120 oc=17408 rows=2048 gen=0 route=mma-fp16-mixedacc total_ms=1.8839 rotate_ms=0.0407 matmul_ms=1.6548 epilogue_ms=0.1884
ESCHA_PROFILE k=3 ic=5120 oc=17408 rows=2048 gen=0 route=mma-fp16-mixedacc total_ms=1.9536 rotate_ms=0.0592 matmul_ms=1.7080 epilogue_ms=0.1864
ESCHA_PROFILE k=3 ic=17408 oc=5120 rows=2048 gen=0 route=mma-fp32-mixedacc total_ms=2.4004 rotate_ms=0.1712 matmul_ms=2.1801 epilogue_ms=0.0491
ESCHA_PROFILE k=2 ic=5120 oc=10240 rows=2048 gen=0 route=mma-fp16-mixedacc total_ms=1.2500 rotate_ms=0.1106 matmul_ms=1.0311 epilogue_ms=0.1083
ESCHA_PROFILE k=2 ic=5120 oc=6144 rows=2048 gen=0 route=mma-fp16-mixedacc total_ms=0.7823 rotate_ms=0.0553 matmul_ms=0.6717 epilogue_ms=0.0553
ESCHA_PROFILE k=2 ic=6144 oc=5120 rows=2048 gen=0 route=mma-fp16-mixedacc total_ms=0.7136 rotate_ms=0.0503 matmul_ms=0.6182 epilogue_ms=0.0451
ESCHA_PROFILE k=2 ic=5120 oc=17408 rows=2048 gen=0 route=mma-fp16-mixedacc total_ms=1.8860 rotate_ms=0.0407 matmul_ms=1.6576 epilogue_ms=0.1877
ESCHA_PROFILE k=3 ic=5120 oc=17408 rows=2048 gen=0 route=mma-fp16-mixedacc total_ms=2.2365 rotate_ms=0.0616 matmul_ms=1.9886 epilogue_ms=0.1864
ESCHA_PROFILE k=3 ic=17408 oc=5120 rows=2048 gen=0 route=mma-fp32-mixedacc total_ms=2.4020 rotate_ms=0.1687 matmul_ms=2.1842 epilogue_ms=0.0491
ESCHA_PROFILE k=2 ic=5120 oc=10240 rows=2048 gen=0 route=mma-fp16-mixedacc total_ms=1.1712 rotate_ms=0.0407 matmul_ms=1.0220 epilogue_ms=0.1085
ESCHA_PROFILE k=2 ic=5120 oc=6144 rows=2048 gen=0 route=mma-fp16-mixedacc total_ms=0.7862 rotate_ms=0.0550 matmul_ms=0.6738 epilogue_ms=0.0573
ESCHA_PROFILE k=2 ic=6144 oc=5120 rows=2048 gen=0 route=mma-fp16-mixedacc total_ms=0.7130 rotate_ms=0.0515 matmul_ms=0.6164 epilogue_ms=0.0451
ESCHA_PROFILE k=2 ic=5120 oc=17408 rows=2048 gen=0 route=mma-fp16-mixedacc total_ms=1.8839 rotate_ms=0.0428 matmul_ms=1.6548 epilogue_ms=0.1864
ESCHA_PROFILE k=3 ic=5120 oc=17408 rows=2048 gen=0 route=mma-fp16-mixedacc total_ms=1.9578 rotate_ms=0.0603 matmul_ms=1.7101 epilogue_ms=0.1874
ESCHA_PROFILE k=3 ic=17408 oc=5120 rows=2048 gen=0 route=mma-fp32-mixedacc total_ms=2.7000 rotate_ms=0.1707 matmul_ms=2.4801 epilogue_ms=0.0491
ESCHA_PROFILE k=2 ic=5120 oc=12288 rows=2048 gen=0 route=mma-fp16-mixedacc total_ms=1.4354 rotate_ms=0.0407 matmul_ms=1.2616 epilogue_ms=0.1331
ESCHA_PROFILE k=2 ic=5120 oc=1024 rows=2048 gen=0 route=mma-fp16-mixedacc total_ms=0.2027 rotate_ms=0.0532 matmul_ms=0.1372 epilogue_ms=0.0123
ESCHA_PROFILE k=2 ic=5120 oc=1024 rows=2048 gen=0 route=mma-fp16-mixedacc total_ms=0.2079 rotate_ms=0.0551 matmul_ms=0.1405 epilogue_ms=0.0123
ESCHA_PROFILE k=2 ic=6144 oc=5120 rows=2048 gen=0 route=mma-fp16-mixedacc total_ms=0.7086 rotate_ms=0.0492 matmul_ms=0.6144 epilogue_ms=0.0450
ESCHA_PROFILE k=2 ic=5120 oc=17408 rows=2048 gen=0 route=mma-fp16-mixedacc total_ms=1.8839 rotate_ms=0.0407 matmul_ms=1.6568 epilogue_ms=0.1864
ESCHA_PROFILE k=3 ic=5120 oc=17408 rows=2048 gen=0 route=mma-fp16-mixedacc total_ms=1.9495 rotate_ms=0.0561 matmul_ms=1.7060 epilogue_ms=0.1874
ESCHA_PROFILE k=3 ic=17408 oc=5120 rows=2048 gen=0 route=mma-fp32-mixedacc total_ms=2.4025 rotate_ms=0.1671 matmul_ms=2.1862 epilogue_ms=0.0491
ESCHA_PROFILE k=2 ic=5120 oc=10240 rows=2048 gen=0 route=mma-fp16-mixedacc total_ms=1.4477 rotate_ms=0.0407 matmul_ms=1.2984 epilogue_ms=0.1085
ESCHA_PROFILE k=2 ic=5120 oc=6144 rows=2048 gen=0 route=mma-fp16-mixedacc total_ms=0.7800 rotate_ms=0.0530 matmul_ms=0.6717 epilogue_ms=0.0553
ESCHA_PROFILE k=2 ic=6144 oc=5120 rows=2048 gen=0 route=mma-fp16-mixedacc total_ms=0.7134 rotate_ms=0.0499 matmul_ms=0.6185 epilogue_ms=0.0451
ESCHA_PROFILE k=2 ic=5120 oc=17408 rows=2048 gen=0 route=mma-fp16-mixedacc total_ms=1.8836 rotate_ms=0.0410 matmul_ms=1.6562 epilogue_ms=0.1864
ESCHA_PROFILE k=3 ic=5120 oc=17408 rows=2048 gen=0 route=mma-fp16-mixedacc total_ms=1.9496 rotate_ms=0.0562 matmul_ms=1.7060 epilogue_ms=0.1874
ESCHA_PROFILE k=3 ic=17408 oc=5120 rows=2048 gen=0 route=mma-fp32-mixedacc total_ms=2.4041 rotate_ms=0.1688 matmul_ms=2.1862 epilogue_ms=0.0491
ESCHA_PROFILE k=2 ic=5120 oc=10240 rows=2048 gen=0 route=mma-fp16-mixedacc total_ms=1.1712 rotate_ms=0.0407 matmul_ms=1.0219 epilogue_ms=0.1086
ESCHA_PROFILE k=2 ic=5120 oc=6144 rows=2048 gen=0 route=mma-fp16-mixedacc total_ms=0.7831 rotate_ms=0.0530 matmul_ms=0.6727 epilogue_ms=0.0574
ESCHA_PROFILE k=2 ic=6144 oc=5120 rows=2048 gen=0 route=mma-fp16-mixedacc total_ms=0.7176 rotate_ms=0.0521 matmul_ms=0.6205 epilogue_ms=0.0450
ESCHA_PROFILE k=2 ic=5120 oc=17408 rows=2048 gen=0 route=mma-fp16-mixedacc total_ms=1.8839 rotate_ms=0.0407 matmul_ms=1.6548 epilogue_ms=0.1884
ESCHA_PROFILE k=3 ic=5120 oc=17408 rows=2048 gen=0 route=mma-fp16-mixedacc total_ms=1.9513 rotate_ms=0.0580 matmul_ms=1.7060 epilogue_ms=0.1874
ESCHA_PROFILE k=3 ic=17408 oc=5120 rows=2048 gen=0 route=mma-fp32-mixedacc total_ms=2.4021 rotate_ms=0.1688 matmul_ms=2.1842 epilogue_ms=0.0491
ESCHA_PROFILE k=2 ic=5120 oc=10240 rows=2048 gen=0 route=mma-fp16-mixedacc total_ms=1.1712 rotate_ms=0.0407 matmul_ms=1.0219 epilogue_ms=0.1086
ESCHA_PROFILE k=2 ic=5120 oc=6144 rows=2048 gen=0 route=mma-fp16-mixedacc total_ms=0.7841 rotate_ms=0.0530 matmul_ms=0.6738 epilogue_ms=0.0574
ESCHA_PROFILE k=2 ic=6144 oc=5120 rows=2048 gen=0 route=mma-fp16-mixedacc total_ms=0.7176 rotate_ms=0.0520 matmul_ms=0.6205 epilogue_ms=0.0450
ESCHA_PROFILE k=2 ic=5120 oc=17408 rows=2048 gen=0 route=mma-fp16-mixedacc total_ms=1.8839 rotate_ms=0.0407 matmul_ms=1.6568 epilogue_ms=0.1864
ESCHA_PROFILE k=3 ic=5120 oc=17408 rows=2048 gen=0 route=mma-fp16-mixedacc total_ms=2.2342 rotate_ms=0.0562 matmul_ms=1.9896 epilogue_ms=0.1884
ESCHA_PROFILE k=3 ic=17408 oc=5120 rows=2048 gen=0 route=mma-fp32-mixedacc total_ms=2.3970 rotate_ms=0.1677 matmul_ms=2.1801 epilogue_ms=0.0491
ESCHA_PROFILE k=2 ic=5120 oc=12288 rows=2048 gen=0 route=mma-fp16-mixedacc total_ms=1.4375 rotate_ms=0.0407 matmul_ms=1.2636 epilogue_ms=0.1331
ESCHA_PROFILE k=2 ic=5120 oc=1024 rows=2048 gen=0 route=mma-fp16-mixedacc total_ms=0.2027 rotate_ms=0.0532 matmul_ms=0.1372 epilogue_ms=0.0123
ESCHA_PROFILE k=2 ic=5120 oc=1024 rows=2048 gen=0 route=mma-fp16-mixedacc total_ms=0.2010 rotate_ms=0.0484 matmul_ms=0.1404 epilogue_ms=0.0123
ESCHA_PROFILE k=2 ic=6144 oc=5120 rows=2048 gen=0 route=mma-fp16-mixedacc total_ms=0.7065 rotate_ms=0.0471 matmul_ms=0.6144 epilogue_ms=0.0450
ESCHA_PROFILE k=2 ic=5120 oc=17408 rows=2048 gen=0 route=mma-fp16-mixedacc total_ms=1.8856 rotate_ms=0.0407 matmul_ms=1.6564 epilogue_ms=0.1884
ESCHA_PROFILE k=3 ic=5120 oc=17408 rows=2048 gen=0 route=mma-fp16-mixedacc total_ms=1.9536 rotate_ms=0.0582 matmul_ms=1.7080 epilogue_ms=0.1874
ESCHA_PROFILE k=3 ic=17408 oc=5120 rows=2048 gen=0 route=mma-fp32-mixedacc total_ms=2.4062 rotate_ms=0.1708 matmul_ms=2.1862 epilogue_ms=0.0491
ESCHA_PROFILE k=2 ic=5120 oc=10240 rows=2048 gen=0 route=mma-fp16-mixedacc total_ms=1.1732 rotate_ms=0.0407 matmul_ms=1.0240 epilogue_ms=0.1085
ESCHA_PROFILE k=2 ic=5120 oc=6144 rows=2048 gen=0 route=mma-fp16-mixedacc total_ms=0.7862 rotate_ms=0.0550 matmul_ms=0.6738 epilogue_ms=0.0573
ESCHA_PROFILE k=2 ic=6144 oc=5120 rows=2048 gen=0 route=mma-fp16-mixedacc total_ms=0.7160 rotate_ms=0.0507 matmul_ms=0.6202 epilogue_ms=0.0450
ESCHA_PROFILE k=2 ic=5120 oc=17408 rows=2048 gen=0 route=mma-fp16-mixedacc total_ms=1.8819 rotate_ms=0.0407 matmul_ms=1.6527 epilogue_ms=0.1884
ESCHA_PROFILE k=3 ic=5120 oc=17408 rows=2048 gen=0 route=mma-fp16-mixedacc total_ms=1.9620 rotate_ms=0.0594 matmul_ms=1.7121 epilogue_ms=0.1905
ESCHA_PROFILE k=3 ic=17408 oc=5120 rows=2048 gen=0 route=mma-fp32-mixedacc total_ms=2.4036 rotate_ms=0.1724 matmul_ms=2.1821 epilogue_ms=0.0491
ESCHA_PROFILE k=2 ic=5120 oc=10240 rows=2048 gen=0 route=mma-fp16-mixedacc total_ms=1.1733 rotate_ms=0.0407 matmul_ms=1.0240 epilogue_ms=0.1085
ESCHA_PROFILE k=2 ic=5120 oc=6144 rows=2048 gen=0 route=mma-fp16-mixedacc total_ms=0.7820 rotate_ms=0.0530 matmul_ms=0.6738 epilogue_ms=0.0553
ESCHA_PROFILE k=2 ic=6144 oc=5120 rows=2048 gen=0 route=mma-fp16-mixedacc total_ms=0.7174 rotate_ms=0.0518 matmul_ms=0.6205 epilogue_ms=0.0450
ESCHA_PROFILE k=2 ic=5120 oc=17408 rows=2048 gen=0 route=mma-fp16-mixedacc total_ms=1.8859 rotate_ms=0.0386 matmul_ms=1.6589 epilogue_ms=0.1884
ESCHA_PROFILE k=3 ic=5120 oc=17408 rows=2048 gen=0 route=mma-fp16-mixedacc total_ms=2.2229 rotate_ms=0.0582 matmul_ms=1.9763 epilogue_ms=0.1884
ESCHA_PROFILE k=3 ic=17408 oc=5120 rows=2048 gen=0 route=mma-fp32-mixedacc total_ms=2.4025 rotate_ms=0.1712 matmul_ms=2.1821 epilogue_ms=0.0491
ESCHA_PROFILE k=2 ic=5120 oc=10240 rows=2048 gen=0 route=mma-fp16-mixedacc total_ms=1.1753 rotate_ms=0.0407 matmul_ms=1.0260 epilogue_ms=0.1085
ESCHA_PROFILE k=2 ic=5120 oc=6144 rows=2048 gen=0 route=mma-fp16-mixedacc total_ms=0.7841 rotate_ms=0.0530 matmul_ms=0.6738 epilogue_ms=0.0573
ESCHA_PROFILE k=2 ic=6144 oc=5120 rows=2048 gen=0 route=mma-fp16-mixedacc total_ms=0.7138 rotate_ms=0.0503 matmul_ms=0.6185 epilogue_ms=0.0451
ESCHA_PROFILE k=2 ic=5120 oc=17408 rows=2048 gen=0 route=mma-fp16-mixedacc total_ms=1.8860 rotate_ms=0.0428 matmul_ms=1.6568 epilogue_ms=0.1864
ESCHA_PROFILE k=3 ic=5120 oc=17408 rows=2048 gen=0 route=mma-fp16-mixedacc total_ms=1.9556 rotate_ms=0.0582 matmul_ms=1.7101 epilogue_ms=0.1874
ESCHA_PROFILE k=3 ic=17408 oc=5120 rows=2048 gen=0 route=mma-fp32-mixedacc total_ms=2.6764 rotate_ms=0.1707 matmul_ms=2.4566 epilogue_ms=0.0491
ESCHA_PROFILE k=2 ic=5120 oc=12288 rows=2048 gen=0 route=mma-fp16-mixedacc total_ms=1.5747 rotate_ms=0.1277 matmul_ms=1.3133 epilogue_ms=0.1337
ESCHA_PROFILE k=2 ic=5120 oc=1024 rows=2048 gen=0 route=mma-fp16-mixedacc total_ms=0.2066 rotate_ms=0.0550 matmul_ms=0.1375 epilogue_ms=0.0140
ESCHA_PROFILE k=2 ic=5120 oc=1024 rows=2048 gen=0 route=mma-fp16-mixedacc total_ms=0.2716 rotate_ms=0.0523 matmul_ms=0.2058 epilogue_ms=0.0135
ESCHA_PROFILE k=2 ic=6144 oc=5120 rows=2048 gen=0 route=mma-fp16-mixedacc total_ms=0.7065 rotate_ms=0.0471 matmul_ms=0.6144 epilogue_ms=0.0450
ESCHA_PROFILE k=2 ic=5120 oc=17408 rows=2048 gen=0 route=mma-fp16-mixedacc total_ms=2.1553 rotate_ms=0.0407 matmul_ms=1.9261 epilogue_ms=0.1884
ESCHA_PROFILE k=3 ic=5120 oc=17408 rows=2048 gen=0 route=mma-fp16-mixedacc total_ms=1.9536 rotate_ms=0.0582 matmul_ms=1.7080 epilogue_ms=0.1874
ESCHA_PROFILE k=3 ic=17408 oc=5120 rows=2048 gen=0 route=mma-fp32-mixedacc total_ms=2.4122 rotate_ms=0.1707 matmul_ms=2.1924 epilogue_ms=0.0491
ESCHA_PROFILE k=2 ic=5120 oc=10240 rows=2048 gen=0 route=mma-fp16-mixedacc total_ms=1.2077 rotate_ms=0.0519 matmul_ms=1.0465 epilogue_ms=0.1093
ESCHA_PROFILE k=2 ic=5120 oc=6144 rows=2048 gen=0 route=mma-fp16-mixedacc total_ms=0.7841 rotate_ms=0.0530 matmul_ms=0.6738 epilogue_ms=0.0573
ESCHA_PROFILE k=2 ic=6144 oc=5120 rows=2048 gen=0 route=mma-fp16-mixedacc total_ms=0.7175 rotate_ms=0.0519 matmul_ms=0.6205 epilogue_ms=0.0450
ESCHA_PROFILE k=2 ic=5120 oc=17408 rows=2048 gen=0 route=mma-fp16-mixedacc total_ms=1.8860 rotate_ms=0.0428 matmul_ms=1.6568 epilogue_ms=0.1864
ESCHA_PROFILE k=3 ic=5120 oc=17408 rows=2048 gen=0 route=mma-fp16-mixedacc total_ms=1.9577 rotate_ms=0.0602 matmul_ms=1.7100 epilogue_ms=0.1874
ESCHA_PROFILE k=3 ic=17408 oc=5120 rows=2048 gen=0 route=mma-fp32-mixedacc total_ms=2.4001 rotate_ms=0.1688 matmul_ms=2.1821 epilogue_ms=0.0491
ESCHA_PROFILE k=2 ic=5120 oc=10240 rows=2048 gen=0 route=mma-fp16-mixedacc total_ms=1.1732 rotate_ms=0.0407 matmul_ms=1.0240 epilogue_ms=0.1086
ESCHA_PROFILE k=2 ic=5120 oc=6144 rows=2048 gen=0 route=mma-fp16-mixedacc total_ms=0.7841 rotate_ms=0.0530 matmul_ms=0.6738 epilogue_ms=0.0574
ESCHA_PROFILE k=2 ic=6144 oc=5120 rows=2048 gen=0 route=mma-fp16-mixedacc total_ms=0.7176 rotate_ms=0.0521 matmul_ms=0.6205 epilogue_ms=0.0450
ESCHA_PROFILE k=2 ic=5120 oc=17408 rows=2048 gen=0 route=mma-fp16-mixedacc total_ms=1.8839 rotate_ms=0.0407 matmul_ms=1.6568 epilogue_ms=0.1864
ESCHA_PROFILE k=3 ic=5120 oc=17408 rows=2048 gen=0 route=mma-fp16-mixedacc total_ms=1.9581 rotate_ms=0.0606 matmul_ms=1.7101 epilogue_ms=0.1874
ESCHA_PROFILE k=3 ic=17408 oc=5120 rows=2048 gen=0 route=mma-fp32-mixedacc total_ms=2.4001 rotate_ms=0.1688 matmul_ms=2.1821 epilogue_ms=0.0491
ESCHA_PROFILE k=2 ic=5120 oc=10240 rows=2048 gen=0 route=mma-fp16-mixedacc total_ms=1.1753 rotate_ms=0.0407 matmul_ms=1.0260 epilogue_ms=0.1085
ESCHA_PROFILE k=2 ic=5120 oc=6144 rows=2048 gen=0 route=mma-fp16-mixedacc total_ms=0.7885 rotate_ms=0.0553 matmul_ms=0.6758 epilogue_ms=0.0574
ESCHA_PROFILE k=2 ic=6144 oc=5120 rows=2048 gen=0 route=mma-fp16-mixedacc total_ms=0.7128 rotate_ms=0.0493 matmul_ms=0.6185 epilogue_ms=0.0451
ESCHA_PROFILE k=2 ic=5120 oc=17408 rows=2048 gen=0 route=mma-fp16-mixedacc total_ms=1.8880 rotate_ms=0.0407 matmul_ms=1.6589 epilogue_ms=0.1884
ESCHA_PROFILE k=3 ic=5120 oc=17408 rows=2048 gen=0 route=mma-fp16-mixedacc total_ms=1.9553 rotate_ms=0.0578 matmul_ms=1.7100 epilogue_ms=0.1874
ESCHA_PROFILE k=3 ic=17408 oc=5120 rows=2048 gen=0 route=mma-fp32-mixedacc total_ms=2.6837 rotate_ms=0.1708 matmul_ms=2.4637 epilogue_ms=0.0491
ESCHA_PROFILE k=2 ic=5120 oc=12288 rows=2048 gen=0 route=mma-fp16-mixedacc total_ms=1.4374 rotate_ms=0.0407 matmul_ms=1.2636 epilogue_ms=0.1331
ESCHA_PROFILE k=2 ic=5120 oc=1024 rows=2048 gen=0 route=mma-fp16-mixedacc total_ms=0.2007 rotate_ms=0.0532 matmul_ms=0.1352 epilogue_ms=0.0123
ESCHA_PROFILE k=2 ic=5120 oc=1024 rows=2048 gen=0 route=mma-fp16-mixedacc total_ms=0.2042 rotate_ms=0.0515 matmul_ms=0.1405 epilogue_ms=0.0123
ESCHA_PROFILE k=2 ic=6144 oc=5120 rows=2048 gen=0 route=mma-fp16-mixedacc total_ms=0.7086 rotate_ms=0.0492 matmul_ms=0.6144 epilogue_ms=0.0451
ESCHA_PROFILE k=2 ic=5120 oc=17408 rows=2048 gen=0 route=mma-fp16-mixedacc total_ms=1.8883 rotate_ms=0.0410 matmul_ms=1.6588 epilogue_ms=0.1884
ESCHA_PROFILE k=3 ic=5120 oc=17408 rows=2048 gen=0 route=mma-fp16-mixedacc total_ms=1.9594 rotate_ms=0.0598 matmul_ms=1.7121 epilogue_ms=0.1874
ESCHA_PROFILE k=3 ic=17408 oc=5120 rows=2048 gen=0 route=mma-fp32-mixedacc total_ms=2.4042 rotate_ms=0.1729 matmul_ms=2.1821 epilogue_ms=0.0491
ESCHA_PROFILE k=2 ic=5120 oc=10240 rows=2048 gen=0 route=mma-fp16-mixedacc total_ms=1.1753 rotate_ms=0.0407 matmul_ms=1.0260 epilogue_ms=0.1085
ESCHA_PROFILE k=2 ic=5120 oc=6144 rows=2048 gen=0 route=mma-fp16-mixedacc total_ms=0.7844 rotate_ms=0.0532 matmul_ms=0.6738 epilogue_ms=0.0574
ESCHA_PROFILE k=2 ic=6144 oc=5120 rows=2048 gen=0 route=mma-fp16-mixedacc total_ms=0.7135 rotate_ms=0.0503 matmul_ms=0.6181 epilogue_ms=0.0451
ESCHA_PROFILE k=2 ic=5120 oc=17408 rows=2048 gen=0 route=mma-fp16-mixedacc total_ms=1.8880 rotate_ms=0.0407 matmul_ms=1.6589 epilogue_ms=0.1884
ESCHA_PROFILE k=3 ic=5120 oc=17408 rows=2048 gen=0 route=mma-fp16-mixedacc total_ms=1.9552 rotate_ms=0.0597 matmul_ms=1.7080 epilogue_ms=0.1874
ESCHA_PROFILE k=3 ic=17408 oc=5120 rows=2048 gen=0 route=mma-fp32-mixedacc total_ms=2.4025 rotate_ms=0.1712 matmul_ms=2.1821 epilogue_ms=0.0492
ESCHA_PROFILE k=2 ic=5120 oc=10240 rows=2048 gen=0 route=mma-fp16-mixedacc total_ms=1.1735 rotate_ms=0.0410 matmul_ms=1.0240 epilogue_ms=0.1085
ESCHA_PROFILE k=2 ic=5120 oc=6144 rows=2048 gen=0 route=mma-fp16-mixedacc total_ms=0.7821 rotate_ms=0.0530 matmul_ms=0.6738 epilogue_ms=0.0553
ESCHA_PROFILE k=2 ic=6144 oc=5120 rows=2048 gen=0 route=mma-fp16-mixedacc total_ms=0.7156 rotate_ms=0.0520 matmul_ms=0.6185 epilogue_ms=0.0451
ESCHA_PROFILE k=2 ic=5120 oc=17408 rows=2048 gen=0 route=mma-fp16-mixedacc total_ms=1.8860 rotate_ms=0.0407 matmul_ms=1.6568 epilogue_ms=0.1884
ESCHA_PROFILE k=3 ic=5120 oc=17408 rows=2048 gen=0 route=mma-fp16-mixedacc total_ms=2.2556 rotate_ms=0.0570 matmul_ms=2.0122 epilogue_ms=0.1864
ESCHA_PROFILE k=3 ic=17408 oc=5120 rows=2048 gen=0 route=mma-fp32-mixedacc total_ms=2.3964 rotate_ms=0.1671 matmul_ms=2.1801 epilogue_ms=0.0491
ESCHA_PROFILE k=2 ic=5120 oc=10240 rows=2048 gen=0 route=mma-fp16-mixedacc total_ms=1.1752 rotate_ms=0.0406 matmul_ms=1.0260 epilogue_ms=0.1085
ESCHA_PROFILE k=2 ic=5120 oc=6144 rows=2048 gen=0 route=mma-fp16-mixedacc total_ms=0.7841 rotate_ms=0.0530 matmul_ms=0.6738 epilogue_ms=0.0573
ESCHA_PROFILE k=2 ic=6144 oc=5120 rows=2048 gen=0 route=mma-fp16-mixedacc total_ms=0.7177 rotate_ms=0.0501 matmul_ms=0.6226 epilogue_ms=0.0450
ESCHA_PROFILE k=2 ic=5120 oc=17408 rows=2048 gen=0 route=mma-fp16-mixedacc total_ms=1.8860 rotate_ms=0.0407 matmul_ms=1.6589 epilogue_ms=0.1864
ESCHA_PROFILE k=3 ic=5120 oc=17408 rows=2048 gen=0 route=mma-fp16-mixedacc total_ms=2.1984 rotate_ms=0.0583 matmul_ms=1.9517 epilogue_ms=0.1884
ESCHA_PROFILE k=3 ic=17408 oc=5120 rows=2048 gen=0 route=mma-fp32-mixedacc total_ms=2.4040 rotate_ms=0.1707 matmul_ms=2.1842 epilogue_ms=0.0491
ESCHA_PROFILE k=2 ic=5120 oc=12288 rows=2048 gen=0 route=mma-fp16-mixedacc total_ms=1.4395 rotate_ms=0.0407 matmul_ms=1.2657 epilogue_ms=0.1331
ESCHA_PROFILE k=2 ic=5120 oc=1024 rows=2048 gen=0 route=mma-fp16-mixedacc total_ms=0.2027 rotate_ms=0.0532 matmul_ms=0.1372 epilogue_ms=0.0123
ESCHA_PROFILE k=2 ic=5120 oc=1024 rows=2048 gen=0 route=mma-fp16-mixedacc total_ms=0.2031 rotate_ms=0.0504 matmul_ms=0.1405 epilogue_ms=0.0123
ESCHA_PROFILE k=2 ic=6144 oc=5120 rows=2048 gen=0 route=mma-fp16-mixedacc total_ms=0.7086 rotate_ms=0.0492 matmul_ms=0.6144 epilogue_ms=0.0450
ESCHA_PROFILE k=2 ic=5120 oc=17408 rows=2048 gen=0 route=mma-fp16-mixedacc total_ms=1.8880 rotate_ms=0.0407 matmul_ms=1.6589 epilogue_ms=0.1884
ESCHA_PROFILE k=3 ic=5120 oc=17408 rows=2048 gen=0 route=mma-fp16-mixedacc total_ms=1.9561 rotate_ms=0.0565 matmul_ms=1.7121 epilogue_ms=0.1874
ESCHA_PROFILE k=3 ic=17408 oc=5120 rows=2048 gen=0 route=mma-fp32-mixedacc total_ms=2.6569 rotate_ms=0.1717 matmul_ms=2.4340 epilogue_ms=0.0512
ESCHA_PROFILE k=2 ic=5120 oc=10240 rows=2048 gen=0 route=mma-fp16-mixedacc total_ms=1.1753 rotate_ms=0.0392 matmul_ms=1.0257 epilogue_ms=0.1104
ESCHA_PROFILE k=2 ic=5120 oc=6144 rows=2048 gen=0 route=mma-fp16-mixedacc total_ms=0.7875 rotate_ms=0.0553 matmul_ms=0.6748 epilogue_ms=0.0573
ESCHA_PROFILE k=2 ic=6144 oc=5120 rows=2048 gen=0 route=mma-fp16-mixedacc total_ms=0.7177 rotate_ms=0.0524 matmul_ms=0.6203 epilogue_ms=0.0451
ESCHA_PROFILE k=2 ic=5120 oc=17408 rows=2048 gen=0 route=mma-fp16-mixedacc total_ms=1.8856 rotate_ms=0.0406 matmul_ms=1.6566 epilogue_ms=0.1884
ESCHA_PROFILE k=3 ic=5120 oc=17408 rows=2048 gen=0 route=mma-fp16-mixedacc total_ms=1.9557 rotate_ms=0.0582 matmul_ms=1.7101 epilogue_ms=0.1874
ESCHA_PROFILE k=3 ic=17408 oc=5120 rows=2048 gen=0 route=mma-fp32-mixedacc total_ms=2.4045 rotate_ms=0.1732 matmul_ms=2.1821 epilogue_ms=0.0491
ESCHA_PROFILE k=2 ic=5120 oc=10240 rows=2048 gen=0 route=mma-fp16-mixedacc total_ms=1.4285 rotate_ms=0.0416 matmul_ms=1.2783 epilogue_ms=0.1086
ESCHA_PROFILE k=2 ic=5120 oc=6144 rows=2048 gen=0 route=mma-fp16-mixedacc total_ms=0.7820 rotate_ms=0.0529 matmul_ms=0.6738 epilogue_ms=0.0553
ESCHA_PROFILE k=2 ic=6144 oc=5120 rows=2048 gen=0 route=mma-fp16-mixedacc total_ms=0.7160 rotate_ms=0.0504 matmul_ms=0.6205 epilogue_ms=0.0450
ESCHA_PROFILE k=2 ic=5120 oc=17408 rows=2048 gen=0 route=mma-fp16-mixedacc total_ms=1.8839 rotate_ms=0.0407 matmul_ms=1.6554 epilogue_ms=0.1878
ESCHA_PROFILE k=3 ic=5120 oc=17408 rows=2048 gen=0 route=mma-fp16-mixedacc total_ms=1.9577 rotate_ms=0.0561 matmul_ms=1.7121 epilogue_ms=0.1894
ESCHA_PROFILE k=3 ic=17408 oc=5120 rows=2048 gen=0 route=mma-fp32-mixedacc total_ms=2.4001 rotate_ms=0.1709 matmul_ms=2.1801 epilogue_ms=0.0491
ESCHA_PROFILE k=2 ic=5120 oc=10240 rows=2048 gen=0 route=mma-fp16-mixedacc total_ms=1.2480 rotate_ms=0.1001 matmul_ms=1.0388 epilogue_ms=0.1091
ESCHA_PROFILE k=2 ic=5120 oc=6144 rows=2048 gen=0 route=mma-fp16-mixedacc total_ms=0.7861 rotate_ms=0.0550 matmul_ms=0.6738 epilogue_ms=0.0573
ESCHA_PROFILE k=2 ic=6144 oc=5120 rows=2048 gen=0 route=mma-fp16-mixedacc total_ms=0.7176 rotate_ms=0.0506 matmul_ms=0.6222 epilogue_ms=0.0448
ESCHA_PROFILE k=2 ic=5120 oc=17408 rows=2048 gen=0 route=mma-fp16-mixedacc total_ms=1.8900 rotate_ms=0.0407 matmul_ms=1.6615 epilogue_ms=0.1878
ESCHA_PROFILE k=3 ic=5120 oc=17408 rows=2048 gen=0 route=mma-fp16-mixedacc total_ms=1.9576 rotate_ms=0.0581 matmul_ms=1.7121 epilogue_ms=0.1874
ESCHA_PROFILE k=3 ic=17408 oc=5120 rows=2048 gen=0 route=mma-fp32-mixedacc total_ms=2.4001 rotate_ms=0.1709 matmul_ms=2.1801 epilogue_ms=0.0491
ESCHA_PROFILE k=2 ic=5120 oc=12288 rows=2048 gen=0 route=mma-fp16-mixedacc total_ms=1.4494 rotate_ms=0.0407 matmul_ms=1.2767 epilogue_ms=0.1320
ESCHA_PROFILE k=2 ic=5120 oc=1024 rows=2048 gen=0 route=mma-fp16-mixedacc total_ms=0.2021 rotate_ms=0.0529 matmul_ms=0.1369 epilogue_ms=0.0123
ESCHA_PROFILE k=2 ic=5120 oc=1024 rows=2048 gen=0 route=mma-fp16-mixedacc total_ms=0.2640 rotate_ms=0.0518 matmul_ms=0.1989 epilogue_ms=0.0132
ESCHA_PROFILE k=2 ic=6144 oc=5120 rows=2048 gen=0 route=mma-fp16-mixedacc total_ms=0.7065 rotate_ms=0.0471 matmul_ms=0.6144 epilogue_ms=0.0451
ESCHA_PROFILE k=2 ic=5120 oc=17408 rows=2048 gen=0 route=mma-fp16-mixedacc total_ms=1.8860 rotate_ms=0.0407 matmul_ms=1.6589 epilogue_ms=0.1864
ESCHA_PROFILE k=3 ic=5120 oc=17408 rows=2048 gen=0 route=mma-fp16-mixedacc total_ms=1.9540 rotate_ms=0.0565 matmul_ms=1.7101 epilogue_ms=0.1874
ESCHA_PROFILE k=3 ic=17408 oc=5120 rows=2048 gen=0 route=mma-fp32-mixedacc total_ms=2.4042 rotate_ms=0.1729 matmul_ms=2.1821 epilogue_ms=0.0491
ESCHA_PROFILE k=2 ic=5120 oc=10240 rows=2048 gen=0 route=mma-fp16-mixedacc total_ms=1.1750 rotate_ms=0.0404 matmul_ms=1.0260 epilogue_ms=0.1085
ESCHA_PROFILE k=2 ic=5120 oc=6144 rows=2048 gen=0 route=mma-fp16-mixedacc total_ms=0.7861 rotate_ms=0.0549 matmul_ms=0.6738 epilogue_ms=0.0573
ESCHA_PROFILE k=2 ic=6144 oc=5120 rows=2048 gen=0 route=mma-fp16-mixedacc total_ms=0.7156 rotate_ms=0.0500 matmul_ms=0.6205 epilogue_ms=0.0451
ESCHA_PROFILE k=2 ic=5120 oc=17408 rows=2048 gen=0 route=mma-fp16-mixedacc total_ms=1.8903 rotate_ms=0.0430 matmul_ms=1.6589 epilogue_ms=0.1884
ESCHA_PROFILE k=3 ic=5120 oc=17408 rows=2048 gen=0 route=mma-fp16-mixedacc total_ms=1.9535 rotate_ms=0.0560 matmul_ms=1.7101 epilogue_ms=0.1874
ESCHA_PROFILE k=3 ic=17408 oc=5120 rows=2048 gen=0 route=mma-fp32-mixedacc total_ms=2.4020 rotate_ms=0.1708 matmul_ms=2.1821 epilogue_ms=0.0491
ESCHA_PROFILE k=2 ic=5120 oc=10240 rows=2048 gen=0 route=mma-fp16-mixedacc total_ms=1.2334 rotate_ms=0.0959 matmul_ms=1.0296 epilogue_ms=0.1079
ESCHA_PROFILE k=2 ic=5120 oc=6144 rows=2048 gen=0 route=mma-fp16-mixedacc total_ms=0.7841 rotate_ms=0.0529 matmul_ms=0.6738 epilogue_ms=0.0573
ESCHA_PROFILE k=2 ic=6144 oc=5120 rows=2048 gen=0 route=mma-fp16-mixedacc total_ms=0.7156 rotate_ms=0.0506 matmul_ms=0.6202 epilogue_ms=0.0448
ESCHA_PROFILE k=2 ic=5120 oc=17408 rows=2048 gen=0 route=mma-fp16-mixedacc total_ms=2.1589 rotate_ms=0.0406 matmul_ms=1.9299 epilogue_ms=0.1884
ESCHA_PROFILE k=3 ic=5120 oc=17408 rows=2048 gen=0 route=mma-fp16-mixedacc total_ms=1.9540 rotate_ms=0.0565 matmul_ms=1.7100 epilogue_ms=0.1874
ESCHA_PROFILE k=3 ic=17408 oc=5120 rows=2048 gen=0 route=mma-fp32-mixedacc total_ms=2.4103 rotate_ms=0.1729 matmul_ms=2.1883 epilogue_ms=0.0491
ESCHA_PROFILE k=2 ic=5120 oc=10240 rows=2048 gen=0 route=mma-fp16-mixedacc total_ms=1.2203 rotate_ms=0.0828 matmul_ms=1.0295 epilogue_ms=0.1080
ESCHA_PROFILE k=2 ic=5120 oc=6144 rows=2048 gen=0 route=mma-fp16-mixedacc total_ms=0.7882 rotate_ms=0.0570 matmul_ms=0.6738 epilogue_ms=0.0573
ESCHA_PROFILE k=2 ic=6144 oc=5120 rows=2048 gen=0 route=mma-fp16-mixedacc total_ms=0.7156 rotate_ms=0.0529 matmul_ms=0.6180 epilogue_ms=0.0448
ESCHA_PROFILE k=2 ic=5120 oc=17408 rows=2048 gen=0 route=mma-fp16-mixedacc total_ms=1.8879 rotate_ms=0.0408 matmul_ms=1.6590 epilogue_ms=0.1881
ESCHA_PROFILE k=3 ic=5120 oc=17408 rows=2048 gen=0 route=mma-fp16-mixedacc total_ms=1.9622 rotate_ms=0.0627 matmul_ms=1.7121 epilogue_ms=0.1874
ESCHA_PROFILE k=3 ic=17408 oc=5120 rows=2048 gen=0 route=mma-fp32-mixedacc total_ms=2.4001 rotate_ms=0.1729 matmul_ms=2.1780 epilogue_ms=0.0491
ESCHA_PROFILE k=2 ic=5120 oc=12288 rows=2048 gen=0 route=mma-fp16-mixedacc total_ms=1.4375 rotate_ms=0.0407 matmul_ms=1.2642 epilogue_ms=0.1325
ESCHA_PROFILE k=2 ic=5120 oc=1024 rows=2048 gen=0 route=mma-fp16-mixedacc total_ms=0.2021 rotate_ms=0.0530 matmul_ms=0.1369 epilogue_ms=0.0123
ESCHA_PROFILE k=2 ic=5120 oc=1024 rows=2048 gen=0 route=mma-fp16-mixedacc total_ms=0.2279 rotate_ms=0.0525 matmul_ms=0.1623 epilogue_ms=0.0130
ESCHA_PROFILE k=2 ic=6144 oc=5120 rows=2048 gen=0 route=mma-fp16-mixedacc total_ms=0.7065 rotate_ms=0.0471 matmul_ms=0.6144 epilogue_ms=0.0451
ESCHA_PROFILE k=2 ic=5120 oc=17408 rows=2048 gen=0 route=mma-fp16-mixedacc total_ms=1.8879 rotate_ms=0.0406 matmul_ms=1.6595 epilogue_ms=0.1878
ESCHA_PROFILE k=3 ic=5120 oc=17408 rows=2048 gen=0 route=mma-fp16-mixedacc total_ms=1.9520 rotate_ms=0.0565 matmul_ms=1.7080 epilogue_ms=0.1874
ESCHA_PROFILE k=3 ic=17408 oc=5120 rows=2048 gen=0 route=mma-fp32-mixedacc total_ms=2.6806 rotate_ms=0.4422 matmul_ms=2.1893 epilogue_ms=0.0491
ESCHA_PROFILE k=2 ic=5120 oc=10240 rows=2048 gen=0 route=mma-fp16-mixedacc total_ms=1.2183 rotate_ms=0.0828 matmul_ms=1.0275 epilogue_ms=0.1080
ESCHA_PROFILE k=2 ic=5120 oc=6144 rows=2048 gen=0 route=mma-fp16-mixedacc total_ms=0.7820 rotate_ms=0.0550 matmul_ms=0.6717 epilogue_ms=0.0553
ESCHA_PROFILE k=2 ic=6144 oc=5120 rows=2048 gen=0 route=mma-fp16-mixedacc total_ms=0.7156 rotate_ms=0.0508 matmul_ms=0.6201 epilogue_ms=0.0447
ESCHA_PROFILE k=2 ic=5120 oc=17408 rows=2048 gen=0 route=mma-fp16-mixedacc total_ms=1.8839 rotate_ms=0.0407 matmul_ms=1.6568 epilogue_ms=0.1864
ESCHA_PROFILE k=3 ic=5120 oc=17408 rows=2048 gen=0 route=mma-fp16-mixedacc total_ms=1.9557 rotate_ms=0.0582 matmul_ms=1.7101 epilogue_ms=0.1874
ESCHA_PROFILE k=3 ic=17408 oc=5120 rows=2048 gen=0 route=mma-fp32-mixedacc total_ms=2.6930 rotate_ms=0.1689 matmul_ms=2.4750 epilogue_ms=0.0491
ESCHA_PROFILE k=2 ic=5120 oc=10240 rows=2048 gen=0 route=mma-fp16-mixedacc total_ms=1.2664 rotate_ms=0.0600 matmul_ms=1.0989 epilogue_ms=0.1074
ESCHA_PROFILE k=2 ic=5120 oc=6144 rows=2048 gen=0 route=mma-fp16-mixedacc total_ms=0.7840 rotate_ms=0.0550 matmul_ms=0.6738 epilogue_ms=0.0553
ESCHA_PROFILE k=2 ic=6144 oc=5120 rows=2048 gen=0 route=mma-fp16-mixedacc total_ms=0.7139 rotate_ms=0.0510 matmul_ms=0.6181 epilogue_ms=0.0448
ESCHA_PROFILE k=2 ic=5120 oc=17408 rows=2048 gen=0 route=mma-fp16-mixedacc total_ms=1.8860 rotate_ms=0.0407 matmul_ms=1.6574 epilogue_ms=0.1878
ESCHA_PROFILE k=3 ic=5120 oc=17408 rows=2048 gen=0 route=mma-fp16-mixedacc total_ms=1.9534 rotate_ms=0.0580 matmul_ms=1.7080 epilogue_ms=0.1874
ESCHA_PROFILE k=3 ic=17408 oc=5120 rows=2048 gen=0 route=mma-fp32-mixedacc total_ms=2.4021 rotate_ms=0.1688 matmul_ms=2.1842 epilogue_ms=0.0491
ESCHA_PROFILE k=2 ic=5120 oc=10240 rows=2048 gen=0 route=mma-fp16-mixedacc total_ms=1.5234 rotate_ms=0.0536 matmul_ms=1.3613 epilogue_ms=0.1085
ESCHA_PROFILE k=2 ic=5120 oc=6144 rows=2048 gen=0 route=mma-fp16-mixedacc total_ms=0.7841 rotate_ms=0.0550 matmul_ms=0.6738 epilogue_ms=0.0554
ESCHA_PROFILE k=2 ic=6144 oc=5120 rows=2048 gen=0 route=mma-fp16-mixedacc total_ms=0.7156 rotate_ms=0.0506 matmul_ms=0.6202 epilogue_ms=0.0448
ESCHA_PROFILE k=2 ic=5120 oc=17408 rows=2048 gen=0 route=mma-fp16-mixedacc total_ms=1.8860 rotate_ms=0.0407 matmul_ms=1.6574 epilogue_ms=0.1878
ESCHA_PROFILE k=3 ic=5120 oc=17408 rows=2048 gen=0 route=mma-fp16-mixedacc total_ms=1.9521 rotate_ms=0.0557 matmul_ms=1.7080 epilogue_ms=0.1884
ESCHA_PROFILE k=3 ic=17408 oc=5120 rows=2048 gen=0 route=mma-fp32-mixedacc total_ms=2.3980 rotate_ms=0.1688 matmul_ms=2.1801 epilogue_ms=0.0491
ESCHA_PROFILE k=2 ic=5120 oc=12288 rows=2048 gen=0 route=mma-fp16-mixedacc total_ms=1.4392 rotate_ms=0.0425 matmul_ms=1.2639 epilogue_ms=0.1329
ESCHA_PROFILE k=2 ic=5120 oc=1024 rows=2048 gen=0 route=mma-fp16-mixedacc total_ms=0.2007 rotate_ms=0.0532 matmul_ms=0.1352 epilogue_ms=0.0123
ESCHA_PROFILE k=2 ic=5120 oc=1024 rows=2048 gen=0 route=mma-fp16-mixedacc total_ms=0.2339 rotate_ms=0.0827 matmul_ms=0.1390 epilogue_ms=0.0123
ESCHA_PROFILE k=2 ic=6144 oc=5120 rows=2048 gen=0 route=mma-fp16-mixedacc total_ms=0.7065 rotate_ms=0.0471 matmul_ms=0.6144 epilogue_ms=0.0450
ESCHA_PROFILE k=2 ic=5120 oc=17408 rows=2048 gen=0 route=mma-fp16-mixedacc total_ms=1.8839 rotate_ms=0.0407 matmul_ms=1.6568 epilogue_ms=0.1864
ESCHA_PROFILE k=3 ic=5120 oc=17408 rows=2048 gen=0 route=mma-fp16-mixedacc total_ms=1.9598 rotate_ms=0.0582 matmul_ms=1.7142 epilogue_ms=0.1874
ESCHA_PROFILE k=3 ic=17408 oc=5120 rows=2048 gen=0 route=mma-fp32-mixedacc total_ms=2.4042 rotate_ms=0.1729 matmul_ms=2.1821 epilogue_ms=0.0491
ESCHA_PROFILE k=2 ic=5120 oc=10240 rows=2048 gen=0 route=mma-fp16-mixedacc total_ms=1.1732 rotate_ms=0.0407 matmul_ms=1.0240 epilogue_ms=0.1086
ESCHA_PROFILE k=2 ic=5120 oc=6144 rows=2048 gen=0 route=mma-fp16-mixedacc total_ms=0.7881 rotate_ms=0.0549 matmul_ms=0.6758 epilogue_ms=0.0573
ESCHA_PROFILE k=2 ic=6144 oc=5120 rows=2048 gen=0 route=mma-fp16-mixedacc total_ms=1.0055 rotate_ms=0.0501 matmul_ms=0.9103 epilogue_ms=0.0450
ESCHA_PROFILE k=2 ic=5120 oc=17408 rows=2048 gen=0 route=mma-fp16-mixedacc total_ms=1.8903 rotate_ms=0.0410 matmul_ms=1.6609 epilogue_ms=0.1884
ESCHA_PROFILE k=3 ic=5120 oc=17408 rows=2048 gen=0 route=mma-fp16-mixedacc total_ms=1.9540 rotate_ms=0.0586 matmul_ms=1.7080 epilogue_ms=0.1874
ESCHA_PROFILE k=3 ic=17408 oc=5120 rows=2048 gen=0 route=mma-fp32-mixedacc total_ms=2.4020 rotate_ms=0.1686 matmul_ms=2.1842 epilogue_ms=0.0492
ESCHA_PROFILE k=2 ic=5120 oc=10240 rows=2048 gen=0 route=mma-fp16-mixedacc total_ms=1.1732 rotate_ms=0.0407 matmul_ms=1.0240 epilogue_ms=0.1085
ESCHA_PROFILE k=2 ic=5120 oc=6144 rows=2048 gen=0 route=mma-fp16-mixedacc total_ms=0.7861 rotate_ms=0.0550 matmul_ms=0.6758 epilogue_ms=0.0553
ESCHA_PROFILE k=2 ic=6144 oc=5120 rows=2048 gen=0 route=mma-fp16-mixedacc total_ms=0.7176 rotate_ms=0.0520 matmul_ms=0.6205 epilogue_ms=0.0451
ESCHA_PROFILE k=2 ic=5120 oc=17408 rows=2048 gen=0 route=mma-fp16-mixedacc total_ms=1.8862 rotate_ms=0.0410 matmul_ms=1.6589 epilogue_ms=0.1864
ESCHA_PROFILE k=3 ic=5120 oc=17408 rows=2048 gen=0 route=mma-fp16-mixedacc total_ms=1.9537 rotate_ms=0.0563 matmul_ms=1.7101 epilogue_ms=0.1874
ESCHA_PROFILE k=3 ic=17408 oc=5120 rows=2048 gen=0 route=mma-fp32-mixedacc total_ms=2.4066 rotate_ms=0.1733 matmul_ms=2.1842 epilogue_ms=0.0492
ESCHA_PROFILE k=2 ic=5120 oc=10240 rows=2048 gen=0 route=mma-fp16-mixedacc total_ms=1.1753 rotate_ms=0.0407 matmul_ms=1.0260 epilogue_ms=0.1086
ESCHA_PROFILE k=2 ic=5120 oc=6144 rows=2048 gen=0 route=mma-fp16-mixedacc total_ms=0.7862 rotate_ms=0.0550 matmul_ms=0.6738 epilogue_ms=0.0573
ESCHA_PROFILE k=2 ic=6144 oc=5120 rows=2048 gen=0 route=mma-fp16-mixedacc total_ms=0.7180 rotate_ms=0.0524 matmul_ms=0.6205 epilogue_ms=0.0450
ESCHA_PROFILE k=2 ic=5120 oc=17408 rows=2048 gen=0 route=mma-fp16-mixedacc total_ms=1.8903 rotate_ms=0.0410 matmul_ms=1.6609 epilogue_ms=0.1884
ESCHA_PROFILE k=3 ic=5120 oc=17408 rows=2048 gen=0 route=mma-fp16-mixedacc total_ms=1.9556 rotate_ms=0.0582 matmul_ms=1.7080 epilogue_ms=0.1894
ESCHA_PROFILE k=3 ic=17408 oc=5120 rows=2048 gen=0 route=mma-fp32-mixedacc total_ms=2.4063 rotate_ms=0.1750 matmul_ms=2.1821 epilogue_ms=0.0491
ESCHA_PROFILE k=2 ic=5120 oc=12288 rows=2048 gen=0 route=mma-fp16-mixedacc total_ms=1.4374 rotate_ms=0.0406 matmul_ms=1.2636 epilogue_ms=0.1331
ESCHA_PROFILE k=2 ic=5120 oc=1024 rows=2048 gen=0 route=mma-fp16-mixedacc total_ms=0.2027 rotate_ms=0.0532 matmul_ms=0.1372 epilogue_ms=0.0123
ESCHA_PROFILE k=2 ic=5120 oc=1024 rows=2048 gen=0 route=mma-fp16-mixedacc total_ms=0.2077 rotate_ms=0.0564 matmul_ms=0.1391 epilogue_ms=0.0123
ESCHA_PROFILE k=2 ic=6144 oc=5120 rows=2048 gen=0 route=mma-fp16-mixedacc total_ms=0.7127 rotate_ms=0.0492 matmul_ms=0.6185 epilogue_ms=0.0450
ESCHA_PROFILE k=2 ic=5120 oc=17408 rows=2048 gen=0 route=mma-fp16-mixedacc total_ms=1.8860 rotate_ms=0.0407 matmul_ms=1.6589 epilogue_ms=0.1864
ESCHA_PROFILE k=3 ic=5120 oc=17408 rows=2048 gen=0 route=mma-fp16-mixedacc total_ms=1.9609 rotate_ms=0.0614 matmul_ms=1.7142 epilogue_ms=0.1853
ESCHA_PROFILE k=3 ic=17408 oc=5120 rows=2048 gen=0 route=mma-fp32-mixedacc total_ms=2.3983 rotate_ms=0.1691 matmul_ms=2.1801 epilogue_ms=0.0491
ESCHA_PROFILE k=2 ic=5120 oc=10240 rows=2048 gen=0 route=mma-fp16-mixedacc total_ms=1.1753 rotate_ms=0.0407 matmul_ms=1.0260 epilogue_ms=0.1085
ESCHA_PROFILE k=2 ic=5120 oc=6144 rows=2048 gen=0 route=mma-fp16-mixedacc total_ms=0.7882 rotate_ms=0.0550 matmul_ms=0.6758 epilogue_ms=0.0573
ESCHA_PROFILE k=2 ic=6144 oc=5120 rows=2048 gen=0 route=mma-fp16-mixedacc total_ms=0.7180 rotate_ms=0.0524 matmul_ms=0.6205 epilogue_ms=0.0450
ESCHA_PROFILE k=2 ic=5120 oc=17408 rows=2048 gen=0 route=mma-fp16-mixedacc total_ms=1.8921 rotate_ms=0.0428 matmul_ms=1.6609 epilogue_ms=0.1884
ESCHA_PROFILE k=3 ic=5120 oc=17408 rows=2048 gen=0 route=mma-fp16-mixedacc total_ms=2.2714 rotate_ms=0.0586 matmul_ms=2.0265 epilogue_ms=0.1864
ESCHA_PROFILE k=3 ic=17408 oc=5120 rows=2048 gen=0 route=mma-fp32-mixedacc total_ms=2.4001 rotate_ms=0.1708 matmul_ms=2.1801 epilogue_ms=0.0491
ESCHA_PROFILE k=2 ic=5120 oc=10240 rows=2048 gen=0 route=mma-fp16-mixedacc total_ms=1.1753 rotate_ms=0.0407 matmul_ms=1.0260 epilogue_ms=0.1086
ESCHA_PROFILE k=2 ic=5120 oc=6144 rows=2048 gen=0 route=mma-fp16-mixedacc total_ms=0.7862 rotate_ms=0.0530 matmul_ms=0.6758 epilogue_ms=0.0573
ESCHA_PROFILE k=2 ic=6144 oc=5120 rows=2048 gen=0 route=mma-fp16-mixedacc total_ms=0.7155 rotate_ms=0.0499 matmul_ms=0.6205 epilogue_ms=0.0451
ESCHA_PROFILE k=2 ic=5120 oc=17408 rows=2048 gen=0 route=mma-fp16-mixedacc total_ms=1.8903 rotate_ms=0.0430 matmul_ms=1.6609 epilogue_ms=0.1864
ESCHA_PROFILE k=3 ic=5120 oc=17408 rows=2048 gen=0 route=mma-fp16-mixedacc total_ms=1.9598 rotate_ms=0.0603 matmul_ms=1.7121 epilogue_ms=0.1874
ESCHA_PROFILE k=3 ic=17408 oc=5120 rows=2048 gen=0 route=mma-fp32-mixedacc total_ms=2.6759 rotate_ms=0.4436 matmul_ms=2.1832 epilogue_ms=0.0491
ESCHA_PROFILE k=2 ic=5120 oc=10240 rows=2048 gen=0 route=mma-fp16-mixedacc total_ms=1.1793 rotate_ms=0.0406 matmul_ms=1.0301 epilogue_ms=0.1085
ESCHA_PROFILE k=2 ic=5120 oc=6144 rows=2048 gen=0 route=mma-fp16-mixedacc total_ms=0.7861 rotate_ms=0.0529 matmul_ms=0.6758 epilogue_ms=0.0574
ESCHA_PROFILE k=2 ic=6144 oc=5120 rows=2048 gen=0 route=mma-fp16-mixedacc total_ms=0.7153 rotate_ms=0.0518 matmul_ms=0.6185 epilogue_ms=0.0451
ESCHA_PROFILE k=2 ic=5120 oc=17408 rows=2048 gen=0 route=mma-fp16-mixedacc total_ms=1.8900 rotate_ms=0.0407 matmul_ms=1.6630 epilogue_ms=0.1863
ESCHA_PROFILE k=3 ic=5120 oc=17408 rows=2048 gen=0 route=mma-fp16-mixedacc total_ms=1.9574 rotate_ms=0.0579 matmul_ms=1.7121 epilogue_ms=0.1874
ESCHA_PROFILE k=3 ic=17408 oc=5120 rows=2048 gen=0 route=mma-fp32-mixedacc total_ms=2.6685 rotate_ms=0.1690 matmul_ms=2.4484 epilogue_ms=0.0512
ESCHA_PROFILE k=2 ic=5120 oc=12288 rows=2048 gen=0 route=mma-fp16-mixedacc total_ms=1.5088 rotate_ms=0.0407 matmul_ms=1.3361 epilogue_ms=0.1320
ESCHA_PROFILE k=2 ic=5120 oc=1024 rows=2048 gen=0 route=mma-fp16-mixedacc total_ms=0.2025 rotate_ms=0.0530 matmul_ms=0.1372 epilogue_ms=0.0123
ESCHA_PROFILE k=2 ic=5120 oc=1024 rows=2048 gen=0 route=mma-fp16-mixedacc total_ms=0.2377 rotate_ms=0.0849 matmul_ms=0.1405 epilogue_ms=0.0123
ESCHA_PROFILE k=2 ic=6144 oc=5120 rows=2048 gen=0 route=mma-fp16-mixedacc total_ms=0.7065 rotate_ms=0.0471 matmul_ms=0.6144 epilogue_ms=0.0451
ESCHA_PROFILE k=2 ic=5120 oc=17408 rows=2048 gen=0 route=mma-fp16-mixedacc total_ms=1.8897 rotate_ms=0.0404 matmul_ms=1.6615 epilogue_ms=0.1878
ESCHA_PROFILE k=3 ic=5120 oc=17408 rows=2048 gen=0 route=mma-fp16-mixedacc total_ms=1.9601 rotate_ms=0.0606 matmul_ms=1.7121 epilogue_ms=0.1874
ESCHA_PROFILE k=3 ic=17408 oc=5120 rows=2048 gen=0 route=mma-fp32-mixedacc total_ms=2.4021 rotate_ms=0.1729 matmul_ms=2.1801 epilogue_ms=0.0491
ESCHA_PROFILE k=2 ic=5120 oc=10240 rows=2048 gen=0 route=mma-fp16-mixedacc total_ms=1.2662 rotate_ms=0.0589 matmul_ms=1.0975 epilogue_ms=0.1098
ESCHA_PROFILE k=2 ic=5120 oc=6144 rows=2048 gen=0 route=mma-fp16-mixedacc total_ms=0.7858 rotate_ms=0.0526 matmul_ms=0.6758 epilogue_ms=0.0573
ESCHA_PROFILE k=2 ic=6144 oc=5120 rows=2048 gen=0 route=mma-fp16-mixedacc total_ms=0.7179 rotate_ms=0.0509 matmul_ms=0.6222 epilogue_ms=0.0448
ESCHA_PROFILE k=2 ic=5120 oc=17408 rows=2048 gen=0 route=mma-fp16-mixedacc total_ms=1.8900 rotate_ms=0.0407 matmul_ms=1.6609 epilogue_ms=0.1884
ESCHA_PROFILE k=3 ic=5120 oc=17408 rows=2048 gen=0 route=mma-fp16-mixedacc total_ms=1.9578 rotate_ms=0.0583 matmul_ms=1.7121 epilogue_ms=0.1874
ESCHA_PROFILE k=3 ic=17408 oc=5120 rows=2048 gen=0 route=mma-fp32-mixedacc total_ms=2.4021 rotate_ms=0.1688 matmul_ms=2.1842 epilogue_ms=0.0491
ESCHA_PROFILE k=2 ic=5120 oc=10240 rows=2048 gen=0 route=mma-fp16-mixedacc total_ms=1.1794 rotate_ms=0.0413 matmul_ms=1.0299 epilogue_ms=0.1082
ESCHA_PROFILE k=2 ic=5120 oc=6144 rows=2048 gen=0 route=mma-fp16-mixedacc total_ms=0.7823 rotate_ms=0.0532 matmul_ms=0.6738 epilogue_ms=0.0553
ESCHA_PROFILE k=2 ic=6144 oc=5120 rows=2048 gen=0 route=mma-fp16-mixedacc total_ms=0.7156 rotate_ms=0.0500 matmul_ms=0.6205 epilogue_ms=0.0450
ESCHA_PROFILE k=2 ic=5120 oc=17408 rows=2048 gen=0 route=mma-fp16-mixedacc total_ms=1.8877 rotate_ms=0.0404 matmul_ms=1.6609 epilogue_ms=0.1864
ESCHA_PROFILE k=3 ic=5120 oc=17408 rows=2048 gen=0 route=mma-fp16-mixedacc total_ms=1.9595 rotate_ms=0.0559 matmul_ms=1.7141 epilogue_ms=0.1894
ESCHA_PROFILE k=3 ic=17408 oc=5120 rows=2048 gen=0 route=mma-fp32-mixedacc total_ms=2.3983 rotate_ms=0.1711 matmul_ms=2.1780 epilogue_ms=0.0491
ESCHA_PROFILE k=2 ic=5120 oc=10240 rows=2048 gen=0 route=mma-fp16-mixedacc total_ms=1.1773 rotate_ms=0.0414 matmul_ms=1.0279 epilogue_ms=0.1080
ESCHA_PROFILE k=2 ic=5120 oc=6144 rows=2048 gen=0 route=mma-fp16-mixedacc total_ms=0.7841 rotate_ms=0.0530 matmul_ms=0.6758 epilogue_ms=0.0553
ESCHA_PROFILE k=2 ic=6144 oc=5120 rows=2048 gen=0 route=mma-fp16-mixedacc total_ms=0.7147 rotate_ms=0.0492 matmul_ms=0.6205 epilogue_ms=0.0451
ESCHA_PROFILE k=2 ic=5120 oc=17408 rows=2048 gen=0 route=mma-fp16-mixedacc total_ms=1.8900 rotate_ms=0.0407 matmul_ms=1.6609 epilogue_ms=0.1884
ESCHA_PROFILE k=3 ic=5120 oc=17408 rows=2048 gen=0 route=mma-fp16-mixedacc total_ms=1.9537 rotate_ms=0.0562 matmul_ms=1.7100 epilogue_ms=0.1874
ESCHA_PROFILE k=3 ic=17408 oc=5120 rows=2048 gen=0 route=mma-fp32-mixedacc total_ms=2.4038 rotate_ms=0.1705 matmul_ms=2.1842 epilogue_ms=0.0491
ESCHA_PROFILE k=2 ic=5120 oc=12288 rows=2048 gen=0 route=mma-fp16-mixedacc total_ms=1.4395 rotate_ms=0.0407 matmul_ms=1.2657 epilogue_ms=0.1331
ESCHA_PROFILE k=2 ic=5120 oc=1024 rows=2048 gen=0 route=mma-fp16-mixedacc total_ms=0.2007 rotate_ms=0.0532 matmul_ms=0.1352 epilogue_ms=0.0123
ESCHA_PROFILE k=2 ic=5120 oc=1024 rows=2048 gen=0 route=mma-fp16-mixedacc total_ms=0.2070 rotate_ms=0.0546 matmul_ms=0.1407 epilogue_ms=0.0117
ESCHA_PROFILE k=2 ic=6144 oc=5120 rows=2048 gen=0 route=mma-fp16-mixedacc total_ms=0.7086 rotate_ms=0.0492 matmul_ms=0.6144 epilogue_ms=0.0451
ESCHA_PROFILE k=2 ic=5120 oc=17408 rows=2048 gen=0 route=mma-fp16-mixedacc total_ms=2.1448 rotate_ms=0.0404 matmul_ms=1.9180 epilogue_ms=0.1864
ESCHA_PROFILE k=3 ic=5120 oc=17408 rows=2048 gen=0 route=mma-fp16-mixedacc total_ms=1.9557 rotate_ms=0.0583 matmul_ms=1.7101 epilogue_ms=0.1874
ESCHA_PROFILE k=3 ic=17408 oc=5120 rows=2048 gen=0 route=mma-fp32-mixedacc total_ms=2.4024 rotate_ms=0.1671 matmul_ms=2.1862 epilogue_ms=0.0491
ESCHA_PROFILE k=2 ic=5120 oc=10240 rows=2048 gen=0 route=mma-fp16-mixedacc total_ms=1.1794 rotate_ms=0.0407 matmul_ms=1.0301 epilogue_ms=0.1085
ESCHA_PROFILE k=2 ic=5120 oc=6144 rows=2048 gen=0 route=mma-fp16-mixedacc total_ms=0.7820 rotate_ms=0.0530 matmul_ms=0.6738 epilogue_ms=0.0553
ESCHA_PROFILE k=2 ic=6144 oc=5120 rows=2048 gen=0 route=mma-fp16-mixedacc total_ms=0.7156 rotate_ms=0.0521 matmul_ms=0.6185 epilogue_ms=0.0451
ESCHA_PROFILE k=2 ic=5120 oc=17408 rows=2048 gen=0 route=mma-fp16-mixedacc total_ms=1.8901 rotate_ms=0.0407 matmul_ms=1.6630 epilogue_ms=0.1864
ESCHA_PROFILE k=3 ic=5120 oc=17408 rows=2048 gen=0 route=mma-fp16-mixedacc total_ms=2.2298 rotate_ms=0.0579 matmul_ms=1.9835 epilogue_ms=0.1884
ESCHA_PROFILE k=3 ic=17408 oc=5120 rows=2048 gen=0 route=mma-fp32-mixedacc total_ms=2.3980 rotate_ms=0.1708 matmul_ms=2.1780 epilogue_ms=0.0491
ESCHA_PROFILE k=2 ic=5120 oc=10240 rows=2048 gen=0 route=mma-fp16-mixedacc total_ms=1.1772 rotate_ms=0.0405 matmul_ms=1.0281 epilogue_ms=0.1085
ESCHA_PROFILE k=2 ic=5120 oc=6144 rows=2048 gen=0 route=mma-fp16-mixedacc total_ms=0.7842 rotate_ms=0.0551 matmul_ms=0.6738 epilogue_ms=0.0553
ESCHA_PROFILE k=2 ic=6144 oc=5120 rows=2048 gen=0 route=mma-fp16-mixedacc total_ms=0.7177 rotate_ms=0.0522 matmul_ms=0.6205 epilogue_ms=0.0450
ESCHA_PROFILE k=2 ic=5120 oc=17408 rows=2048 gen=0 route=mma-fp16-mixedacc total_ms=1.8880 rotate_ms=0.0407 matmul_ms=1.6609 epilogue_ms=0.1864
ESCHA_PROFILE k=3 ic=5120 oc=17408 rows=2048 gen=0 route=mma-fp16-mixedacc total_ms=1.9596 rotate_ms=0.0561 matmul_ms=1.7162 epilogue_ms=0.1874
ESCHA_PROFILE k=3 ic=17408 oc=5120 rows=2048 gen=0 route=mma-fp32-mixedacc total_ms=2.6781 rotate_ms=0.1683 matmul_ms=2.4607 epilogue_ms=0.0491
ESCHA_PROFILE k=2 ic=5120 oc=10240 rows=2048 gen=0 route=mma-fp16-mixedacc total_ms=1.1774 rotate_ms=0.0407 matmul_ms=1.0281 epilogue_ms=0.1085
ESCHA_PROFILE k=2 ic=5120 oc=6144 rows=2048 gen=0 route=mma-fp16-mixedacc total_ms=0.7841 rotate_ms=0.0530 matmul_ms=0.6758 epilogue_ms=0.0553
ESCHA_PROFILE k=2 ic=6144 oc=5120 rows=2048 gen=0 route=mma-fp16-mixedacc total_ms=0.7196 rotate_ms=0.0519 matmul_ms=0.6226 epilogue_ms=0.0450
ESCHA_PROFILE k=2 ic=5120 oc=17408 rows=2048 gen=0 route=mma-fp16-mixedacc total_ms=1.8921 rotate_ms=0.0407 matmul_ms=1.6630 epilogue_ms=0.1884
ESCHA_PROFILE k=3 ic=5120 oc=17408 rows=2048 gen=0 route=mma-fp16-mixedacc total_ms=1.9598 rotate_ms=0.0582 matmul_ms=1.7141 epilogue_ms=0.1874
ESCHA_PROFILE k=3 ic=17408 oc=5120 rows=2048 gen=0 route=mma-fp32-mixedacc total_ms=2.4025 rotate_ms=0.1692 matmul_ms=2.1842 epilogue_ms=0.0492
ESCHA_PROFILE k=2 ic=5120 oc=12288 rows=2048 gen=0 route=mma-fp16-mixedacc total_ms=1.4393 rotate_ms=0.0405 matmul_ms=1.2677 epilogue_ms=0.1311
ESCHA_PROFILE k=2 ic=5120 oc=1024 rows=2048 gen=0 route=mma-fp16-mixedacc total_ms=0.2007 rotate_ms=0.0512 matmul_ms=0.1372 epilogue_ms=0.0123
ESCHA_PROFILE k=2 ic=5120 oc=1024 rows=2048 gen=0 route=mma-fp16-mixedacc total_ms=0.2085 rotate_ms=0.0558 matmul_ms=0.1405 epilogue_ms=0.0123
ESCHA_PROFILE k=2 ic=6144 oc=5120 rows=2048 gen=0 route=mma-fp16-mixedacc total_ms=0.7065 rotate_ms=0.0471 matmul_ms=0.6144 epilogue_ms=0.0451
ESCHA_PROFILE k=2 ic=5120 oc=17408 rows=2048 gen=0 route=mma-fp16-mixedacc total_ms=1.8880 rotate_ms=0.0407 matmul_ms=1.6609 epilogue_ms=0.1864
ESCHA_PROFILE k=3 ic=5120 oc=17408 rows=2048 gen=0 route=mma-fp16-mixedacc total_ms=1.9602 rotate_ms=0.0586 matmul_ms=1.7141 epilogue_ms=0.1874
ESCHA_PROFILE k=3 ic=17408 oc=5120 rows=2048 gen=0 route=mma-fp32-mixedacc total_ms=2.4001 rotate_ms=0.1691 matmul_ms=2.1819 epilogue_ms=0.0491
ESCHA_PROFILE k=2 ic=5120 oc=10240 rows=2048 gen=0 route=mma-fp16-mixedacc total_ms=6.0641 rotate_ms=4.9303 matmul_ms=1.0255 epilogue_ms=0.1083
ESCHA_PROFILE k=2 ic=5120 oc=6144 rows=2048 gen=0 route=mma-fp16-mixedacc total_ms=3.4394 rotate_ms=0.0520 matmul_ms=3.3278 epilogue_ms=0.0596
ESCHA_PROFILE k=2 ic=6144 oc=5120 rows=2048 gen=0 route=mma-fp16-mixedacc total_ms=0.7207 rotate_ms=0.0521 matmul_ms=0.6229 epilogue_ms=0.0458
ESCHA_PROFILE k=2 ic=5120 oc=17408 rows=2048 gen=0 route=mma-fp16-mixedacc total_ms=1.8719 rotate_ms=0.0430 matmul_ms=1.6425 epilogue_ms=0.1864
ESCHA_PROFILE k=3 ic=5120 oc=17408 rows=2048 gen=0 route=mma-fp16-mixedacc total_ms=8.1380 rotate_ms=0.0565 matmul_ms=7.8950 epilogue_ms=0.1864
ESCHA_PROFILE k=3 ic=17408 oc=5120 rows=2048 gen=0 route=mma-fp32-mixedacc total_ms=2.3779 rotate_ms=0.1681 matmul_ms=2.1606 epilogue_ms=0.0491
ESCHA_PROFILE k=2 ic=5120 oc=10240 rows=2048 gen=0 route=mma-fp16-mixedacc total_ms=1.1665 rotate_ms=0.0408 matmul_ms=1.0172 epilogue_ms=0.1085
ESCHA_PROFILE k=2 ic=5120 oc=6144 rows=2048 gen=0 route=mma-fp16-mixedacc total_ms=0.7780 rotate_ms=0.0530 matmul_ms=0.6676 epilogue_ms=0.0574
ESCHA_PROFILE k=2 ic=6144 oc=5120 rows=2048 gen=0 route=mma-fp16-mixedacc total_ms=0.7098 rotate_ms=0.0504 matmul_ms=0.6144 epilogue_ms=0.0451
ESCHA_PROFILE k=2 ic=5120 oc=17408 rows=2048 gen=0 route=mma-fp16-mixedacc total_ms=1.8718 rotate_ms=0.0410 matmul_ms=1.6425 epilogue_ms=0.1884
ESCHA_PROFILE k=3 ic=5120 oc=17408 rows=2048 gen=0 route=mma-fp16-mixedacc total_ms=1.9393 rotate_ms=0.0582 matmul_ms=1.6937 epilogue_ms=0.1874
ESCHA_PROFILE k=3 ic=17408 oc=5120 rows=2048 gen=0 route=mma-fp32-mixedacc total_ms=2.3816 rotate_ms=0.1688 matmul_ms=2.1637 epilogue_ms=0.0491
ESCHA_PROFILE k=2 ic=5120 oc=10240 rows=2048 gen=0 route=mma-fp16-mixedacc total_ms=1.1670 rotate_ms=0.0406 matmul_ms=1.0178 epilogue_ms=0.1086
ESCHA_PROFILE k=2 ic=5120 oc=6144 rows=2048 gen=0 route=mma-fp16-mixedacc total_ms=0.7801 rotate_ms=0.0530 matmul_ms=0.6697 epilogue_ms=0.0574
ESCHA_PROFILE k=2 ic=6144 oc=5120 rows=2048 gen=0 route=mma-fp16-mixedacc total_ms=0.7155 rotate_ms=0.0512 matmul_ms=0.6186 epilogue_ms=0.0456
ESCHA_PROFILE k=2 ic=5120 oc=17408 rows=2048 gen=0 route=mma-fp16-mixedacc total_ms=1.8654 rotate_ms=0.0387 matmul_ms=1.6384 epilogue_ms=0.1884
ESCHA_PROFILE k=3 ic=5120 oc=17408 rows=2048 gen=0 route=mma-fp16-mixedacc total_ms=1.9335 rotate_ms=0.0586 matmul_ms=1.6876 epilogue_ms=0.1874
ESCHA_PROFILE k=3 ic=17408 oc=5120 rows=2048 gen=0 route=mma-fp32-mixedacc total_ms=2.3698 rotate_ms=0.1702 matmul_ms=2.1504 epilogue_ms=0.0491
ESCHA_PROFILE k=2 ic=5120 oc=12288 rows=2048 gen=0 route=mma-fp16-mixedacc total_ms=1.4207 rotate_ms=0.0406 matmul_ms=1.2470 epilogue_ms=0.1331
ESCHA_PROFILE k=2 ic=5120 oc=1024 rows=2048 gen=0 route=mma-fp16-mixedacc total_ms=0.1986 rotate_ms=0.0512 matmul_ms=0.1352 epilogue_ms=0.0123
ESCHA_PROFILE k=2 ic=5120 oc=1024 rows=2048 gen=0 route=mma-fp16-mixedacc total_ms=0.2083 rotate_ms=0.0579 matmul_ms=0.1382 epilogue_ms=0.0123
ESCHA_PROFILE k=2 ic=6144 oc=5120 rows=2048 gen=0 route=mma-fp16-mixedacc total_ms=0.6983 rotate_ms=0.0471 matmul_ms=0.6062 epilogue_ms=0.0450
ESCHA_PROFILE k=2 ic=5120 oc=17408 rows=2048 gen=0 route=mma-fp16-mixedacc total_ms=1.8696 rotate_ms=0.0407 matmul_ms=1.6404 epilogue_ms=0.1884
ESCHA_PROFILE k=3 ic=5120 oc=17408 rows=2048 gen=0 route=mma-fp16-mixedacc total_ms=1.9393 rotate_ms=0.0603 matmul_ms=1.6916 epilogue_ms=0.1874
ESCHA_PROFILE k=3 ic=17408 oc=5120 rows=2048 gen=0 route=mma-fp32-mixedacc total_ms=2.3718 rotate_ms=0.1671 matmul_ms=2.1555 epilogue_ms=0.0492
  {
    "build_commit": "be6bf478d",
    "build_number": 11313,
    "cpu_info": "AMD Ryzen 7 7800X3D 8-Core Processor",
    "gpu_info": "NVIDIA GeForce RTX 5090",
    "backends": "CUDA",
    "model_filename": "/mnt/d/CODEX WORKSPACE/escha-w2-lowgpu/weights/escha-w2-lowgpu-mono-parity.gguf",
    "model_type": "qwen35 27B F16",
    "model_size": 8608061440,
    "model_n_params": 4784193024,
    "n_batch": 2048,
    "n_ubatch": 2048,
    "n_threads": 8,
    "cpu_mask": "0x0",
    "cpu_strict": false,
    "poll": 50,
    "type_k": "f16",
    "type_v": "f16",
    "kv_tail_tokens": 0,
    "kv_tail_tokens_effective": 0,
    "kv_tail_type": "f16",
    "kvarn_route_split": 0,
    "kvarn_route_vector": 0,
    "kvarn_route_generic": 0,
    "kvarn_route_prefill": 0,
    "kvarn_route_families": 15,
    "kvarn_route_portable": 0,
    "kvarn_route_amd_generic": 0,
    "kvarn_route_amd_split": 0,
    "kvarn_route_amd_vector": 0,
    "kvarn_route_materialize": 0,
    "kvarn_route_split_reduce": 0,
    "kvarn_route_direct": 0,
    "kvarn_route_compact_tail": 0,
    "kvarn_route_generic_rejected": 0,
    "kv_k_payload_bytes": 0,
    "kv_v_payload_bytes": 0,
    "kv_exact_tail_bytes": 0,
    "kv_exact_history_bytes": 0,
    "kv_exact_overlay_bytes": 0,
    "kv_native_exact_bytes": 0,
    "kv_rollback_reserve_bytes": 0,
    "kv_transient_estimate_bytes": 0,
    "kv_staging_bytes": 0,
    "kv_metadata_bytes": 0,
    "kv_padding_bytes": 0,
    "kv_resident_bytes": 0,
    "kv_global_resident_bytes": 0,
    "kv_swa_resident_bytes": 0,
    "kv_allocated_capacity_tokens": 0,
    "kv_live_tokens": 0,
    "kv_descriptor_bytes": 0,
    "kv_tail_native_bodyless_layers": 0,
    "kv_tail_native_mixed_layers": 0,
    "kv_tail_device_fallback_layers": 0,
    "kv_tail_cpu_layers": 0,
    "kv_partial_output_bytes": 0,
    "kv_partial_meta_bytes": 0,
    "kv_tail_body_meta_bytes": 0,
    "kv_tail_exact_meta_bytes": 0,
    "kv_tail_pack_bytes": 0,
    "kv_tail_body_output_bytes": 0,
    "kv_tail_exact_output_bytes": 0,
    "kv_tail_plan_input_bytes": 0,
    "kv_transient_bytes": 0,
    "kv_peak_bytes": 0,
    "cuda_used_model_bytes": 0,
    "cuda_used_context_bytes": 0,
    "cuda_used_prefill_bytes": 0,
    "cuda_used_peak_bytes": 0,
    "cuda_used_after_context_bytes": 0,
    "cuda_total_bytes": 0,
    "cuda_context_buffer_bytes": 0,
    "cuda_non_kv_context_buffer_bytes": 0,
    "cuda_compute_buffer_bytes": 0,
    "cuda_context_delta_bytes": 0,
    "cuda_peak_delta_bytes": 0,
    "cuda_reconciliation_delta_bytes": 0,
    "cuda_runtime_overhead_bytes": 0,
    "cuda_teardown_delta_bytes": 0,
    "n_gpu_layers": 99,
    "n_cpu_moe": 0,
    "split_mode": "layer",
    "main_gpu": 0,
    "no_kv_offload": false,
    "flash_attn": 1,
    "devices": "auto",
    "tensor_split": "0.00",
    "tensor_buft_overrides": "none",
    "load_mode": "auto",
    "embeddings": false,
    "no_op_offload": 0,
    "no_host": false,
    "fit_target": 0,
    "fit_min_ctx": 0,
    "n_prompt": 2048,
    "n_gen": 0,
    "n_depth": 0,
    "test_time": "2026-09-02T01:15:23Z",
    "avg_ns": 1060525572,
    "stddev_ns": 0,
    "avg_ts": 1931.117980,
    "stddev_ts": 0.000000,
    "samples_ns": [ 1060525572 ],
    "planner_ns": [ 0 ],
    "samples_ts": [ 1931.12 ]
  }
]
