ggml_cuda_init: found 1 CUDA devices (Total VRAM: 32606 MiB):
  Device 0: NVIDIA GeForce RTX 5090, compute capability 12.0, VMM: yes, VRAM: 32606 MiB
[
GGML_OP_PROFILE op=mul_mat name=node_13 ne=10240x2048x1x1 type_src0=18 rows=2048 cols=5120 stream=0x578ae716eab0 total_ms=95.7334 host_ms=95.8164 err_el=0 err_q0=0 err_q1=0
GGML_OP_PROFILE op=mul_mat name=node_34 ne=48x2048x1x1 type_src0=8 rows=2048 cols=5120 stream=0x578ae716eab0 total_ms=11.2920 host_ms=11.4646 err_el=0 err_q0=0 err_q1=0
GGML_OP_PROFILE op=mul_mat name=node_40 ne=48x2048x1x1 type_src0=8 rows=2048 cols=5120 stream=0x578ae716eab0 total_ms=0.0761 host_ms=0.0972 err_el=0 err_q0=0 err_q1=0
GGML_OP_PROFILE op=mul_mat name=z-0 ne=6144x2048x1x1 type_src0=18 rows=2048 cols=5120 stream=0x578ae716eab0 total_ms=0.4620 host_ms=2.0727 err_el=0 err_q0=0 err_q1=0
GGML_OP_PROFILE op=mul_mat name=linear_attn_out-0 ne=5120x2048x1x1 type_src0=21 rows=2048 cols=6144 stream=0x578ae716eab0 total_ms=11.3473 host_ms=11.4434 err_el=0 err_q0=0 err_q1=0
GGML_OP_PROFILE op=mul_mat name=ffn_gate-0 ne=17408x2048x1x1 type_src0=19 rows=2048 cols=5120 stream=0x578ae716eab0 total_ms=13.7916 host_ms=13.8648 err_el=0 err_q0=0 err_q1=0
GGML_OP_PROFILE op=mul_mat name=ffn_up-0 ne=17408x2048x1x1 type_src0=19 rows=2048 cols=5120 stream=0x578ae716eab0 total_ms=1.2761 host_ms=1.3212 err_el=0 err_q0=0 err_q1=0
GGML_OP_PROFILE op=mul_mat name=ffn_out-0 ne=5120x2048x1x1 type_src0=29 rows=2048 cols=17408 stream=0x578ae716eab0 total_ms=58.5230 host_ms=58.8029 err_el=0 err_q0=0 err_q1=0
GGML_OP_PROFILE op=mul_mat name=node_76 ne=10240x2048x1x1 type_src0=16 rows=2048 cols=5120 stream=0x578ae716eab0 total_ms=11.2531 host_ms=11.3234 err_el=0 err_q0=0 err_q1=0
GGML_OP_PROFILE op=mul_mat name=node_97 ne=48x2048x1x1 type_src0=8 rows=2048 cols=5120 stream=0x578ae716eab0 total_ms=0.0676 host_ms=0.4231 err_el=0 err_q0=0 err_q1=0
GGML_OP_PROFILE op=mul_mat name=node_103 ne=48x2048x1x1 type_src0=8 rows=2048 cols=5120 stream=0x578ae716eab0 total_ms=0.0410 host_ms=0.1324 err_el=0 err_q0=0 err_q1=0
GGML_OP_PROFILE op=mul_mat name=z-1 ne=6144x2048x1x1 type_src0=22 rows=2048 cols=5120 stream=0x578ae716eab0 total_ms=10.8649 host_ms=12.4580 err_el=0 err_q0=0 err_q1=0
GGML_OP_PROFILE op=mul_mat name=linear_attn_out-1 ne=5120x2048x1x1 type_src0=21 rows=2048 cols=6144 stream=0x578ae716eab0 total_ms=0.4453 host_ms=0.5296 err_el=0 err_q0=0 err_q1=0
GGML_OP_PROFILE op=mul_mat name=ffn_gate-1 ne=17408x2048x1x1 type_src0=19 rows=2048 cols=5120 stream=0x578ae716eab0 total_ms=1.2641 host_ms=1.3385 err_el=0 err_q0=0 err_q1=0
GGML_OP_PROFILE op=mul_mat name=ffn_up-1 ne=17408x2048x1x1 type_src0=19 rows=2048 cols=5120 stream=0x578ae716eab0 total_ms=1.2081 host_ms=1.3380 err_el=0 err_q0=0 err_q1=0
GGML_OP_PROFILE op=mul_mat name=ffn_out-1 ne=5120x2048x1x1 type_src0=22 rows=2048 cols=17408 stream=0x578ae716eab0 total_ms=1.6483 host_ms=1.9267 err_el=0 err_q0=0 err_q1=0
GGML_OP_PROFILE op=mul_mat name=node_139 ne=10240x2048x1x1 type_src0=22 rows=2048 cols=5120 stream=0x578ae716eab0 total_ms=0.9459 host_ms=1.0268 err_el=0 err_q0=0 err_q1=0
GGML_OP_PROFILE op=mul_mat name=node_160 ne=48x2048x1x1 type_src0=8 rows=2048 cols=5120 stream=0x578ae716eab0 total_ms=0.0676 host_ms=0.4227 err_el=0 err_q0=0 err_q1=0
GGML_OP_PROFILE op=mul_mat name=node_166 ne=48x2048x1x1 type_src0=8 rows=2048 cols=5120 stream=0x578ae716eab0 total_ms=0.0462 host_ms=0.1182 err_el=0 err_q0=0 err_q1=0
GGML_OP_PROFILE op=mul_mat name=z-2 ne=6144x2048x1x1 type_src0=22 rows=2048 cols=5120 stream=0x578ae716eab0 total_ms=0.6195 host_ms=2.2340 err_el=0 err_q0=0 err_q1=0
GGML_OP_PROFILE op=mul_mat name=linear_attn_out-2 ne=5120x2048x1x1 type_src0=18 rows=2048 cols=6144 stream=0x578ae716eab0 total_ms=0.4330 host_ms=0.5156 err_el=0 err_q0=0 err_q1=0
GGML_OP_PROFILE op=mul_mat name=ffn_gate-2 ne=17408x2048x1x1 type_src0=16 rows=2048 cols=5120 stream=0x578ae716eab0 total_ms=1.0811 host_ms=1.1670 err_el=0 err_q0=0 err_q1=0
GGML_OP_PROFILE op=mul_mat name=ffn_up-2 ne=17408x2048x1x1 type_src0=16 rows=2048 cols=5120 stream=0x578ae716eab0 total_ms=1.1603 host_ms=1.1988 err_el=0 err_q0=0 err_q1=0
GGML_OP_PROFILE op=mul_mat name=ffn_out-2 ne=5120x2048x1x1 type_src0=10 rows=2048 cols=17408 stream=0x578ae716eab0 total_ms=15.9307 host_ms=16.2401 err_el=0 err_q0=0 err_q1=0
GGML_OP_PROFILE op=mul_mat name=Qcur_full-3 ne=12288x2048x1x1 type_src0=22 rows=2048 cols=5120 stream=0x578ae716eab0 total_ms=1.1490 host_ms=1.2388 err_el=0 err_q0=0 err_q1=0
GGML_OP_PROFILE op=mul_mat name=Vcur-3 ne=1024x2048x1x1 type_src0=23 rows=2048 cols=5120 stream=0x578ae716eab0 total_ms=10.8256 host_ms=10.9895 err_el=0 err_q0=0 err_q1=0
GGML_OP_PROFILE op=mul_mat name=Kcur-3 ne=1024x2048x1x1 type_src0=23 rows=2048 cols=5120 stream=0x578ae716eab0 total_ms=0.1415 host_ms=0.1823 err_el=0 err_q0=0 err_q1=0
GGML_OP_PROFILE op=mul_mat name=attn_output-3 ne=5120x2048x1x1 type_src0=23 rows=2048 cols=6144 stream=0x578ae716eab0 total_ms=0.3961 host_ms=1.3737 err_el=0 err_q0=0 err_q1=0
GGML_OP_PROFILE op=mul_mat name=ffn_gate-3 ne=17408x2048x1x1 type_src0=16 rows=2048 cols=5120 stream=0x578ae716eab0 total_ms=1.2849 host_ms=1.3699 err_el=0 err_q0=0 err_q1=0
GGML_OP_PROFILE op=mul_mat name=ffn_up-3 ne=17408x2048x1x1 type_src0=16 rows=2048 cols=5120 stream=0x578ae716eab0 total_ms=1.0992 host_ms=1.2307 err_el=0 err_q0=0 err_q1=0
GGML_OP_PROFILE op=mul_mat name=ffn_out-3 ne=5120x2048x1x1 type_src0=22 rows=2048 cols=17408 stream=0x578ae716eab0 total_ms=1.6492 host_ms=1.9283 err_el=0 err_q0=0 err_q1=0
GGML_OP_PROFILE op=mul_mat name=node_241 ne=10240x2048x1x1 type_src0=16 rows=2048 cols=5120 stream=0x578ae716eab0 total_ms=0.6735 host_ms=0.7540 err_el=0 err_q0=0 err_q1=0
GGML_OP_PROFILE op=mul_mat name=node_262 ne=48x2048x1x1 type_src0=8 rows=2048 cols=5120 stream=0x578ae716eab0 total_ms=0.0676 host_ms=0.4353 err_el=0 err_q0=0 err_q1=0
GGML_OP_PROFILE op=mul_mat name=node_268 ne=48x2048x1x1 type_src0=8 rows=2048 cols=5120 stream=0x578ae716eab0 total_ms=0.1004 host_ms=0.1185 err_el=0 err_q0=0 err_q1=0
GGML_OP_PROFILE op=mul_mat name=z-4 ne=6144x2048x1x1 type_src0=10 rows=2048 cols=5120 stream=0x578ae716eab0 total_ms=0.7199 host_ms=2.3313 err_el=0 err_q0=0 err_q1=0
GGML_OP_PROFILE op=mul_mat name=linear_attn_out-4 ne=5120x2048x1x1 type_src0=10 rows=2048 cols=6144 stream=0x578ae716eab0 total_ms=0.6794 host_ms=0.7609 err_el=0 err_q0=0 err_q1=0
GGML_OP_PROFILE op=mul_mat name=ffn_gate-4 ne=17408x2048x1x1 type_src0=16 rows=2048 cols=5120 stream=0x578ae716eab0 total_ms=1.0834 host_ms=1.1688 err_el=0 err_q0=0 err_q1=0
GGML_OP_PROFILE op=mul_mat name=ffn_up-4 ne=17408x2048x1x1 type_src0=16 rows=2048 cols=5120 stream=0x578ae716eab0 total_ms=1.1115 host_ms=1.1692 err_el=0 err_q0=0 err_q1=0
GGML_OP_PROFILE op=mul_mat name=ffn_out-4 ne=5120x2048x1x1 type_src0=16 rows=2048 cols=17408 stream=0x578ae716eab0 total_ms=1.4666 host_ms=1.7396 err_el=0 err_q0=0 err_q1=0
GGML_OP_PROFILE op=mul_mat name=node_304 ne=10240x2048x1x1 type_src0=22 rows=2048 cols=5120 stream=0x578ae716eab0 total_ms=0.9502 host_ms=1.0503 err_el=0 err_q0=0 err_q1=0
GGML_OP_PROFILE op=mul_mat name=node_325 ne=48x2048x1x1 type_src0=8 rows=2048 cols=5120 stream=0x578ae716eab0 total_ms=0.0676 host_ms=0.4381 err_el=0 err_q0=0 err_q1=0
GGML_OP_PROFILE op=mul_mat name=node_331 ne=48x2048x1x1 type_src0=8 rows=2048 cols=5120 stream=0x578ae716eab0 total_ms=0.0993 host_ms=0.1195 err_el=0 err_q0=0 err_q1=0
GGML_OP_PROFILE op=mul_mat name=z-5 ne=6144x2048x1x1 type_src0=10 rows=2048 cols=5120 stream=0x578ae716eab0 total_ms=0.7219 host_ms=2.3417 err_el=0 err_q0=0 err_q1=0
GGML_OP_PROFILE op=mul_mat name=linear_attn_out-5 ne=5120x2048x1x1 type_src0=18 rows=2048 cols=6144 stream=0x578ae716eab0 total_ms=0.4330 host_ms=0.5153 err_el=0 err_q0=0 err_q1=0
GGML_OP_PROFILE op=mul_mat name=ffn_gate-5 ne=17408x2048x1x1 type_src0=16 rows=2048 cols=5120 stream=0x578ae716eab0 total_ms=1.0850 host_ms=1.1712 err_el=0 err_q0=0 err_q1=0
GGML_OP_PROFILE op=mul_mat name=ffn_up-5 ne=17408x2048x1x1 type_src0=22 rows=2048 cols=5120 stream=0x578ae716eab0 total_ms=1.5621 host_ms=1.6010 err_el=0 err_q0=0 err_q1=0
GGML_OP_PROFILE op=mul_mat name=ffn_out-5 ne=5120x2048x1x1 type_src0=16 rows=2048 cols=17408 stream=0x578ae716eab0 total_ms=1.1829 host_ms=1.4593 err_el=0 err_q0=0 err_q1=0
GGML_OP_PROFILE op=mul_mat name=node_367 ne=10240x2048x1x1 type_src0=22 rows=2048 cols=5120 stream=0x578ae716eab0 total_ms=0.9523 host_ms=1.0381 err_el=0 err_q0=0 err_q1=0
GGML_OP_PROFILE op=mul_mat name=node_388 ne=48x2048x1x1 type_src0=8 rows=2048 cols=5120 stream=0x578ae716eab0 total_ms=0.0676 host_ms=0.4381 err_el=0 err_q0=0 err_q1=0
GGML_OP_PROFILE op=mul_mat name=node_394 ne=48x2048x1x1 type_src0=8 rows=2048 cols=5120 stream=0x578ae716eab0 total_ms=0.0949 host_ms=0.1122 err_el=0 err_q0=0 err_q1=0
GGML_OP_PROFILE op=mul_mat name=z-6 ne=6144x2048x1x1 type_src0=22 rows=2048 cols=5120 stream=0x578ae716eab0 total_ms=0.6205 host_ms=2.4320 err_el=0 err_q0=0 err_q1=0
GGML_OP_PROFILE op=mul_mat name=linear_attn_out-6 ne=5120x2048x1x1 type_src0=10 rows=2048 cols=6144 stream=0x578ae716eab0 total_ms=0.6846 host_ms=0.7531 err_el=0 err_q0=0 err_q1=0
GGML_OP_PROFILE op=mul_mat name=ffn_gate-6 ne=17408x2048x1x1 type_src0=16 rows=2048 cols=5120 stream=0x578ae716eab0 total_ms=1.0846 host_ms=1.1558 err_el=0 err_q0=0 err_q1=0
GGML_OP_PROFILE op=mul_mat name=ffn_up-6 ne=17408x2048x1x1 type_src0=29 rows=2048 cols=5120 stream=0x578ae716eab0 total_ms=1.7485 host_ms=1.8243 err_el=0 err_q0=0 err_q1=0
GGML_OP_PROFILE op=mul_mat name=ffn_out-6 ne=5120x2048x1x1 type_src0=16 rows=2048 cols=17408 stream=0x578ae716eab0 total_ms=1.1867 host_ms=1.4682 err_el=0 err_q0=0 err_q1=0
GGML_OP_PROFILE op=mul_mat name=Qcur_full-7 ne=12288x2048x1x1 type_src0=22 rows=2048 cols=5120 stream=0x578ae716eab0 total_ms=1.1528 host_ms=1.2414 err_el=0 err_q0=0 err_q1=0
GGML_OP_PROFILE op=mul_mat name=Vcur-7 ne=1024x2048x1x1 type_src0=23 rows=2048 cols=5120 stream=0x578ae716eab0 total_ms=0.1118 host_ms=0.2447 err_el=0 err_q0=0 err_q1=0
GGML_OP_PROFILE op=mul_mat name=Kcur-7 ne=1024x2048x1x1 type_src0=18 rows=2048 cols=5120 stream=0x578ae716eab0 total_ms=0.2937 host_ms=0.3730 err_el=0 err_q0=0 err_q1=0
GGML_OP_PROFILE op=mul_mat name=attn_output-7 ne=5120x2048x1x1 type_src0=10 rows=2048 cols=6144 stream=0x578ae716eab0 total_ms=0.6758 host_ms=1.4798 err_el=0 err_q0=0 err_q1=0
GGML_OP_PROFILE op=mul_mat name=ffn_gate-7 ne=17408x2048x1x1 type_src0=16 rows=2048 cols=5120 stream=0x578ae716eab0 total_ms=1.0854 host_ms=1.1718 err_el=0 err_q0=0 err_q1=0
GGML_OP_PROFILE op=mul_mat name=ffn_up-7 ne=17408x2048x1x1 type_src0=16 rows=2048 cols=5120 stream=0x578ae716eab0 total_ms=1.1884 host_ms=1.2736 err_el=0 err_q0=0 err_q1=0
GGML_OP_PROFILE op=mul_mat name=ffn_out-7 ne=5120x2048x1x1 type_src0=17 rows=2048 cols=17408 stream=0x578ae716eab0 total_ms=13.6094 host_ms=13.8801 err_el=0 err_q0=0 err_q1=0
GGML_OP_PROFILE op=mul_mat name=node_469 ne=10240x2048x1x1 type_src0=19 rows=2048 cols=5120 stream=0x578ae716eab0 total_ms=0.7411 host_ms=0.8283 err_el=0 err_q0=0 err_q1=0
GGML_OP_PROFILE op=mul_mat name=node_490 ne=48x2048x1x1 type_src0=8 rows=2048 cols=5120 stream=0x578ae716eab0 total_ms=0.0676 host_ms=0.4540 err_el=0 err_q0=0 err_q1=0
GGML_OP_PROFILE op=mul_mat name=node_496 ne=48x2048x1x1 type_src0=8 rows=2048 cols=5120 stream=0x578ae716eab0 total_ms=0.0696 host_ms=0.1256 err_el=0 err_q0=0 err_q1=0
GGML_OP_PROFILE op=mul_mat name=z-8 ne=6144x2048x1x1 type_src0=22 rows=2048 cols=5120 stream=0x578ae716eab0 total_ms=0.6175 host_ms=2.2974 err_el=0 err_q0=0 err_q1=0
GGML_OP_PROFILE op=mul_mat name=linear_attn_out-8 ne=5120x2048x1x1 type_src0=10 rows=2048 cols=6144 stream=0x578ae716eab0 total_ms=0.6842 host_ms=0.7627 err_el=0 err_q0=0 err_q1=0
GGML_OP_PROFILE op=mul_mat name=ffn_gate-8 ne=17408x2048x1x1 type_src0=16 rows=2048 cols=5120 stream=0x578ae716eab0 total_ms=1.0852 host_ms=1.1689 err_el=0 err_q0=0 err_q1=0
GGML_OP_PROFILE op=mul_mat name=ffn_up-8 ne=17408x2048x1x1 type_src0=16 rows=2048 cols=5120 stream=0x578ae716eab0 total_ms=1.1435 host_ms=1.1875 err_el=0 err_q0=0 err_q1=0
GGML_OP_PROFILE op=mul_mat name=ffn_out-8 ne=5120x2048x1x1 type_src0=19 rows=2048 cols=17408 stream=0x578ae716eab0 total_ms=1.3115 host_ms=1.5835 err_el=0 err_q0=0 err_q1=0
GGML_OP_PROFILE op=mul_mat name=node_532 ne=10240x2048x1x1 type_src0=19 rows=2048 cols=5120 stream=0x578ae716eab0 total_ms=0.7393 host_ms=0.8223 err_el=0 err_q0=0 err_q1=0
GGML_OP_PROFILE op=mul_mat name=node_553 ne=48x2048x1x1 type_src0=8 rows=2048 cols=5120 stream=0x578ae716eab0 total_ms=0.0676 host_ms=0.5205 err_el=0 err_q0=0 err_q1=0
GGML_OP_PROFILE op=mul_mat name=node_559 ne=48x2048x1x1 type_src0=8 rows=2048 cols=5120 stream=0x578ae716eab0 total_ms=0.0855 host_ms=0.1069 err_el=0 err_q0=0 err_q1=0
GGML_OP_PROFILE op=mul_mat name=z-9 ne=6144x2048x1x1 type_src0=16 rows=2048 cols=5120 stream=0x578ae716eab0 total_ms=0.4444 host_ms=2.1020 err_el=0 err_q0=0 err_q1=0
GGML_OP_PROFILE op=mul_mat name=linear_attn_out-9 ne=5120x2048x1x1 type_src0=10 rows=2048 cols=6144 stream=0x578ae716eab0 total_ms=0.9675 host_ms=1.0428 err_el=0 err_q0=0 err_q1=0
GGML_OP_PROFILE op=mul_mat name=ffn_gate-9 ne=17408x2048x1x1 type_src0=29 rows=2048 cols=5120 stream=0x578ae716eab0 total_ms=1.5070 host_ms=1.6438 err_el=0 err_q0=0 err_q1=0
GGML_OP_PROFILE op=mul_mat name=ffn_up-9 ne=17408x2048x1x1 type_src0=19 rows=2048 cols=5120 stream=0x578ae716eab0 total_ms=1.2143 host_ms=1.3444 err_el=0 err_q0=0 err_q1=0
GGML_OP_PROFILE op=mul_mat name=ffn_out-9 ne=5120x2048x1x1 type_src0=29 rows=2048 cols=17408 stream=0x578ae716eab0 total_ms=1.3676 host_ms=1.6424 err_el=0 err_q0=0 err_q1=0
GGML_OP_PROFILE op=mul_mat name=node_595 ne=10240x2048x1x1 type_src0=22 rows=2048 cols=5120 stream=0x578ae716eab0 total_ms=0.9502 host_ms=1.0377 err_el=0 err_q0=0 err_q1=0
GGML_OP_PROFILE op=mul_mat name=node_616 ne=48x2048x1x1 type_src0=8 rows=2048 cols=5120 stream=0x578ae716eab0 total_ms=0.0676 host_ms=0.4326 err_el=0 err_q0=0 err_q1=0
GGML_OP_PROFILE op=mul_mat name=node_622 ne=48x2048x1x1 type_src0=8 rows=2048 cols=5120 stream=0x578ae716eab0 total_ms=0.0751 host_ms=0.1770 err_el=0 err_q0=0 err_q1=0
GGML_OP_PROFILE op=mul_mat name=z-10 ne=6144x2048x1x1 type_src0=16 rows=2048 cols=5120 stream=0x578ae716eab0 total_ms=0.4444 host_ms=2.0659 err_el=0 err_q0=0 err_q1=0
GGML_OP_PROFILE op=mul_mat name=linear_attn_out-10 ne=5120x2048x1x1 type_src0=10 rows=2048 cols=6144 stream=0x578ae716eab0 total_ms=0.6832 host_ms=0.7664 err_el=0 err_q0=0 err_q1=0
GGML_OP_PROFILE op=mul_mat name=ffn_gate-10 ne=17408x2048x1x1 type_src0=29 rows=2048 cols=5120 stream=0x578ae716eab0 total_ms=1.5153 host_ms=1.5987 err_el=0 err_q0=0 err_q1=0
GGML_OP_PROFILE op=mul_mat name=ffn_up-10 ne=17408x2048x1x1 type_src0=19 rows=2048 cols=5120 stream=0x578ae716eab0 total_ms=1.2176 host_ms=1.2602 err_el=0 err_q0=0 err_q1=0
GGML_OP_PROFILE op=mul_mat name=ffn_out-10 ne=5120x2048x1x1 type_src0=29 rows=2048 cols=17408 stream=0x578ae716eab0 total_ms=1.6320 host_ms=1.9026 err_el=0 err_q0=0 err_q1=0
GGML_OP_PROFILE op=mul_mat name=Qcur_full-11 ne=12288x2048x1x1 type_src0=22 rows=2048 cols=5120 stream=0x578ae716eab0 total_ms=1.1548 host_ms=1.2412 err_el=0 err_q0=0 err_q1=0
GGML_OP_PROFILE op=mul_mat name=Vcur-11 ne=1024x2048x1x1 type_src0=23 rows=2048 cols=5120 stream=0x578ae716eab0 total_ms=0.1124 host_ms=0.2297 err_el=0 err_q0=0 err_q1=0
GGML_OP_PROFILE op=mul_mat name=Kcur-11 ne=1024x2048x1x1 type_src0=18 rows=2048 cols=5120 stream=0x578ae716eab0 total_ms=0.1522 host_ms=0.1935 err_el=0 err_q0=0 err_q1=0
GGML_OP_PROFILE op=mul_mat name=attn_output-11 ne=5120x2048x1x1 type_src0=10 rows=2048 cols=6144 stream=0x578ae716eab0 total_ms=0.6779 host_ms=1.5298 err_el=0 err_q0=0 err_q1=0
GGML_OP_PROFILE op=mul_mat name=ffn_gate-11 ne=17408x2048x1x1 type_src0=19 rows=2048 cols=5120 stream=0x578ae716eab0 total_ms=1.2345 host_ms=1.3059 err_el=0 err_q0=0 err_q1=0
GGML_OP_PROFILE op=mul_mat name=ffn_up-11 ne=17408x2048x1x1 type_src0=19 rows=2048 cols=5120 stream=0x578ae716eab0 total_ms=1.2235 host_ms=1.2640 err_el=0 err_q0=0 err_q1=0
GGML_OP_PROFILE op=mul_mat name=ffn_out-11 ne=5120x2048x1x1 type_src0=19 rows=2048 cols=17408 stream=0x578ae716eab0 total_ms=1.3054 host_ms=1.5776 err_el=0 err_q0=0 err_q1=0
GGML_OP_PROFILE op=mul_mat name=node_697 ne=10240x2048x1x1 type_src0=19 rows=2048 cols=5120 stream=0x578ae716eab0 total_ms=0.7475 host_ms=0.8361 err_el=0 err_q0=0 err_q1=0
GGML_OP_PROFILE op=mul_mat name=node_718 ne=48x2048x1x1 type_src0=8 rows=2048 cols=5120 stream=0x578ae716eab0 total_ms=0.0676 host_ms=0.4399 err_el=0 err_q0=0 err_q1=0
GGML_OP_PROFILE op=mul_mat name=node_724 ne=48x2048x1x1 type_src0=8 rows=2048 cols=5120 stream=0x578ae716eab0 total_ms=0.1095 host_ms=0.1312 err_el=0 err_q0=0 err_q1=0
GGML_OP_PROFILE op=mul_mat name=z-12 ne=6144x2048x1x1 type_src0=22 rows=2048 cols=5120 stream=0x578ae716eab0 total_ms=0.6215 host_ms=2.2352 err_el=0 err_q0=0 err_q1=0
GGML_OP_PROFILE op=mul_mat name=linear_attn_out-12 ne=5120x2048x1x1 type_src0=22 rows=2048 cols=6144 stream=0x578ae716eab0 total_ms=0.5786 host_ms=0.7242 err_el=0 err_q0=0 err_q1=0
GGML_OP_PROFILE op=mul_mat name=ffn_gate-12 ne=17408x2048x1x1 type_src0=29 rows=2048 cols=5120 stream=0x578ae716eab0 total_ms=1.7570 host_ms=1.8539 err_el=0 err_q0=0 err_q1=0
GGML_OP_PROFILE op=mul_mat name=ffn_up-12 ne=17408x2048x1x1 type_src0=19 rows=2048 cols=5120 stream=0x578ae716eab0 total_ms=1.2809 host_ms=1.3184 err_el=0 err_q0=0 err_q1=0
GGML_OP_PROFILE op=mul_mat name=ffn_out-12 ne=5120x2048x1x1 type_src0=19 rows=2048 cols=17408 stream=0x578ae716eab0 total_ms=1.3098 host_ms=1.5854 err_el=0 err_q0=0 err_q1=0
GGML_OP_PROFILE op=mul_mat name=node_760 ne=10240x2048x1x1 type_src0=19 rows=2048 cols=5120 stream=0x578ae716eab0 total_ms=0.7472 host_ms=0.8321 err_el=0 err_q0=0 err_q1=0
GGML_OP_PROFILE op=mul_mat name=node_781 ne=48x2048x1x1 type_src0=8 rows=2048 cols=5120 stream=0x578ae716eab0 total_ms=0.0676 host_ms=0.4387 err_el=0 err_q0=0 err_q1=0
GGML_OP_PROFILE op=mul_mat name=node_787 ne=48x2048x1x1 type_src0=8 rows=2048 cols=5120 stream=0x578ae716eab0 total_ms=0.0816 host_ms=0.1018 err_el=0 err_q0=0 err_q1=0
GGML_OP_PROFILE op=mul_mat name=z-13 ne=6144x2048x1x1 type_src0=16 rows=2048 cols=5120 stream=0x578ae716eab0 total_ms=0.4464 host_ms=2.0560 err_el=0 err_q0=0 err_q1=0
GGML_OP_PROFILE op=mul_mat name=linear_attn_out-13 ne=5120x2048x1x1 type_src0=22 rows=2048 cols=6144 stream=0x578ae716eab0 total_ms=0.5849 host_ms=0.6645 err_el=0 err_q0=0 err_q1=0
GGML_OP_PROFILE op=mul_mat name=ffn_gate-13 ne=17408x2048x1x1 type_src0=19 rows=2048 cols=5120 stream=0x578ae716eab0 total_ms=1.2001 host_ms=1.2866 err_el=0 err_q0=0 err_q1=0
GGML_OP_PROFILE op=mul_mat name=ffn_up-13 ne=17408x2048x1x1 type_src0=19 rows=2048 cols=5120 stream=0x578ae716eab0 total_ms=1.2228 host_ms=1.2612 err_el=0 err_q0=0 err_q1=0
GGML_OP_PROFILE op=mul_mat name=ffn_out-13 ne=5120x2048x1x1 type_src0=19 rows=2048 cols=17408 stream=0x578ae716eab0 total_ms=1.6034 host_ms=1.8743 err_el=0 err_q0=0 err_q1=0
GGML_OP_PROFILE op=mul_mat name=node_823 ne=10240x2048x1x1 type_src0=17 rows=2048 cols=5120 stream=0x578ae716eab0 total_ms=0.9646 host_ms=1.0548 err_el=0 err_q0=0 err_q1=0
GGML_OP_PROFILE op=mul_mat name=node_844 ne=48x2048x1x1 type_src0=8 rows=2048 cols=5120 stream=0x578ae716eab0 total_ms=0.0674 host_ms=0.3058 err_el=0 err_q0=0 err_q1=0
GGML_OP_PROFILE op=mul_mat name=node_850 ne=48x2048x1x1 type_src0=8 rows=2048 cols=5120 stream=0x578ae716eab0 total_ms=0.1347 host_ms=0.1585 err_el=0 err_q0=0 err_q1=0
GGML_OP_PROFILE op=mul_mat name=z-14 ne=6144x2048x1x1 type_src0=19 rows=2048 cols=5120 stream=0x578ae716eab0 total_ms=0.4925 host_ms=2.1571 err_el=0 err_q0=0 err_q1=0
GGML_OP_PROFILE op=mul_mat name=linear_attn_out-14 ne=5120x2048x1x1 type_src0=22 rows=2048 cols=6144 stream=0x578ae716eab0 total_ms=0.5869 host_ms=0.6690 err_el=0 err_q0=0 err_q1=0
GGML_OP_PROFILE op=mul_mat name=ffn_gate-14 ne=17408x2048x1x1 type_src0=19 rows=2048 cols=5120 stream=0x578ae716eab0 total_ms=1.2019 host_ms=1.2872 err_el=0 err_q0=0 err_q1=0
GGML_OP_PROFILE op=mul_mat name=ffn_up-14 ne=17408x2048x1x1 type_src0=19 rows=2048 cols=5120 stream=0x578ae716eab0 total_ms=1.2405 host_ms=1.2846 err_el=0 err_q0=0 err_q1=0
GGML_OP_PROFILE op=mul_mat name=ffn_out-14 ne=5120x2048x1x1 type_src0=19 rows=2048 cols=17408 stream=0x578ae716eab0 total_ms=1.3140 host_ms=1.5881 err_el=0 err_q0=0 err_q1=0
GGML_OP_PROFILE op=mul_mat name=Qcur_full-15 ne=12288x2048x1x1 type_src0=22 rows=2048 cols=5120 stream=0x578ae716eab0 total_ms=1.1676 host_ms=1.2470 err_el=0 err_q0=0 err_q1=0
GGML_OP_PROFILE op=mul_mat name=Vcur-15 ne=1024x2048x1x1 type_src0=23 rows=2048 cols=5120 stream=0x578ae716eab0 total_ms=0.1124 host_ms=0.2103 err_el=0 err_q0=0 err_q1=0
GGML_OP_PROFILE op=mul_mat name=Kcur-15 ne=1024x2048x1x1 type_src0=18 rows=2048 cols=5120 stream=0x578ae716eab0 total_ms=0.1388 host_ms=0.1800 err_el=0 err_q0=0 err_q1=0
GGML_OP_PROFILE op=mul_mat name=attn_output-15 ne=5120x2048x1x1 type_src0=29 rows=2048 cols=6144 stream=0x578ae716eab0 total_ms=0.5202 host_ms=1.6661 err_el=0 err_q0=0 err_q1=0
GGML_OP_PROFILE op=mul_mat name=ffn_gate-15 ne=17408x2048x1x1 type_src0=19 rows=2048 cols=5120 stream=0x578ae716eab0 total_ms=1.2039 host_ms=1.2921 err_el=0 err_q0=0 err_q1=0
GGML_OP_PROFILE op=mul_mat name=ffn_up-15 ne=17408x2048x1x1 type_src0=19 rows=2048 cols=5120 stream=0x578ae716eab0 total_ms=1.2284 host_ms=1.2663 err_el=0 err_q0=0 err_q1=0
GGML_OP_PROFILE op=mul_mat name=ffn_out-15 ne=5120x2048x1x1 type_src0=19 rows=2048 cols=17408 stream=0x578ae716eab0 total_ms=1.3160 host_ms=1.5908 err_el=0 err_q0=0 err_q1=0
GGML_OP_PROFILE op=mul_mat name=node_925 ne=10240x2048x1x1 type_src0=10 rows=2048 cols=5120 stream=0x578ae716eab0 total_ms=1.1199 host_ms=1.2019 err_el=0 err_q0=0 err_q1=0
GGML_OP_PROFILE op=mul_mat name=node_946 ne=48x2048x1x1 type_src0=8 rows=2048 cols=5120 stream=0x578ae716eab0 total_ms=0.0676 host_ms=0.4304 err_el=0 err_q0=0 err_q1=0
GGML_OP_PROFILE op=mul_mat name=node_952 ne=48x2048x1x1 type_src0=8 rows=2048 cols=5120 stream=0x578ae716eab0 total_ms=0.1580 host_ms=0.1827 err_el=0 err_q0=0 err_q1=0
GGML_OP_PROFILE op=mul_mat name=z-16 ne=6144x2048x1x1 type_src0=16 rows=2048 cols=5120 stream=0x578ae716eab0 total_ms=0.4485 host_ms=2.0609 err_el=0 err_q0=0 err_q1=0
GGML_OP_PROFILE op=mul_mat name=linear_attn_out-16 ne=5120x2048x1x1 type_src0=16 rows=2048 cols=6144 stream=0x578ae716eab0 total_ms=0.4187 host_ms=0.5018 err_el=0 err_q0=0 err_q1=0
GGML_OP_PROFILE op=mul_mat name=ffn_gate-16 ne=17408x2048x1x1 type_src0=19 rows=2048 cols=5120 stream=0x578ae716eab0 total_ms=1.2019 host_ms=1.2908 err_el=0 err_q0=0 err_q1=0
GGML_OP_PROFILE op=mul_mat name=ffn_up-16 ne=17408x2048x1x1 type_src0=19 rows=2048 cols=5120 stream=0x578ae716eab0 total_ms=1.5148 host_ms=1.5598 err_el=0 err_q0=0 err_q1=0
GGML_OP_PROFILE op=mul_mat name=ffn_out-16 ne=5120x2048x1x1 type_src0=29 rows=2048 cols=17408 stream=0x578ae716eab0 total_ms=1.3754 host_ms=1.6536 err_el=0 err_q0=0 err_q1=0
GGML_OP_PROFILE op=mul_mat name=node_988 ne=10240x2048x1x1 type_src0=22 rows=2048 cols=5120 stream=0x578ae716eab0 total_ms=0.9581 host_ms=1.0284 err_el=0 err_q0=0 err_q1=0
GGML_OP_PROFILE op=mul_mat name=node_1009 ne=48x2048x1x1 type_src0=8 rows=2048 cols=5120 stream=0x578ae716eab0 total_ms=0.0676 host_ms=0.4363 err_el=0 err_q0=0 err_q1=0
GGML_OP_PROFILE op=mul_mat name=node_1015 ne=48x2048x1x1 type_src0=8 rows=2048 cols=5120 stream=0x578ae716eab0 total_ms=0.1064 host_ms=0.1288 err_el=0 err_q0=0 err_q1=0
GGML_OP_PROFILE op=mul_mat name=z-17 ne=6144x2048x1x1 type_src0=29 rows=2048 cols=5120 stream=0x578ae716eab0 total_ms=0.6871 host_ms=2.3079 err_el=0 err_q0=0 err_q1=0
GGML_OP_PROFILE op=mul_mat name=linear_attn_out-17 ne=5120x2048x1x1 type_src0=10 rows=2048 cols=6144 stream=0x578ae716eab0 total_ms=0.6893 host_ms=0.7785 err_el=0 err_q0=0 err_q1=0
GGML_OP_PROFILE op=mul_mat name=ffn_gate-17 ne=17408x2048x1x1 type_src0=19 rows=2048 cols=5120 stream=0x578ae716eab0 total_ms=1.2063 host_ms=1.2990 err_el=0 err_q0=0 err_q1=0
GGML_OP_PROFILE op=mul_mat name=ffn_up-17 ne=17408x2048x1x1 type_src0=19 rows=2048 cols=5120 stream=0x578ae716eab0 total_ms=1.2286 host_ms=1.2711 err_el=0 err_q0=0 err_q1=0
GGML_OP_PROFILE op=mul_mat name=ffn_out-17 ne=5120x2048x1x1 type_src0=19 rows=2048 cols=17408 stream=0x578ae716eab0 total_ms=1.3157 host_ms=1.5864 err_el=0 err_q0=0 err_q1=0
GGML_OP_PROFILE op=mul_mat name=node_1051 ne=10240x2048x1x1 type_src0=17 rows=2048 cols=5120 stream=0x578ae716eab0 total_ms=0.9687 host_ms=1.0567 err_el=0 err_q0=0 err_q1=0
GGML_OP_PROFILE op=mul_mat name=node_1072 ne=48x2048x1x1 type_src0=8 rows=2048 cols=5120 stream=0x578ae716eab0 total_ms=0.0696 host_ms=0.5156 err_el=0 err_q0=0 err_q1=0
GGML_OP_PROFILE op=mul_mat name=node_1078 ne=48x2048x1x1 type_src0=8 rows=2048 cols=5120 stream=0x578ae716eab0 total_ms=0.0760 host_ms=0.0993 err_el=0 err_q0=0 err_q1=0
GGML_OP_PROFILE op=mul_mat name=z-18 ne=6144x2048x1x1 type_src0=17 rows=2048 cols=5120 stream=0x578ae716eab0 total_ms=0.6297 host_ms=2.2565 err_el=0 err_q0=0 err_q1=0
GGML_OP_PROFILE op=mul_mat name=linear_attn_out-18 ne=5120x2048x1x1 type_src0=22 rows=2048 cols=6144 stream=0x578ae716eab0 total_ms=0.5844 host_ms=0.6708 err_el=0 err_q0=0 err_q1=0
GGML_OP_PROFILE op=mul_mat name=ffn_gate-18 ne=17408x2048x1x1 type_src0=19 rows=2048 cols=5120 stream=0x578ae716eab0 total_ms=1.2021 host_ms=1.2955 err_el=0 err_q0=0 err_q1=0
GGML_OP_PROFILE op=mul_mat name=ffn_up-18 ne=17408x2048x1x1 type_src0=29 rows=2048 cols=5120 stream=0x578ae716eab0 total_ms=1.5263 host_ms=1.5739 err_el=0 err_q0=0 err_q1=0
GGML_OP_PROFILE op=mul_mat name=ffn_out-18 ne=5120x2048x1x1 type_src0=16 rows=2048 cols=17408 stream=0x578ae716eab0 total_ms=1.1987 host_ms=1.4940 err_el=0 err_q0=0 err_q1=0
GGML_OP_PROFILE op=mul_mat name=Qcur_full-19 ne=12288x2048x1x1 type_src0=29 rows=2048 cols=5120 stream=0x578ae716eab0 total_ms=1.0944 host_ms=1.1845 err_el=0 err_q0=0 err_q1=0
GGML_OP_PROFILE op=mul_mat name=Vcur-19 ne=1024x2048x1x1 type_src0=23 rows=2048 cols=5120 stream=0x578ae716eab0 total_ms=0.1123 host_ms=0.2403 err_el=0 err_q0=0 err_q1=0
GGML_OP_PROFILE op=mul_mat name=Kcur-19 ne=1024x2048x1x1 type_src0=23 rows=2048 cols=5120 stream=0x578ae716eab0 total_ms=0.1004 host_ms=0.1383 err_el=0 err_q0=0 err_q1=0
GGML_OP_PROFILE op=mul_mat name=attn_output-19 ne=5120x2048x1x1 type_src0=18 rows=2048 cols=6144 stream=0x578ae716eab0 total_ms=0.4300 host_ms=1.2927 err_el=0 err_q0=0 err_q1=0
GGML_OP_PROFILE op=mul_mat name=ffn_gate-19 ne=17408x2048x1x1 type_src0=29 rows=2048 cols=5120 stream=0x578ae716eab0 total_ms=1.7968 host_ms=1.8848 err_el=0 err_q0=0 err_q1=0
GGML_OP_PROFILE op=mul_mat name=ffn_up-19 ne=17408x2048x1x1 type_src0=19 rows=2048 cols=5120 stream=0x578ae716eab0 total_ms=1.2717 host_ms=1.3157 err_el=0 err_q0=0 err_q1=0
GGML_OP_PROFILE op=mul_mat name=ffn_out-19 ne=5120x2048x1x1 type_src0=16 rows=2048 cols=17408 stream=0x578ae716eab0 total_ms=1.2013 host_ms=1.4796 err_el=0 err_q0=0 err_q1=0
GGML_OP_PROFILE op=mul_mat name=node_1153 ne=10240x2048x1x1 type_src0=10 rows=2048 cols=5120 stream=0x578ae716eab0 total_ms=1.1159 host_ms=1.2042 err_el=0 err_q0=0 err_q1=0
GGML_OP_PROFILE op=mul_mat name=node_1174 ne=48x2048x1x1 type_src0=8 rows=2048 cols=5120 stream=0x578ae716eab0 total_ms=0.0676 host_ms=0.4352 err_el=0 err_q0=0 err_q1=0
GGML_OP_PROFILE op=mul_mat name=node_1180 ne=48x2048x1x1 type_src0=8 rows=2048 cols=5120 stream=0x578ae716eab0 total_ms=0.1440 host_ms=0.1707 err_el=0 err_q0=0 err_q1=0
GGML_OP_PROFILE op=mul_mat name=z-20 ne=6144x2048x1x1 type_src0=22 rows=2048 cols=5120 stream=0x578ae716eab0 total_ms=0.6256 host_ms=2.2529 err_el=0 err_q0=0 err_q1=0
GGML_OP_PROFILE op=mul_mat name=linear_attn_out-20 ne=5120x2048x1x1 type_src0=10 rows=2048 cols=6144 stream=0x578ae716eab0 total_ms=0.6893 host_ms=0.7740 err_el=0 err_q0=0 err_q1=0
GGML_OP_PROFILE op=mul_mat name=ffn_gate-20 ne=17408x2048x1x1 type_src0=22 rows=2048 cols=5120 stream=0x578ae716eab0 total_ms=1.5458 host_ms=1.6280 err_el=0 err_q0=0 err_q1=0
GGML_OP_PROFILE op=mul_mat name=ffn_up-20 ne=17408x2048x1x1 type_src0=10 rows=2048 cols=5120 stream=0x578ae716eab0 total_ms=1.8220 host_ms=1.8651 err_el=0 err_q0=0 err_q1=0
GGML_OP_PROFILE op=mul_mat name=ffn_out-20 ne=5120x2048x1x1 type_src0=10 rows=2048 cols=17408 stream=0x578ae716eab0 total_ms=2.2356 host_ms=2.5162 err_el=0 err_q0=0 err_q1=0
GGML_OP_PROFILE op=mul_mat name=node_1216 ne=10240x2048x1x1 type_src0=22 rows=2048 cols=5120 stream=0x578ae716eab0 total_ms=0.9930 host_ms=1.0402 err_el=0 err_q0=0 err_q1=0
GGML_OP_PROFILE op=mul_mat name=node_1237 ne=48x2048x1x1 type_src0=8 rows=2048 cols=5120 stream=0x578ae716eab0 total_ms=0.0696 host_ms=0.3477 err_el=0 err_q0=0 err_q1=0
GGML_OP_PROFILE op=mul_mat name=node_1243 ne=48x2048x1x1 type_src0=8 rows=2048 cols=5120 stream=0x578ae716eab0 total_ms=0.1134 host_ms=0.1549 err_el=0 err_q0=0 err_q1=0
GGML_OP_PROFILE op=mul_mat name=z-21 ne=6144x2048x1x1 type_src0=10 rows=2048 cols=5120 stream=0x578ae716eab0 total_ms=0.7260 host_ms=2.3775 err_el=0 err_q0=0 err_q1=0
GGML_OP_PROFILE op=mul_mat name=linear_attn_out-21 ne=5120x2048x1x1 type_src0=10 rows=2048 cols=6144 stream=0x578ae716eab0 total_ms=0.6812 host_ms=0.7653 err_el=0 err_q0=0 err_q1=0
GGML_OP_PROFILE op=mul_mat name=ffn_gate-21 ne=17408x2048x1x1 type_src0=22 rows=2048 cols=5120 stream=0x578ae716eab0 total_ms=1.5454 host_ms=1.6202 err_el=0 err_q0=0 err_q1=0
GGML_OP_PROFILE op=mul_mat name=ffn_up-21 ne=17408x2048x1x1 type_src0=10 rows=2048 cols=5120 stream=0x578ae716eab0 total_ms=1.8230 host_ms=1.8660 err_el=0 err_q0=0 err_q1=0
GGML_OP_PROFILE op=mul_mat name=ffn_out-21 ne=5120x2048x1x1 type_src0=22 rows=2048 cols=17408 stream=0x578ae716eab0 total_ms=1.6636 host_ms=1.9329 err_el=0 err_q0=0 err_q1=0
GGML_OP_PROFILE op=mul_mat name=node_1279 ne=10240x2048x1x1 type_src0=22 rows=2048 cols=5120 stream=0x578ae716eab0 total_ms=1.2605 host_ms=1.3475 err_el=0 err_q0=0 err_q1=0
GGML_OP_PROFILE op=mul_mat name=node_1300 ne=48x2048x1x1 type_src0=8 rows=2048 cols=5120 stream=0x578ae716eab0 total_ms=0.0676 host_ms=0.4394 err_el=0 err_q0=0 err_q1=0
GGML_OP_PROFILE op=mul_mat name=node_1306 ne=48x2048x1x1 type_src0=8 rows=2048 cols=5120 stream=0x578ae716eab0 total_ms=0.1054 host_ms=0.1236 err_el=0 err_q0=0 err_q1=0
GGML_OP_PROFILE op=mul_mat name=z-22 ne=6144x2048x1x1 type_src0=22 rows=2048 cols=5120 stream=0x578ae716eab0 total_ms=0.6277 host_ms=2.2074 err_el=0 err_q0=0 err_q1=0
GGML_OP_PROFILE op=mul_mat name=linear_attn_out-22 ne=5120x2048x1x1 type_src0=10 rows=2048 cols=6144 stream=0x578ae716eab0 total_ms=0.6867 host_ms=0.7675 err_el=0 err_q0=0 err_q1=0
GGML_OP_PROFILE op=mul_mat name=ffn_gate-22 ne=17408x2048x1x1 type_src0=22 rows=2048 cols=5120 stream=0x578ae716eab0 total_ms=1.5933 host_ms=1.6692 err_el=0 err_q0=0 err_q1=0
GGML_OP_PROFILE op=mul_mat name=ffn_up-22 ne=17408x2048x1x1 type_src0=10 rows=2048 cols=5120 stream=0x578ae716eab0 total_ms=1.8367 host_ms=1.8795 err_el=0 err_q0=0 err_q1=0
GGML_OP_PROFILE op=mul_mat name=ffn_out-22 ne=5120x2048x1x1 type_src0=10 rows=2048 cols=17408 stream=0x578ae716eab0 total_ms=1.9431 host_ms=2.2179 err_el=0 err_q0=0 err_q1=0
GGML_OP_PROFILE op=mul_mat name=Qcur_full-23 ne=12288x2048x1x1 type_src0=18 rows=2048 cols=5120 stream=0x578ae716eab0 total_ms=0.8680 host_ms=0.9547 err_el=0 err_q0=0 err_q1=0
GGML_OP_PROFILE op=mul_mat name=Vcur-23 ne=1024x2048x1x1 type_src0=12 rows=2048 cols=5120 stream=0x578ae716eab0 total_ms=12.4774 host_ms=12.5815 err_el=0 err_q0=0 err_q1=0
GGML_OP_PROFILE op=mul_mat name=Kcur-23 ne=1024x2048x1x1 type_src0=18 rows=2048 cols=5120 stream=0x578ae716eab0 total_ms=0.1466 host_ms=0.1878 err_el=0 err_q0=0 err_q1=0
GGML_OP_PROFILE op=mul_mat name=attn_output-23 ne=5120x2048x1x1 type_src0=18 rows=2048 cols=6144 stream=0x578ae716eab0 total_ms=0.4342 host_ms=1.3159 err_el=0 err_q0=0 err_q1=0
GGML_OP_PROFILE op=mul_mat name=ffn_gate-23 ne=17408x2048x1x1 type_src0=22 rows=2048 cols=5120 stream=0x578ae716eab0 total_ms=1.5537 host_ms=1.6385 err_el=0 err_q0=0 err_q1=0
GGML_OP_PROFILE op=mul_mat name=ffn_up-23 ne=17408x2048x1x1 type_src0=22 rows=2048 cols=5120 stream=0x578ae716eab0 total_ms=1.5890 host_ms=1.6467 err_el=0 err_q0=0 err_q1=0
GGML_OP_PROFILE op=mul_mat name=ffn_out-23 ne=5120x2048x1x1 type_src0=10 rows=2048 cols=17408 stream=0x578ae716eab0 total_ms=1.9519 host_ms=2.2901 err_el=0 err_q0=0 err_q1=0
GGML_OP_PROFILE op=mul_mat name=node_1381 ne=10240x2048x1x1 type_src0=22 rows=2048 cols=5120 stream=0x578ae716eab0 total_ms=1.0652 host_ms=1.1420 err_el=0 err_q0=0 err_q1=0
GGML_OP_PROFILE op=mul_mat name=node_1402 ne=48x2048x1x1 type_src0=8 rows=2048 cols=5120 stream=0x578ae716eab0 total_ms=0.1777 host_ms=0.3730 err_el=0 err_q0=0 err_q1=0
GGML_OP_PROFILE op=mul_mat name=node_1408 ne=48x2048x1x1 type_src0=8 rows=2048 cols=5120 stream=0x578ae716eab0 total_ms=0.1669 host_ms=0.2213 err_el=0 err_q0=0 err_q1=0
GGML_OP_PROFILE op=mul_mat name=z-24 ne=6144x2048x1x1 type_src0=10 rows=2048 cols=5120 stream=0x578ae716eab0 total_ms=0.7301 host_ms=2.4016 err_el=0 err_q0=0 err_q1=0
GGML_OP_PROFILE op=mul_mat name=linear_attn_out-24 ne=5120x2048x1x1 type_src0=22 rows=2048 cols=6144 stream=0x578ae716eab0 total_ms=0.6221 host_ms=0.7799 err_el=0 err_q0=0 err_q1=0
GGML_OP_PROFILE op=mul_mat name=ffn_gate-24 ne=17408x2048x1x1 type_src0=22 rows=2048 cols=5120 stream=0x578ae716eab0 total_ms=1.5614 host_ms=1.6416 err_el=0 err_q0=0 err_q1=0
GGML_OP_PROFILE op=mul_mat name=ffn_up-24 ne=17408x2048x1x1 type_src0=22 rows=2048 cols=5120 stream=0x578ae716eab0 total_ms=1.8917 host_ms=1.9341 err_el=0 err_q0=0 err_q1=0
GGML_OP_PROFILE op=mul_mat name=ffn_out-24 ne=5120x2048x1x1 type_src0=10 rows=2048 cols=17408 stream=0x578ae716eab0 total_ms=1.9356 host_ms=2.2109 err_el=0 err_q0=0 err_q1=0
GGML_OP_PROFILE op=mul_mat name=node_1444 ne=10240x2048x1x1 type_src0=22 rows=2048 cols=5120 stream=0x578ae716eab0 total_ms=0.9622 host_ms=1.0420 err_el=0 err_q0=0 err_q1=0
GGML_OP_PROFILE op=mul_mat name=node_1465 ne=48x2048x1x1 type_src0=8 rows=2048 cols=5120 stream=0x578ae716eab0 total_ms=0.0676 host_ms=0.2985 err_el=0 err_q0=0 err_q1=0
GGML_OP_PROFILE op=mul_mat name=node_1471 ne=48x2048x1x1 type_src0=8 rows=2048 cols=5120 stream=0x578ae716eab0 total_ms=0.0707 host_ms=0.0963 err_el=0 err_q0=0 err_q1=0
GGML_OP_PROFILE op=mul_mat name=z-25 ne=6144x2048x1x1 type_src0=10 rows=2048 cols=5120 stream=0x578ae716eab0 total_ms=0.7281 host_ms=2.3552 err_el=0 err_q0=0 err_q1=0
GGML_OP_PROFILE op=mul_mat name=linear_attn_out-25 ne=5120x2048x1x1 type_src0=18 rows=2048 cols=6144 stream=0x578ae716eab0 total_ms=0.4391 host_ms=0.5196 err_el=0 err_q0=0 err_q1=0
GGML_OP_PROFILE op=mul_mat name=ffn_gate-25 ne=17408x2048x1x1 type_src0=10 rows=2048 cols=5120 stream=0x578ae716eab0 total_ms=1.8016 host_ms=1.9068 err_el=0 err_q0=0 err_q1=0
GGML_OP_PROFILE op=mul_mat name=ffn_up-25 ne=17408x2048x1x1 type_src0=10 rows=2048 cols=5120 stream=0x578ae716eab0 total_ms=1.8251 host_ms=1.8641 err_el=0 err_q0=0 err_q1=0
GGML_OP_PROFILE op=mul_mat name=ffn_out-25 ne=5120x2048x1x1 type_src0=10 rows=2048 cols=17408 stream=0x578ae716eab0 total_ms=1.9399 host_ms=2.2659 err_el=0 err_q0=0 err_q1=0
GGML_OP_PROFILE op=mul_mat name=node_1507 ne=10240x2048x1x1 type_src0=10 rows=2048 cols=5120 stream=0x578ae716eab0 total_ms=1.1891 host_ms=1.2463 err_el=0 err_q0=0 err_q1=0
GGML_OP_PROFILE op=mul_mat name=node_1528 ne=48x2048x1x1 type_src0=8 rows=2048 cols=5120 stream=0x578ae716eab0 total_ms=0.0676 host_ms=0.4160 err_el=0 err_q0=0 err_q1=0
GGML_OP_PROFILE op=mul_mat name=node_1534 ne=48x2048x1x1 type_src0=8 rows=2048 cols=5120 stream=0x578ae716eab0 total_ms=0.0927 host_ms=0.1229 err_el=0 err_q0=0 err_q1=0
GGML_OP_PROFILE op=mul_mat name=z-26 ne=6144x2048x1x1 type_src0=22 rows=2048 cols=5120 stream=0x578ae716eab0 total_ms=0.6277 host_ms=2.2472 err_el=0 err_q0=0 err_q1=0
GGML_OP_PROFILE op=mul_mat name=linear_attn_out-26 ne=5120x2048x1x1 type_src0=10 rows=2048 cols=6144 stream=0x578ae716eab0 total_ms=0.6910 host_ms=0.7668 err_el=0 err_q0=0 err_q1=0
GGML_OP_PROFILE op=mul_mat name=ffn_gate-26 ne=17408x2048x1x1 type_src0=10 rows=2048 cols=5120 stream=0x578ae716eab0 total_ms=1.7958 host_ms=1.8811 err_el=0 err_q0=0 err_q1=0
GGML_OP_PROFILE op=mul_mat name=ffn_up-26 ne=17408x2048x1x1 type_src0=10 rows=2048 cols=5120 stream=0x578ae716eab0 total_ms=1.8577 host_ms=1.8965 err_el=0 err_q0=0 err_q1=0
GGML_OP_PROFILE op=mul_mat name=ffn_out-26 ne=5120x2048x1x1 type_src0=22 rows=2048 cols=17408 stream=0x578ae716eab0 total_ms=1.6642 host_ms=1.9441 err_el=0 err_q0=0 err_q1=0
GGML_OP_PROFILE op=mul_mat name=Qcur_full-27 ne=12288x2048x1x1 type_src0=18 rows=2048 cols=5120 stream=0x578ae716eab0 total_ms=0.8643 host_ms=1.2368 err_el=0 err_q0=0 err_q1=0
GGML_OP_PROFILE op=mul_mat name=Vcur-27 ne=1024x2048x1x1 type_src0=12 rows=2048 cols=5120 stream=0x578ae716eab0 total_ms=0.1209 host_ms=0.2403 err_el=0 err_q0=0 err_q1=0
GGML_OP_PROFILE op=mul_mat name=Kcur-27 ne=1024x2048x1x1 type_src0=21 rows=2048 cols=5120 stream=0x578ae716eab0 total_ms=0.2309 host_ms=0.2708 err_el=0 err_q0=0 err_q1=0
GGML_OP_PROFILE op=mul_mat name=attn_output-27 ne=5120x2048x1x1 type_src0=21 rows=2048 cols=6144 stream=0x578ae716eab0 total_ms=0.4505 host_ms=1.2601 err_el=0 err_q0=0 err_q1=0
GGML_OP_PROFILE op=mul_mat name=ffn_gate-27 ne=17408x2048x1x1 type_src0=22 rows=2048 cols=5120 stream=0x578ae716eab0 total_ms=1.5521 host_ms=1.6368 err_el=0 err_q0=0 err_q1=0
GGML_OP_PROFILE op=mul_mat name=ffn_up-27 ne=17408x2048x1x1 type_src0=10 rows=2048 cols=5120 stream=0x578ae716eab0 total_ms=1.8262 host_ms=1.8671 err_el=0 err_q0=0 err_q1=0
GGML_OP_PROFILE op=mul_mat name=ffn_out-27 ne=5120x2048x1x1 type_src0=10 rows=2048 cols=17408 stream=0x578ae716eab0 total_ms=1.9334 host_ms=2.2072 err_el=0 err_q0=0 err_q1=0
GGML_OP_PROFILE op=mul_mat name=node_1609 ne=10240x2048x1x1 type_src0=10 rows=2048 cols=5120 stream=0x578ae716eab0 total_ms=1.1199 host_ms=1.1985 err_el=0 err_q0=0 err_q1=0
GGML_OP_PROFILE op=mul_mat name=node_1630 ne=48x2048x1x1 type_src0=8 rows=2048 cols=5120 stream=0x578ae716eab0 total_ms=0.0676 host_ms=0.4281 err_el=0 err_q0=0 err_q1=0
GGML_OP_PROFILE op=mul_mat name=node_1636 ne=48x2048x1x1 type_src0=8 rows=2048 cols=5120 stream=0x578ae716eab0 total_ms=0.0972 host_ms=0.1184 err_el=0 err_q0=0 err_q1=0
GGML_OP_PROFILE op=mul_mat name=z-28 ne=6144x2048x1x1 type_src0=10 rows=2048 cols=5120 stream=0x578ae716eab0 total_ms=0.9892 host_ms=2.6180 err_el=0 err_q0=0 err_q1=0
GGML_OP_PROFILE op=mul_mat name=linear_attn_out-28 ne=5120x2048x1x1 type_src0=10 rows=2048 cols=6144 stream=0x578ae716eab0 total_ms=0.6873 host_ms=0.7731 err_el=0 err_q0=0 err_q1=0
GGML_OP_PROFILE op=mul_mat name=ffn_gate-28 ne=17408x2048x1x1 type_src0=22 rows=2048 cols=5120 stream=0x578ae716eab0 total_ms=1.5503 host_ms=1.6389 err_el=0 err_q0=0 err_q1=0
GGML_OP_PROFILE op=mul_mat name=ffn_up-28 ne=17408x2048x1x1 type_src0=22 rows=2048 cols=5120 stream=0x578ae716eab0 total_ms=1.6264 host_ms=1.6653 err_el=0 err_q0=0 err_q1=0
GGML_OP_PROFILE op=mul_mat name=ffn_out-28 ne=5120x2048x1x1 type_src0=22 rows=2048 cols=17408 stream=0x578ae716eab0 total_ms=1.6659 host_ms=1.9403 err_el=0 err_q0=0 err_q1=0
GGML_OP_PROFILE op=mul_mat name=node_1672 ne=10240x2048x1x1 type_src0=10 rows=2048 cols=5120 stream=0x578ae716eab0 total_ms=1.1241 host_ms=1.2146 err_el=0 err_q0=0 err_q1=0
GGML_OP_PROFILE op=mul_mat name=node_1693 ne=48x2048x1x1 type_src0=8 rows=2048 cols=5120 stream=0x578ae716eab0 total_ms=0.0676 host_ms=0.4383 err_el=0 err_q0=0 err_q1=0
GGML_OP_PROFILE op=mul_mat name=node_1699 ne=48x2048x1x1 type_src0=8 rows=2048 cols=5120 stream=0x578ae716eab0 total_ms=0.0469 host_ms=0.1193 err_el=0 err_q0=0 err_q1=0
GGML_OP_PROFILE op=mul_mat name=z-29 ne=6144x2048x1x1 type_src0=10 rows=2048 cols=5120 stream=0x578ae716eab0 total_ms=0.7281 host_ms=2.3426 err_el=0 err_q0=0 err_q1=0
GGML_OP_PROFILE op=mul_mat name=linear_attn_out-29 ne=5120x2048x1x1 type_src0=22 rows=2048 cols=6144 stream=0x578ae716eab0 total_ms=0.5884 host_ms=0.6695 err_el=0 err_q0=0 err_q1=0
GGML_OP_PROFILE op=mul_mat name=ffn_gate-29 ne=17408x2048x1x1 type_src0=22 rows=2048 cols=5120 stream=0x578ae716eab0 total_ms=1.8501 host_ms=1.9965 err_el=0 err_q0=0 err_q1=0
GGML_OP_PROFILE op=mul_mat name=ffn_up-29 ne=17408x2048x1x1 type_src0=16 rows=2048 cols=5120 stream=0x578ae716eab0 total_ms=1.1953 host_ms=1.2401 err_el=0 err_q0=0 err_q1=0
GGML_OP_PROFILE op=mul_mat name=ffn_out-29 ne=5120x2048x1x1 type_src0=22 rows=2048 cols=17408 stream=0x578ae716eab0 total_ms=1.6661 host_ms=1.9401 err_el=0 err_q0=0 err_q1=0
GGML_OP_PROFILE op=mul_mat name=node_1735 ne=10240x2048x1x1 type_src0=22 rows=2048 cols=5120 stream=0x578ae716eab0 total_ms=0.9605 host_ms=1.0444 err_el=0 err_q0=0 err_q1=0
GGML_OP_PROFILE op=mul_mat name=node_1756 ne=48x2048x1x1 type_src0=8 rows=2048 cols=5120 stream=0x578ae716eab0 total_ms=0.0676 host_ms=0.4412 err_el=0 err_q0=0 err_q1=0
GGML_OP_PROFILE op=mul_mat name=node_1762 ne=48x2048x1x1 type_src0=8 rows=2048 cols=5120 stream=0x578ae716eab0 total_ms=0.0447 host_ms=0.0713 err_el=0 err_q0=0 err_q1=0
GGML_OP_PROFILE op=mul_mat name=z-30 ne=6144x2048x1x1 type_src0=10 rows=2048 cols=5120 stream=0x578ae716eab0 total_ms=0.7260 host_ms=2.3397 err_el=0 err_q0=0 err_q1=0
GGML_OP_PROFILE op=mul_mat name=linear_attn_out-30 ne=5120x2048x1x1 type_src0=10 rows=2048 cols=6144 stream=0x578ae716eab0 total_ms=0.6846 host_ms=0.7642 err_el=0 err_q0=0 err_q1=0
GGML_OP_PROFILE op=mul_mat name=ffn_gate-30 ne=17408x2048x1x1 type_src0=29 rows=2048 cols=5120 stream=0x578ae716eab0 total_ms=1.5299 host_ms=1.6144 err_el=0 err_q0=0 err_q1=0
GGML_OP_PROFILE op=mul_mat name=ffn_up-30 ne=17408x2048x1x1 type_src0=22 rows=2048 cols=5120 stream=0x578ae716eab0 total_ms=1.5755 host_ms=1.6193 err_el=0 err_q0=0 err_q1=0
GGML_OP_PROFILE op=mul_mat name=ffn_out-30 ne=5120x2048x1x1 type_src0=22 rows=2048 cols=17408 stream=0x578ae716eab0 total_ms=1.9638 host_ms=2.2356 err_el=0 err_q0=0 err_q1=0
GGML_OP_PROFILE op=mul_mat name=Qcur_full-31 ne=12288x2048x1x1 type_src0=10 rows=2048 cols=5120 stream=0x578ae716eab0 total_ms=1.3637 host_ms=1.4592 err_el=0 err_q0=0 err_q1=0
GGML_OP_PROFILE op=mul_mat name=Vcur-31 ne=1024x2048x1x1 type_src0=12 rows=2048 cols=5120 stream=0x578ae716eab0 total_ms=0.1233 host_ms=0.2026 err_el=0 err_q0=0 err_q1=0
GGML_OP_PROFILE op=mul_mat name=Kcur-31 ne=1024x2048x1x1 type_src0=23 rows=2048 cols=5120 stream=0x578ae716eab0 total_ms=0.1494 host_ms=0.1881 err_el=0 err_q0=0 err_q1=0
GGML_OP_PROFILE op=mul_mat name=attn_output-31 ne=5120x2048x1x1 type_src0=21 rows=2048 cols=6144 stream=0x578ae716eab0 total_ms=0.4505 host_ms=1.2720 err_el=0 err_q0=0 err_q1=0
GGML_OP_PROFILE op=mul_mat name=ffn_gate-31 ne=17408x2048x1x1 type_src0=16 rows=2048 cols=5120 stream=0x578ae716eab0 total_ms=1.1098 host_ms=1.1951 err_el=0 err_q0=0 err_q1=0
GGML_OP_PROFILE op=mul_mat name=ffn_up-31 ne=17408x2048x1x1 type_src0=22 rows=2048 cols=5120 stream=0x578ae716eab0 total_ms=1.5867 host_ms=1.6218 err_el=0 err_q0=0 err_q1=0
GGML_OP_PROFILE op=mul_mat name=ffn_out-31 ne=5120x2048x1x1 type_src0=16 rows=2048 cols=17408 stream=0x578ae716eab0 total_ms=1.2054 host_ms=1.4846 err_el=0 err_q0=0 err_q1=0
GGML_OP_PROFILE op=mul_mat name=node_1837 ne=10240x2048x1x1 type_src0=18 rows=2048 cols=5120 stream=0x578ae716eab0 total_ms=0.7209 host_ms=0.8020 err_el=0 err_q0=0 err_q1=0
GGML_OP_PROFILE op=mul_mat name=node_1858 ne=48x2048x1x1 type_src0=8 rows=2048 cols=5120 stream=0x578ae716eab0 total_ms=0.0676 host_ms=0.4402 err_el=0 err_q0=0 err_q1=0
GGML_OP_PROFILE op=mul_mat name=node_1864 ne=48x2048x1x1 type_src0=8 rows=2048 cols=5120 stream=0x578ae716eab0 total_ms=0.0827 host_ms=0.1029 err_el=0 err_q0=0 err_q1=0
GGML_OP_PROFILE op=mul_mat name=z-32 ne=6144x2048x1x1 type_src0=10 rows=2048 cols=5120 stream=0x578ae716eab0 total_ms=0.7256 host_ms=2.3528 err_el=0 err_q0=0 err_q1=0
GGML_OP_PROFILE op=mul_mat name=linear_attn_out-32 ne=5120x2048x1x1 type_src0=18 rows=2048 cols=6144 stream=0x578ae716eab0 total_ms=0.7176 host_ms=0.8012 err_el=0 err_q0=0 err_q1=0
GGML_OP_PROFILE op=mul_mat name=ffn_gate-32 ne=17408x2048x1x1 type_src0=17 rows=2048 cols=5120 stream=0x578ae716eab0 total_ms=1.5644 host_ms=1.6553 err_el=0 err_q0=0 err_q1=0
GGML_OP_PROFILE op=mul_mat name=ffn_up-32 ne=17408x2048x1x1 type_src0=10 rows=2048 cols=5120 stream=0x578ae716eab0 total_ms=1.8912 host_ms=1.9320 err_el=0 err_q0=0 err_q1=0
GGML_OP_PROFILE op=mul_mat name=ffn_out-32 ne=5120x2048x1x1 type_src0=10 rows=2048 cols=17408 stream=0x578ae716eab0 total_ms=1.9454 host_ms=2.2180 err_el=0 err_q0=0 err_q1=0
GGML_OP_PROFILE op=mul_mat name=node_1900 ne=10240x2048x1x1 type_src0=18 rows=2048 cols=5120 stream=0x578ae716eab0 total_ms=0.7270 host_ms=0.8257 err_el=0 err_q0=0 err_q1=0
GGML_OP_PROFILE op=mul_mat name=node_1921 ne=48x2048x1x1 type_src0=8 rows=2048 cols=5120 stream=0x578ae716eab0 total_ms=0.0696 host_ms=0.4412 err_el=0 err_q0=0 err_q1=0
GGML_OP_PROFILE op=mul_mat name=node_1927 ne=48x2048x1x1 type_src0=8 rows=2048 cols=5120 stream=0x578ae716eab0 total_ms=0.0588 host_ms=0.0816 err_el=0 err_q0=0 err_q1=0
GGML_OP_PROFILE op=mul_mat name=z-33 ne=6144x2048x1x1 type_src0=10 rows=2048 cols=5120 stream=0x578ae716eab0 total_ms=0.7342 host_ms=2.3688 err_el=0 err_q0=0 err_q1=0
GGML_OP_PROFILE op=mul_mat name=linear_attn_out-33 ne=5120x2048x1x1 type_src0=18 rows=2048 cols=6144 stream=0x578ae716eab0 total_ms=0.4432 host_ms=0.5150 err_el=0 err_q0=0 err_q1=0
GGML_OP_PROFILE op=mul_mat name=ffn_gate-33 ne=17408x2048x1x1 type_src0=17 rows=2048 cols=5120 stream=0x578ae716eab0 total_ms=1.5769 host_ms=1.6739 err_el=0 err_q0=0 err_q1=0
GGML_OP_PROFILE op=mul_mat name=ffn_up-33 ne=17408x2048x1x1 type_src0=10 rows=2048 cols=5120 stream=0x578ae716eab0 total_ms=2.1392 host_ms=2.1909 err_el=0 err_q0=0 err_q1=0
GGML_OP_PROFILE op=mul_mat name=ffn_out-33 ne=5120x2048x1x1 type_src0=17 rows=2048 cols=17408 stream=0x578ae716eab0 total_ms=1.7031 host_ms=1.9813 err_el=0 err_q0=0 err_q1=0
GGML_OP_PROFILE op=mul_mat name=node_1963 ne=10240x2048x1x1 type_src0=18 rows=2048 cols=5120 stream=0x578ae716eab0 total_ms=0.7268 host_ms=0.8168 err_el=0 err_q0=0 err_q1=0
GGML_OP_PROFILE op=mul_mat name=node_1984 ne=48x2048x1x1 type_src0=8 rows=2048 cols=5120 stream=0x578ae716eab0 total_ms=0.0676 host_ms=0.4382 err_el=0 err_q0=0 err_q1=0
GGML_OP_PROFILE op=mul_mat name=node_1990 ne=48x2048x1x1 type_src0=8 rows=2048 cols=5120 stream=0x578ae716eab0 total_ms=0.1095 host_ms=0.1322 err_el=0 err_q0=0 err_q1=0
GGML_OP_PROFILE op=mul_mat name=z-34 ne=6144x2048x1x1 type_src0=10 rows=2048 cols=5120 stream=0x578ae716eab0 total_ms=0.7342 host_ms=2.3740 err_el=0 err_q0=0 err_q1=0
GGML_OP_PROFILE op=mul_mat name=linear_attn_out-34 ne=5120x2048x1x1 type_src0=18 rows=2048 cols=6144 stream=0x578ae716eab0 total_ms=0.4433 host_ms=0.5225 err_el=0 err_q0=0 err_q1=0
GGML_OP_PROFILE op=mul_mat name=ffn_gate-34 ne=17408x2048x1x1 type_src0=10 rows=2048 cols=5120 stream=0x578ae716eab0 total_ms=1.8184 host_ms=1.9074 err_el=0 err_q0=0 err_q1=0
GGML_OP_PROFILE op=mul_mat name=ffn_up-34 ne=17408x2048x1x1 type_src0=10 rows=2048 cols=5120 stream=0x578ae716eab0 total_ms=1.8750 host_ms=1.9163 err_el=0 err_q0=0 err_q1=0
GGML_OP_PROFILE op=mul_mat name=ffn_out-34 ne=5120x2048x1x1 type_src0=18 rows=2048 cols=17408 stream=0x578ae716eab0 total_ms=1.2747 host_ms=1.5513 err_el=0 err_q0=0 err_q1=0
GGML_OP_PROFILE op=mul_mat name=Qcur_full-35 ne=12288x2048x1x1 type_src0=10 rows=2048 cols=5120 stream=0x578ae716eab0 total_ms=1.3699 host_ms=1.4560 err_el=0 err_q0=0 err_q1=0
GGML_OP_PROFILE op=mul_mat name=Vcur-35 ne=1024x2048x1x1 type_src0=12 rows=2048 cols=5120 stream=0x578ae716eab0 total_ms=0.1209 host_ms=0.2365 err_el=0 err_q0=0 err_q1=0
GGML_OP_PROFILE op=mul_mat name=Kcur-35 ne=1024x2048x1x1 type_src0=23 rows=2048 cols=5120 stream=0x578ae716eab0 total_ms=0.1377 host_ms=0.1722 err_el=0 err_q0=0 err_q1=0
GGML_OP_PROFILE op=mul_mat name=attn_output-35 ne=5120x2048x1x1 type_src0=21 rows=2048 cols=6144 stream=0x578ae716eab0 total_ms=0.4526 host_ms=1.3127 err_el=0 err_q0=0 err_q1=0
GGML_OP_PROFILE op=mul_mat name=ffn_gate-35 ne=17408x2048x1x1 type_src0=17 rows=2048 cols=5120 stream=0x578ae716eab0 total_ms=1.5749 host_ms=1.6609 err_el=0 err_q0=0 err_q1=0
GGML_OP_PROFILE op=mul_mat name=ffn_up-35 ne=17408x2048x1x1 type_src0=10 rows=2048 cols=5120 stream=0x578ae716eab0 total_ms=1.8421 host_ms=1.8836 err_el=0 err_q0=0 err_q1=0
GGML_OP_PROFILE op=mul_mat name=ffn_out-35 ne=5120x2048x1x1 type_src0=18 rows=2048 cols=17408 stream=0x578ae716eab0 total_ms=1.2706 host_ms=1.5358 err_el=0 err_q0=0 err_q1=0
GGML_OP_PROFILE op=mul_mat name=node_2065 ne=10240x2048x1x1 type_src0=10 rows=2048 cols=5120 stream=0x578ae716eab0 total_ms=1.1305 host_ms=1.2146 err_el=0 err_q0=0 err_q1=0
GGML_OP_PROFILE op=mul_mat name=node_2086 ne=48x2048x1x1 type_src0=8 rows=2048 cols=5120 stream=0x578ae716eab0 total_ms=0.0696 host_ms=0.4287 err_el=0 err_q0=0 err_q1=0
GGML_OP_PROFILE op=mul_mat name=node_2092 ne=48x2048x1x1 type_src0=8 rows=2048 cols=5120 stream=0x578ae716eab0 total_ms=0.0896 host_ms=0.1140 err_el=0 err_q0=0 err_q1=0
GGML_OP_PROFILE op=mul_mat name=z-36 ne=6144x2048x1x1 type_src0=10 rows=2048 cols=5120 stream=0x578ae716eab0 total_ms=0.7353 host_ms=2.6193 err_el=0 err_q0=0 err_q1=0
GGML_OP_PROFILE op=mul_mat name=linear_attn_out-36 ne=5120x2048x1x1 type_src0=18 rows=2048 cols=6144 stream=0x578ae716eab0 total_ms=0.4412 host_ms=0.5214 err_el=0 err_q0=0 err_q1=0
GGML_OP_PROFILE op=mul_mat name=ffn_gate-36 ne=17408x2048x1x1 type_src0=10 rows=2048 cols=5120 stream=0x578ae716eab0 total_ms=1.8184 host_ms=1.9053 err_el=0 err_q0=0 err_q1=0
GGML_OP_PROFILE op=mul_mat name=ffn_up-36 ne=17408x2048x1x1 type_src0=10 rows=2048 cols=5120 stream=0x578ae716eab0 total_ms=1.8514 host_ms=1.8930 err_el=0 err_q0=0 err_q1=0
GGML_OP_PROFILE op=mul_mat name=ffn_out-36 ne=5120x2048x1x1 type_src0=18 rows=2048 cols=17408 stream=0x578ae716eab0 total_ms=1.2710 host_ms=1.5459 err_el=0 err_q0=0 err_q1=0
GGML_OP_PROFILE op=mul_mat name=node_2128 ne=10240x2048x1x1 type_src0=10 rows=2048 cols=5120 stream=0x578ae716eab0 total_ms=1.1284 host_ms=1.2147 err_el=0 err_q0=0 err_q1=0
GGML_OP_PROFILE op=mul_mat name=node_2149 ne=48x2048x1x1 type_src0=8 rows=2048 cols=5120 stream=0x578ae716eab0 total_ms=0.0676 host_ms=0.4407 err_el=0 err_q0=0 err_q1=0
GGML_OP_PROFILE op=mul_mat name=node_2155 ne=48x2048x1x1 type_src0=8 rows=2048 cols=5120 stream=0x578ae716eab0 total_ms=0.1080 host_ms=0.1314 err_el=0 err_q0=0 err_q1=0
GGML_OP_PROFILE op=mul_mat name=z-37 ne=6144x2048x1x1 type_src0=10 rows=2048 cols=5120 stream=0x578ae716eab0 total_ms=0.7321 host_ms=2.3786 err_el=0 err_q0=0 err_q1=0
GGML_OP_PROFILE op=mul_mat name=linear_attn_out-37 ne=5120x2048x1x1 type_src0=18 rows=2048 cols=6144 stream=0x578ae716eab0 total_ms=0.4435 host_ms=0.5285 err_el=0 err_q0=0 err_q1=0
GGML_OP_PROFILE op=mul_mat name=ffn_gate-37 ne=17408x2048x1x1 type_src0=10 rows=2048 cols=5120 stream=0x578ae716eab0 total_ms=2.1176 host_ms=2.2124 err_el=0 err_q0=0 err_q1=0
GGML_OP_PROFILE op=mul_mat name=ffn_up-37 ne=17408x2048x1x1 type_src0=10 rows=2048 cols=5120 stream=0x578ae716eab0 total_ms=1.8790 host_ms=1.9282 err_el=0 err_q0=0 err_q1=0
GGML_OP_PROFILE op=mul_mat name=ffn_out-37 ne=5120x2048x1x1 type_src0=18 rows=2048 cols=17408 stream=0x578ae716eab0 total_ms=1.2727 host_ms=1.5455 err_el=0 err_q0=0 err_q1=0
GGML_OP_PROFILE op=mul_mat name=node_2191 ne=10240x2048x1x1 type_src0=17 rows=2048 cols=5120 stream=0x578ae716eab0 total_ms=0.9810 host_ms=1.0669 err_el=0 err_q0=0 err_q1=0
GGML_OP_PROFILE op=mul_mat name=node_2212 ne=48x2048x1x1 type_src0=8 rows=2048 cols=5120 stream=0x578ae716eab0 total_ms=0.0696 host_ms=0.4545 err_el=0 err_q0=0 err_q1=0
GGML_OP_PROFILE op=mul_mat name=node_2218 ne=48x2048x1x1 type_src0=8 rows=2048 cols=5120 stream=0x578ae716eab0 total_ms=0.1421 host_ms=0.1636 err_el=0 err_q0=0 err_q1=0
GGML_OP_PROFILE op=mul_mat name=z-38 ne=6144x2048x1x1 type_src0=10 rows=2048 cols=5120 stream=0x578ae716eab0 total_ms=0.7322 host_ms=2.3847 err_el=0 err_q0=0 err_q1=0
GGML_OP_PROFILE op=mul_mat name=linear_attn_out-38 ne=5120x2048x1x1 type_src0=10 rows=2048 cols=6144 stream=0x578ae716eab0 total_ms=0.6914 host_ms=0.7727 err_el=0 err_q0=0 err_q1=0
GGML_OP_PROFILE op=mul_mat name=ffn_gate-38 ne=17408x2048x1x1 type_src0=10 rows=2048 cols=5120 stream=0x578ae716eab0 total_ms=1.8104 host_ms=1.8997 err_el=0 err_q0=0 err_q1=0
GGML_OP_PROFILE op=mul_mat name=ffn_up-38 ne=17408x2048x1x1 type_src0=18 rows=2048 cols=5120 stream=0x578ae716eab0 total_ms=1.5421 host_ms=1.5816 err_el=0 err_q0=0 err_q1=0
GGML_OP_PROFILE op=mul_mat name=ffn_out-38 ne=5120x2048x1x1 type_src0=18 rows=2048 cols=17408 stream=0x578ae716eab0 total_ms=1.2730 host_ms=1.5490 err_el=0 err_q0=0 err_q1=0
GGML_OP_PROFILE op=mul_mat name=Qcur_full-39 ne=12288x2048x1x1 type_src0=10 rows=2048 cols=5120 stream=0x578ae716eab0 total_ms=1.3701 host_ms=1.4585 err_el=0 err_q0=0 err_q1=0
GGML_OP_PROFILE op=mul_mat name=Vcur-39 ne=1024x2048x1x1 type_src0=23 rows=2048 cols=5120 stream=0x578ae716eab0 total_ms=0.1121 host_ms=0.2068 err_el=0 err_q0=0 err_q1=0
GGML_OP_PROFILE op=mul_mat name=Kcur-39 ne=1024x2048x1x1 type_src0=18 rows=2048 cols=5120 stream=0x578ae716eab0 total_ms=0.1076 host_ms=0.1452 err_el=0 err_q0=0 err_q1=0
GGML_OP_PROFILE op=mul_mat name=attn_output-39 ne=5120x2048x1x1 type_src0=21 rows=2048 cols=6144 stream=0x578ae716eab0 total_ms=0.4526 host_ms=1.3175 err_el=0 err_q0=0 err_q1=0
GGML_OP_PROFILE op=mul_mat name=ffn_gate-39 ne=17408x2048x1x1 type_src0=10 rows=2048 cols=5120 stream=0x578ae716eab0 total_ms=2.0931 host_ms=2.1825 err_el=0 err_q0=0 err_q1=0
GGML_OP_PROFILE op=mul_mat name=ffn_up-39 ne=17408x2048x1x1 type_src0=18 rows=2048 cols=5120 stream=0x578ae716eab0 total_ms=1.2312 host_ms=1.2760 err_el=0 err_q0=0 err_q1=0
GGML_OP_PROFILE op=mul_mat name=ffn_out-39 ne=5120x2048x1x1 type_src0=18 rows=2048 cols=17408 stream=0x578ae716eab0 total_ms=1.2707 host_ms=1.5439 err_el=0 err_q0=0 err_q1=0
GGML_OP_PROFILE op=mul_mat name=node_2293 ne=10240x2048x1x1 type_src0=10 rows=2048 cols=5120 stream=0x578ae716eab0 total_ms=1.1284 host_ms=1.2127 err_el=0 err_q0=0 err_q1=0
GGML_OP_PROFILE op=mul_mat name=node_2314 ne=48x2048x1x1 type_src0=8 rows=2048 cols=5120 stream=0x578ae716eab0 total_ms=0.0676 host_ms=0.4382 err_el=0 err_q0=0 err_q1=0
GGML_OP_PROFILE op=mul_mat name=node_2320 ne=48x2048x1x1 type_src0=8 rows=2048 cols=5120 stream=0x578ae716eab0 total_ms=0.0875 host_ms=0.1141 err_el=0 err_q0=0 err_q1=0
GGML_OP_PROFILE op=mul_mat name=z-40 ne=6144x2048x1x1 type_src0=10 rows=2048 cols=5120 stream=0x578ae716eab0 total_ms=0.7322 host_ms=2.3730 err_el=0 err_q0=0 err_q1=0
GGML_OP_PROFILE op=mul_mat name=linear_attn_out-40 ne=5120x2048x1x1 type_src0=18 rows=2048 cols=6144 stream=0x578ae716eab0 total_ms=0.4409 host_ms=0.5269 err_el=0 err_q0=0 err_q1=0
GGML_OP_PROFILE op=mul_mat name=ffn_gate-40 ne=17408x2048x1x1 type_src0=10 rows=2048 cols=5120 stream=0x578ae716eab0 total_ms=1.8159 host_ms=1.8941 err_el=0 err_q0=0 err_q1=0
GGML_OP_PROFILE op=mul_mat name=ffn_up-40 ne=17408x2048x1x1 type_src0=18 rows=2048 cols=5120 stream=0x578ae716eab0 total_ms=1.1992 host_ms=1.2382 err_el=0 err_q0=0 err_q1=0
GGML_OP_PROFILE op=mul_mat name=ffn_out-40 ne=5120x2048x1x1 type_src0=18 rows=2048 cols=17408 stream=0x578ae716eab0 total_ms=1.2727 host_ms=1.5491 err_el=0 err_q0=0 err_q1=0
GGML_OP_PROFILE op=mul_mat name=node_2356 ne=10240x2048x1x1 type_src0=10 rows=2048 cols=5120 stream=0x578ae716eab0 total_ms=1.1351 host_ms=1.1897 err_el=0 err_q0=0 err_q1=0
GGML_OP_PROFILE op=mul_mat name=node_2377 ne=48x2048x1x1 type_src0=8 rows=2048 cols=5120 stream=0x578ae716eab0 total_ms=0.0676 host_ms=0.3720 err_el=0 err_q0=0 err_q1=0
GGML_OP_PROFILE op=mul_mat name=node_2383 ne=48x2048x1x1 type_src0=8 rows=2048 cols=5120 stream=0x578ae716eab0 total_ms=0.1292 host_ms=0.1789 err_el=0 err_q0=0 err_q1=0
GGML_OP_PROFILE op=mul_mat name=z-41 ne=6144x2048x1x1 type_src0=10 rows=2048 cols=5120 stream=0x578ae716eab0 total_ms=0.7322 host_ms=2.3771 err_el=0 err_q0=0 err_q1=0
GGML_OP_PROFILE op=mul_mat name=linear_attn_out-41 ne=5120x2048x1x1 type_src0=18 rows=2048 cols=6144 stream=0x578ae716eab0 total_ms=0.4456 host_ms=0.5312 err_el=0 err_q0=0 err_q1=0
GGML_OP_PROFILE op=mul_mat name=ffn_gate-41 ne=17408x2048x1x1 type_src0=18 rows=2048 cols=5120 stream=0x578ae716eab0 total_ms=1.4999 host_ms=1.5776 err_el=0 err_q0=0 err_q1=0
GGML_OP_PROFILE op=mul_mat name=ffn_up-41 ne=17408x2048x1x1 type_src0=18 rows=2048 cols=5120 stream=0x578ae716eab0 total_ms=1.2364 host_ms=1.2899 err_el=0 err_q0=0 err_q1=0
GGML_OP_PROFILE op=mul_mat name=ffn_out-41 ne=5120x2048x1x1 type_src0=18 rows=2048 cols=17408 stream=0x578ae716eab0 total_ms=1.2751 host_ms=1.5515 err_el=0 err_q0=0 err_q1=0
GGML_OP_PROFILE op=mul_mat name=node_2419 ne=10240x2048x1x1 type_src0=10 rows=2048 cols=5120 stream=0x578ae716eab0 total_ms=1.1284 host_ms=1.2141 err_el=0 err_q0=0 err_q1=0
GGML_OP_PROFILE op=mul_mat name=node_2440 ne=48x2048x1x1 type_src0=8 rows=2048 cols=5120 stream=0x578ae716eab0 total_ms=0.0696 host_ms=0.4431 err_el=0 err_q0=0 err_q1=0
GGML_OP_PROFILE op=mul_mat name=node_2446 ne=48x2048x1x1 type_src0=8 rows=2048 cols=5120 stream=0x578ae716eab0 total_ms=0.0916 host_ms=0.1124 err_el=0 err_q0=0 err_q1=0
GGML_OP_PROFILE op=mul_mat name=z-42 ne=6144x2048x1x1 type_src0=10 rows=2048 cols=5120 stream=0x578ae716eab0 total_ms=0.7342 host_ms=2.3805 err_el=0 err_q0=0 err_q1=0
GGML_OP_PROFILE op=mul_mat name=linear_attn_out-42 ne=5120x2048x1x1 type_src0=18 rows=2048 cols=6144 stream=0x578ae716eab0 total_ms=0.4433 host_ms=0.5292 err_el=0 err_q0=0 err_q1=0
GGML_OP_PROFILE op=mul_mat name=ffn_gate-42 ne=17408x2048x1x1 type_src0=10 rows=2048 cols=5120 stream=0x578ae716eab0 total_ms=1.8186 host_ms=1.9056 err_el=0 err_q0=0 err_q1=0
GGML_OP_PROFILE op=mul_mat name=ffn_up-42 ne=17408x2048x1x1 type_src0=18 rows=2048 cols=5120 stream=0x578ae716eab0 total_ms=1.2497 host_ms=1.2877 err_el=0 err_q0=0 err_q1=0
GGML_OP_PROFILE op=mul_mat name=ffn_out-42 ne=5120x2048x1x1 type_src0=10 rows=2048 cols=17408 stream=0x578ae716eab0 total_ms=2.2540 host_ms=2.5320 err_el=0 err_q0=0 err_q1=0
GGML_OP_PROFILE op=mul_mat name=Qcur_full-43 ne=12288x2048x1x1 type_src0=18 rows=2048 cols=5120 stream=0x578ae716eab0 total_ms=0.8722 host_ms=0.9644 err_el=0 err_q0=0 err_q1=0
GGML_OP_PROFILE op=mul_mat name=Vcur-43 ne=1024x2048x1x1 type_src0=23 rows=2048 cols=5120 stream=0x578ae716eab0 total_ms=0.1147 host_ms=0.2294 err_el=0 err_q0=0 err_q1=0
GGML_OP_PROFILE op=mul_mat name=Kcur-43 ne=1024x2048x1x1 type_src0=23 rows=2048 cols=5120 stream=0x578ae716eab0 total_ms=0.0975 host_ms=0.1381 err_el=0 err_q0=0 err_q1=0
GGML_OP_PROFILE op=mul_mat name=attn_output-43 ne=5120x2048x1x1 type_src0=23 rows=2048 cols=6144 stream=0x578ae716eab0 total_ms=0.4034 host_ms=1.2172 err_el=0 err_q0=0 err_q1=0
GGML_OP_PROFILE op=mul_mat name=ffn_gate-43 ne=17408x2048x1x1 type_src0=10 rows=2048 cols=5120 stream=0x578ae716eab0 total_ms=1.8206 host_ms=1.9640 err_el=0 err_q0=0 err_q1=0
GGML_OP_PROFILE op=mul_mat name=ffn_up-43 ne=17408x2048x1x1 type_src0=18 rows=2048 cols=5120 stream=0x578ae716eab0 total_ms=1.2394 host_ms=1.2781 err_el=0 err_q0=0 err_q1=0
GGML_OP_PROFILE op=mul_mat name=ffn_out-43 ne=5120x2048x1x1 type_src0=10 rows=2048 cols=17408 stream=0x578ae716eab0 total_ms=1.9560 host_ms=2.2331 err_el=0 err_q0=0 err_q1=0
GGML_OP_PROFILE op=mul_mat name=node_2521 ne=10240x2048x1x1 type_src0=10 rows=2048 cols=5120 stream=0x578ae716eab0 total_ms=1.1284 host_ms=1.2170 err_el=0 err_q0=0 err_q1=0
GGML_OP_PROFILE op=mul_mat name=node_2542 ne=48x2048x1x1 type_src0=8 rows=2048 cols=5120 stream=0x578ae716eab0 total_ms=0.0676 host_ms=0.4366 err_el=0 err_q0=0 err_q1=0
GGML_OP_PROFILE op=mul_mat name=node_2548 ne=48x2048x1x1 type_src0=8 rows=2048 cols=5120 stream=0x578ae716eab0 total_ms=0.1034 host_ms=0.1251 err_el=0 err_q0=0 err_q1=0
GGML_OP_PROFILE op=mul_mat name=z-44 ne=6144x2048x1x1 type_src0=10 rows=2048 cols=5120 stream=0x578ae716eab0 total_ms=0.7353 host_ms=2.7478 err_el=0 err_q0=0 err_q1=0
GGML_OP_PROFILE op=mul_mat name=linear_attn_out-44 ne=5120x2048x1x1 type_src0=18 rows=2048 cols=6144 stream=0x578ae716eab0 total_ms=0.4421 host_ms=0.5325 err_el=0 err_q0=0 err_q1=0
GGML_OP_PROFILE op=mul_mat name=ffn_gate-44 ne=17408x2048x1x1 type_src0=10 rows=2048 cols=5120 stream=0x578ae716eab0 total_ms=1.8207 host_ms=1.9149 err_el=0 err_q0=0 err_q1=0
GGML_OP_PROFILE op=mul_mat name=ffn_up-44 ne=17408x2048x1x1 type_src0=10 rows=2048 cols=5120 stream=0x578ae716eab0 total_ms=1.8393 host_ms=1.8808 err_el=0 err_q0=0 err_q1=0
GGML_OP_PROFILE op=mul_mat name=ffn_out-44 ne=5120x2048x1x1 type_src0=10 rows=2048 cols=17408 stream=0x578ae716eab0 total_ms=1.9496 host_ms=2.2225 err_el=0 err_q0=0 err_q1=0
GGML_OP_PROFILE op=mul_mat name=node_2584 ne=10240x2048x1x1 type_src0=18 rows=2048 cols=5120 stream=0x578ae716eab0 total_ms=0.7442 host_ms=0.8024 err_el=0 err_q0=0 err_q1=0
GGML_OP_PROFILE op=mul_mat name=node_2605 ne=48x2048x1x1 type_src0=8 rows=2048 cols=5120 stream=0x578ae716eab0 total_ms=0.0696 host_ms=0.4382 err_el=0 err_q0=0 err_q1=0
GGML_OP_PROFILE op=mul_mat name=node_2611 ne=48x2048x1x1 type_src0=8 rows=2048 cols=5120 stream=0x578ae716eab0 total_ms=0.0467 host_ms=0.0813 err_el=0 err_q0=0 err_q1=0
GGML_OP_PROFILE op=mul_mat name=z-45 ne=6144x2048x1x1 type_src0=17 rows=2048 cols=5120 stream=0x578ae716eab0 total_ms=0.6390 host_ms=2.5884 err_el=0 err_q0=0 err_q1=0
GGML_OP_PROFILE op=mul_mat name=linear_attn_out-45 ne=5120x2048x1x1 type_src0=10 rows=2048 cols=6144 stream=0x578ae716eab0 total_ms=0.6941 host_ms=0.7874 err_el=0 err_q0=0 err_q1=0
GGML_OP_PROFILE op=mul_mat name=ffn_gate-45 ne=17408x2048x1x1 type_src0=10 rows=2048 cols=5120 stream=0x578ae716eab0 total_ms=1.8118 host_ms=1.8996 err_el=0 err_q0=0 err_q1=0
GGML_OP_PROFILE op=mul_mat name=ffn_up-45 ne=17408x2048x1x1 type_src0=10 rows=2048 cols=5120 stream=0x578ae716eab0 total_ms=1.8443 host_ms=1.8815 err_el=0 err_q0=0 err_q1=0
GGML_OP_PROFILE op=mul_mat name=ffn_out-45 ne=5120x2048x1x1 type_src0=10 rows=2048 cols=17408 stream=0x578ae716eab0 total_ms=1.9518 host_ms=2.2247 err_el=0 err_q0=0 err_q1=0
GGML_OP_PROFILE op=mul_mat name=node_2647 ne=10240x2048x1x1 type_src0=18 rows=2048 cols=5120 stream=0x578ae716eab0 total_ms=0.7250 host_ms=0.8113 err_el=0 err_q0=0 err_q1=0
GGML_OP_PROFILE op=mul_mat name=node_2668 ne=48x2048x1x1 type_src0=8 rows=2048 cols=5120 stream=0x578ae716eab0 total_ms=0.0676 host_ms=0.4416 err_el=0 err_q0=0 err_q1=0
GGML_OP_PROFILE op=mul_mat name=node_2674 ne=48x2048x1x1 type_src0=8 rows=2048 cols=5120 stream=0x578ae716eab0 total_ms=0.0752 host_ms=0.0944 err_el=0 err_q0=0 err_q1=0
GGML_OP_PROFILE op=mul_mat name=z-46 ne=6144x2048x1x1 type_src0=10 rows=2048 cols=5120 stream=0x578ae716eab0 total_ms=0.7342 host_ms=2.3701 err_el=0 err_q0=0 err_q1=0
GGML_OP_PROFILE op=mul_mat name=linear_attn_out-46 ne=5120x2048x1x1 type_src0=18 rows=2048 cols=6144 stream=0x578ae716eab0 total_ms=0.4437 host_ms=0.5364 err_el=0 err_q0=0 err_q1=0
GGML_OP_PROFILE op=mul_mat name=ffn_gate-46 ne=17408x2048x1x1 type_src0=17 rows=2048 cols=5120 stream=0x578ae716eab0 total_ms=1.5767 host_ms=1.6589 err_el=0 err_q0=0 err_q1=0
GGML_OP_PROFILE op=mul_mat name=ffn_up-46 ne=17408x2048x1x1 type_src0=10 rows=2048 cols=5120 stream=0x578ae716eab0 total_ms=2.1602 host_ms=2.2007 err_el=0 err_q0=0 err_q1=0
GGML_OP_PROFILE op=mul_mat name=ffn_out-46 ne=5120x2048x1x1 type_src0=10 rows=2048 cols=17408 stream=0x578ae716eab0 total_ms=1.9475 host_ms=2.2302 err_el=0 err_q0=0 err_q1=0
GGML_OP_PROFILE op=mul_mat name=Qcur_full-47 ne=12288x2048x1x1 type_src0=10 rows=2048 cols=5120 stream=0x578ae716eab0 total_ms=1.3678 host_ms=1.4573 err_el=0 err_q0=0 err_q1=0
GGML_OP_PROFILE op=mul_mat name=Vcur-47 ne=1024x2048x1x1 type_src0=23 rows=2048 cols=5120 stream=0x578ae716eab0 total_ms=0.1141 host_ms=0.2233 err_el=0 err_q0=0 err_q1=0
GGML_OP_PROFILE op=mul_mat name=Kcur-47 ne=1024x2048x1x1 type_src0=23 rows=2048 cols=5120 stream=0x578ae716eab0 total_ms=0.0995 host_ms=0.1453 err_el=0 err_q0=0 err_q1=0
GGML_OP_PROFILE op=mul_mat name=attn_output-47 ne=5120x2048x1x1 type_src0=18 rows=2048 cols=6144 stream=0x578ae716eab0 total_ms=0.4383 host_ms=1.2531 err_el=0 err_q0=0 err_q1=0
GGML_OP_PROFILE op=mul_mat name=ffn_gate-47 ne=17408x2048x1x1 type_src0=10 rows=2048 cols=5120 stream=0x578ae716eab0 total_ms=1.8204 host_ms=1.9057 err_el=0 err_q0=0 err_q1=0
GGML_OP_PROFILE op=mul_mat name=ffn_up-47 ne=17408x2048x1x1 type_src0=10 rows=2048 cols=5120 stream=0x578ae716eab0 total_ms=1.8408 host_ms=1.8809 err_el=0 err_q0=0 err_q1=0
GGML_OP_PROFILE op=mul_mat name=ffn_out-47 ne=5120x2048x1x1 type_src0=10 rows=2048 cols=17408 stream=0x578ae716eab0 total_ms=1.9499 host_ms=2.2215 err_el=0 err_q0=0 err_q1=0
GGML_OP_PROFILE op=mul_mat name=node_2749 ne=10240x2048x1x1 type_src0=18 rows=2048 cols=5120 stream=0x578ae716eab0 total_ms=0.7250 host_ms=0.8068 err_el=0 err_q0=0 err_q1=0
GGML_OP_PROFILE op=mul_mat name=node_2770 ne=48x2048x1x1 type_src0=8 rows=2048 cols=5120 stream=0x578ae716eab0 total_ms=0.0676 host_ms=0.6719 err_el=0 err_q0=0 err_q1=0
GGML_OP_PROFILE op=mul_mat name=node_2776 ne=48x2048x1x1 type_src0=8 rows=2048 cols=5120 stream=0x578ae716eab0 total_ms=0.0633 host_ms=0.0838 err_el=0 err_q0=0 err_q1=0
GGML_OP_PROFILE op=mul_mat name=z-48 ne=6144x2048x1x1 type_src0=17 rows=2048 cols=5120 stream=0x578ae716eab0 total_ms=0.6380 host_ms=2.2802 err_el=0 err_q0=0 err_q1=0
GGML_OP_PROFILE op=mul_mat name=linear_attn_out-48 ne=5120x2048x1x1 type_src0=18 rows=2048 cols=6144 stream=0x578ae716eab0 total_ms=0.4453 host_ms=0.5252 err_el=0 err_q0=0 err_q1=0
GGML_OP_PROFILE op=mul_mat name=ffn_gate-48 ne=17408x2048x1x1 type_src0=10 rows=2048 cols=5120 stream=0x578ae716eab0 total_ms=1.8200 host_ms=1.9062 err_el=0 err_q0=0 err_q1=0
GGML_OP_PROFILE op=mul_mat name=ffn_up-48 ne=17408x2048x1x1 type_src0=10 rows=2048 cols=5120 stream=0x578ae716eab0 total_ms=1.8401 host_ms=1.8811 err_el=0 err_q0=0 err_q1=0
GGML_OP_PROFILE op=mul_mat name=ffn_out-48 ne=5120x2048x1x1 type_src0=10 rows=2048 cols=17408 stream=0x578ae716eab0 total_ms=1.9516 host_ms=2.2262 err_el=0 err_q0=0 err_q1=0
GGML_OP_PROFILE op=mul_mat name=node_2812 ne=10240x2048x1x1 type_src0=18 rows=2048 cols=5120 stream=0x578ae716eab0 total_ms=0.7268 host_ms=0.8138 err_el=0 err_q0=0 err_q1=0
GGML_OP_PROFILE op=mul_mat name=node_2833 ne=48x2048x1x1 type_src0=8 rows=2048 cols=5120 stream=0x578ae716eab0 total_ms=0.0696 host_ms=0.4393 err_el=0 err_q0=0 err_q1=0
GGML_OP_PROFILE op=mul_mat name=node_2839 ne=48x2048x1x1 type_src0=8 rows=2048 cols=5120 stream=0x578ae716eab0 total_ms=0.0468 host_ms=0.0730 err_el=0 err_q0=0 err_q1=0
GGML_OP_PROFILE op=mul_mat name=z-49 ne=6144x2048x1x1 type_src0=22 rows=2048 cols=5120 stream=0x578ae716eab0 total_ms=0.6308 host_ms=2.6364 err_el=0 err_q0=0 err_q1=0
GGML_OP_PROFILE op=mul_mat name=linear_attn_out-49 ne=5120x2048x1x1 type_src0=18 rows=2048 cols=6144 stream=0x578ae716eab0 total_ms=0.4433 host_ms=0.5304 err_el=0 err_q0=0 err_q1=0
GGML_OP_PROFILE op=mul_mat name=ffn_gate-49 ne=17408x2048x1x1 type_src0=10 rows=2048 cols=5120 stream=0x578ae716eab0 total_ms=1.8180 host_ms=1.8972 err_el=0 err_q0=0 err_q1=0
GGML_OP_PROFILE op=mul_mat name=ffn_up-49 ne=17408x2048x1x1 type_src0=18 rows=2048 cols=5120 stream=0x578ae716eab0 total_ms=1.1961 host_ms=1.2346 err_el=0 err_q0=0 err_q1=0
GGML_OP_PROFILE op=mul_mat name=ffn_out-49 ne=5120x2048x1x1 type_src0=18 rows=2048 cols=17408 stream=0x578ae716eab0 total_ms=1.2685 host_ms=1.5514 err_el=0 err_q0=0 err_q1=0
GGML_OP_PROFILE op=mul_mat name=node_2875 ne=10240x2048x1x1 type_src0=10 rows=2048 cols=5120 stream=0x578ae716eab0 total_ms=1.1318 host_ms=1.2059 err_el=0 err_q0=0 err_q1=0
GGML_OP_PROFILE op=mul_mat name=node_2896 ne=48x2048x1x1 type_src0=8 rows=2048 cols=5120 stream=0x578ae716eab0 total_ms=0.0696 host_ms=0.4379 err_el=0 err_q0=0 err_q1=0
GGML_OP_PROFILE op=mul_mat name=node_2902 ne=48x2048x1x1 type_src0=8 rows=2048 cols=5120 stream=0x578ae716eab0 total_ms=0.0842 host_ms=0.1026 err_el=0 err_q0=0 err_q1=0
GGML_OP_PROFILE op=mul_mat name=z-50 ne=6144x2048x1x1 type_src0=10 rows=2048 cols=5120 stream=0x578ae716eab0 total_ms=0.7342 host_ms=2.3733 err_el=0 err_q0=0 err_q1=0
GGML_OP_PROFILE op=mul_mat name=linear_attn_out-50 ne=5120x2048x1x1 type_src0=21 rows=2048 cols=6144 stream=0x578ae716eab0 total_ms=0.4555 host_ms=0.5394 err_el=0 err_q0=0 err_q1=0
GGML_OP_PROFILE op=mul_mat name=ffn_gate-50 ne=17408x2048x1x1 type_src0=10 rows=2048 cols=5120 stream=0x578ae716eab0 total_ms=2.1145 host_ms=2.2038 err_el=0 err_q0=0 err_q1=0
GGML_OP_PROFILE op=mul_mat name=ffn_up-50 ne=17408x2048x1x1 type_src0=10 rows=2048 cols=5120 stream=0x578ae716eab0 total_ms=1.8382 host_ms=1.8855 err_el=0 err_q0=0 err_q1=0
GGML_OP_PROFILE op=mul_mat name=ffn_out-50 ne=5120x2048x1x1 type_src0=18 rows=2048 cols=17408 stream=0x578ae716eab0 total_ms=1.2707 host_ms=1.5418 err_el=0 err_q0=0 err_q1=0
GGML_OP_PROFILE op=mul_mat name=Qcur_full-51 ne=12288x2048x1x1 type_src0=18 rows=2048 cols=5120 stream=0x578ae716eab0 total_ms=0.8724 host_ms=1.0238 err_el=0 err_q0=0 err_q1=0
GGML_OP_PROFILE op=mul_mat name=Vcur-51 ne=1024x2048x1x1 type_src0=12 rows=2048 cols=5120 stream=0x578ae716eab0 total_ms=0.1209 host_ms=0.2456 err_el=0 err_q0=0 err_q1=0
GGML_OP_PROFILE op=mul_mat name=Kcur-51 ne=1024x2048x1x1 type_src0=23 rows=2048 cols=5120 stream=0x578ae716eab0 total_ms=0.1438 host_ms=0.1840 err_el=0 err_q0=0 err_q1=0
GGML_OP_PROFILE op=mul_mat name=attn_output-51 ne=5120x2048x1x1 type_src0=21 rows=2048 cols=6144 stream=0x578ae716eab0 total_ms=0.4546 host_ms=1.3120 err_el=0 err_q0=0 err_q1=0
GGML_OP_PROFILE op=mul_mat name=ffn_gate-51 ne=17408x2048x1x1 type_src0=10 rows=2048 cols=5120 stream=0x578ae716eab0 total_ms=1.8180 host_ms=1.8985 err_el=0 err_q0=0 err_q1=0
GGML_OP_PROFILE op=mul_mat name=ffn_up-51 ne=17408x2048x1x1 type_src0=18 rows=2048 cols=5120 stream=0x578ae716eab0 total_ms=1.2316 host_ms=1.2730 err_el=0 err_q0=0 err_q1=0
GGML_OP_PROFILE op=mul_mat name=ffn_out-51 ne=5120x2048x1x1 type_src0=18 rows=2048 cols=17408 stream=0x578ae716eab0 total_ms=1.2706 host_ms=1.5459 err_el=0 err_q0=0 err_q1=0
GGML_OP_PROFILE op=mul_mat name=node_2977 ne=10240x2048x1x1 type_src0=10 rows=2048 cols=5120 stream=0x578ae716eab0 total_ms=1.3926 host_ms=1.4889 err_el=0 err_q0=0 err_q1=0
GGML_OP_PROFILE op=mul_mat name=node_2998 ne=48x2048x1x1 type_src0=8 rows=2048 cols=5120 stream=0x578ae716eab0 total_ms=0.0676 host_ms=0.4371 err_el=0 err_q0=0 err_q1=0
GGML_OP_PROFILE op=mul_mat name=node_3004 ne=48x2048x1x1 type_src0=8 rows=2048 cols=5120 stream=0x578ae716eab0 total_ms=0.1048 host_ms=0.1311 err_el=0 err_q0=0 err_q1=0
GGML_OP_PROFILE op=mul_mat name=z-52 ne=6144x2048x1x1 type_src0=10 rows=2048 cols=5120 stream=0x578ae716eab0 total_ms=0.7321 host_ms=2.3620 err_el=0 err_q0=0 err_q1=0
GGML_OP_PROFILE op=mul_mat name=linear_attn_out-52 ne=5120x2048x1x1 type_src0=21 rows=2048 cols=6144 stream=0x578ae716eab0 total_ms=0.4576 host_ms=0.5376 err_el=0 err_q0=0 err_q1=0
GGML_OP_PROFILE op=mul_mat name=ffn_gate-52 ne=17408x2048x1x1 type_src0=10 rows=2048 cols=5120 stream=0x578ae716eab0 total_ms=1.8184 host_ms=1.9052 err_el=0 err_q0=0 err_q1=0
GGML_OP_PROFILE op=mul_mat name=ffn_up-52 ne=17408x2048x1x1 type_src0=18 rows=2048 cols=5120 stream=0x578ae716eab0 total_ms=1.1981 host_ms=1.2357 err_el=0 err_q0=0 err_q1=0
GGML_OP_PROFILE op=mul_mat name=ffn_out-52 ne=5120x2048x1x1 type_src0=18 rows=2048 cols=17408 stream=0x578ae716eab0 total_ms=1.2730 host_ms=1.5494 err_el=0 err_q0=0 err_q1=0
GGML_OP_PROFILE op=mul_mat name=node_3040 ne=10240x2048x1x1 type_src0=10 rows=2048 cols=5120 stream=0x578ae716eab0 total_ms=1.1281 host_ms=1.2056 err_el=0 err_q0=0 err_q1=0
GGML_OP_PROFILE op=mul_mat name=node_3061 ne=48x2048x1x1 type_src0=8 rows=2048 cols=5120 stream=0x578ae716eab0 total_ms=0.0676 host_ms=0.4387 err_el=0 err_q0=0 err_q1=0
GGML_OP_PROFILE op=mul_mat name=node_3067 ne=48x2048x1x1 type_src0=8 rows=2048 cols=5120 stream=0x578ae716eab0 total_ms=0.0700 host_ms=0.0966 err_el=0 err_q0=0 err_q1=0
GGML_OP_PROFILE op=mul_mat name=z-53 ne=6144x2048x1x1 type_src0=10 rows=2048 cols=5120 stream=0x578ae716eab0 total_ms=1.0240 host_ms=2.6754 err_el=0 err_q0=0 err_q1=0
GGML_OP_PROFILE op=mul_mat name=linear_attn_out-53 ne=5120x2048x1x1 type_src0=21 rows=2048 cols=6144 stream=0x578ae716eab0 total_ms=0.4580 host_ms=0.5495 err_el=0 err_q0=0 err_q1=0
GGML_OP_PROFILE op=mul_mat name=ffn_gate-53 ne=17408x2048x1x1 type_src0=10 rows=2048 cols=5120 stream=0x578ae716eab0 total_ms=1.8163 host_ms=1.9096 err_el=0 err_q0=0 err_q1=0
GGML_OP_PROFILE op=mul_mat name=ffn_up-53 ne=17408x2048x1x1 type_src0=18 rows=2048 cols=5120 stream=0x578ae716eab0 total_ms=1.2391 host_ms=1.2771 err_el=0 err_q0=0 err_q1=0
GGML_OP_PROFILE op=mul_mat name=ffn_out-53 ne=5120x2048x1x1 type_src0=18 rows=2048 cols=17408 stream=0x578ae716eab0 total_ms=1.2688 host_ms=1.5410 err_el=0 err_q0=0 err_q1=0
GGML_OP_PROFILE op=mul_mat name=node_3103 ne=10240x2048x1x1 type_src0=10 rows=2048 cols=5120 stream=0x578ae716eab0 total_ms=1.1305 host_ms=1.2194 err_el=0 err_q0=0 err_q1=0
GGML_OP_PROFILE op=mul_mat name=node_3124 ne=48x2048x1x1 type_src0=8 rows=2048 cols=5120 stream=0x578ae716eab0 total_ms=0.0696 host_ms=0.3817 err_el=0 err_q0=0 err_q1=0
GGML_OP_PROFILE op=mul_mat name=node_3130 ne=48x2048x1x1 type_src0=8 rows=2048 cols=5120 stream=0x578ae716eab0 total_ms=0.0604 host_ms=0.0812 err_el=0 err_q0=0 err_q1=0
GGML_OP_PROFILE op=mul_mat name=z-54 ne=6144x2048x1x1 type_src0=10 rows=2048 cols=5120 stream=0x578ae716eab0 total_ms=0.7322 host_ms=2.3668 err_el=0 err_q0=0 err_q1=0
GGML_OP_PROFILE op=mul_mat name=linear_attn_out-54 ne=5120x2048x1x1 type_src0=18 rows=2048 cols=6144 stream=0x578ae716eab0 total_ms=0.4434 host_ms=0.5365 err_el=0 err_q0=0 err_q1=0
GGML_OP_PROFILE op=mul_mat name=ffn_gate-54 ne=17408x2048x1x1 type_src0=18 rows=2048 cols=5120 stream=0x578ae716eab0 total_ms=1.1687 host_ms=1.2535 err_el=0 err_q0=0 err_q1=0
GGML_OP_PROFILE op=mul_mat name=ffn_up-54 ne=17408x2048x1x1 type_src0=18 rows=2048 cols=5120 stream=0x578ae716eab0 total_ms=1.4796 host_ms=1.5204 err_el=0 err_q0=0 err_q1=0
GGML_OP_PROFILE op=mul_mat name=ffn_out-54 ne=5120x2048x1x1 type_src0=21 rows=2048 cols=17408 stream=0x578ae716eab0 total_ms=1.3072 host_ms=1.5633 err_el=0 err_q0=0 err_q1=0
GGML_OP_PROFILE op=mul_mat name=Qcur_full-55 ne=12288x2048x1x1 type_src0=10 rows=2048 cols=5120 stream=0x578ae716eab0 total_ms=1.4618 host_ms=1.5238 err_el=0 err_q0=0 err_q1=0
GGML_OP_PROFILE op=mul_mat name=Vcur-55 ne=1024x2048x1x1 type_src0=23 rows=2048 cols=5120 stream=0x578ae716eab0 total_ms=0.1257 host_ms=0.2335 err_el=0 err_q0=0 err_q1=0
GGML_OP_PROFILE op=mul_mat name=Kcur-55 ne=1024x2048x1x1 type_src0=23 rows=2048 cols=5120 stream=0x578ae716eab0 total_ms=0.1158 host_ms=0.1570 err_el=0 err_q0=0 err_q1=0
GGML_OP_PROFILE op=mul_mat name=attn_output-55 ne=5120x2048x1x1 type_src0=21 rows=2048 cols=6144 stream=0x578ae716eab0 total_ms=0.4505 host_ms=1.3722 err_el=0 err_q0=0 err_q1=0
GGML_OP_PROFILE op=mul_mat name=ffn_gate-55 ne=17408x2048x1x1 type_src0=10 rows=2048 cols=5120 stream=0x578ae716eab0 total_ms=2.4245 host_ms=2.4739 err_el=0 err_q0=0 err_q1=0
GGML_OP_PROFILE op=mul_mat name=ffn_up-55 ne=17408x2048x1x1 type_src0=18 rows=2048 cols=5120 stream=0x578ae716eab0 total_ms=1.2381 host_ms=1.2844 err_el=0 err_q0=0 err_q1=0
GGML_OP_PROFILE op=mul_mat name=ffn_out-55 ne=5120x2048x1x1 type_src0=21 rows=2048 cols=17408 stream=0x578ae716eab0 total_ms=1.3073 host_ms=1.5814 err_el=0 err_q0=0 err_q1=0
GGML_OP_PROFILE op=mul_mat name=node_3205 ne=10240x2048x1x1 type_src0=21 rows=2048 cols=5120 stream=0x578ae716eab0 total_ms=0.7516 host_ms=0.8425 err_el=0 err_q0=0 err_q1=0
GGML_OP_PROFILE op=mul_mat name=node_3226 ne=48x2048x1x1 type_src0=8 rows=2048 cols=5120 stream=0x578ae716eab0 total_ms=0.0676 host_ms=0.5198 err_el=0 err_q0=0 err_q1=0
GGML_OP_PROFILE op=mul_mat name=node_3232 ne=48x2048x1x1 type_src0=8 rows=2048 cols=5120 stream=0x578ae716eab0 total_ms=0.0493 host_ms=0.0747 err_el=0 err_q0=0 err_q1=0
GGML_OP_PROFILE op=mul_mat name=z-56 ne=6144x2048x1x1 type_src0=21 rows=2048 cols=5120 stream=0x578ae716eab0 total_ms=0.4925 host_ms=2.1372 err_el=0 err_q0=0 err_q1=0
GGML_OP_PROFILE op=mul_mat name=linear_attn_out-56 ne=5120x2048x1x1 type_src0=23 rows=2048 cols=6144 stream=0x578ae716eab0 total_ms=0.4065 host_ms=0.4862 err_el=0 err_q0=0 err_q1=0
GGML_OP_PROFILE op=mul_mat name=ffn_gate-56 ne=17408x2048x1x1 type_src0=21 rows=2048 cols=5120 stream=0x578ae716eab0 total_ms=1.2100 host_ms=1.3003 err_el=0 err_q0=0 err_q1=0
GGML_OP_PROFILE op=mul_mat name=ffn_up-56 ne=17408x2048x1x1 type_src0=23 rows=2048 cols=5120 stream=0x578ae716eab0 total_ms=1.1052 host_ms=1.1465 err_el=0 err_q0=0 err_q1=0
GGML_OP_PROFILE op=mul_mat name=ffn_out-56 ne=5120x2048x1x1 type_src0=23 rows=2048 cols=17408 stream=0x578ae716eab0 total_ms=1.1697 host_ms=1.4446 err_el=0 err_q0=0 err_q1=0
GGML_OP_PROFILE op=mul_mat name=node_3268 ne=10240x2048x1x1 type_src0=18 rows=2048 cols=5120 stream=0x578ae716eab0 total_ms=0.7209 host_ms=0.8118 err_el=0 err_q0=0 err_q1=0
GGML_OP_PROFILE op=mul_mat name=node_3289 ne=48x2048x1x1 type_src0=8 rows=2048 cols=5120 stream=0x578ae716eab0 total_ms=0.0679 host_ms=0.2975 err_el=0 err_q0=0 err_q1=0
GGML_OP_PROFILE op=mul_mat name=node_3295 ne=48x2048x1x1 type_src0=8 rows=2048 cols=5120 stream=0x578ae716eab0 total_ms=0.0632 host_ms=0.0854 err_el=0 err_q0=0 err_q1=0
GGML_OP_PROFILE op=mul_mat name=z-57 ne=6144x2048x1x1 type_src0=21 rows=2048 cols=5120 stream=0x578ae716eab0 total_ms=0.4925 host_ms=2.1338 err_el=0 err_q0=0 err_q1=0
GGML_OP_PROFILE op=mul_mat name=linear_attn_out-57 ne=5120x2048x1x1 type_src0=23 rows=2048 cols=6144 stream=0x578ae716eab0 total_ms=0.4067 host_ms=0.4898 err_el=0 err_q0=0 err_q1=0
GGML_OP_PROFILE op=mul_mat name=ffn_gate-57 ne=17408x2048x1x1 type_src0=23 rows=2048 cols=5120 stream=0x578ae716eab0 total_ms=1.0765 host_ms=1.2110 err_el=0 err_q0=0 err_q1=0
GGML_OP_PROFILE op=mul_mat name=ffn_up-57 ne=17408x2048x1x1 type_src0=23 rows=2048 cols=5120 stream=0x578ae716eab0 total_ms=1.1532 host_ms=1.1943 err_el=0 err_q0=0 err_q1=0
GGML_OP_PROFILE op=mul_mat name=ffn_out-57 ne=5120x2048x1x1 type_src0=23 rows=2048 cols=17408 stream=0x578ae716eab0 total_ms=1.1722 host_ms=1.4455 err_el=0 err_q0=0 err_q1=0
GGML_OP_PROFILE op=mul_mat name=node_3331 ne=10240x2048x1x1 type_src0=21 rows=2048 cols=5120 stream=0x578ae716eab0 total_ms=0.7534 host_ms=0.8344 err_el=0 err_q0=0 err_q1=0
GGML_OP_PROFILE op=mul_mat name=node_3352 ne=48x2048x1x1 type_src0=8 rows=2048 cols=5120 stream=0x578ae716eab0 total_ms=0.0696 host_ms=0.4379 err_el=0 err_q0=0 err_q1=0
GGML_OP_PROFILE op=mul_mat name=node_3358 ne=48x2048x1x1 type_src0=8 rows=2048 cols=5120 stream=0x578ae716eab0 total_ms=0.0679 host_ms=0.0882 err_el=0 err_q0=0 err_q1=0
GGML_OP_PROFILE op=mul_mat name=z-58 ne=6144x2048x1x1 type_src0=21 rows=2048 cols=5120 stream=0x578ae716eab0 total_ms=0.4923 host_ms=2.1298 err_el=0 err_q0=0 err_q1=0
GGML_OP_PROFILE op=mul_mat name=linear_attn_out-58 ne=5120x2048x1x1 type_src0=23 rows=2048 cols=6144 stream=0x578ae716eab0 total_ms=0.4085 host_ms=0.4861 err_el=0 err_q0=0 err_q1=0
GGML_OP_PROFILE op=mul_mat name=ffn_gate-58 ne=17408x2048x1x1 type_src0=23 rows=2048 cols=5120 stream=0x578ae716eab0 total_ms=1.0766 host_ms=1.1568 err_el=0 err_q0=0 err_q1=0
GGML_OP_PROFILE op=mul_mat name=ffn_up-58 ne=17408x2048x1x1 type_src0=23 rows=2048 cols=5120 stream=0x578ae716eab0 total_ms=1.1065 host_ms=1.1547 err_el=0 err_q0=0 err_q1=0
GGML_OP_PROFILE op=mul_mat name=ffn_out-58 ne=5120x2048x1x1 type_src0=23 rows=2048 cols=17408 stream=0x578ae716eab0 total_ms=1.1685 host_ms=1.4425 err_el=0 err_q0=0 err_q1=0
GGML_OP_PROFILE op=mul_mat name=Qcur_full-59 ne=12288x2048x1x1 type_src0=18 rows=2048 cols=5120 stream=0x578ae716eab0 total_ms=1.1530 host_ms=1.2540 err_el=0 err_q0=0 err_q1=0
GGML_OP_PROFILE op=mul_mat name=Vcur-59 ne=1024x2048x1x1 type_src0=13 rows=2048 cols=5120 stream=0x578ae716eab0 total_ms=12.4564 host_ms=12.5701 err_el=0 err_q0=0 err_q1=0
GGML_OP_PROFILE op=mul_mat name=Kcur-59 ne=1024x2048x1x1 type_src0=12 rows=2048 cols=5120 stream=0x578ae716eab0 total_ms=0.1660 host_ms=0.2131 err_el=0 err_q0=0 err_q1=0
GGML_OP_PROFILE op=mul_mat name=attn_output-59 ne=5120x2048x1x1 type_src0=23 rows=2048 cols=6144 stream=0x578ae716eab0 total_ms=0.4014 host_ms=1.2445 err_el=0 err_q0=0 err_q1=0
GGML_OP_PROFILE op=mul_mat name=ffn_gate-59 ne=17408x2048x1x1 type_src0=23 rows=2048 cols=5120 stream=0x578ae716eab0 total_ms=1.0746 host_ms=1.1524 err_el=0 err_q0=0 err_q1=0
GGML_OP_PROFILE op=mul_mat name=ffn_up-59 ne=17408x2048x1x1 type_src0=23 rows=2048 cols=5120 stream=0x578ae716eab0 total_ms=1.1537 host_ms=1.1913 err_el=0 err_q0=0 err_q1=0
GGML_OP_PROFILE op=mul_mat name=ffn_out-59 ne=5120x2048x1x1 type_src0=23 rows=2048 cols=17408 stream=0x578ae716eab0 total_ms=1.1703 host_ms=1.4484 err_el=0 err_q0=0 err_q1=0
GGML_OP_PROFILE op=mul_mat name=node_3433 ne=10240x2048x1x1 type_src0=21 rows=2048 cols=5120 stream=0x578ae716eab0 total_ms=0.8148 host_ms=0.8987 err_el=0 err_q0=0 err_q1=0
GGML_OP_PROFILE op=mul_mat name=node_3454 ne=48x2048x1x1 type_src0=8 rows=2048 cols=5120 stream=0x578ae716eab0 total_ms=0.0676 host_ms=0.4396 err_el=0 err_q0=0 err_q1=0
GGML_OP_PROFILE op=mul_mat name=node_3460 ne=48x2048x1x1 type_src0=8 rows=2048 cols=5120 stream=0x578ae716eab0 total_ms=0.1170 host_ms=0.1396 err_el=0 err_q0=0 err_q1=0
GGML_OP_PROFILE op=mul_mat name=z-60 ne=6144x2048x1x1 type_src0=21 rows=2048 cols=5120 stream=0x578ae716eab0 total_ms=0.4905 host_ms=2.1256 err_el=0 err_q0=0 err_q1=0
GGML_OP_PROFILE op=mul_mat name=linear_attn_out-60 ne=5120x2048x1x1 type_src0=23 rows=2048 cols=6144 stream=0x578ae716eab0 total_ms=0.4062 host_ms=0.4963 err_el=0 err_q0=0 err_q1=0
GGML_OP_PROFILE op=mul_mat name=ffn_gate-60 ne=17408x2048x1x1 type_src0=23 rows=2048 cols=5120 stream=0x578ae716eab0 total_ms=1.0726 host_ms=1.1526 err_el=0 err_q0=0 err_q1=0
GGML_OP_PROFILE op=mul_mat name=ffn_up-60 ne=17408x2048x1x1 type_src0=23 rows=2048 cols=5120 stream=0x578ae716eab0 total_ms=1.1492 host_ms=1.1875 err_el=0 err_q0=0 err_q1=0
GGML_OP_PROFILE op=mul_mat name=ffn_out-60 ne=5120x2048x1x1 type_src0=23 rows=2048 cols=17408 stream=0x578ae716eab0 total_ms=1.1600 host_ms=1.4310 err_el=0 err_q0=0 err_q1=0
GGML_OP_PROFILE op=mul_mat name=node_3496 ne=10240x2048x1x1 type_src0=21 rows=2048 cols=5120 stream=0x578ae716eab0 total_ms=0.7434 host_ms=0.9046 err_el=0 err_q0=0 err_q1=0
GGML_OP_PROFILE op=mul_mat name=node_3517 ne=48x2048x1x1 type_src0=8 rows=2048 cols=5120 stream=0x578ae716eab0 total_ms=0.0676 host_ms=0.4353 err_el=0 err_q0=0 err_q1=0
GGML_OP_PROFILE op=mul_mat name=node_3523 ne=48x2048x1x1 type_src0=8 rows=2048 cols=5120 stream=0x578ae716eab0 total_ms=0.0952 host_ms=0.1158 err_el=0 err_q0=0 err_q1=0
GGML_OP_PROFILE op=mul_mat name=z-61 ne=6144x2048x1x1 type_src0=21 rows=2048 cols=5120 stream=0x578ae716eab0 total_ms=0.4884 host_ms=2.1092 err_el=0 err_q0=0 err_q1=0
GGML_OP_PROFILE op=mul_mat name=linear_attn_out-61 ne=5120x2048x1x1 type_src0=21 rows=2048 cols=6144 stream=0x578ae716eab0 total_ms=0.4514 host_ms=0.5336 err_el=0 err_q0=0 err_q1=0
GGML_OP_PROFILE op=mul_mat name=ffn_gate-61 ne=17408x2048x1x1 type_src0=23 rows=2048 cols=5120 stream=0x578ae716eab0 total_ms=1.0650 host_ms=1.1537 err_el=0 err_q0=0 err_q1=0
GGML_OP_PROFILE op=mul_mat name=ffn_up-61 ne=17408x2048x1x1 type_src0=23 rows=2048 cols=5120 stream=0x578ae716eab0 total_ms=1.1333 host_ms=1.1725 err_el=0 err_q0=0 err_q1=0
GGML_OP_PROFILE op=mul_mat name=ffn_out-61 ne=5120x2048x1x1 type_src0=23 rows=2048 cols=17408 stream=0x578ae716eab0 total_ms=1.1601 host_ms=1.4390 err_el=0 err_q0=0 err_q1=0
GGML_OP_PROFILE op=mul_mat name=node_3559 ne=10240x2048x1x1 type_src0=21 rows=2048 cols=5120 stream=0x578ae716eab0 total_ms=0.7452 host_ms=0.8280 err_el=0 err_q0=0 err_q1=0
GGML_OP_PROFILE op=mul_mat name=node_3580 ne=48x2048x1x1 type_src0=8 rows=2048 cols=5120 stream=0x578ae716eab0 total_ms=0.0676 host_ms=0.4441 err_el=0 err_q0=0 err_q1=0
GGML_OP_PROFILE op=mul_mat name=node_3586 ne=48x2048x1x1 type_src0=8 rows=2048 cols=5120 stream=0x578ae716eab0 total_ms=0.1013 host_ms=0.1226 err_el=0 err_q0=0 err_q1=0
GGML_OP_PROFILE op=mul_mat name=z-62 ne=6144x2048x1x1 type_src0=18 rows=2048 cols=5120 stream=0x578ae716eab0 total_ms=0.4721 host_ms=2.1018 err_el=0 err_q0=0 err_q1=0
GGML_OP_PROFILE op=mul_mat name=linear_attn_out-62 ne=5120x2048x1x1 type_src0=23 rows=2048 cols=6144 stream=0x578ae716eab0 total_ms=0.4043 host_ms=0.4808 err_el=0 err_q0=0 err_q1=0
GGML_OP_PROFILE op=mul_mat name=ffn_gate-62 ne=17408x2048x1x1 type_src0=23 rows=2048 cols=5120 stream=0x578ae716eab0 total_ms=1.0641 host_ms=1.1566 err_el=0 err_q0=0 err_q1=0
GGML_OP_PROFILE op=mul_mat name=ffn_up-62 ne=17408x2048x1x1 type_src0=23 rows=2048 cols=5120 stream=0x578ae716eab0 total_ms=1.0968 host_ms=1.1351 err_el=0 err_q0=0 err_q1=0
GGML_OP_PROFILE op=mul_mat name=ffn_out-62 ne=5120x2048x1x1 type_src0=21 rows=2048 cols=17408 stream=0x578ae716eab0 total_ms=1.2894 host_ms=1.5634 err_el=0 err_q0=0 err_q1=0
GGML_OP_PROFILE op=mul_mat name=Qcur_full-63 ne=12288x2048x1x1 type_src0=23 rows=2048 cols=5120 stream=0x578ae716eab0 total_ms=0.8067 host_ms=0.8965 err_el=0 err_q0=0 err_q1=0
GGML_OP_PROFILE op=mul_mat name=Vcur-63 ne=1024x2048x1x1 type_src0=13 rows=2048 cols=5120 stream=0x578ae716eab0 total_ms=0.1249 host_ms=0.2436 err_el=0 err_q0=0 err_q1=0
GGML_OP_PROFILE op=mul_mat name=Kcur-63 ne=1024x2048x1x1 type_src0=12 rows=2048 cols=5120 stream=0x578ae716eab0 total_ms=0.2561 host_ms=0.2967 err_el=0 err_q0=0 err_q1=0
GGML_OP_PROFILE op=mul_mat name=attn_output-63 ne=5120x2048x1x1 type_src0=23 rows=2048 cols=6144 stream=0x578ae716eab0 total_ms=0.3993 host_ms=1.2785 err_el=0 err_q0=0 err_q1=0
GGML_OP_PROFILE op=mul_mat name=ffn_gate-63 ne=17408x2048x1x1 type_src0=23 rows=2048 cols=5120 stream=0x578ae716eab0 total_ms=1.0666 host_ms=1.1682 err_el=0 err_q0=0 err_q1=0
GGML_OP_PROFILE op=mul_mat name=ffn_up-63 ne=17408x2048x1x1 type_src0=12 rows=2048 cols=5120 stream=0x578ae716eab0 total_ms=1.2595 host_ms=1.2984 err_el=0 err_q0=0 err_q1=0
GGML_OP_PROFILE op=mul_mat name=ffn_out-63 ne=5120x2048x1x1 type_src0=12 rows=2048 cols=17408 stream=0x578ae716eab0 total_ms=1.2912 host_ms=1.5641 err_el=0 err_q0=0 err_q1=0
GGML_OP_PROFILE op=mul_mat name=result_output ne=248320x1x1x1 type_src0=12 rows=1 cols=5120 stream=0x578ae716eab0 total_ms=24.4283 host_ms=24.5515 err_el=0 err_q0=0 err_q1=0
GGML_OP_PROFILE op=mul_mat name=node_13 ne=10240x2048x1x1 type_src0=18 rows=2048 cols=5120 stream=0x578ae716eab0 total_ms=0.7063 host_ms=0.8056 err_el=0 err_q0=0 err_q1=0
GGML_OP_PROFILE op=mul_mat name=node_34 ne=48x2048x1x1 type_src0=8 rows=2048 cols=5120 stream=0x578ae716eab0 total_ms=0.0676 host_ms=0.4251 err_el=0 err_q0=0 err_q1=0
GGML_OP_PROFILE op=mul_mat name=node_40 ne=48x2048x1x1 type_src0=8 rows=2048 cols=5120 stream=0x578ae716eab0 total_ms=0.0500 host_ms=0.0757 err_el=0 err_q0=0 err_q1=0
GGML_OP_PROFILE op=mul_mat name=z-0 ne=6144x2048x1x1 type_src0=18 rows=2048 cols=5120 stream=0x578ae716eab0 total_ms=0.4608 host_ms=2.0696 err_el=0 err_q0=0 err_q1=0
GGML_OP_PROFILE op=mul_mat name=linear_attn_out-0 ne=5120x2048x1x1 type_src0=21 rows=2048 cols=6144 stream=0x578ae716eab0 total_ms=0.6576 host_ms=0.7454 err_el=0 err_q0=0 err_q1=0
GGML_OP_PROFILE op=mul_mat name=ffn_gate-0 ne=17408x2048x1x1 type_src0=19 rows=2048 cols=5120 stream=0x578ae716eab0 total_ms=1.1899 host_ms=1.3658 err_el=0 err_q0=0 err_q1=0
GGML_OP_PROFILE op=mul_mat name=ffn_up-0 ne=17408x2048x1x1 type_src0=19 rows=2048 cols=5120 stream=0x578ae716eab0 total_ms=1.2912 host_ms=1.3706 err_el=0 err_q0=0 err_q1=0
GGML_OP_PROFILE op=mul_mat name=ffn_out-0 ne=5120x2048x1x1 type_src0=29 rows=2048 cols=17408 stream=0x578ae716eab0 total_ms=1.3673 host_ms=1.6441 err_el=0 err_q0=0 err_q1=0
GGML_OP_PROFILE op=mul_mat name=node_76 ne=10240x2048x1x1 type_src0=16 rows=2048 cols=5120 stream=0x578ae716eab0 total_ms=0.7552 host_ms=0.7901 err_el=0 err_q0=0 err_q1=0
GGML_OP_PROFILE op=mul_mat name=node_97 ne=48x2048x1x1 type_src0=8 rows=2048 cols=5120 stream=0x578ae716eab0 total_ms=0.0676 host_ms=0.4419 err_el=0 err_q0=0 err_q1=0
GGML_OP_PROFILE op=mul_mat name=node_103 ne=48x2048x1x1 type_src0=8 rows=2048 cols=5120 stream=0x578ae716eab0 total_ms=0.1904 host_ms=0.2473 err_el=0 err_q0=0 err_q1=0
GGML_OP_PROFILE op=mul_mat name=z-1 ne=6144x2048x1x1 type_src0=22 rows=2048 cols=5120 stream=0x578ae716eab0 total_ms=0.6205 host_ms=2.1814 err_el=0 err_q0=0 err_q1=0
GGML_OP_PROFILE op=mul_mat name=linear_attn_out-1 ne=5120x2048x1x1 type_src0=21 rows=2048 cols=6144 stream=0x578ae716eab0 total_ms=0.4468 host_ms=0.5368 err_el=0 err_q0=0 err_q1=0
GGML_OP_PROFILE op=mul_mat name=ffn_gate-1 ne=17408x2048x1x1 type_src0=19 rows=2048 cols=5120 stream=0x578ae716eab0 total_ms=1.1940 host_ms=1.2837 err_el=0 err_q0=0 err_q1=0
GGML_OP_PROFILE op=mul_mat name=ffn_up-1 ne=17408x2048x1x1 type_src0=19 rows=2048 cols=5120 stream=0x578ae716eab0 total_ms=1.2191 host_ms=1.2692 err_el=0 err_q0=0 err_q1=0
GGML_OP_PROFILE op=mul_mat name=ffn_out-1 ne=5120x2048x1x1 type_src0=22 rows=2048 cols=17408 stream=0x578ae716eab0 total_ms=1.9377 host_ms=2.2250 err_el=0 err_q0=0 err_q1=0
GGML_OP_PROFILE op=mul_mat name=node_139 ne=10240x2048x1x1 type_src0=22 rows=2048 cols=5120 stream=0x578ae716eab0 total_ms=0.9523 host_ms=1.0425 err_el=0 err_q0=0 err_q1=0
GGML_OP_PROFILE op=mul_mat name=node_160 ne=48x2048x1x1 type_src0=8 rows=2048 cols=5120 stream=0x578ae716eab0 total_ms=0.0676 host_ms=0.4297 err_el=0 err_q0=0 err_q1=0
GGML_OP_PROFILE op=mul_mat name=node_166 ne=48x2048x1x1 type_src0=8 rows=2048 cols=5120 stream=0x578ae716eab0 total_ms=0.1650 host_ms=0.2189 err_el=0 err_q0=0 err_q1=0
GGML_OP_PROFILE op=mul_mat name=z-2 ne=6144x2048x1x1 type_src0=22 rows=2048 cols=5120 stream=0x578ae716eab0 total_ms=0.6195 host_ms=2.1675 err_el=0 err_q0=0 err_q1=0
GGML_OP_PROFILE op=mul_mat name=linear_attn_out-2 ne=5120x2048x1x1 type_src0=18 rows=2048 cols=6144 stream=0x578ae716eab0 total_ms=0.4333 host_ms=0.5178 err_el=0 err_q0=0 err_q1=0
GGML_OP_PROFILE op=mul_mat name=ffn_gate-2 ne=17408x2048x1x1 type_src0=16 rows=2048 cols=5120 stream=0x578ae716eab0 total_ms=1.0882 host_ms=1.1636 err_el=0 err_q0=0 err_q1=0
GGML_OP_PROFILE op=mul_mat name=ffn_up-2 ne=17408x2048x1x1 type_src0=16 rows=2048 cols=5120 stream=0x578ae716eab0 total_ms=1.1116 host_ms=1.1666 err_el=0 err_q0=0 err_q1=0
GGML_OP_PROFILE op=mul_mat name=ffn_out-2 ne=5120x2048x1x1 type_src0=10 rows=2048 cols=17408 stream=0x578ae716eab0 total_ms=1.9293 host_ms=2.2048 err_el=0 err_q0=0 err_q1=0
GGML_OP_PROFILE op=mul_mat name=Qcur_full-3 ne=12288x2048x1x1 type_src0=22 rows=2048 cols=5120 stream=0x578ae716eab0 total_ms=1.2577 host_ms=1.3365 err_el=0 err_q0=0 err_q1=0
GGML_OP_PROFILE op=mul_mat name=Vcur-3 ne=1024x2048x1x1 type_src0=23 rows=2048 cols=5120 stream=0x578ae716eab0 total_ms=0.1128 host_ms=0.2422 err_el=0 err_q0=0 err_q1=0
GGML_OP_PROFILE op=mul_mat name=Kcur-3 ne=1024x2048x1x1 type_src0=23 rows=2048 cols=5120 stream=0x578ae716eab0 total_ms=0.1448 host_ms=0.1842 err_el=0 err_q0=0 err_q1=0
GGML_OP_PROFILE op=mul_mat name=attn_output-3 ne=5120x2048x1x1 type_src0=23 rows=2048 cols=6144 stream=0x578ae716eab0 total_ms=0.3952 host_ms=1.2980 err_el=0 err_q0=0 err_q1=0
GGML_OP_PROFILE op=mul_mat name=ffn_gate-3 ne=17408x2048x1x1 type_src0=16 rows=2048 cols=5120 stream=0x578ae716eab0 total_ms=1.0895 host_ms=1.1761 err_el=0 err_q0=0 err_q1=0
GGML_OP_PROFILE op=mul_mat name=ffn_up-3 ne=17408x2048x1x1 type_src0=16 rows=2048 cols=5120 stream=0x578ae716eab0 total_ms=1.1147 host_ms=1.1525 err_el=0 err_q0=0 err_q1=0
GGML_OP_PROFILE op=mul_mat name=ffn_out-3 ne=5120x2048x1x1 type_src0=22 rows=2048 cols=17408 stream=0x578ae716eab0 total_ms=1.6555 host_ms=1.9297 err_el=0 err_q0=0 err_q1=0
GGML_OP_PROFILE op=mul_mat name=node_241 ne=10240x2048x1x1 type_src0=16 rows=2048 cols=5120 stream=0x578ae716eab0 total_ms=0.7465 host_ms=0.8067 err_el=0 err_q0=0 err_q1=0
GGML_OP_PROFILE op=mul_mat name=node_262 ne=48x2048x1x1 type_src0=8 rows=2048 cols=5120 stream=0x578ae716eab0 total_ms=0.0676 host_ms=0.4205 err_el=0 err_q0=0 err_q1=0
GGML_OP_PROFILE op=mul_mat name=node_268 ne=48x2048x1x1 type_src0=8 rows=2048 cols=5120 stream=0x578ae716eab0 total_ms=0.2285 host_ms=0.2534 err_el=0 err_q0=0 err_q1=0
GGML_OP_PROFILE op=mul_mat name=z-4 ne=6144x2048x1x1 type_src0=10 rows=2048 cols=5120 stream=0x578ae716eab0 total_ms=0.7239 host_ms=2.3855 err_el=0 err_q0=0 err_q1=0
GGML_OP_PROFILE op=mul_mat name=linear_attn_out-4 ne=5120x2048x1x1 type_src0=10 rows=2048 cols=6144 stream=0x578ae716eab0 total_ms=0.6808 host_ms=0.7615 err_el=0 err_q0=0 err_q1=0
GGML_OP_PROFILE op=mul_mat name=ffn_gate-4 ne=17408x2048x1x1 type_src0=16 rows=2048 cols=5120 stream=0x578ae716eab0 total_ms=1.0916 host_ms=1.1771 err_el=0 err_q0=0 err_q1=0
GGML_OP_PROFILE op=mul_mat name=ffn_up-4 ne=17408x2048x1x1 type_src0=16 rows=2048 cols=5120 stream=0x578ae716eab0 total_ms=1.1144 host_ms=1.1560 err_el=0 err_q0=0 err_q1=0
GGML_OP_PROFILE op=mul_mat name=ffn_out-4 ne=5120x2048x1x1 type_src0=16 rows=2048 cols=17408 stream=0x578ae716eab0 total_ms=1.1899 host_ms=1.5566 err_el=0 err_q0=0 err_q1=0
GGML_OP_PROFILE op=mul_mat name=node_304 ne=10240x2048x1x1 type_src0=22 rows=2048 cols=5120 stream=0x578ae716eab0 total_ms=0.9574 host_ms=1.0662 err_el=0 err_q0=0 err_q1=0
GGML_OP_PROFILE op=mul_mat name=node_325 ne=48x2048x1x1 type_src0=8 rows=2048 cols=5120 stream=0x578ae716eab0 total_ms=0.0676 host_ms=0.3905 err_el=0 err_q0=0 err_q1=0
GGML_OP_PROFILE op=mul_mat name=node_331 ne=48x2048x1x1 type_src0=8 rows=2048 cols=5120 stream=0x578ae716eab0 total_ms=0.1118 host_ms=0.1700 err_el=0 err_q0=0 err_q1=0
GGML_OP_PROFILE op=mul_mat name=z-5 ne=6144x2048x1x1 type_src0=10 rows=2048 cols=5120 stream=0x578ae716eab0 total_ms=0.7219 host_ms=2.3455 err_el=0 err_q0=0 err_q1=0
GGML_OP_PROFILE op=mul_mat name=linear_attn_out-5 ne=5120x2048x1x1 type_src0=18 rows=2048 cols=6144 stream=0x578ae716eab0 total_ms=0.4354 host_ms=0.5081 err_el=0 err_q0=0 err_q1=0
GGML_OP_PROFILE op=mul_mat name=ffn_gate-5 ne=17408x2048x1x1 type_src0=16 rows=2048 cols=5120 stream=0x578ae716eab0 total_ms=1.0895 host_ms=1.1761 err_el=0 err_q0=0 err_q1=0
GGML_OP_PROFILE op=mul_mat name=ffn_up-5 ne=17408x2048x1x1 type_src0=22 rows=2048 cols=5120 stream=0x578ae716eab0 total_ms=1.6421 host_ms=1.7212 err_el=0 err_q0=0 err_q1=0
GGML_OP_PROFILE op=mul_mat name=ffn_out-5 ne=5120x2048x1x1 type_src0=16 rows=2048 cols=17408 stream=0x578ae716eab0 total_ms=1.1928 host_ms=1.5042 err_el=0 err_q0=0 err_q1=0
GGML_OP_PROFILE op=mul_mat name=node_367 ne=10240x2048x1x1 type_src0=22 rows=2048 cols=5120 stream=0x578ae716eab0 total_ms=0.9500 host_ms=1.0287 err_el=0 err_q0=0 err_q1=0
GGML_OP_PROFILE op=mul_mat name=node_388 ne=48x2048x1x1 type_src0=8 rows=2048 cols=5120 stream=0x578ae716eab0 total_ms=0.0676 host_ms=0.4438 err_el=0 err_q0=0 err_q1=0
GGML_OP_PROFILE op=mul_mat name=node_394 ne=48x2048x1x1 type_src0=8 rows=2048 cols=5120 stream=0x578ae716eab0 total_ms=0.0615 host_ms=0.0835 err_el=0 err_q0=0 err_q1=0
GGML_OP_PROFILE op=mul_mat name=z-6 ne=6144x2048x1x1 type_src0=22 rows=2048 cols=5120 stream=0x578ae716eab0 total_ms=0.6226 host_ms=2.2980 err_el=0 err_q0=0 err_q1=0
GGML_OP_PROFILE op=mul_mat name=linear_attn_out-6 ne=5120x2048x1x1 type_src0=10 rows=2048 cols=6144 stream=0x578ae716eab0 total_ms=0.6843 host_ms=0.7665 err_el=0 err_q0=0 err_q1=0
GGML_OP_PROFILE op=mul_mat name=ffn_gate-6 ne=17408x2048x1x1 type_src0=16 rows=2048 cols=5120 stream=0x578ae716eab0 total_ms=1.0895 host_ms=1.1759 err_el=0 err_q0=0 err_q1=0
GGML_OP_PROFILE op=mul_mat name=ffn_up-6 ne=17408x2048x1x1 type_src0=29 rows=2048 cols=5120 stream=0x578ae716eab0 total_ms=1.5333 host_ms=1.5726 err_el=0 err_q0=0 err_q1=0
GGML_OP_PROFILE op=mul_mat name=ffn_out-6 ne=5120x2048x1x1 type_src0=16 rows=2048 cols=17408 stream=0x578ae716eab0 total_ms=1.1932 host_ms=1.4781 err_el=0 err_q0=0 err_q1=0
GGML_OP_PROFILE op=mul_mat name=Qcur_full-7 ne=12288x2048x1x1 type_src0=22 rows=2048 cols=5120 stream=0x578ae716eab0 total_ms=1.1571 host_ms=1.2522 err_el=0 err_q0=0 err_q1=0
GGML_OP_PROFILE op=mul_mat name=Vcur-7 ne=1024x2048x1x1 type_src0=23 rows=2048 cols=5120 stream=0x578ae716eab0 total_ms=0.1127 host_ms=0.2281 err_el=0 err_q0=0 err_q1=0
GGML_OP_PROFILE op=mul_mat name=Kcur-7 ne=1024x2048x1x1 type_src0=18 rows=2048 cols=5120 stream=0x578ae716eab0 total_ms=0.1469 host_ms=0.1879 err_el=0 err_q0=0 err_q1=0
GGML_OP_PROFILE op=mul_mat name=attn_output-7 ne=5120x2048x1x1 type_src0=10 rows=2048 cols=6144 stream=0x578ae716eab0 total_ms=0.6799 host_ms=1.5287 err_el=0 err_q0=0 err_q1=0
GGML_OP_PROFILE op=mul_mat name=ffn_gate-7 ne=17408x2048x1x1 type_src0=16 rows=2048 cols=5120 stream=0x578ae716eab0 total_ms=1.0937 host_ms=1.1782 err_el=0 err_q0=0 err_q1=0
GGML_OP_PROFILE op=mul_mat name=ffn_up-7 ne=17408x2048x1x1 type_src0=16 rows=2048 cols=5120 stream=0x578ae716eab0 total_ms=1.4623 host_ms=1.5052 err_el=0 err_q0=0 err_q1=0
GGML_OP_PROFILE op=mul_mat name=ffn_out-7 ne=5120x2048x1x1 type_src0=17 rows=2048 cols=17408 stream=0x578ae716eab0 total_ms=1.6906 host_ms=1.9590 err_el=0 err_q0=0 err_q1=0
GGML_OP_PROFILE op=mul_mat name=node_469 ne=10240x2048x1x1 type_src0=19 rows=2048 cols=5120 stream=0x578ae716eab0 total_ms=0.7513 host_ms=0.8315 err_el=0 err_q0=0 err_q1=0
GGML_OP_PROFILE op=mul_mat name=node_490 ne=48x2048x1x1 type_src0=8 rows=2048 cols=5120 stream=0x578ae716eab0 total_ms=0.0676 host_ms=0.4375 err_el=0 err_q0=0 err_q1=0
GGML_OP_PROFILE op=mul_mat name=node_496 ne=48x2048x1x1 type_src0=8 rows=2048 cols=5120 stream=0x578ae716eab0 total_ms=0.1019 host_ms=0.1243 err_el=0 err_q0=0 err_q1=0
GGML_OP_PROFILE op=mul_mat name=z-8 ne=6144x2048x1x1 type_src0=22 rows=2048 cols=5120 stream=0x578ae716eab0 total_ms=0.6277 host_ms=2.2787 err_el=0 err_q0=0 err_q1=0
GGML_OP_PROFILE op=mul_mat name=linear_attn_out-8 ne=5120x2048x1x1 type_src0=10 rows=2048 cols=6144 stream=0x578ae716eab0 total_ms=0.6913 host_ms=0.7705 err_el=0 err_q0=0 err_q1=0
GGML_OP_PROFILE op=mul_mat name=ffn_gate-8 ne=17408x2048x1x1 type_src0=16 rows=2048 cols=5120 stream=0x578ae716eab0 total_ms=1.0998 host_ms=1.1870 err_el=0 err_q0=0 err_q1=0
GGML_OP_PROFILE op=mul_mat name=ffn_up-8 ne=17408x2048x1x1 type_src0=16 rows=2048 cols=5120 stream=0x578ae716eab0 total_ms=1.1729 host_ms=1.2100 err_el=0 err_q0=0 err_q1=0
GGML_OP_PROFILE op=mul_mat name=ffn_out-8 ne=5120x2048x1x1 type_src0=19 rows=2048 cols=17408 stream=0x578ae716eab0 total_ms=1.3260 host_ms=1.5998 err_el=0 err_q0=0 err_q1=0
GGML_OP_PROFILE op=mul_mat name=node_532 ne=10240x2048x1x1 type_src0=19 rows=2048 cols=5120 stream=0x578ae716eab0 total_ms=0.7516 host_ms=0.8336 err_el=0 err_q0=0 err_q1=0
GGML_OP_PROFILE op=mul_mat name=node_553 ne=48x2048x1x1 type_src0=8 rows=2048 cols=5120 stream=0x578ae716eab0 total_ms=0.0676 host_ms=0.4406 err_el=0 err_q0=0 err_q1=0
GGML_OP_PROFILE op=mul_mat name=node_559 ne=48x2048x1x1 type_src0=8 rows=2048 cols=5120 stream=0x578ae716eab0 total_ms=0.0430 host_ms=0.1373 err_el=0 err_q0=0 err_q1=0
GGML_OP_PROFILE op=mul_mat name=z-9 ne=6144x2048x1x1 type_src0=16 rows=2048 cols=5120 stream=0x578ae716eab0 total_ms=0.4475 host_ms=2.0833 err_el=0 err_q0=0 err_q1=0
GGML_OP_PROFILE op=mul_mat name=linear_attn_out-9 ne=5120x2048x1x1 type_src0=10 rows=2048 cols=6144 stream=0x578ae716eab0 total_ms=0.6934 host_ms=0.7751 err_el=0 err_q0=0 err_q1=0
GGML_OP_PROFILE op=mul_mat name=ffn_gate-9 ne=17408x2048x1x1 type_src0=29 rows=2048 cols=5120 stream=0x578ae716eab0 total_ms=1.5298 host_ms=1.6169 err_el=0 err_q0=0 err_q1=0
GGML_OP_PROFILE op=mul_mat name=ffn_up-9 ne=17408x2048x1x1 type_src0=19 rows=2048 cols=5120 stream=0x578ae716eab0 total_ms=1.2859 host_ms=1.3233 err_el=0 err_q0=0 err_q1=0
GGML_OP_PROFILE op=mul_mat name=ffn_out-9 ne=5120x2048x1x1 type_src0=29 rows=2048 cols=17408 stream=0x578ae716eab0 total_ms=1.3771 host_ms=1.6473 err_el=0 err_q0=0 err_q1=0
GGML_OP_PROFILE op=mul_mat name=node_595 ne=10240x2048x1x1 type_src0=22 rows=2048 cols=5120 stream=0x578ae716eab0 total_ms=0.9625 host_ms=1.0430 err_el=0 err_q0=0 err_q1=0
GGML_OP_PROFILE op=mul_mat name=node_616 ne=48x2048x1x1 type_src0=8 rows=2048 cols=5120 stream=0x578ae716eab0 total_ms=0.0696 host_ms=0.4457 err_el=0 err_q0=0 err_q1=0
GGML_OP_PROFILE op=mul_mat name=node_622 ne=48x2048x1x1 type_src0=8 rows=2048 cols=5120 stream=0x578ae716eab0 total_ms=0.1067 host_ms=0.1316 err_el=0 err_q0=0 err_q1=0
GGML_OP_PROFILE op=mul_mat name=z-10 ne=6144x2048x1x1 type_src0=16 rows=2048 cols=5120 stream=0x578ae716eab0 total_ms=0.4495 host_ms=2.0942 err_el=0 err_q0=0 err_q1=0
GGML_OP_PROFILE op=mul_mat name=linear_attn_out-10 ne=5120x2048x1x1 type_src0=10 rows=2048 cols=6144 stream=0x578ae716eab0 total_ms=0.9761 host_ms=1.0591 err_el=0 err_q0=0 err_q1=0
GGML_OP_PROFILE op=mul_mat name=ffn_gate-10 ne=17408x2048x1x1 type_src0=29 rows=2048 cols=5120 stream=0x578ae716eab0 total_ms=1.5237 host_ms=1.6245 err_el=0 err_q0=0 err_q1=0
GGML_OP_PROFILE op=mul_mat name=ffn_up-10 ne=17408x2048x1x1 type_src0=19 rows=2048 cols=5120 stream=0x578ae716eab0 total_ms=1.2357 host_ms=1.2781 err_el=0 err_q0=0 err_q1=0
GGML_OP_PROFILE op=mul_mat name=ffn_out-10 ne=5120x2048x1x1 type_src0=29 rows=2048 cols=17408 stream=0x578ae716eab0 total_ms=1.3771 host_ms=1.6477 err_el=0 err_q0=0 err_q1=0
GGML_OP_PROFILE op=mul_mat name=Qcur_full-11 ne=12288x2048x1x1 type_src0=22 rows=2048 cols=5120 stream=0x578ae716eab0 total_ms=1.1692 host_ms=1.2552 err_el=0 err_q0=0 err_q1=0
GGML_OP_PROFILE op=mul_mat name=Vcur-11 ne=1024x2048x1x1 type_src0=23 rows=2048 cols=5120 stream=0x578ae716eab0 total_ms=0.1106 host_ms=0.2276 err_el=0 err_q0=0 err_q1=0
GGML_OP_PROFILE op=mul_mat name=Kcur-11 ne=1024x2048x1x1 type_src0=18 rows=2048 cols=5120 stream=0x578ae716eab0 total_ms=0.1060 host_ms=0.1500 err_el=0 err_q0=0 err_q1=0
GGML_OP_PROFILE op=mul_mat name=attn_output-11 ne=5120x2048x1x1 type_src0=10 rows=2048 cols=6144 stream=0x578ae716eab0 total_ms=0.6860 host_ms=1.5618 err_el=0 err_q0=0 err_q1=0
GGML_OP_PROFILE op=mul_mat name=ffn_gate-11 ne=17408x2048x1x1 type_src0=19 rows=2048 cols=5120 stream=0x578ae716eab0 total_ms=1.2139 host_ms=1.2950 err_el=0 err_q0=0 err_q1=0
GGML_OP_PROFILE op=mul_mat name=ffn_up-11 ne=17408x2048x1x1 type_src0=19 rows=2048 cols=5120 stream=0x578ae716eab0 total_ms=1.2270 host_ms=1.3615 err_el=0 err_q0=0 err_q1=0
GGML_OP_PROFILE op=mul_mat name=ffn_out-11 ne=5120x2048x1x1 type_src0=19 rows=2048 cols=17408 stream=0x578ae716eab0 total_ms=1.3219 host_ms=1.5949 err_el=0 err_q0=0 err_q1=0
GGML_OP_PROFILE op=mul_mat name=node_697 ne=10240x2048x1x1 type_src0=19 rows=2048 cols=5120 stream=0x578ae716eab0 total_ms=1.0270 host_ms=1.1134 err_el=0 err_q0=0 err_q1=0
GGML_OP_PROFILE op=mul_mat name=node_718 ne=48x2048x1x1 type_src0=8 rows=2048 cols=5120 stream=0x578ae716eab0 total_ms=0.0676 host_ms=0.3676 err_el=0 err_q0=0 err_q1=0
GGML_OP_PROFILE op=mul_mat name=node_724 ne=48x2048x1x1 type_src0=8 rows=2048 cols=5120 stream=0x578ae716eab0 total_ms=0.1017 host_ms=0.1184 err_el=0 err_q0=0 err_q1=0
GGML_OP_PROFILE op=mul_mat name=z-12 ne=6144x2048x1x1 type_src0=22 rows=2048 cols=5120 stream=0x578ae716eab0 total_ms=0.8919 host_ms=2.5372 err_el=0 err_q0=0 err_q1=0
GGML_OP_PROFILE op=mul_mat name=linear_attn_out-12 ne=5120x2048x1x1 type_src0=22 rows=2048 cols=6144 stream=0x578ae716eab0 total_ms=0.5877 host_ms=0.7712 err_el=0 err_q0=0 err_q1=0
GGML_OP_PROFILE op=mul_mat name=ffn_gate-12 ne=17408x2048x1x1 type_src0=29 rows=2048 cols=5120 stream=0x578ae716eab0 total_ms=1.5274 host_ms=1.6178 err_el=0 err_q0=0 err_q1=0
GGML_OP_PROFILE op=mul_mat name=ffn_up-12 ne=17408x2048x1x1 type_src0=19 rows=2048 cols=5120 stream=0x578ae716eab0 total_ms=1.3229 host_ms=1.3608 err_el=0 err_q0=0 err_q1=0
GGML_OP_PROFILE op=mul_mat name=ffn_out-12 ne=5120x2048x1x1 type_src0=19 rows=2048 cols=17408 stream=0x578ae716eab0 total_ms=1.3237 host_ms=1.5951 err_el=0 err_q0=0 err_q1=0
GGML_OP_PROFILE op=mul_mat name=node_760 ne=10240x2048x1x1 type_src0=19 rows=2048 cols=5120 stream=0x578ae716eab0 total_ms=0.7496 host_ms=0.8383 err_el=0 err_q0=0 err_q1=0
GGML_OP_PROFILE op=mul_mat name=node_781 ne=48x2048x1x1 type_src0=8 rows=2048 cols=5120 stream=0x578ae716eab0 total_ms=0.0676 host_ms=0.4230 err_el=0 err_q0=0 err_q1=0
GGML_OP_PROFILE op=mul_mat name=node_787 ne=48x2048x1x1 type_src0=8 rows=2048 cols=5120 stream=0x578ae716eab0 total_ms=0.0467 host_ms=0.0729 err_el=0 err_q0=0 err_q1=0
GGML_OP_PROFILE op=mul_mat name=z-13 ne=6144x2048x1x1 type_src0=16 rows=2048 cols=5120 stream=0x578ae716eab0 total_ms=0.4505 host_ms=2.5039 err_el=0 err_q0=0 err_q1=0
GGML_OP_PROFILE op=mul_mat name=linear_attn_out-13 ne=5120x2048x1x1 type_src0=22 rows=2048 cols=6144 stream=0x578ae716eab0 total_ms=0.5871 host_ms=0.6784 err_el=0 err_q0=0 err_q1=0
GGML_OP_PROFILE op=mul_mat name=ffn_gate-13 ne=17408x2048x1x1 type_src0=19 rows=2048 cols=5120 stream=0x578ae716eab0 total_ms=1.2036 host_ms=1.2792 err_el=0 err_q0=0 err_q1=0
GGML_OP_PROFILE op=mul_mat name=ffn_up-13 ne=17408x2048x1x1 type_src0=19 rows=2048 cols=5120 stream=0x578ae716eab0 total_ms=1.2660 host_ms=1.2998 err_el=0 err_q0=0 err_q1=0
GGML_OP_PROFILE op=mul_mat name=ffn_out-13 ne=5120x2048x1x1 type_src0=19 rows=2048 cols=17408 stream=0x578ae716eab0 total_ms=1.3181 host_ms=1.5951 err_el=0 err_q0=0 err_q1=0
GGML_OP_PROFILE op=mul_mat name=node_823 ne=10240x2048x1x1 type_src0=17 rows=2048 cols=5120 stream=0x578ae716eab0 total_ms=0.9667 host_ms=1.0490 err_el=0 err_q0=0 err_q1=0
GGML_OP_PROFILE op=mul_mat name=node_844 ne=48x2048x1x1 type_src0=8 rows=2048 cols=5120 stream=0x578ae716eab0 total_ms=0.0676 host_ms=0.4365 err_el=0 err_q0=0 err_q1=0
GGML_OP_PROFILE op=mul_mat name=node_850 ne=48x2048x1x1 type_src0=8 rows=2048 cols=5120 stream=0x578ae716eab0 total_ms=0.0980 host_ms=0.1233 err_el=0 err_q0=0 err_q1=0
GGML_OP_PROFILE op=mul_mat name=z-14 ne=6144x2048x1x1 type_src0=19 rows=2048 cols=5120 stream=0x578ae716eab0 total_ms=0.4925 host_ms=2.1221 err_el=0 err_q0=0 err_q1=0
GGML_OP_PROFILE op=mul_mat name=linear_attn_out-14 ne=5120x2048x1x1 type_src0=22 rows=2048 cols=6144 stream=0x578ae716eab0 total_ms=0.5844 host_ms=0.6674 err_el=0 err_q0=0 err_q1=0
GGML_OP_PROFILE op=mul_mat name=ffn_gate-14 ne=17408x2048x1x1 type_src0=19 rows=2048 cols=5120 stream=0x578ae716eab0 total_ms=1.2042 host_ms=1.2956 err_el=0 err_q0=0 err_q1=0
GGML_OP_PROFILE op=mul_mat name=ffn_up-14 ne=17408x2048x1x1 type_src0=19 rows=2048 cols=5120 stream=0x578ae716eab0 total_ms=1.6027 host_ms=1.6473 err_el=0 err_q0=0 err_q1=0
GGML_OP_PROFILE op=mul_mat name=ffn_out-14 ne=5120x2048x1x1 type_src0=19 rows=2048 cols=17408 stream=0x578ae716eab0 total_ms=1.3160 host_ms=1.5951 err_el=0 err_q0=0 err_q1=0
GGML_OP_PROFILE op=mul_mat name=Qcur_full-15 ne=12288x2048x1x1 type_src0=22 rows=2048 cols=5120 stream=0x578ae716eab0 total_ms=1.1692 host_ms=1.2602 err_el=0 err_q0=0 err_q1=0
GGML_OP_PROFILE op=mul_mat name=Vcur-15 ne=1024x2048x1x1 type_src0=23 rows=2048 cols=5120 stream=0x578ae716eab0 total_ms=0.1118 host_ms=0.2125 err_el=0 err_q0=0 err_q1=0
GGML_OP_PROFILE op=mul_mat name=Kcur-15 ne=1024x2048x1x1 type_src0=18 rows=2048 cols=5120 stream=0x578ae716eab0 total_ms=0.1731 host_ms=0.2538 err_el=0 err_q0=0 err_q1=0
GGML_OP_PROFILE op=mul_mat name=attn_output-15 ne=5120x2048x1x1 type_src0=29 rows=2048 cols=6144 stream=0x578ae716eab0 total_ms=0.5222 host_ms=1.3438 err_el=0 err_q0=0 err_q1=0
GGML_OP_PROFILE op=mul_mat name=ffn_gate-15 ne=17408x2048x1x1 type_src0=19 rows=2048 cols=5120 stream=0x578ae716eab0 total_ms=1.2040 host_ms=1.2837 err_el=0 err_q0=0 err_q1=0
GGML_OP_PROFILE op=mul_mat name=ffn_up-15 ne=17408x2048x1x1 type_src0=19 rows=2048 cols=5120 stream=0x578ae716eab0 total_ms=1.2572 host_ms=1.2932 err_el=0 err_q0=0 err_q1=0
GGML_OP_PROFILE op=mul_mat name=ffn_out-15 ne=5120x2048x1x1 type_src0=19 rows=2048 cols=17408 stream=0x578ae716eab0 total_ms=1.3198 host_ms=1.5973 err_el=0 err_q0=0 err_q1=0
GGML_OP_PROFILE op=mul_mat name=node_925 ne=10240x2048x1x1 type_src0=10 rows=2048 cols=5120 stream=0x578ae716eab0 total_ms=1.1203 host_ms=1.1975 err_el=0 err_q0=0 err_q1=0
GGML_OP_PROFILE op=mul_mat name=node_946 ne=48x2048x1x1 type_src0=8 rows=2048 cols=5120 stream=0x578ae716eab0 total_ms=0.0676 host_ms=0.4311 err_el=0 err_q0=0 err_q1=0
GGML_OP_PROFILE op=mul_mat name=node_952 ne=48x2048x1x1 type_src0=8 rows=2048 cols=5120 stream=0x578ae716eab0 total_ms=0.1085 host_ms=0.1316 err_el=0 err_q0=0 err_q1=0
GGML_OP_PROFILE op=mul_mat name=z-16 ne=6144x2048x1x1 type_src0=16 rows=2048 cols=5120 stream=0x578ae716eab0 total_ms=0.4516 host_ms=2.0786 err_el=0 err_q0=0 err_q1=0
GGML_OP_PROFILE op=mul_mat name=linear_attn_out-16 ne=5120x2048x1x1 type_src0=16 rows=2048 cols=6144 stream=0x578ae716eab0 total_ms=0.4187 host_ms=0.5029 err_el=0 err_q0=0 err_q1=0
GGML_OP_PROFILE op=mul_mat name=ffn_gate-16 ne=17408x2048x1x1 type_src0=19 rows=2048 cols=5120 stream=0x578ae716eab0 total_ms=1.2077 host_ms=1.2824 err_el=0 err_q0=0 err_q1=0
GGML_OP_PROFILE op=mul_mat name=ffn_up-16 ne=17408x2048x1x1 type_src0=19 rows=2048 cols=5120 stream=0x578ae716eab0 total_ms=1.2943 host_ms=1.3358 err_el=0 err_q0=0 err_q1=0
GGML_OP_PROFILE op=mul_mat name=ffn_out-16 ne=5120x2048x1x1 type_src0=29 rows=2048 cols=17408 stream=0x578ae716eab0 total_ms=1.3853 host_ms=1.6564 err_el=0 err_q0=0 err_q1=0
GGML_OP_PROFILE op=mul_mat name=node_988 ne=10240x2048x1x1 type_src0=22 rows=2048 cols=5120 stream=0x578ae716eab0 total_ms=0.9664 host_ms=1.0402 err_el=0 err_q0=0 err_q1=0
GGML_OP_PROFILE op=mul_mat name=node_1009 ne=48x2048x1x1 type_src0=8 rows=2048 cols=5120 stream=0x578ae716eab0 total_ms=0.0676 host_ms=0.4476 err_el=0 err_q0=0 err_q1=0
GGML_OP_PROFILE op=mul_mat name=node_1015 ne=48x2048x1x1 type_src0=8 rows=2048 cols=5120 stream=0x578ae716eab0 total_ms=0.0645 host_ms=0.0847 err_el=0 err_q0=0 err_q1=0
GGML_OP_PROFILE op=mul_mat name=z-17 ne=6144x2048x1x1 type_src0=29 rows=2048 cols=5120 stream=0x578ae716eab0 total_ms=0.5826 host_ms=2.2194 err_el=0 err_q0=0 err_q1=0
GGML_OP_PROFILE op=mul_mat name=linear_attn_out-17 ne=5120x2048x1x1 type_src0=10 rows=2048 cols=6144 stream=0x578ae716eab0 total_ms=0.9976 host_ms=1.0807 err_el=0 err_q0=0 err_q1=0
GGML_OP_PROFILE op=mul_mat name=ffn_gate-17 ne=17408x2048x1x1 type_src0=19 rows=2048 cols=5120 stream=0x578ae716eab0 total_ms=1.2142 host_ms=1.3092 err_el=0 err_q0=0 err_q1=0
GGML_OP_PROFILE op=mul_mat name=ffn_up-17 ne=17408x2048x1x1 type_src0=19 rows=2048 cols=5120 stream=0x578ae716eab0 total_ms=1.2759 host_ms=1.3192 err_el=0 err_q0=0 err_q1=0
GGML_OP_PROFILE op=mul_mat name=ffn_out-17 ne=5120x2048x1x1 type_src0=19 rows=2048 cols=17408 stream=0x578ae716eab0 total_ms=1.3274 host_ms=1.5869 err_el=0 err_q0=0 err_q1=0
GGML_OP_PROFILE op=mul_mat name=node_1051 ne=10240x2048x1x1 type_src0=17 rows=2048 cols=5120 stream=0x578ae716eab0 total_ms=0.9846 host_ms=1.0683 err_el=0 err_q0=0 err_q1=0
GGML_OP_PROFILE op=mul_mat name=node_1072 ne=48x2048x1x1 type_src0=8 rows=2048 cols=5120 stream=0x578ae716eab0 total_ms=0.0676 host_ms=0.4245 err_el=0 err_q0=0 err_q1=0
GGML_OP_PROFILE op=mul_mat name=node_1078 ne=48x2048x1x1 type_src0=8 rows=2048 cols=5120 stream=0x578ae716eab0 total_ms=0.1024 host_ms=0.1235 err_el=0 err_q0=0 err_q1=0
GGML_OP_PROFILE op=mul_mat name=z-18 ne=6144x2048x1x1 type_src0=17 rows=2048 cols=5120 stream=0x578ae716eab0 total_ms=0.6379 host_ms=2.2072 err_el=0 err_q0=0 err_q1=0
GGML_OP_PROFILE op=mul_mat name=linear_attn_out-18 ne=5120x2048x1x1 type_src0=22 rows=2048 cols=6144 stream=0x578ae716eab0 total_ms=0.5890 host_ms=0.6702 err_el=0 err_q0=0 err_q1=0
GGML_OP_PROFILE op=mul_mat name=ffn_gate-18 ne=17408x2048x1x1 type_src0=19 rows=2048 cols=5120 stream=0x578ae716eab0 total_ms=1.2802 host_ms=1.3973 err_el=0 err_q0=0 err_q1=0
GGML_OP_PROFILE op=mul_mat name=ffn_up-18 ne=17408x2048x1x1 type_src0=29 rows=2048 cols=5120 stream=0x578ae716eab0 total_ms=1.5379 host_ms=1.5782 err_el=0 err_q0=0 err_q1=0
GGML_OP_PROFILE op=mul_mat name=ffn_out-18 ne=5120x2048x1x1 type_src0=16 rows=2048 cols=17408 stream=0x578ae716eab0 total_ms=1.5164 host_ms=1.8050 err_el=0 err_q0=0 err_q1=0
GGML_OP_PROFILE op=mul_mat name=Qcur_full-19 ne=12288x2048x1x1 type_src0=29 rows=2048 cols=5120 stream=0x578ae716eab0 total_ms=1.0934 host_ms=1.1853 err_el=0 err_q0=0 err_q1=0
GGML_OP_PROFILE op=mul_mat name=Vcur-19 ne=1024x2048x1x1 type_src0=23 rows=2048 cols=5120 stream=0x578ae716eab0 total_ms=0.3024 host_ms=0.3774 err_el=0 err_q0=0 err_q1=0
GGML_OP_PROFILE op=mul_mat name=Kcur-19 ne=1024x2048x1x1 type_src0=23 rows=2048 cols=5120 stream=0x578ae716eab0 total_ms=0.1467 host_ms=0.1851 err_el=0 err_q0=0 err_q1=0
GGML_OP_PROFILE op=mul_mat name=attn_output-19 ne=5120x2048x1x1 type_src0=18 rows=2048 cols=6144 stream=0x578ae716eab0 total_ms=0.4362 host_ms=1.3011 err_el=0 err_q0=0 err_q1=0
GGML_OP_PROFILE op=mul_mat name=ffn_gate-19 ne=17408x2048x1x1 type_src0=29 rows=2048 cols=5120 stream=0x578ae716eab0 total_ms=1.5316 host_ms=1.6141 err_el=0 err_q0=0 err_q1=0
GGML_OP_PROFILE op=mul_mat name=ffn_up-19 ne=17408x2048x1x1 type_src0=19 rows=2048 cols=5120 stream=0x578ae716eab0 total_ms=1.2996 host_ms=1.3358 err_el=0 err_q0=0 err_q1=0
GGML_OP_PROFILE op=mul_mat name=ffn_out-19 ne=5120x2048x1x1 type_src0=16 rows=2048 cols=17408 stream=0x578ae716eab0 total_ms=1.2107 host_ms=1.4872 err_el=0 err_q0=0 err_q1=0
GGML_OP_PROFILE op=mul_mat name=node_1153 ne=10240x2048x1x1 type_src0=10 rows=2048 cols=5120 stream=0x578ae716eab0 total_ms=1.1264 host_ms=1.2126 err_el=0 err_q0=0 err_q1=0
GGML_OP_PROFILE op=mul_mat name=node_1174 ne=48x2048x1x1 type_src0=8 rows=2048 cols=5120 stream=0x578ae716eab0 total_ms=0.0676 host_ms=0.4400 err_el=0 err_q0=0 err_q1=0
GGML_OP_PROFILE op=mul_mat name=node_1180 ne=48x2048x1x1 type_src0=8 rows=2048 cols=5120 stream=0x578ae716eab0 total_ms=0.0419 host_ms=0.0726 err_el=0 err_q0=0 err_q1=0
GGML_OP_PROFILE op=mul_mat name=z-20 ne=6144x2048x1x1 type_src0=22 rows=2048 cols=5120 stream=0x578ae716eab0 total_ms=0.8940 host_ms=2.5293 err_el=0 err_q0=0 err_q1=0
GGML_OP_PROFILE op=mul_mat name=linear_attn_out-20 ne=5120x2048x1x1 type_src0=10 rows=2048 cols=6144 stream=0x578ae716eab0 total_ms=0.6954 host_ms=0.7847 err_el=0 err_q0=0 err_q1=0
GGML_OP_PROFILE op=mul_mat name=ffn_gate-20 ne=17408x2048x1x1 type_src0=22 rows=2048 cols=5120 stream=0x578ae716eab0 total_ms=1.5583 host_ms=1.6513 err_el=0 err_q0=0 err_q1=0
GGML_OP_PROFILE op=mul_mat name=ffn_up-20 ne=17408x2048x1x1 type_src0=10 rows=2048 cols=5120 stream=0x578ae716eab0 total_ms=1.8428 host_ms=1.8846 err_el=0 err_q0=0 err_q1=0
GGML_OP_PROFILE op=mul_mat name=ffn_out-20 ne=5120x2048x1x1 type_src0=10 rows=2048 cols=17408 stream=0x578ae716eab0 total_ms=1.9478 host_ms=2.2147 err_el=0 err_q0=0 err_q1=0
GGML_OP_PROFILE op=mul_mat name=node_1216 ne=10240x2048x1x1 type_src0=22 rows=2048 cols=5120 stream=0x578ae716eab0 total_ms=0.9666 host_ms=1.0500 err_el=0 err_q0=0 err_q1=0
GGML_OP_PROFILE op=mul_mat name=node_1237 ne=48x2048x1x1 type_src0=8 rows=2048 cols=5120 stream=0x578ae716eab0 total_ms=0.0676 host_ms=0.3800 err_el=0 err_q0=0 err_q1=0
GGML_OP_PROFILE op=mul_mat name=node_1243 ne=48x2048x1x1 type_src0=8 rows=2048 cols=5120 stream=0x578ae716eab0 total_ms=0.0612 host_ms=0.1213 err_el=0 err_q0=0 err_q1=0
GGML_OP_PROFILE op=mul_mat name=z-21 ne=6144x2048x1x1 type_src0=10 rows=2048 cols=5120 stream=0x578ae716eab0 total_ms=0.7321 host_ms=2.3555 err_el=0 err_q0=0 err_q1=0
GGML_OP_PROFILE op=mul_mat name=linear_attn_out-21 ne=5120x2048x1x1 type_src0=10 rows=2048 cols=6144 stream=0x578ae716eab0 total_ms=0.6894 host_ms=0.7824 err_el=0 err_q0=0 err_q1=0
GGML_OP_PROFILE op=mul_mat name=ffn_gate-21 ne=17408x2048x1x1 type_src0=22 rows=2048 cols=5120 stream=0x578ae716eab0 total_ms=1.8514 host_ms=1.9420 err_el=0 err_q0=0 err_q1=0
GGML_OP_PROFILE op=mul_mat name=ffn_up-21 ne=17408x2048x1x1 type_src0=10 rows=2048 cols=5120 stream=0x578ae716eab0 total_ms=1.8320 host_ms=1.8771 err_el=0 err_q0=0 err_q1=0
GGML_OP_PROFILE op=mul_mat name=ffn_out-21 ne=5120x2048x1x1 type_src0=22 rows=2048 cols=17408 stream=0x578ae716eab0 total_ms=1.6659 host_ms=1.9406 err_el=0 err_q0=0 err_q1=0
GGML_OP_PROFILE op=mul_mat name=node_1279 ne=10240x2048x1x1 type_src0=22 rows=2048 cols=5120 stream=0x578ae716eab0 total_ms=0.9564 host_ms=1.0417 err_el=0 err_q0=0 err_q1=0
GGML_OP_PROFILE op=mul_mat name=node_1300 ne=48x2048x1x1 type_src0=8 rows=2048 cols=5120 stream=0x578ae716eab0 total_ms=0.0676 host_ms=0.4343 err_el=0 err_q0=0 err_q1=0
GGML_OP_PROFILE op=mul_mat name=node_1306 ne=48x2048x1x1 type_src0=8 rows=2048 cols=5120 stream=0x578ae716eab0 total_ms=0.0522 host_ms=0.0730 err_el=0 err_q0=0 err_q1=0
GGML_OP_PROFILE op=mul_mat name=z-22 ne=6144x2048x1x1 type_src0=22 rows=2048 cols=5120 stream=0x578ae716eab0 total_ms=0.6257 host_ms=2.2470 err_el=0 err_q0=0 err_q1=0
GGML_OP_PROFILE op=mul_mat name=linear_attn_out-22 ne=5120x2048x1x1 type_src0=10 rows=2048 cols=6144 stream=0x578ae716eab0 total_ms=0.6873 host_ms=0.7667 err_el=0 err_q0=0 err_q1=0
GGML_OP_PROFILE op=mul_mat name=ffn_gate-22 ne=17408x2048x1x1 type_src0=22 rows=2048 cols=5120 stream=0x578ae716eab0 total_ms=1.5501 host_ms=1.6330 err_el=0 err_q0=0 err_q1=0
GGML_OP_PROFILE op=mul_mat name=ffn_up-22 ne=17408x2048x1x1 type_src0=10 rows=2048 cols=5120 stream=0x578ae716eab0 total_ms=2.1202 host_ms=2.1985 err_el=0 err_q0=0 err_q1=0
GGML_OP_PROFILE op=mul_mat name=ffn_out-22 ne=5120x2048x1x1 type_src0=10 rows=2048 cols=17408 stream=0x578ae716eab0 total_ms=1.9311 host_ms=2.2104 err_el=0 err_q0=0 err_q1=0
GGML_OP_PROFILE op=mul_mat name=Qcur_full-23 ne=12288x2048x1x1 type_src0=18 rows=2048 cols=5120 stream=0x578ae716eab0 total_ms=0.8622 host_ms=0.9590 err_el=0 err_q0=0 err_q1=0
GGML_OP_PROFILE op=mul_mat name=Vcur-23 ne=1024x2048x1x1 type_src0=12 rows=2048 cols=5120 stream=0x578ae716eab0 total_ms=0.1209 host_ms=0.2403 err_el=0 err_q0=0 err_q1=0
GGML_OP_PROFILE op=mul_mat name=Kcur-23 ne=1024x2048x1x1 type_src0=18 rows=2048 cols=5120 stream=0x578ae716eab0 total_ms=0.1389 host_ms=0.1739 err_el=0 err_q0=0 err_q1=0
GGML_OP_PROFILE op=mul_mat name=attn_output-23 ne=5120x2048x1x1 type_src0=18 rows=2048 cols=6144 stream=0x578ae716eab0 total_ms=0.4382 host_ms=1.2012 err_el=0 err_q0=0 err_q1=0
GGML_OP_PROFILE op=mul_mat name=ffn_gate-23 ne=17408x2048x1x1 type_src0=22 rows=2048 cols=5120 stream=0x578ae716eab0 total_ms=1.5604 host_ms=1.6444 err_el=0 err_q0=0 err_q1=0
GGML_OP_PROFILE op=mul_mat name=ffn_up-23 ne=17408x2048x1x1 type_src0=22 rows=2048 cols=5120 stream=0x578ae716eab0 total_ms=1.6381 host_ms=1.6834 err_el=0 err_q0=0 err_q1=0
GGML_OP_PROFILE op=mul_mat name=ffn_out-23 ne=5120x2048x1x1 type_src0=10 rows=2048 cols=17408 stream=0x578ae716eab0 total_ms=1.9536 host_ms=2.2234 err_el=0 err_q0=0 err_q1=0
GGML_OP_PROFILE op=mul_mat name=node_1381 ne=10240x2048x1x1 type_src0=22 rows=2048 cols=5120 stream=0x578ae716eab0 total_ms=0.9708 host_ms=1.0532 err_el=0 err_q0=0 err_q1=0
GGML_OP_PROFILE op=mul_mat name=node_1402 ne=48x2048x1x1 type_src0=8 rows=2048 cols=5120 stream=0x578ae716eab0 total_ms=0.0696 host_ms=0.4335 err_el=0 err_q0=0 err_q1=0
GGML_OP_PROFILE op=mul_mat name=node_1408 ne=48x2048x1x1 type_src0=8 rows=2048 cols=5120 stream=0x578ae716eab0 total_ms=0.0551 host_ms=0.1049 err_el=0 err_q0=0 err_q1=0
GGML_OP_PROFILE op=mul_mat name=z-24 ne=6144x2048x1x1 type_src0=10 rows=2048 cols=5120 stream=0x578ae716eab0 total_ms=0.7332 host_ms=2.4347 err_el=0 err_q0=0 err_q1=0
GGML_OP_PROFILE op=mul_mat name=linear_attn_out-24 ne=5120x2048x1x1 type_src0=22 rows=2048 cols=6144 stream=0x578ae716eab0 total_ms=0.5911 host_ms=0.6764 err_el=0 err_q0=0 err_q1=0
GGML_OP_PROFILE op=mul_mat name=ffn_gate-24 ne=17408x2048x1x1 type_src0=22 rows=2048 cols=5120 stream=0x578ae716eab0 total_ms=1.5585 host_ms=1.6516 err_el=0 err_q0=0 err_q1=0
GGML_OP_PROFILE op=mul_mat name=ffn_up-24 ne=17408x2048x1x1 type_src0=22 rows=2048 cols=5120 stream=0x578ae716eab0 total_ms=1.5808 host_ms=1.6208 err_el=0 err_q0=0 err_q1=0
GGML_OP_PROFILE op=mul_mat name=ffn_out-24 ne=5120x2048x1x1 type_src0=10 rows=2048 cols=17408 stream=0x578ae716eab0 total_ms=1.9500 host_ms=2.2226 err_el=0 err_q0=0 err_q1=0
GGML_OP_PROFILE op=mul_mat name=node_1444 ne=10240x2048x1x1 type_src0=22 rows=2048 cols=5120 stream=0x578ae716eab0 total_ms=0.9687 host_ms=1.0557 err_el=0 err_q0=0 err_q1=0
GGML_OP_PROFILE op=mul_mat name=node_1465 ne=48x2048x1x1 type_src0=8 rows=2048 cols=5120 stream=0x578ae716eab0 total_ms=0.0676 host_ms=0.4346 err_el=0 err_q0=0 err_q1=0
GGML_OP_PROFILE op=mul_mat name=node_1471 ne=48x2048x1x1 type_src0=8 rows=2048 cols=5120 stream=0x578ae716eab0 total_ms=0.0611 host_ms=0.0811 err_el=0 err_q0=0 err_q1=0
GGML_OP_PROFILE op=mul_mat name=z-25 ne=6144x2048x1x1 type_src0=10 rows=2048 cols=5120 stream=0x578ae716eab0 total_ms=0.7342 host_ms=2.3687 err_el=0 err_q0=0 err_q1=0
GGML_OP_PROFILE op=mul_mat name=linear_attn_out-25 ne=5120x2048x1x1 type_src0=18 rows=2048 cols=6144 stream=0x578ae716eab0 total_ms=0.7234 host_ms=0.8091 err_el=0 err_q0=0 err_q1=0
GGML_OP_PROFILE op=mul_mat name=ffn_gate-25 ne=17408x2048x1x1 type_src0=10 rows=2048 cols=5120 stream=0x578ae716eab0 total_ms=1.8666 host_ms=1.9547 err_el=0 err_q0=0 err_q1=0
GGML_OP_PROFILE op=mul_mat name=ffn_up-25 ne=17408x2048x1x1 type_src0=10 rows=2048 cols=5120 stream=0x578ae716eab0 total_ms=1.8411 host_ms=1.8840 err_el=0 err_q0=0 err_q1=0
GGML_OP_PROFILE op=mul_mat name=ffn_out-25 ne=5120x2048x1x1 type_src0=10 rows=2048 cols=17408 stream=0x578ae716eab0 total_ms=1.9499 host_ms=2.2257 err_el=0 err_q0=0 err_q1=0
GGML_OP_PROFILE op=mul_mat name=node_1507 ne=10240x2048x1x1 type_src0=10 rows=2048 cols=5120 stream=0x578ae716eab0 total_ms=1.1264 host_ms=1.2117 err_el=0 err_q0=0 err_q1=0
GGML_OP_PROFILE op=mul_mat name=node_1528 ne=48x2048x1x1 type_src0=8 rows=2048 cols=5120 stream=0x578ae716eab0 total_ms=0.0676 host_ms=0.4076 err_el=0 err_q0=0 err_q1=0
GGML_OP_PROFILE op=mul_mat name=node_1534 ne=48x2048x1x1 type_src0=8 rows=2048 cols=5120 stream=0x578ae716eab0 total_ms=0.1896 host_ms=0.2438 err_el=0 err_q0=0 err_q1=0
GGML_OP_PROFILE op=mul_mat name=z-26 ne=6144x2048x1x1 type_src0=22 rows=2048 cols=5120 stream=0x578ae716eab0 total_ms=0.6318 host_ms=2.2467 err_el=0 err_q0=0 err_q1=0
GGML_OP_PROFILE op=mul_mat name=linear_attn_out-26 ne=5120x2048x1x1 type_src0=10 rows=2048 cols=6144 stream=0x578ae716eab0 total_ms=0.6971 host_ms=0.7841 err_el=0 err_q0=0 err_q1=0
GGML_OP_PROFILE op=mul_mat name=ffn_gate-26 ne=17408x2048x1x1 type_src0=10 rows=2048 cols=5120 stream=0x578ae716eab0 total_ms=2.1877 host_ms=2.2645 err_el=0 err_q0=0 err_q1=0
GGML_OP_PROFILE op=mul_mat name=ffn_up-26 ne=17408x2048x1x1 type_src0=10 rows=2048 cols=5120 stream=0x578ae716eab0 total_ms=1.8393 host_ms=1.9133 err_el=0 err_q0=0 err_q1=0
GGML_OP_PROFILE op=mul_mat name=ffn_out-26 ne=5120x2048x1x1 type_src0=22 rows=2048 cols=17408 stream=0x578ae716eab0 total_ms=1.6806 host_ms=1.9587 err_el=0 err_q0=0 err_q1=0
GGML_OP_PROFILE op=mul_mat name=Qcur_full-27 ne=12288x2048x1x1 type_src0=18 rows=2048 cols=5120 stream=0x578ae716eab0 total_ms=0.8704 host_ms=0.9620 err_el=0 err_q0=0 err_q1=0
GGML_OP_PROFILE op=mul_mat name=Vcur-27 ne=1024x2048x1x1 type_src0=12 rows=2048 cols=5120 stream=0x578ae716eab0 total_ms=0.1244 host_ms=0.2520 err_el=0 err_q0=0 err_q1=0
GGML_OP_PROFILE op=mul_mat name=Kcur-27 ne=1024x2048x1x1 type_src0=21 rows=2048 cols=5120 stream=0x578ae716eab0 total_ms=0.1606 host_ms=0.2082 err_el=0 err_q0=0 err_q1=0
GGML_OP_PROFILE op=mul_mat name=attn_output-27 ne=5120x2048x1x1 type_src0=21 rows=2048 cols=6144 stream=0x578ae716eab0 total_ms=0.4546 host_ms=1.2663 err_el=0 err_q0=0 err_q1=0
GGML_OP_PROFILE op=mul_mat name=ffn_gate-27 ne=17408x2048x1x1 type_src0=22 rows=2048 cols=5120 stream=0x578ae716eab0 total_ms=1.5665 host_ms=1.6462 err_el=0 err_q0=0 err_q1=0
GGML_OP_PROFILE op=mul_mat name=ffn_up-27 ne=17408x2048x1x1 type_src0=10 rows=2048 cols=5120 stream=0x578ae716eab0 total_ms=1.8580 host_ms=1.9025 err_el=0 err_q0=0 err_q1=0
GGML_OP_PROFILE op=mul_mat name=ffn_out-27 ne=5120x2048x1x1 type_src0=10 rows=2048 cols=17408 stream=0x578ae716eab0 total_ms=2.2598 host_ms=2.5349 err_el=0 err_q0=0 err_q1=0
GGML_OP_PROFILE op=mul_mat name=node_1609 ne=10240x2048x1x1 type_src0=10 rows=2048 cols=5120 stream=0x578ae716eab0 total_ms=1.2001 host_ms=1.2435 err_el=0 err_q0=0 err_q1=0
GGML_OP_PROFILE op=mul_mat name=node_1630 ne=48x2048x1x1 type_src0=8 rows=2048 cols=5120 stream=0x578ae716eab0 total_ms=0.0676 host_ms=0.3759 err_el=0 err_q0=0 err_q1=0
GGML_OP_PROFILE op=mul_mat name=node_1636 ne=48x2048x1x1 type_src0=8 rows=2048 cols=5120 stream=0x578ae716eab0 total_ms=0.0461 host_ms=0.0730 err_el=0 err_q0=0 err_q1=0
GGML_OP_PROFILE op=mul_mat name=z-28 ne=6144x2048x1x1 type_src0=10 rows=2048 cols=5120 stream=0x578ae716eab0 total_ms=0.7318 host_ms=2.3751 err_el=0 err_q0=0 err_q1=0
GGML_OP_PROFILE op=mul_mat name=linear_attn_out-28 ne=5120x2048x1x1 type_src0=10 rows=2048 cols=6144 stream=0x578ae716eab0 total_ms=0.6890 host_ms=0.7733 err_el=0 err_q0=0 err_q1=0
GGML_OP_PROFILE op=mul_mat name=ffn_gate-28 ne=17408x2048x1x1 type_src0=22 rows=2048 cols=5120 stream=0x578ae716eab0 total_ms=1.5676 host_ms=1.6446 err_el=0 err_q0=0 err_q1=0
GGML_OP_PROFILE op=mul_mat name=ffn_up-28 ne=17408x2048x1x1 type_src0=22 rows=2048 cols=5120 stream=0x578ae716eab0 total_ms=1.6294 host_ms=1.6705 err_el=0 err_q0=0 err_q1=0
GGML_OP_PROFILE op=mul_mat name=ffn_out-28 ne=5120x2048x1x1 type_src0=22 rows=2048 cols=17408 stream=0x578ae716eab0 total_ms=1.6744 host_ms=1.9467 err_el=0 err_q0=0 err_q1=0
GGML_OP_PROFILE op=mul_mat name=node_1672 ne=10240x2048x1x1 type_src0=10 rows=2048 cols=5120 stream=0x578ae716eab0 total_ms=1.5040 host_ms=1.5551 err_el=0 err_q0=0 err_q1=0
GGML_OP_PROFILE op=mul_mat name=node_1693 ne=48x2048x1x1 type_src0=8 rows=2048 cols=5120 stream=0x578ae716eab0 total_ms=0.0676 host_ms=0.4033 err_el=0 err_q0=0 err_q1=0
GGML_OP_PROFILE op=mul_mat name=node_1699 ne=48x2048x1x1 type_src0=8 rows=2048 cols=5120 stream=0x578ae716eab0 total_ms=0.0988 host_ms=0.1215 err_el=0 err_q0=0 err_q1=0
GGML_OP_PROFILE op=mul_mat name=z-29 ne=6144x2048x1x1 type_src0=10 rows=2048 cols=5120 stream=0x578ae716eab0 total_ms=0.7322 host_ms=2.3778 err_el=0 err_q0=0 err_q1=0
GGML_OP_PROFILE op=mul_mat name=linear_attn_out-29 ne=5120x2048x1x1 type_src0=22 rows=2048 cols=6144 stream=0x578ae716eab0 total_ms=0.5931 host_ms=0.6759 err_el=0 err_q0=0 err_q1=0
GGML_OP_PROFILE op=mul_mat name=ffn_gate-29 ne=17408x2048x1x1 type_src0=22 rows=2048 cols=5120 stream=0x578ae716eab0 total_ms=1.5613 host_ms=1.6379 err_el=0 err_q0=0 err_q1=0
GGML_OP_PROFILE op=mul_mat name=ffn_up-29 ne=17408x2048x1x1 type_src0=16 rows=2048 cols=5120 stream=0x578ae716eab0 total_ms=1.2298 host_ms=1.3130 err_el=0 err_q0=0 err_q1=0
GGML_OP_PROFILE op=mul_mat name=ffn_out-29 ne=5120x2048x1x1 type_src0=22 rows=2048 cols=17408 stream=0x578ae716eab0 total_ms=1.6822 host_ms=1.9532 err_el=0 err_q0=0 err_q1=0
GGML_OP_PROFILE op=mul_mat name=node_1735 ne=10240x2048x1x1 type_src0=22 rows=2048 cols=5120 stream=0x578ae716eab0 total_ms=1.0434 host_ms=1.1416 err_el=0 err_q0=0 err_q1=0
GGML_OP_PROFILE op=mul_mat name=node_1756 ne=48x2048x1x1 type_src0=8 rows=2048 cols=5120 stream=0x578ae716eab0 total_ms=0.0676 host_ms=0.4346 err_el=0 err_q0=0 err_q1=0
GGML_OP_PROFILE op=mul_mat name=node_1762 ne=48x2048x1x1 type_src0=8 rows=2048 cols=5120 stream=0x578ae716eab0 total_ms=0.2256 host_ms=0.2544 err_el=0 err_q0=0 err_q1=0
GGML_OP_PROFILE op=mul_mat name=z-30 ne=6144x2048x1x1 type_src0=10 rows=2048 cols=5120 stream=0x578ae716eab0 total_ms=0.7332 host_ms=2.7568 err_el=0 err_q0=0 err_q1=0
GGML_OP_PROFILE op=mul_mat name=linear_attn_out-30 ne=5120x2048x1x1 type_src0=10 rows=2048 cols=6144 stream=0x578ae716eab0 total_ms=0.6893 host_ms=0.7712 err_el=0 err_q0=0 err_q1=0
GGML_OP_PROFILE op=mul_mat name=ffn_gate-30 ne=17408x2048x1x1 type_src0=29 rows=2048 cols=5120 stream=0x578ae716eab0 total_ms=1.5319 host_ms=1.6198 err_el=0 err_q0=0 err_q1=0
GGML_OP_PROFILE op=mul_mat name=ffn_up-30 ne=17408x2048x1x1 type_src0=22 rows=2048 cols=5120 stream=0x578ae716eab0 total_ms=1.6304 host_ms=1.6640 err_el=0 err_q0=0 err_q1=0
GGML_OP_PROFILE op=mul_mat name=ffn_out-30 ne=5120x2048x1x1 type_src0=22 rows=2048 cols=17408 stream=0x578ae716eab0 total_ms=2.0448 host_ms=2.3558 err_el=0 err_q0=0 err_q1=0
GGML_OP_PROFILE op=mul_mat name=Qcur_full-31 ne=12288x2048x1x1 type_src0=10 rows=2048 cols=5120 stream=0x578ae716eab0 total_ms=1.3715 host_ms=1.4525 err_el=0 err_q0=0 err_q1=0
GGML_OP_PROFILE op=mul_mat name=Vcur-31 ne=1024x2048x1x1 type_src0=12 rows=2048 cols=5120 stream=0x578ae716eab0 total_ms=0.1209 host_ms=0.2356 err_el=0 err_q0=0 err_q1=0
GGML_OP_PROFILE op=mul_mat name=Kcur-31 ne=1024x2048x1x1 type_src0=23 rows=2048 cols=5120 stream=0x578ae716eab0 total_ms=0.1672 host_ms=0.2556 err_el=0 err_q0=0 err_q1=0
GGML_OP_PROFILE op=mul_mat name=attn_output-31 ne=5120x2048x1x1 type_src0=21 rows=2048 cols=6144 stream=0x578ae716eab0 total_ms=0.4546 host_ms=1.3245 err_el=0 err_q0=0 err_q1=0
GGML_OP_PROFILE op=mul_mat name=ffn_gate-31 ne=17408x2048x1x1 type_src0=16 rows=2048 cols=5120 stream=0x578ae716eab0 total_ms=1.1210 host_ms=1.2307 err_el=0 err_q0=0 err_q1=0
GGML_OP_PROFILE op=mul_mat name=ffn_up-31 ne=17408x2048x1x1 type_src0=22 rows=2048 cols=5120 stream=0x578ae716eab0 total_ms=1.9351 host_ms=1.9742 err_el=0 err_q0=0 err_q1=0
GGML_OP_PROFILE op=mul_mat name=ffn_out-31 ne=5120x2048x1x1 type_src0=16 rows=2048 cols=17408 stream=0x578ae716eab0 total_ms=1.2180 host_ms=1.4897 err_el=0 err_q0=0 err_q1=0
GGML_OP_PROFILE op=mul_mat name=node_1837 ne=10240x2048x1x1 type_src0=18 rows=2048 cols=5120 stream=0x578ae716eab0 total_ms=0.8126 host_ms=0.8875 err_el=0 err_q0=0 err_q1=0
GGML_OP_PROFILE op=mul_mat name=node_1858 ne=48x2048x1x1 type_src0=8 rows=2048 cols=5120 stream=0x578ae716eab0 total_ms=0.0676 host_ms=0.4570 err_el=0 err_q0=0 err_q1=0
GGML_OP_PROFILE op=mul_mat name=node_1864 ne=48x2048x1x1 type_src0=8 rows=2048 cols=5120 stream=0x578ae716eab0 total_ms=0.1952 host_ms=0.2210 err_el=0 err_q0=0 err_q1=0
GGML_OP_PROFILE op=mul_mat name=z-32 ne=6144x2048x1x1 type_src0=10 rows=2048 cols=5120 stream=0x578ae716eab0 total_ms=0.7342 host_ms=2.3787 err_el=0 err_q0=0 err_q1=0
GGML_OP_PROFILE op=mul_mat name=linear_attn_out-32 ne=5120x2048x1x1 type_src0=18 rows=2048 cols=6144 stream=0x578ae716eab0 total_ms=0.4412 host_ms=0.5250 err_el=0 err_q0=0 err_q1=0
GGML_OP_PROFILE op=mul_mat name=ffn_gate-32 ne=17408x2048x1x1 type_src0=17 rows=2048 cols=5120 stream=0x578ae716eab0 total_ms=1.5798 host_ms=1.6605 err_el=0 err_q0=0 err_q1=0
GGML_OP_PROFILE op=mul_mat name=ffn_up-32 ne=17408x2048x1x1 type_src0=10 rows=2048 cols=5120 stream=0x578ae716eab0 total_ms=1.9343 host_ms=1.9773 err_el=0 err_q0=0 err_q1=0
GGML_OP_PROFILE op=mul_mat name=ffn_out-32 ne=5120x2048x1x1 type_src0=10 rows=2048 cols=17408 stream=0x578ae716eab0 total_ms=2.2346 host_ms=2.5118 err_el=0 err_q0=0 err_q1=0
GGML_OP_PROFILE op=mul_mat name=node_1900 ne=10240x2048x1x1 type_src0=18 rows=2048 cols=5120 stream=0x578ae716eab0 total_ms=0.7250 host_ms=0.8192 err_el=0 err_q0=0 err_q1=0
GGML_OP_PROFILE op=mul_mat name=node_1921 ne=48x2048x1x1 type_src0=8 rows=2048 cols=5120 stream=0x578ae716eab0 total_ms=0.0676 host_ms=0.4422 err_el=0 err_q0=0 err_q1=0
GGML_OP_PROFILE op=mul_mat name=node_1927 ne=48x2048x1x1 type_src0=8 rows=2048 cols=5120 stream=0x578ae716eab0 total_ms=0.0879 host_ms=0.1129 err_el=0 err_q0=0 err_q1=0
GGML_OP_PROFILE op=mul_mat name=z-33 ne=6144x2048x1x1 type_src0=10 rows=2048 cols=5120 stream=0x578ae716eab0 total_ms=0.7342 host_ms=2.3783 err_el=0 err_q0=0 err_q1=0
GGML_OP_PROFILE op=mul_mat name=linear_attn_out-33 ne=5120x2048x1x1 type_src0=18 rows=2048 cols=6144 stream=0x578ae716eab0 total_ms=0.4452 host_ms=0.5253 err_el=0 err_q0=0 err_q1=0
GGML_OP_PROFILE op=mul_mat name=ffn_gate-33 ne=17408x2048x1x1 type_src0=17 rows=2048 cols=5120 stream=0x578ae716eab0 total_ms=1.5784 host_ms=1.6568 err_el=0 err_q0=0 err_q1=0
GGML_OP_PROFILE op=mul_mat name=ffn_up-33 ne=17408x2048x1x1 type_src0=10 rows=2048 cols=5120 stream=0x578ae716eab0 total_ms=1.9025 host_ms=1.9477 err_el=0 err_q0=0 err_q1=0
GGML_OP_PROFILE op=mul_mat name=ffn_out-33 ne=5120x2048x1x1 type_src0=17 rows=2048 cols=17408 stream=0x578ae716eab0 total_ms=1.7028 host_ms=1.9823 err_el=0 err_q0=0 err_q1=0
GGML_OP_PROFILE op=mul_mat name=node_1963 ne=10240x2048x1x1 type_src0=18 rows=2048 cols=5120 stream=0x578ae716eab0 total_ms=0.7857 host_ms=0.8805 err_el=0 err_q0=0 err_q1=0
GGML_OP_PROFILE op=mul_mat name=node_1984 ne=48x2048x1x1 type_src0=8 rows=2048 cols=5120 stream=0x578ae716eab0 total_ms=0.0676 host_ms=0.4335 err_el=0 err_q0=0 err_q1=0
GGML_OP_PROFILE op=mul_mat name=node_1990 ne=48x2048x1x1 type_src0=8 rows=2048 cols=5120 stream=0x578ae716eab0 total_ms=0.0962 host_ms=0.1288 err_el=0 err_q0=0 err_q1=0
GGML_OP_PROFILE op=mul_mat name=z-34 ne=6144x2048x1x1 type_src0=10 rows=2048 cols=5120 stream=0x578ae716eab0 total_ms=0.7332 host_ms=2.5041 err_el=0 err_q0=0 err_q1=0
GGML_OP_PROFILE op=mul_mat name=linear_attn_out-34 ne=5120x2048x1x1 type_src0=18 rows=2048 cols=6144 stream=0x578ae716eab0 total_ms=0.4412 host_ms=0.5229 err_el=0 err_q0=0 err_q1=0
GGML_OP_PROFILE op=mul_mat name=ffn_gate-34 ne=17408x2048x1x1 type_src0=10 rows=2048 cols=5120 stream=0x578ae716eab0 total_ms=1.8905 host_ms=1.9620 err_el=0 err_q0=0 err_q1=0
GGML_OP_PROFILE op=mul_mat name=ffn_up-34 ne=17408x2048x1x1 type_src0=10 rows=2048 cols=5120 stream=0x578ae716eab0 total_ms=1.8443 host_ms=1.8891 err_el=0 err_q0=0 err_q1=0
GGML_OP_PROFILE op=mul_mat name=ffn_out-34 ne=5120x2048x1x1 type_src0=18 rows=2048 cols=17408 stream=0x578ae716eab0 total_ms=1.2727 host_ms=1.5475 err_el=0 err_q0=0 err_q1=0
GGML_OP_PROFILE op=mul_mat name=Qcur_full-35 ne=12288x2048x1x1 type_src0=10 rows=2048 cols=5120 stream=0x578ae716eab0 total_ms=1.3695 host_ms=1.4500 err_el=0 err_q0=0 err_q1=0
GGML_OP_PROFILE op=mul_mat name=Vcur-35 ne=1024x2048x1x1 type_src0=12 rows=2048 cols=5120 stream=0x578ae716eab0 total_ms=0.1246 host_ms=0.2598 err_el=0 err_q0=0 err_q1=0
GGML_OP_PROFILE op=mul_mat name=Kcur-35 ne=1024x2048x1x1 type_src0=23 rows=2048 cols=5120 stream=0x578ae716eab0 total_ms=0.1702 host_ms=0.2420 err_el=0 err_q0=0 err_q1=0
GGML_OP_PROFILE op=mul_mat name=attn_output-35 ne=5120x2048x1x1 type_src0=21 rows=2048 cols=6144 stream=0x578ae716eab0 total_ms=0.4546 host_ms=1.2728 err_el=0 err_q0=0 err_q1=0
GGML_OP_PROFILE op=mul_mat name=ffn_gate-35 ne=17408x2048x1x1 type_src0=17 rows=2048 cols=5120 stream=0x578ae716eab0 total_ms=1.9144 host_ms=1.9832 err_el=0 err_q0=0 err_q1=0
GGML_OP_PROFILE op=mul_mat name=ffn_up-35 ne=17408x2048x1x1 type_src0=10 rows=2048 cols=5120 stream=0x578ae716eab0 total_ms=1.9154 host_ms=1.9600 err_el=0 err_q0=0 err_q1=0
GGML_OP_PROFILE op=mul_mat name=ffn_out-35 ne=5120x2048x1x1 type_src0=18 rows=2048 cols=17408 stream=0x578ae716eab0 total_ms=1.2725 host_ms=1.5422 err_el=0 err_q0=0 err_q1=0
GGML_OP_PROFILE op=mul_mat name=node_2065 ne=10240x2048x1x1 type_src0=10 rows=2048 cols=5120 stream=0x578ae716eab0 total_ms=1.1322 host_ms=1.2134 err_el=0 err_q0=0 err_q1=0
GGML_OP_PROFILE op=mul_mat name=node_2086 ne=48x2048x1x1 type_src0=8 rows=2048 cols=5120 stream=0x578ae716eab0 total_ms=0.0676 host_ms=0.4361 err_el=0 err_q0=0 err_q1=0
GGML_OP_PROFILE op=mul_mat name=node_2092 ne=48x2048x1x1 type_src0=8 rows=2048 cols=5120 stream=0x578ae716eab0 total_ms=0.0459 host_ms=0.0813 err_el=0 err_q0=0 err_q1=0
GGML_OP_PROFILE op=mul_mat name=z-36 ne=6144x2048x1x1 type_src0=10 rows=2048 cols=5120 stream=0x578ae716eab0 total_ms=0.7332 host_ms=2.5953 err_el=0 err_q0=0 err_q1=0
GGML_OP_PROFILE op=mul_mat name=linear_attn_out-36 ne=5120x2048x1x1 type_src0=18 rows=2048 cols=6144 stream=0x578ae716eab0 total_ms=0.4412 host_ms=0.5223 err_el=0 err_q0=0 err_q1=0
GGML_OP_PROFILE op=mul_mat name=ffn_gate-36 ne=17408x2048x1x1 type_src0=10 rows=2048 cols=5120 stream=0x578ae716eab0 total_ms=1.8186 host_ms=1.9053 err_el=0 err_q0=0 err_q1=0
GGML_OP_PROFILE op=mul_mat name=ffn_up-36 ne=17408x2048x1x1 type_src0=10 rows=2048 cols=5120 stream=0x578ae716eab0 total_ms=1.8401 host_ms=1.8785 err_el=0 err_q0=0 err_q1=0
GGML_OP_PROFILE op=mul_mat name=ffn_out-36 ne=5120x2048x1x1 type_src0=18 rows=2048 cols=17408 stream=0x578ae716eab0 total_ms=1.2738 host_ms=1.8048 err_el=0 err_q0=0 err_q1=0
GGML_OP_PROFILE op=mul_mat name=node_2128 ne=10240x2048x1x1 type_src0=10 rows=2048 cols=5120 stream=0x578ae716eab0 total_ms=1.1305 host_ms=1.2195 err_el=0 err_q0=0 err_q1=0
GGML_OP_PROFILE op=mul_mat name=node_2149 ne=48x2048x1x1 type_src0=8 rows=2048 cols=5120 stream=0x578ae716eab0 total_ms=0.0676 host_ms=0.4359 err_el=0 err_q0=0 err_q1=0
GGML_OP_PROFILE op=mul_mat name=node_2155 ne=48x2048x1x1 type_src0=8 rows=2048 cols=5120 stream=0x578ae716eab0 total_ms=0.0613 host_ms=0.0809 err_el=0 err_q0=0 err_q1=0
GGML_OP_PROFILE op=mul_mat name=z-37 ne=6144x2048x1x1 type_src0=10 rows=2048 cols=5120 stream=0x578ae716eab0 total_ms=0.7342 host_ms=2.3898 err_el=0 err_q0=0 err_q1=0
GGML_OP_PROFILE op=mul_mat name=linear_attn_out-37 ne=5120x2048x1x1 type_src0=18 rows=2048 cols=6144 stream=0x578ae716eab0 total_ms=0.4436 host_ms=0.5266 err_el=0 err_q0=0 err_q1=0
GGML_OP_PROFILE op=mul_mat name=ffn_gate-37 ne=17408x2048x1x1 type_src0=10 rows=2048 cols=5120 stream=0x578ae716eab0 total_ms=1.8224 host_ms=1.9112 err_el=0 err_q0=0 err_q1=0
GGML_OP_PROFILE op=mul_mat name=ffn_up-37 ne=17408x2048x1x1 type_src0=10 rows=2048 cols=5120 stream=0x578ae716eab0 total_ms=1.8422 host_ms=1.8857 err_el=0 err_q0=0 err_q1=0
GGML_OP_PROFILE op=mul_mat name=ffn_out-37 ne=5120x2048x1x1 type_src0=18 rows=2048 cols=17408 stream=0x578ae716eab0 total_ms=1.2757 host_ms=1.5508 err_el=0 err_q0=0 err_q1=0
GGML_OP_PROFILE op=mul_mat name=node_2191 ne=10240x2048x1x1 type_src0=17 rows=2048 cols=5120 stream=0x578ae716eab0 total_ms=1.2779 host_ms=1.3642 err_el=0 err_q0=0 err_q1=0
GGML_OP_PROFILE op=mul_mat name=node_2212 ne=48x2048x1x1 type_src0=8 rows=2048 cols=5120 stream=0x578ae716eab0 total_ms=0.0676 host_ms=0.4445 err_el=0 err_q0=0 err_q1=0
GGML_OP_PROFILE op=mul_mat name=node_2218 ne=48x2048x1x1 type_src0=8 rows=2048 cols=5120 stream=0x578ae716eab0 total_ms=0.0553 host_ms=0.0736 err_el=0 err_q0=0 err_q1=0
GGML_OP_PROFILE op=mul_mat name=z-38 ne=6144x2048x1x1 type_src0=10 rows=2048 cols=5120 stream=0x578ae716eab0 total_ms=0.7342 host_ms=2.3844 err_el=0 err_q0=0 err_q1=0
GGML_OP_PROFILE op=mul_mat name=linear_attn_out-38 ne=5120x2048x1x1 type_src0=10 rows=2048 cols=6144 stream=0x578ae716eab0 total_ms=0.6914 host_ms=0.7713 err_el=0 err_q0=0 err_q1=0
GGML_OP_PROFILE op=mul_mat name=ffn_gate-38 ne=17408x2048x1x1 type_src0=10 rows=2048 cols=5120 stream=0x578ae716eab0 total_ms=1.8145 host_ms=1.9024 err_el=0 err_q0=0 err_q1=0
GGML_OP_PROFILE op=mul_mat name=ffn_up-38 ne=17408x2048x1x1 type_src0=18 rows=2048 cols=5120 stream=0x578ae716eab0 total_ms=1.2010 host_ms=1.2345 err_el=0 err_q0=0 err_q1=0
GGML_OP_PROFILE op=mul_mat name=ffn_out-38 ne=5120x2048x1x1 type_src0=18 rows=2048 cols=17408 stream=0x578ae716eab0 total_ms=1.2768 host_ms=1.5496 err_el=0 err_q0=0 err_q1=0
GGML_OP_PROFILE op=mul_mat name=Qcur_full-39 ne=12288x2048x1x1 type_src0=10 rows=2048 cols=5120 stream=0x578ae716eab0 total_ms=1.3735 host_ms=1.4634 err_el=0 err_q0=0 err_q1=0
GGML_OP_PROFILE op=mul_mat name=Vcur-39 ne=1024x2048x1x1 type_src0=23 rows=2048 cols=5120 stream=0x578ae716eab0 total_ms=0.1127 host_ms=0.2286 err_el=0 err_q0=0 err_q1=0
GGML_OP_PROFILE op=mul_mat name=Kcur-39 ne=1024x2048x1x1 type_src0=18 rows=2048 cols=5120 stream=0x578ae716eab0 total_ms=0.1177 host_ms=0.1532 err_el=0 err_q0=0 err_q1=0
GGML_OP_PROFILE op=mul_mat name=attn_output-39 ne=5120x2048x1x1 type_src0=21 rows=2048 cols=6144 stream=0x578ae716eab0 total_ms=0.4547 host_ms=1.2840 err_el=0 err_q0=0 err_q1=0
GGML_OP_PROFILE op=mul_mat name=ffn_gate-39 ne=17408x2048x1x1 type_src0=10 rows=2048 cols=5120 stream=0x578ae716eab0 total_ms=2.1123 host_ms=2.1956 err_el=0 err_q0=0 err_q1=0
GGML_OP_PROFILE op=mul_mat name=ffn_up-39 ne=17408x2048x1x1 type_src0=18 rows=2048 cols=5120 stream=0x578ae716eab0 total_ms=1.2744 host_ms=1.3219 err_el=0 err_q0=0 err_q1=0
GGML_OP_PROFILE op=mul_mat name=ffn_out-39 ne=5120x2048x1x1 type_src0=18 rows=2048 cols=17408 stream=0x578ae716eab0 total_ms=1.2726 host_ms=1.5483 err_el=0 err_q0=0 err_q1=0
GGML_OP_PROFILE op=mul_mat name=node_2293 ne=10240x2048x1x1 type_src0=10 rows=2048 cols=5120 stream=0x578ae716eab0 total_ms=1.2083 host_ms=1.2626 err_el=0 err_q0=0 err_q1=0
GGML_OP_PROFILE op=mul_mat name=node_2314 ne=48x2048x1x1 type_src0=8 rows=2048 cols=5120 stream=0x578ae716eab0 total_ms=0.0676 host_ms=0.4358 err_el=0 err_q0=0 err_q1=0
GGML_OP_PROFILE op=mul_mat name=node_2320 ne=48x2048x1x1 type_src0=8 rows=2048 cols=5120 stream=0x578ae716eab0 total_ms=0.1647 host_ms=0.2235 err_el=0 err_q0=0 err_q1=0
GGML_OP_PROFILE op=mul_mat name=z-40 ne=6144x2048x1x1 type_src0=10 rows=2048 cols=5120 stream=0x578ae716eab0 total_ms=0.7342 host_ms=2.3761 err_el=0 err_q0=0 err_q1=0
GGML_OP_PROFILE op=mul_mat name=linear_attn_out-40 ne=5120x2048x1x1 type_src0=18 rows=2048 cols=6144 stream=0x578ae716eab0 total_ms=0.4432 host_ms=0.5286 err_el=0 err_q0=0 err_q1=0
GGML_OP_PROFILE op=mul_mat name=ffn_gate-40 ne=17408x2048x1x1 type_src0=10 rows=2048 cols=5120 stream=0x578ae716eab0 total_ms=1.8227 host_ms=1.9111 err_el=0 err_q0=0 err_q1=0
GGML_OP_PROFILE op=mul_mat name=ffn_up-40 ne=17408x2048x1x1 type_src0=18 rows=2048 cols=5120 stream=0x578ae716eab0 total_ms=1.1982 host_ms=1.2413 err_el=0 err_q0=0 err_q1=0
GGML_OP_PROFILE op=mul_mat name=ffn_out-40 ne=5120x2048x1x1 type_src0=18 rows=2048 cols=17408 stream=0x578ae716eab0 total_ms=1.2747 host_ms=1.5450 err_el=0 err_q0=0 err_q1=0
GGML_OP_PROFILE op=mul_mat name=node_2356 ne=10240x2048x1x1 type_src0=10 rows=2048 cols=5120 stream=0x578ae716eab0 total_ms=1.1325 host_ms=1.2323 err_el=0 err_q0=0 err_q1=0
GGML_OP_PROFILE op=mul_mat name=node_2377 ne=48x2048x1x1 type_src0=8 rows=2048 cols=5120 stream=0x578ae716eab0 total_ms=0.0696 host_ms=0.4375 err_el=0 err_q0=0 err_q1=0
GGML_OP_PROFILE op=mul_mat name=node_2383 ne=48x2048x1x1 type_src0=8 rows=2048 cols=5120 stream=0x578ae716eab0 total_ms=0.1050 host_ms=0.1298 err_el=0 err_q0=0 err_q1=0
GGML_OP_PROFILE op=mul_mat name=z-41 ne=6144x2048x1x1 type_src0=10 rows=2048 cols=5120 stream=0x578ae716eab0 total_ms=0.7322 host_ms=2.3786 err_el=0 err_q0=0 err_q1=0
GGML_OP_PROFILE op=mul_mat name=linear_attn_out-41 ne=5120x2048x1x1 type_src0=18 rows=2048 cols=6144 stream=0x578ae716eab0 total_ms=0.4431 host_ms=0.5223 err_el=0 err_q0=0 err_q1=0
GGML_OP_PROFILE op=mul_mat name=ffn_gate-41 ne=17408x2048x1x1 type_src0=18 rows=2048 cols=5120 stream=0x578ae716eab0 total_ms=1.1735 host_ms=1.2566 err_el=0 err_q0=0 err_q1=0
GGML_OP_PROFILE op=mul_mat name=ffn_up-41 ne=17408x2048x1x1 type_src0=18 rows=2048 cols=5120 stream=0x578ae716eab0 total_ms=1.2383 host_ms=1.2828 err_el=0 err_q0=0 err_q1=0
GGML_OP_PROFILE op=mul_mat name=ffn_out-41 ne=5120x2048x1x1 type_src0=18 rows=2048 cols=17408 stream=0x578ae716eab0 total_ms=1.2727 host_ms=1.5439 err_el=0 err_q0=0 err_q1=0
GGML_OP_PROFILE op=mul_mat name=node_2419 ne=10240x2048x1x1 type_src0=10 rows=2048 cols=5120 stream=0x578ae716eab0 total_ms=1.1325 host_ms=1.3585 err_el=0 err_q0=0 err_q1=0
GGML_OP_PROFILE op=mul_mat name=node_2440 ne=48x2048x1x1 type_src0=8 rows=2048 cols=5120 stream=0x578ae716eab0 total_ms=0.0676 host_ms=0.4323 err_el=0 err_q0=0 err_q1=0
GGML_OP_PROFILE op=mul_mat name=node_2446 ne=48x2048x1x1 type_src0=8 rows=2048 cols=5120 stream=0x578ae716eab0 total_ms=0.0891 host_ms=0.1045 err_el=0 err_q0=0 err_q1=0
GGML_OP_PROFILE op=mul_mat name=z-42 ne=6144x2048x1x1 type_src0=10 rows=2048 cols=5120 stream=0x578ae716eab0 total_ms=0.7332 host_ms=2.3754 err_el=0 err_q0=0 err_q1=0
GGML_OP_PROFILE op=mul_mat name=linear_attn_out-42 ne=5120x2048x1x1 type_src0=18 rows=2048 cols=6144 stream=0x578ae716eab0 total_ms=0.4444 host_ms=0.5323 err_el=0 err_q0=0 err_q1=0
GGML_OP_PROFILE op=mul_mat name=ffn_gate-42 ne=17408x2048x1x1 type_src0=10 rows=2048 cols=5120 stream=0x578ae716eab0 total_ms=1.8241 host_ms=1.9110 err_el=0 err_q0=0 err_q1=0
GGML_OP_PROFILE op=mul_mat name=ffn_up-42 ne=17408x2048x1x1 type_src0=18 rows=2048 cols=5120 stream=0x578ae716eab0 total_ms=1.1968 host_ms=1.2420 err_el=0 err_q0=0 err_q1=0
GGML_OP_PROFILE op=mul_mat name=ffn_out-42 ne=5120x2048x1x1 type_src0=10 rows=2048 cols=17408 stream=0x578ae716eab0 total_ms=1.9600 host_ms=2.2350 err_el=0 err_q0=0 err_q1=0
GGML_OP_PROFILE op=mul_mat name=Qcur_full-43 ne=12288x2048x1x1 type_src0=18 rows=2048 cols=5120 stream=0x578ae716eab0 total_ms=0.8743 host_ms=0.9673 err_el=0 err_q0=0 err_q1=0
GGML_OP_PROFILE op=mul_mat name=Vcur-43 ne=1024x2048x1x1 type_src0=23 rows=2048 cols=5120 stream=0x578ae716eab0 total_ms=0.1124 host_ms=0.2261 err_el=0 err_q0=0 err_q1=0
GGML_OP_PROFILE op=mul_mat name=Kcur-43 ne=1024x2048x1x1 type_src0=23 rows=2048 cols=5120 stream=0x578ae716eab0 total_ms=0.1308 host_ms=0.1672 err_el=0 err_q0=0 err_q1=0
GGML_OP_PROFILE op=mul_mat name=attn_output-43 ne=5120x2048x1x1 type_src0=23 rows=2048 cols=6144 stream=0x578ae716eab0 total_ms=0.4055 host_ms=1.2724 err_el=0 err_q0=0 err_q1=0
GGML_OP_PROFILE op=mul_mat name=ffn_gate-43 ne=17408x2048x1x1 type_src0=10 rows=2048 cols=5120 stream=0x578ae716eab0 total_ms=1.8186 host_ms=2.1845 err_el=0 err_q0=0 err_q1=0
GGML_OP_PROFILE op=mul_mat name=ffn_up-43 ne=17408x2048x1x1 type_src0=18 rows=2048 cols=5120 stream=0x578ae716eab0 total_ms=1.1916 host_ms=1.2393 err_el=0 err_q0=0 err_q1=0
GGML_OP_PROFILE op=mul_mat name=ffn_out-43 ne=5120x2048x1x1 type_src0=10 rows=2048 cols=17408 stream=0x578ae716eab0 total_ms=1.9581 host_ms=2.2302 err_el=0 err_q0=0 err_q1=0
GGML_OP_PROFILE op=mul_mat name=node_2521 ne=10240x2048x1x1 type_src0=10 rows=2048 cols=5120 stream=0x578ae716eab0 total_ms=1.1284 host_ms=1.2121 err_el=0 err_q0=0 err_q1=0
GGML_OP_PROFILE op=mul_mat name=node_2542 ne=48x2048x1x1 type_src0=8 rows=2048 cols=5120 stream=0x578ae716eab0 total_ms=0.0676 host_ms=0.4305 err_el=0 err_q0=0 err_q1=0
GGML_OP_PROFILE op=mul_mat name=node_2548 ne=48x2048x1x1 type_src0=8 rows=2048 cols=5120 stream=0x578ae716eab0 total_ms=0.0604 host_ms=0.0809 err_el=0 err_q0=0 err_q1=0
GGML_OP_PROFILE op=mul_mat name=z-44 ne=6144x2048x1x1 type_src0=10 rows=2048 cols=5120 stream=0x578ae716eab0 total_ms=0.7342 host_ms=2.3382 err_el=0 err_q0=0 err_q1=0
GGML_OP_PROFILE op=mul_mat name=linear_attn_out-44 ne=5120x2048x1x1 type_src0=18 rows=2048 cols=6144 stream=0x578ae716eab0 total_ms=0.4433 host_ms=0.5239 err_el=0 err_q0=0 err_q1=0
GGML_OP_PROFILE op=mul_mat name=ffn_gate-44 ne=17408x2048x1x1 type_src0=10 rows=2048 cols=5120 stream=0x578ae716eab0 total_ms=1.8245 host_ms=1.9111 err_el=0 err_q0=0 err_q1=0
GGML_OP_PROFILE op=mul_mat name=ffn_up-44 ne=17408x2048x1x1 type_src0=10 rows=2048 cols=5120 stream=0x578ae716eab0 total_ms=2.1515 host_ms=2.1936 err_el=0 err_q0=0 err_q1=0
GGML_OP_PROFILE op=mul_mat name=ffn_out-44 ne=5120x2048x1x1 type_src0=10 rows=2048 cols=17408 stream=0x578ae716eab0 total_ms=1.9518 host_ms=2.2342 err_el=0 err_q0=0 err_q1=0
GGML_OP_PROFILE op=mul_mat name=node_2584 ne=10240x2048x1x1 type_src0=18 rows=2048 cols=5120 stream=0x578ae716eab0 total_ms=0.7291 host_ms=0.8082 err_el=0 err_q0=0 err_q1=0
GGML_OP_PROFILE op=mul_mat name=node_2605 ne=48x2048x1x1 type_src0=8 rows=2048 cols=5120 stream=0x578ae716eab0 total_ms=0.0696 host_ms=0.3857 err_el=0 err_q0=0 err_q1=0
GGML_OP_PROFILE op=mul_mat name=node_2611 ne=48x2048x1x1 type_src0=8 rows=2048 cols=5120 stream=0x578ae716eab0 total_ms=0.0648 host_ms=0.1408 err_el=0 err_q0=0 err_q1=0
GGML_OP_PROFILE op=mul_mat name=z-45 ne=6144x2048x1x1 type_src0=17 rows=2048 cols=5120 stream=0x578ae716eab0 total_ms=0.6400 host_ms=2.2919 err_el=0 err_q0=0 err_q1=0
GGML_OP_PROFILE op=mul_mat name=linear_attn_out-45 ne=5120x2048x1x1 type_src0=10 rows=2048 cols=6144 stream=0x578ae716eab0 total_ms=0.6955 host_ms=0.7824 err_el=0 err_q0=0 err_q1=0
GGML_OP_PROFILE op=mul_mat name=ffn_gate-45 ne=17408x2048x1x1 type_src0=10 rows=2048 cols=5120 stream=0x578ae716eab0 total_ms=1.8145 host_ms=1.9106 err_el=0 err_q0=0 err_q1=0
GGML_OP_PROFILE op=mul_mat name=ffn_up-45 ne=17408x2048x1x1 type_src0=10 rows=2048 cols=5120 stream=0x578ae716eab0 total_ms=1.8504 host_ms=1.8913 err_el=0 err_q0=0 err_q1=0
GGML_OP_PROFILE op=mul_mat name=ffn_out-45 ne=5120x2048x1x1 type_src0=10 rows=2048 cols=17408 stream=0x578ae716eab0 total_ms=2.2602 host_ms=2.5787 err_el=0 err_q0=0 err_q1=0
GGML_OP_PROFILE op=mul_mat name=node_2647 ne=10240x2048x1x1 type_src0=18 rows=2048 cols=5120 stream=0x578ae716eab0 total_ms=0.7846 host_ms=0.8552 err_el=0 err_q0=0 err_q1=0
GGML_OP_PROFILE op=mul_mat name=node_2668 ne=48x2048x1x1 type_src0=8 rows=2048 cols=5120 stream=0x578ae716eab0 total_ms=0.0676 host_ms=0.4380 err_el=0 err_q0=0 err_q1=0
GGML_OP_PROFILE op=mul_mat name=node_2674 ne=48x2048x1x1 type_src0=8 rows=2048 cols=5120 stream=0x578ae716eab0 total_ms=0.0941 host_ms=0.1154 err_el=0 err_q0=0 err_q1=0
GGML_OP_PROFILE op=mul_mat name=z-46 ne=6144x2048x1x1 type_src0=10 rows=2048 cols=5120 stream=0x578ae716eab0 total_ms=0.7342 host_ms=2.3809 err_el=0 err_q0=0 err_q1=0
GGML_OP_PROFILE op=mul_mat name=linear_attn_out-46 ne=5120x2048x1x1 type_src0=18 rows=2048 cols=6144 stream=0x578ae716eab0 total_ms=0.4453 host_ms=0.5227 err_el=0 err_q0=0 err_q1=0
GGML_OP_PROFILE op=mul_mat name=ffn_gate-46 ne=17408x2048x1x1 type_src0=17 rows=2048 cols=5120 stream=0x578ae716eab0 total_ms=1.5803 host_ms=1.6647 err_el=0 err_q0=0 err_q1=0
GGML_OP_PROFILE op=mul_mat name=ffn_up-46 ne=17408x2048x1x1 type_src0=10 rows=2048 cols=5120 stream=0x578ae716eab0 total_ms=1.8847 host_ms=1.9236 err_el=0 err_q0=0 err_q1=0
GGML_OP_PROFILE op=mul_mat name=ffn_out-46 ne=5120x2048x1x1 type_src0=10 rows=2048 cols=17408 stream=0x578ae716eab0 total_ms=1.9516 host_ms=2.2228 err_el=0 err_q0=0 err_q1=0
GGML_OP_PROFILE op=mul_mat name=Qcur_full-47 ne=12288x2048x1x1 type_src0=10 rows=2048 cols=5120 stream=0x578ae716eab0 total_ms=1.6671 host_ms=1.7762 err_el=0 err_q0=0 err_q1=0
GGML_OP_PROFILE op=mul_mat name=Vcur-47 ne=1024x2048x1x1 type_src0=23 rows=2048 cols=5120 stream=0x578ae716eab0 total_ms=0.1126 host_ms=0.2316 err_el=0 err_q0=0 err_q1=0
GGML_OP_PROFILE op=mul_mat name=Kcur-47 ne=1024x2048x1x1 type_src0=23 rows=2048 cols=5120 stream=0x578ae716eab0 total_ms=0.0970 host_ms=0.1381 err_el=0 err_q0=0 err_q1=0
GGML_OP_PROFILE op=mul_mat name=attn_output-47 ne=5120x2048x1x1 type_src0=18 rows=2048 cols=6144 stream=0x578ae716eab0 total_ms=0.4403 host_ms=1.3077 err_el=0 err_q0=0 err_q1=0
GGML_OP_PROFILE op=mul_mat name=ffn_gate-47 ne=17408x2048x1x1 type_src0=10 rows=2048 cols=5120 stream=0x578ae716eab0 total_ms=1.8204 host_ms=1.9035 err_el=0 err_q0=0 err_q1=0
GGML_OP_PROFILE op=mul_mat name=ffn_up-47 ne=17408x2048x1x1 type_src0=10 rows=2048 cols=5120 stream=0x578ae716eab0 total_ms=1.8976 host_ms=1.9330 err_el=0 err_q0=0 err_q1=0
GGML_OP_PROFILE op=mul_mat name=ffn_out-47 ne=5120x2048x1x1 type_src0=10 rows=2048 cols=17408 stream=0x578ae716eab0 total_ms=1.9496 host_ms=2.2277 err_el=0 err_q0=0 err_q1=0
GGML_OP_PROFILE op=mul_mat name=node_2749 ne=10240x2048x1x1 type_src0=18 rows=2048 cols=5120 stream=0x578ae716eab0 total_ms=0.7285 host_ms=0.8139 err_el=0 err_q0=0 err_q1=0
GGML_OP_PROFILE op=mul_mat name=node_2770 ne=48x2048x1x1 type_src0=8 rows=2048 cols=5120 stream=0x578ae716eab0 total_ms=0.0676 host_ms=0.4311 err_el=0 err_q0=0 err_q1=0
GGML_OP_PROFILE op=mul_mat name=node_2776 ne=48x2048x1x1 type_src0=8 rows=2048 cols=5120 stream=0x578ae716eab0 total_ms=0.0939 host_ms=0.1130 err_el=0 err_q0=0 err_q1=0
GGML_OP_PROFILE op=mul_mat name=z-48 ne=6144x2048x1x1 type_src0=17 rows=2048 cols=5120 stream=0x578ae716eab0 total_ms=0.8977 host_ms=2.5432 err_el=0 err_q0=0 err_q1=0
GGML_OP_PROFILE op=mul_mat name=linear_attn_out-48 ne=5120x2048x1x1 type_src0=18 rows=2048 cols=6144 stream=0x578ae716eab0 total_ms=0.4446 host_ms=0.5337 err_el=0 err_q0=0 err_q1=0
GGML_OP_PROFILE op=mul_mat name=ffn_gate-48 ne=17408x2048x1x1 type_src0=10 rows=2048 cols=5120 stream=0x578ae716eab0 total_ms=1.8225 host_ms=1.9050 err_el=0 err_q0=0 err_q1=0
GGML_OP_PROFILE op=mul_mat name=ffn_up-48 ne=17408x2048x1x1 type_src0=10 rows=2048 cols=5120 stream=0x578ae716eab0 total_ms=1.8493 host_ms=1.8899 err_el=0 err_q0=0 err_q1=0
GGML_OP_PROFILE op=mul_mat name=ffn_out-48 ne=5120x2048x1x1 type_src0=10 rows=2048 cols=17408 stream=0x578ae716eab0 total_ms=1.9516 host_ms=2.2248 err_el=0 err_q0=0 err_q1=0
GGML_OP_PROFILE op=mul_mat name=node_2812 ne=10240x2048x1x1 type_src0=18 rows=2048 cols=5120 stream=0x578ae716eab0 total_ms=0.7291 host_ms=0.8123 err_el=0 err_q0=0 err_q1=0
GGML_OP_PROFILE op=mul_mat name=node_2833 ne=48x2048x1x1 type_src0=8 rows=2048 cols=5120 stream=0x578ae716eab0 total_ms=0.0676 host_ms=0.4385 err_el=0 err_q0=0 err_q1=0
GGML_OP_PROFILE op=mul_mat name=node_2839 ne=48x2048x1x1 type_src0=8 rows=2048 cols=5120 stream=0x578ae716eab0 total_ms=0.0979 host_ms=0.1789 err_el=0 err_q0=0 err_q1=0
GGML_OP_PROFILE op=mul_mat name=z-49 ne=6144x2048x1x1 type_src0=22 rows=2048 cols=5120 stream=0x578ae716eab0 total_ms=0.6339 host_ms=2.2784 err_el=0 err_q0=0 err_q1=0
GGML_OP_PROFILE op=mul_mat name=linear_attn_out-49 ne=5120x2048x1x1 type_src0=18 rows=2048 cols=6144 stream=0x578ae716eab0 total_ms=0.4432 host_ms=0.5271 err_el=0 err_q0=0 err_q1=0
GGML_OP_PROFILE op=mul_mat name=ffn_gate-49 ne=17408x2048x1x1 type_src0=10 rows=2048 cols=5120 stream=0x578ae716eab0 total_ms=2.1228 host_ms=2.2137 err_el=0 err_q0=0 err_q1=0
GGML_OP_PROFILE op=mul_mat name=ffn_up-49 ne=17408x2048x1x1 type_src0=18 rows=2048 cols=5120 stream=0x578ae716eab0 total_ms=1.2366 host_ms=1.2846 err_el=0 err_q0=0 err_q1=0
GGML_OP_PROFILE op=mul_mat name=ffn_out-49 ne=5120x2048x1x1 type_src0=18 rows=2048 cols=17408 stream=0x578ae716eab0 total_ms=1.2730 host_ms=1.5459 err_el=0 err_q0=0 err_q1=0
GGML_OP_PROFILE op=mul_mat name=node_2875 ne=10240x2048x1x1 type_src0=10 rows=2048 cols=5120 stream=0x578ae716eab0 total_ms=1.1302 host_ms=1.2077 err_el=0 err_q0=0 err_q1=0
GGML_OP_PROFILE op=mul_mat name=node_2896 ne=48x2048x1x1 type_src0=8 rows=2048 cols=5120 stream=0x578ae716eab0 total_ms=0.0696 host_ms=0.4396 err_el=0 err_q0=0 err_q1=0
GGML_OP_PROFILE op=mul_mat name=node_2902 ne=48x2048x1x1 type_src0=8 rows=2048 cols=5120 stream=0x578ae716eab0 total_ms=0.1104 host_ms=0.1378 err_el=0 err_q0=0 err_q1=0
GGML_OP_PROFILE op=mul_mat name=z-50 ne=6144x2048x1x1 type_src0=10 rows=2048 cols=5120 stream=0x578ae716eab0 total_ms=0.7363 host_ms=2.3768 err_el=0 err_q0=0 err_q1=0
GGML_OP_PROFILE op=mul_mat name=linear_attn_out-50 ne=5120x2048x1x1 type_src0=21 rows=2048 cols=6144 stream=0x578ae716eab0 total_ms=0.4576 host_ms=0.5395 err_el=0 err_q0=0 err_q1=0
GGML_OP_PROFILE op=mul_mat name=ffn_gate-50 ne=17408x2048x1x1 type_src0=10 rows=2048 cols=5120 stream=0x578ae716eab0 total_ms=1.8306 host_ms=1.8985 err_el=0 err_q0=0 err_q1=0
GGML_OP_PROFILE op=mul_mat name=ffn_up-50 ne=17408x2048x1x1 type_src0=10 rows=2048 cols=5120 stream=0x578ae716eab0 total_ms=2.0726 host_ms=2.1065 err_el=0 err_q0=0 err_q1=0
GGML_OP_PROFILE op=mul_mat name=ffn_out-50 ne=5120x2048x1x1 type_src0=18 rows=2048 cols=17408 stream=0x578ae716eab0 total_ms=1.2737 host_ms=1.5571 err_el=0 err_q0=0 err_q1=0
GGML_OP_PROFILE op=mul_mat name=Qcur_full-51 ne=12288x2048x1x1 type_src0=18 rows=2048 cols=5120 stream=0x578ae716eab0 total_ms=0.9290 host_ms=0.9977 err_el=0 err_q0=0 err_q1=0
GGML_OP_PROFILE op=mul_mat name=Vcur-51 ne=1024x2048x1x1 type_src0=12 rows=2048 cols=5120 stream=0x578ae716eab0 total_ms=0.1226 host_ms=0.2457 err_el=0 err_q0=0 err_q1=0
GGML_OP_PROFILE op=mul_mat name=Kcur-51 ne=1024x2048x1x1 type_src0=23 rows=2048 cols=5120 stream=0x578ae716eab0 total_ms=0.1065 host_ms=0.1449 err_el=0 err_q0=0 err_q1=0
GGML_OP_PROFILE op=mul_mat name=attn_output-51 ne=5120x2048x1x1 type_src0=21 rows=2048 cols=6144 stream=0x578ae716eab0 total_ms=0.4546 host_ms=1.1893 err_el=0 err_q0=0 err_q1=0
GGML_OP_PROFILE op=mul_mat name=ffn_gate-51 ne=17408x2048x1x1 type_src0=10 rows=2048 cols=5120 stream=0x578ae716eab0 total_ms=1.8675 host_ms=1.9381 err_el=0 err_q0=0 err_q1=0
GGML_OP_PROFILE op=mul_mat name=ffn_up-51 ne=17408x2048x1x1 type_src0=18 rows=2048 cols=5120 stream=0x578ae716eab0 total_ms=1.1996 host_ms=1.2456 err_el=0 err_q0=0 err_q1=0
GGML_OP_PROFILE op=mul_mat name=ffn_out-51 ne=5120x2048x1x1 type_src0=18 rows=2048 cols=17408 stream=0x578ae716eab0 total_ms=1.2685 host_ms=1.5391 err_el=0 err_q0=0 err_q1=0
GGML_OP_PROFILE op=mul_mat name=node_2977 ne=10240x2048x1x1 type_src0=10 rows=2048 cols=5120 stream=0x578ae716eab0 total_ms=1.1305 host_ms=1.2194 err_el=0 err_q0=0 err_q1=0
GGML_OP_PROFILE op=mul_mat name=node_2998 ne=48x2048x1x1 type_src0=8 rows=2048 cols=5120 stream=0x578ae716eab0 total_ms=0.0696 host_ms=0.4337 err_el=0 err_q0=0 err_q1=0
GGML_OP_PROFILE op=mul_mat name=node_3004 ne=48x2048x1x1 type_src0=8 rows=2048 cols=5120 stream=0x578ae716eab0 total_ms=0.1135 host_ms=0.1381 err_el=0 err_q0=0 err_q1=0
GGML_OP_PROFILE op=mul_mat name=z-52 ne=6144x2048x1x1 type_src0=10 rows=2048 cols=5120 stream=0x578ae716eab0 total_ms=0.7332 host_ms=2.7528 err_el=0 err_q0=0 err_q1=0
GGML_OP_PROFILE op=mul_mat name=linear_attn_out-52 ne=5120x2048x1x1 type_src0=21 rows=2048 cols=6144 stream=0x578ae716eab0 total_ms=0.4576 host_ms=0.5489 err_el=0 err_q0=0 err_q1=0
GGML_OP_PROFILE op=mul_mat name=ffn_gate-52 ne=17408x2048x1x1 type_src0=10 rows=2048 cols=5120 stream=0x578ae716eab0 total_ms=1.8227 host_ms=1.9109 err_el=0 err_q0=0 err_q1=0
GGML_OP_PROFILE op=mul_mat name=ffn_up-52 ne=17408x2048x1x1 type_src0=18 rows=2048 cols=5120 stream=0x578ae716eab0 total_ms=1.1988 host_ms=1.2374 err_el=0 err_q0=0 err_q1=0
GGML_OP_PROFILE op=mul_mat name=ffn_out-52 ne=5120x2048x1x1 type_src0=18 rows=2048 cols=17408 stream=0x578ae716eab0 total_ms=1.2727 host_ms=1.5438 err_el=0 err_q0=0 err_q1=0
GGML_OP_PROFILE op=mul_mat name=node_3040 ne=10240x2048x1x1 type_src0=10 rows=2048 cols=5120 stream=0x578ae716eab0 total_ms=1.1810 host_ms=1.2389 err_el=0 err_q0=0 err_q1=0
GGML_OP_PROFILE op=mul_mat name=node_3061 ne=48x2048x1x1 type_src0=8 rows=2048 cols=5120 stream=0x578ae716eab0 total_ms=0.0676 host_ms=0.4236 err_el=0 err_q0=0 err_q1=0
GGML_OP_PROFILE op=mul_mat name=node_3067 ne=48x2048x1x1 type_src0=8 rows=2048 cols=5120 stream=0x578ae716eab0 total_ms=0.1115 host_ms=0.1353 err_el=0 err_q0=0 err_q1=0
GGML_OP_PROFILE op=mul_mat name=z-53 ne=6144x2048x1x1 type_src0=10 rows=2048 cols=5120 stream=0x578ae716eab0 total_ms=0.7342 host_ms=2.4136 err_el=0 err_q0=0 err_q1=0
GGML_OP_PROFILE op=mul_mat name=linear_attn_out-53 ne=5120x2048x1x1 type_src0=21 rows=2048 cols=6144 stream=0x578ae716eab0 total_ms=0.4579 host_ms=0.5454 err_el=0 err_q0=0 err_q1=0
GGML_OP_PROFILE op=mul_mat name=ffn_gate-53 ne=17408x2048x1x1 type_src0=10 rows=2048 cols=5120 stream=0x578ae716eab0 total_ms=2.1061 host_ms=2.1917 err_el=0 err_q0=0 err_q1=0
GGML_OP_PROFILE op=mul_mat name=ffn_up-53 ne=17408x2048x1x1 type_src0=18 rows=2048 cols=5120 stream=0x578ae716eab0 total_ms=1.2012 host_ms=1.2497 err_el=0 err_q0=0 err_q1=0
GGML_OP_PROFILE op=mul_mat name=ffn_out-53 ne=5120x2048x1x1 type_src0=18 rows=2048 cols=17408 stream=0x578ae716eab0 total_ms=1.2710 host_ms=1.5470 err_el=0 err_q0=0 err_q1=0
GGML_OP_PROFILE op=mul_mat name=node_3103 ne=10240x2048x1x1 type_src0=10 rows=2048 cols=5120 stream=0x578ae716eab0 total_ms=1.1305 host_ms=1.2152 err_el=0 err_q0=0 err_q1=0
GGML_OP_PROFILE op=mul_mat name=node_3124 ne=48x2048x1x1 type_src0=8 rows=2048 cols=5120 stream=0x578ae716eab0 total_ms=0.0676 host_ms=0.4415 err_el=0 err_q0=0 err_q1=0
GGML_OP_PROFILE op=mul_mat name=node_3130 ne=48x2048x1x1 type_src0=8 rows=2048 cols=5120 stream=0x578ae716eab0 total_ms=0.1044 host_ms=0.1262 err_el=0 err_q0=0 err_q1=0
GGML_OP_PROFILE op=mul_mat name=z-54 ne=6144x2048x1x1 type_src0=10 rows=2048 cols=5120 stream=0x578ae716eab0 total_ms=0.7322 host_ms=2.3732 err_el=0 err_q0=0 err_q1=0
GGML_OP_PROFILE op=mul_mat name=linear_attn_out-54 ne=5120x2048x1x1 type_src0=18 rows=2048 cols=6144 stream=0x578ae716eab0 total_ms=0.4410 host_ms=0.5209 err_el=0 err_q0=0 err_q1=0
GGML_OP_PROFILE op=mul_mat name=ffn_gate-54 ne=17408x2048x1x1 type_src0=18 rows=2048 cols=5120 stream=0x578ae716eab0 total_ms=1.1694 host_ms=1.2645 err_el=0 err_q0=0 err_q1=0
GGML_OP_PROFILE op=mul_mat name=ffn_up-54 ne=17408x2048x1x1 type_src0=18 rows=2048 cols=5120 stream=0x578ae716eab0 total_ms=1.1959 host_ms=1.2393 err_el=0 err_q0=0 err_q1=0
GGML_OP_PROFILE op=mul_mat name=ffn_out-54 ne=5120x2048x1x1 type_src0=21 rows=2048 cols=17408 stream=0x578ae716eab0 total_ms=1.3073 host_ms=1.5777 err_el=0 err_q0=0 err_q1=0
GGML_OP_PROFILE op=mul_mat name=Qcur_full-55 ne=12288x2048x1x1 type_src0=10 rows=2048 cols=5120 stream=0x578ae716eab0 total_ms=1.3701 host_ms=1.5313 err_el=0 err_q0=0 err_q1=0
GGML_OP_PROFILE op=mul_mat name=Vcur-55 ne=1024x2048x1x1 type_src0=23 rows=2048 cols=5120 stream=0x578ae716eab0 total_ms=0.1138 host_ms=0.2252 err_el=0 err_q0=0 err_q1=0
GGML_OP_PROFILE op=mul_mat name=Kcur-55 ne=1024x2048x1x1 type_src0=23 rows=2048 cols=5120 stream=0x578ae716eab0 total_ms=0.0965 host_ms=0.1395 err_el=0 err_q0=0 err_q1=0
GGML_OP_PROFILE op=mul_mat name=attn_output-55 ne=5120x2048x1x1 type_src0=21 rows=2048 cols=6144 stream=0x578ae716eab0 total_ms=0.4505 host_ms=1.3210 err_el=0 err_q0=0 err_q1=0
GGML_OP_PROFILE op=mul_mat name=ffn_gate-55 ne=17408x2048x1x1 type_src0=10 rows=2048 cols=5120 stream=0x578ae716eab0 total_ms=1.8186 host_ms=1.9044 err_el=0 err_q0=0 err_q1=0
GGML_OP_PROFILE op=mul_mat name=ffn_up-55 ne=17408x2048x1x1 type_src0=18 rows=2048 cols=5120 stream=0x578ae716eab0 total_ms=1.1930 host_ms=1.2358 err_el=0 err_q0=0 err_q1=0
GGML_OP_PROFILE op=mul_mat name=ffn_out-55 ne=5120x2048x1x1 type_src0=21 rows=2048 cols=17408 stream=0x578ae716eab0 total_ms=1.3028 host_ms=1.5773 err_el=0 err_q0=0 err_q1=0
GGML_OP_PROFILE op=mul_mat name=node_3205 ne=10240x2048x1x1 type_src0=21 rows=2048 cols=5120 stream=0x578ae716eab0 total_ms=0.7492 host_ms=0.8243 err_el=0 err_q0=0 err_q1=0
GGML_OP_PROFILE op=mul_mat name=node_3226 ne=48x2048x1x1 type_src0=8 rows=2048 cols=5120 stream=0x578ae716eab0 total_ms=0.0696 host_ms=0.4287 err_el=0 err_q0=0 err_q1=0
GGML_OP_PROFILE op=mul_mat name=node_3232 ne=48x2048x1x1 type_src0=8 rows=2048 cols=5120 stream=0x578ae716eab0 total_ms=0.0959 host_ms=0.1172 err_el=0 err_q0=0 err_q1=0
GGML_OP_PROFILE op=mul_mat name=z-56 ne=6144x2048x1x1 type_src0=21 rows=2048 cols=5120 stream=0x578ae716eab0 total_ms=0.4925 host_ms=2.1445 err_el=0 err_q0=0 err_q1=0
GGML_OP_PROFILE op=mul_mat name=linear_attn_out-56 ne=5120x2048x1x1 type_src0=23 rows=2048 cols=6144 stream=0x578ae716eab0 total_ms=0.8158 host_ms=0.8835 err_el=0 err_q0=0 err_q1=0
GGML_OP_PROFILE op=mul_mat name=ffn_gate-56 ne=17408x2048x1x1 type_src0=21 rows=2048 cols=5120 stream=0x578ae716eab0 total_ms=1.2121 host_ms=1.3087 err_el=0 err_q0=0 err_q1=0
GGML_OP_PROFILE op=mul_mat name=ffn_up-56 ne=17408x2048x1x1 type_src0=23 rows=2048 cols=5120 stream=0x578ae716eab0 total_ms=1.1009 host_ms=1.1433 err_el=0 err_q0=0 err_q1=0
GGML_OP_PROFILE op=mul_mat name=ffn_out-56 ne=5120x2048x1x1 type_src0=23 rows=2048 cols=17408 stream=0x578ae716eab0 total_ms=1.1702 host_ms=1.4426 err_el=0 err_q0=0 err_q1=0
GGML_OP_PROFILE op=mul_mat name=node_3268 ne=10240x2048x1x1 type_src0=18 rows=2048 cols=5120 stream=0x578ae716eab0 total_ms=0.7250 host_ms=0.8098 err_el=0 err_q0=0 err_q1=0
GGML_OP_PROFILE op=mul_mat name=node_3289 ne=48x2048x1x1 type_src0=8 rows=2048 cols=5120 stream=0x578ae716eab0 total_ms=0.0696 host_ms=0.4422 err_el=0 err_q0=0 err_q1=0
GGML_OP_PROFILE op=mul_mat name=node_3295 ne=48x2048x1x1 type_src0=8 rows=2048 cols=5120 stream=0x578ae716eab0 total_ms=0.0947 host_ms=0.1160 err_el=0 err_q0=0 err_q1=0
GGML_OP_PROFILE op=mul_mat name=z-57 ne=6144x2048x1x1 type_src0=21 rows=2048 cols=5120 stream=0x578ae716eab0 total_ms=0.4925 host_ms=2.1497 err_el=0 err_q0=0 err_q1=0
GGML_OP_PROFILE op=mul_mat name=linear_attn_out-57 ne=5120x2048x1x1 type_src0=23 rows=2048 cols=6144 stream=0x578ae716eab0 total_ms=0.4067 host_ms=0.4887 err_el=0 err_q0=0 err_q1=0
GGML_OP_PROFILE op=mul_mat name=ffn_gate-57 ne=17408x2048x1x1 type_src0=23 rows=2048 cols=5120 stream=0x578ae716eab0 total_ms=1.0773 host_ms=1.1674 err_el=0 err_q0=0 err_q1=0
GGML_OP_PROFILE op=mul_mat name=ffn_up-57 ne=17408x2048x1x1 type_src0=23 rows=2048 cols=5120 stream=0x578ae716eab0 total_ms=1.1004 host_ms=1.1461 err_el=0 err_q0=0 err_q1=0
GGML_OP_PROFILE op=mul_mat name=ffn_out-57 ne=5120x2048x1x1 type_src0=23 rows=2048 cols=17408 stream=0x578ae716eab0 total_ms=1.1748 host_ms=1.4547 err_el=0 err_q0=0 err_q1=0
GGML_OP_PROFILE op=mul_mat name=node_3331 ne=10240x2048x1x1 type_src0=21 rows=2048 cols=5120 stream=0x578ae716eab0 total_ms=0.7516 host_ms=0.8983 err_el=0 err_q0=0 err_q1=0
GGML_OP_PROFILE op=mul_mat name=node_3352 ne=48x2048x1x1 type_src0=8 rows=2048 cols=5120 stream=0x578ae716eab0 total_ms=0.0676 host_ms=0.4392 err_el=0 err_q0=0 err_q1=0
GGML_OP_PROFILE op=mul_mat name=node_3358 ne=48x2048x1x1 type_src0=8 rows=2048 cols=5120 stream=0x578ae716eab0 total_ms=0.0468 host_ms=0.0754 err_el=0 err_q0=0 err_q1=0
GGML_OP_PROFILE op=mul_mat name=z-58 ne=6144x2048x1x1 type_src0=21 rows=2048 cols=5120 stream=0x578ae716eab0 total_ms=0.4946 host_ms=2.1391 err_el=0 err_q0=0 err_q1=0
GGML_OP_PROFILE op=mul_mat name=linear_attn_out-58 ne=5120x2048x1x1 type_src0=23 rows=2048 cols=6144 stream=0x578ae716eab0 total_ms=0.4084 host_ms=0.4886 err_el=0 err_q0=0 err_q1=0
GGML_OP_PROFILE op=mul_mat name=ffn_gate-58 ne=17408x2048x1x1 type_src0=23 rows=2048 cols=5120 stream=0x578ae716eab0 total_ms=1.2267 host_ms=1.2801 err_el=0 err_q0=0 err_q1=0
GGML_OP_PROFILE op=mul_mat name=ffn_up-58 ne=17408x2048x1x1 type_src0=23 rows=2048 cols=5120 stream=0x578ae716eab0 total_ms=1.4215 host_ms=1.4618 err_el=0 err_q0=0 err_q1=0
GGML_OP_PROFILE op=mul_mat name=ffn_out-58 ne=5120x2048x1x1 type_src0=23 rows=2048 cols=17408 stream=0x578ae716eab0 total_ms=1.1661 host_ms=1.4481 err_el=0 err_q0=0 err_q1=0
GGML_OP_PROFILE op=mul_mat name=Qcur_full-59 ne=12288x2048x1x1 type_src0=18 rows=2048 cols=5120 stream=0x578ae716eab0 total_ms=0.8698 host_ms=0.9456 err_el=0 err_q0=0 err_q1=0
GGML_OP_PROFILE op=mul_mat name=Vcur-59 ne=1024x2048x1x1 type_src0=13 rows=2048 cols=5120 stream=0x578ae716eab0 total_ms=0.1250 host_ms=0.2403 err_el=0 err_q0=0 err_q1=0
GGML_OP_PROFILE op=mul_mat name=Kcur-59 ne=1024x2048x1x1 type_src0=12 rows=2048 cols=5120 stream=0x578ae716eab0 total_ms=0.1149 host_ms=0.1555 err_el=0 err_q0=0 err_q1=0
GGML_OP_PROFILE op=mul_mat name=attn_output-59 ne=5120x2048x1x1 type_src0=23 rows=2048 cols=6144 stream=0x578ae716eab0 total_ms=0.4014 host_ms=1.1627 err_el=0 err_q0=0 err_q1=0
GGML_OP_PROFILE op=mul_mat name=ffn_gate-59 ne=17408x2048x1x1 type_src0=23 rows=2048 cols=5120 stream=0x578ae716eab0 total_ms=1.3521 host_ms=1.4290 err_el=0 err_q0=0 err_q1=0
GGML_OP_PROFILE op=mul_mat name=ffn_up-59 ne=17408x2048x1x1 type_src0=23 rows=2048 cols=5120 stream=0x578ae716eab0 total_ms=1.1001 host_ms=1.1446 err_el=0 err_q0=0 err_q1=0
GGML_OP_PROFILE op=mul_mat name=ffn_out-59 ne=5120x2048x1x1 type_src0=23 rows=2048 cols=17408 stream=0x578ae716eab0 total_ms=1.1722 host_ms=1.4474 err_el=0 err_q0=0 err_q1=0
GGML_OP_PROFILE op=mul_mat name=node_3433 ne=10240x2048x1x1 type_src0=21 rows=2048 cols=5120 stream=0x578ae716eab0 total_ms=0.7513 host_ms=0.8345 err_el=0 err_q0=0 err_q1=0
GGML_OP_PROFILE op=mul_mat name=node_3454 ne=48x2048x1x1 type_src0=8 rows=2048 cols=5120 stream=0x578ae716eab0 total_ms=0.0676 host_ms=0.4356 err_el=0 err_q0=0 err_q1=0
GGML_OP_PROFILE op=mul_mat name=node_3460 ne=48x2048x1x1 type_src0=8 rows=2048 cols=5120 stream=0x578ae716eab0 total_ms=0.0686 host_ms=0.0892 err_el=0 err_q0=0 err_q1=0
GGML_OP_PROFILE op=mul_mat name=z-60 ne=6144x2048x1x1 type_src0=21 rows=2048 cols=5120 stream=0x578ae716eab0 total_ms=0.4925 host_ms=2.1370 err_el=0 err_q0=0 err_q1=0
GGML_OP_PROFILE op=mul_mat name=linear_attn_out-60 ne=5120x2048x1x1 type_src0=23 rows=2048 cols=6144 stream=0x578ae716eab0 total_ms=0.4068 host_ms=0.4937 err_el=0 err_q0=0 err_q1=0
GGML_OP_PROFILE op=mul_mat name=ffn_gate-60 ne=17408x2048x1x1 type_src0=23 rows=2048 cols=5120 stream=0x578ae716eab0 total_ms=1.0752 host_ms=1.2491 err_el=0 err_q0=0 err_q1=0
GGML_OP_PROFILE op=mul_mat name=ffn_up-60 ne=17408x2048x1x1 type_src0=23 rows=2048 cols=5120 stream=0x578ae716eab0 total_ms=1.1001 host_ms=1.1392 err_el=0 err_q0=0 err_q1=0
GGML_OP_PROFILE op=mul_mat name=ffn_out-60 ne=5120x2048x1x1 type_src0=23 rows=2048 cols=17408 stream=0x578ae716eab0 total_ms=1.1706 host_ms=1.4435 err_el=0 err_q0=0 err_q1=0
GGML_OP_PROFILE op=mul_mat name=node_3496 ne=10240x2048x1x1 type_src0=21 rows=2048 cols=5120 stream=0x578ae716eab0 total_ms=0.7513 host_ms=0.8406 err_el=0 err_q0=0 err_q1=0
GGML_OP_PROFILE op=mul_mat name=node_3517 ne=48x2048x1x1 type_src0=8 rows=2048 cols=5120 stream=0x578ae716eab0 total_ms=0.0696 host_ms=0.7071 err_el=0 err_q0=0 err_q1=0
GGML_OP_PROFILE op=mul_mat name=node_3523 ne=48x2048x1x1 type_src0=8 rows=2048 cols=5120 stream=0x578ae716eab0 total_ms=0.0483 host_ms=0.0732 err_el=0 err_q0=0 err_q1=0
GGML_OP_PROFILE op=mul_mat name=z-61 ne=6144x2048x1x1 type_src0=21 rows=2048 cols=5120 stream=0x578ae716eab0 total_ms=0.4905 host_ms=2.1319 err_el=0 err_q0=0 err_q1=0
GGML_OP_PROFILE op=mul_mat name=linear_attn_out-61 ne=5120x2048x1x1 type_src0=21 rows=2048 cols=6144 stream=0x578ae716eab0 total_ms=0.4554 host_ms=0.5367 err_el=0 err_q0=0 err_q1=0
GGML_OP_PROFILE op=mul_mat name=ffn_gate-61 ne=17408x2048x1x1 type_src0=23 rows=2048 cols=5120 stream=0x578ae716eab0 total_ms=1.0770 host_ms=1.1607 err_el=0 err_q0=0 err_q1=0
GGML_OP_PROFILE op=mul_mat name=ffn_up-61 ne=17408x2048x1x1 type_src0=23 rows=2048 cols=5120 stream=0x578ae716eab0 total_ms=1.1010 host_ms=1.1380 err_el=0 err_q0=0 err_q1=0
GGML_OP_PROFILE op=mul_mat name=ffn_out-61 ne=5120x2048x1x1 type_src0=23 rows=2048 cols=17408 stream=0x578ae716eab0 total_ms=1.1706 host_ms=1.4447 err_el=0 err_q0=0 err_q1=0
GGML_OP_PROFILE op=mul_mat name=node_3559 ne=10240x2048x1x1 type_src0=21 rows=2048 cols=5120 stream=0x578ae716eab0 total_ms=0.7490 host_ms=0.8288 err_el=0 err_q0=0 err_q1=0
GGML_OP_PROFILE op=mul_mat name=node_3580 ne=48x2048x1x1 type_src0=8 rows=2048 cols=5120 stream=0x578ae716eab0 total_ms=0.0676 host_ms=0.4432 err_el=0 err_q0=0 err_q1=0
GGML_OP_PROFILE op=mul_mat name=node_3586 ne=48x2048x1x1 type_src0=8 rows=2048 cols=5120 stream=0x578ae716eab0 total_ms=0.0640 host_ms=0.0815 err_el=0 err_q0=0 err_q1=0
GGML_OP_PROFILE op=mul_mat name=z-62 ne=6144x2048x1x1 type_src0=18 rows=2048 cols=5120 stream=0x578ae716eab0 total_ms=0.4741 host_ms=2.1081 err_el=0 err_q0=0 err_q1=0
GGML_OP_PROFILE op=mul_mat name=linear_attn_out-62 ne=5120x2048x1x1 type_src0=23 rows=2048 cols=6144 stream=0x578ae716eab0 total_ms=0.4064 host_ms=0.4861 err_el=0 err_q0=0 err_q1=0
GGML_OP_PROFILE op=mul_mat name=ffn_gate-62 ne=17408x2048x1x1 type_src0=23 rows=2048 cols=5120 stream=0x578ae716eab0 total_ms=1.3660 host_ms=1.4574 err_el=0 err_q0=0 err_q1=0
GGML_OP_PROFILE op=mul_mat name=ffn_up-62 ne=17408x2048x1x1 type_src0=23 rows=2048 cols=5120 stream=0x578ae716eab0 total_ms=1.0982 host_ms=1.1422 err_el=0 err_q0=0 err_q1=0
GGML_OP_PROFILE op=mul_mat name=ffn_out-62 ne=5120x2048x1x1 type_src0=21 rows=2048 cols=17408 stream=0x578ae716eab0 total_ms=1.2972 host_ms=1.5696 err_el=0 err_q0=0 err_q1=0
GGML_OP_PROFILE op=mul_mat name=Qcur_full-63 ne=12288x2048x1x1 type_src0=23 rows=2048 cols=5120 stream=0x578ae716eab0 total_ms=0.8172 host_ms=0.9078 err_el=0 err_q0=0 err_q1=0
GGML_OP_PROFILE op=mul_mat name=Vcur-63 ne=1024x2048x1x1 type_src0=13 rows=2048 cols=5120 stream=0x578ae716eab0 total_ms=0.1274 host_ms=0.2097 err_el=0 err_q0=0 err_q1=0
GGML_OP_PROFILE op=mul_mat name=Kcur-63 ne=1024x2048x1x1 type_src0=12 rows=2048 cols=5120 stream=0x578ae716eab0 total_ms=0.1438 host_ms=0.1832 err_el=0 err_q0=0 err_q1=0
GGML_OP_PROFILE op=mul_mat name=attn_output-63 ne=5120x2048x1x1 type_src0=23 rows=2048 cols=6144 stream=0x578ae716eab0 total_ms=0.4014 host_ms=1.2091 err_el=0 err_q0=0 err_q1=0
GGML_OP_PROFILE op=mul_mat name=ffn_gate-63 ne=17408x2048x1x1 type_src0=23 rows=2048 cols=5120 stream=0x578ae716eab0 total_ms=1.0766 host_ms=1.1535 err_el=0 err_q0=0 err_q1=0
GGML_OP_PROFILE op=mul_mat name=ffn_up-63 ne=17408x2048x1x1 type_src0=12 rows=2048 cols=5120 stream=0x578ae716eab0 total_ms=1.2344 host_ms=1.2702 err_el=0 err_q0=0 err_q1=0
GGML_OP_PROFILE op=mul_mat name=ffn_out-63 ne=5120x2048x1x1 type_src0=12 rows=2048 cols=17408 stream=0x578ae716eab0 total_ms=1.2993 host_ms=1.5678 err_el=0 err_q0=0 err_q1=0
GGML_OP_PROFILE op=mul_mat name=result_output ne=248320x1x1x1 type_src0=12 rows=1 cols=5120 stream=0x578ae716eab0 total_ms=0.4423 host_ms=0.5261 err_el=0 err_q0=0 err_q1=0
  {
    "build_commit": "be6bf478d",
    "build_number": 11313,
    "cpu_info": "AMD Ryzen 7 7800X3D 8-Core Processor",
    "gpu_info": "NVIDIA GeForce RTX 5090",
    "backends": "CUDA",
    "model_filename": "/mnt/d/CODEX WORKSPACE/beellama-release/models/Qwen3.8-27B-LowGPU-NoMTP-IQ3XXXS.gguf",
    "model_type": "qwen35 27B IQ1_S - 1.5625 bpw",
    "model_size": 9559668736,
    "model_n_params": 26895998464,
    "n_batch": 2048,
    "n_ubatch": 2048,
    "n_threads": 8,
    "cpu_mask": "0x0",
    "cpu_strict": false,
    "poll": 50,
    "type_k": "f16",
    "type_v": "f16",
    "kv_tail_tokens": 0,
    "kv_tail_tokens_effective": 0,
    "kv_tail_type": "f16",
    "kvarn_route_split": 0,
    "kvarn_route_vector": 0,
    "kvarn_route_generic": 0,
    "kvarn_route_prefill": 0,
    "kvarn_route_families": 15,
    "kvarn_route_portable": 0,
    "kvarn_route_amd_generic": 0,
    "kvarn_route_amd_split": 0,
    "kvarn_route_amd_vector": 0,
    "kvarn_route_materialize": 0,
    "kvarn_route_split_reduce": 0,
    "kvarn_route_direct": 0,
    "kvarn_route_compact_tail": 0,
    "kvarn_route_generic_rejected": 0,
    "kv_k_payload_bytes": 0,
    "kv_v_payload_bytes": 0,
    "kv_exact_tail_bytes": 0,
    "kv_exact_history_bytes": 0,
    "kv_exact_overlay_bytes": 0,
    "kv_native_exact_bytes": 0,
    "kv_rollback_reserve_bytes": 0,
    "kv_transient_estimate_bytes": 0,
    "kv_staging_bytes": 0,
    "kv_metadata_bytes": 0,
    "kv_padding_bytes": 0,
    "kv_resident_bytes": 0,
    "kv_global_resident_bytes": 0,
    "kv_swa_resident_bytes": 0,
    "kv_allocated_capacity_tokens": 0,
    "kv_live_tokens": 0,
    "kv_descriptor_bytes": 0,
    "kv_tail_native_bodyless_layers": 0,
    "kv_tail_native_mixed_layers": 0,
    "kv_tail_device_fallback_layers": 0,
    "kv_tail_cpu_layers": 0,
    "kv_partial_output_bytes": 0,
    "kv_partial_meta_bytes": 0,
    "kv_tail_body_meta_bytes": 0,
    "kv_tail_exact_meta_bytes": 0,
    "kv_tail_pack_bytes": 0,
    "kv_tail_body_output_bytes": 0,
    "kv_tail_exact_output_bytes": 0,
    "kv_tail_plan_input_bytes": 0,
    "kv_transient_bytes": 0,
    "kv_peak_bytes": 0,
    "cuda_used_model_bytes": 0,
    "cuda_used_context_bytes": 0,
    "cuda_used_prefill_bytes": 0,
    "cuda_used_peak_bytes": 0,
    "cuda_used_after_context_bytes": 0,
    "cuda_total_bytes": 0,
    "cuda_context_buffer_bytes": 0,
    "cuda_non_kv_context_buffer_bytes": 0,
    "cuda_compute_buffer_bytes": 0,
    "cuda_context_delta_bytes": 0,
    "cuda_peak_delta_bytes": 0,
    "cuda_reconciliation_delta_bytes": 0,
    "cuda_runtime_overhead_bytes": 0,
    "cuda_teardown_delta_bytes": 0,
    "n_gpu_layers": 99,
    "n_cpu_moe": 0,
    "split_mode": "layer",
    "main_gpu": 0,
    "no_kv_offload": false,
    "flash_attn": 1,
    "devices": "auto",
    "tensor_split": "0.00",
    "tensor_buft_overrides": "none",
    "load_mode": "auto",
    "embeddings": false,
    "no_op_offload": 0,
    "no_host": false,
    "fit_target": 0,
    "fit_min_ctx": 0,
    "n_prompt": 2048,
    "n_gen": 0,
    "n_depth": 0,
    "test_time": "2026-09-02T02:33:38Z",
    "avg_ns": 762494851,
    "stddev_ns": 0,
    "avg_ts": 2685.919777,
    "stddev_ts": 0.000000,
    "samples_ns": [ 762494851 ],
    "planner_ns": [ 0 ],
    "samples_ts": [ 2685.92 ]
  }
]
