ggml_cuda_init: found 1 CUDA devices (Total VRAM: 32606 MiB):
  Device 0: NVIDIA GeForce RTX 5090, compute capability 12.0, VMM: yes, VRAM: 32606 MiB
[
ESCHA_PROFILE k=2 ic=5120 oc=10240 rows=2048 gen=0 route=mma-fp16-mixedacc total_ms=7.9703 rotate_ms=4.9795 matmul_ms=2.7796 epilogue_ms=0.2113
ESCHA_PROFILE k=2 ic=5120 oc=6144 rows=2048 gen=0 route=mma-fp16-mixedacc total_ms=0.7829 rotate_ms=0.0588 matmul_ms=0.6689 epilogue_ms=0.0553
ESCHA_PROFILE k=2 ic=6144 oc=5120 rows=2048 gen=0 route=mma-fp16-mixedacc total_ms=0.6992 rotate_ms=0.0479 matmul_ms=0.6062 epilogue_ms=0.0451
ESCHA_PROFILE k=2 ic=5120 oc=17408 rows=2048 gen=0 route=mma-fp16-mixedacc total_ms=3.1714 rotate_ms=0.0410 matmul_ms=2.9429 epilogue_ms=0.1874
ESCHA_PROFILE k=3 ic=5120 oc=17408 rows=2048 gen=0 route=mma-fp16-mixedacc total_ms=2.3305 rotate_ms=0.0583 matmul_ms=2.0838 epilogue_ms=0.1884
ESCHA_PROFILE k=3 ic=17408 oc=5120 rows=2048 gen=0 route=mma-fp32-mixedacc total_ms=2.4691 rotate_ms=0.1751 matmul_ms=2.2454 epilogue_ms=0.0485
ESCHA_PROFILE k=2 ic=5120 oc=10240 rows=2048 gen=0 route=mma-fp16-mixedacc total_ms=1.1592 rotate_ms=0.0423 matmul_ms=1.0076 epilogue_ms=0.1093
ESCHA_PROFILE k=2 ic=5120 oc=6144 rows=2048 gen=0 route=mma-fp16-mixedacc total_ms=0.7737 rotate_ms=0.0549 matmul_ms=0.6635 epilogue_ms=0.0553
ESCHA_PROFILE k=2 ic=6144 oc=5120 rows=2048 gen=0 route=mma-fp16-mixedacc total_ms=0.7051 rotate_ms=0.0497 matmul_ms=0.6103 epilogue_ms=0.0450
ESCHA_PROFILE k=2 ic=5120 oc=17408 rows=2048 gen=0 route=mma-fp16-mixedacc total_ms=1.8572 rotate_ms=0.0428 matmul_ms=1.6282 epilogue_ms=0.1863
ESCHA_PROFILE k=3 ic=5120 oc=17408 rows=2048 gen=0 route=mma-fp16-mixedacc total_ms=1.9226 rotate_ms=0.0580 matmul_ms=1.6773 epilogue_ms=0.1874
ESCHA_PROFILE k=3 ic=17408 oc=5120 rows=2048 gen=0 route=mma-fp32-mixedacc total_ms=2.6622 rotate_ms=0.1708 matmul_ms=2.4422 epilogue_ms=0.0491
ESCHA_PROFILE k=2 ic=5120 oc=10240 rows=2048 gen=0 route=mma-fp16-mixedacc total_ms=1.1568 rotate_ms=0.0407 matmul_ms=1.0076 epilogue_ms=0.1085
ESCHA_PROFILE k=2 ic=5120 oc=6144 rows=2048 gen=0 route=mma-fp16-mixedacc total_ms=0.7718 rotate_ms=0.0530 matmul_ms=0.6636 epilogue_ms=0.0553
ESCHA_PROFILE k=2 ic=6144 oc=5120 rows=2048 gen=0 route=mma-fp16-mixedacc total_ms=0.7016 rotate_ms=0.0483 matmul_ms=0.6082 epilogue_ms=0.0451
ESCHA_PROFILE k=2 ic=5120 oc=17408 rows=2048 gen=0 route=mma-fp16-mixedacc total_ms=1.8593 rotate_ms=0.0407 matmul_ms=1.6302 epilogue_ms=0.1884
ESCHA_PROFILE k=3 ic=5120 oc=17408 rows=2048 gen=0 route=mma-fp16-mixedacc total_ms=1.9202 rotate_ms=0.0565 matmul_ms=1.6773 epilogue_ms=0.1864
ESCHA_PROFILE k=3 ic=17408 oc=5120 rows=2048 gen=0 route=mma-fp32-mixedacc total_ms=2.6104 rotate_ms=0.1692 matmul_ms=2.3901 epilogue_ms=0.0510
ESCHA_PROFILE k=2 ic=5120 oc=12288 rows=2048 gen=0 route=mma-fp16-mixedacc total_ms=1.4129 rotate_ms=0.0407 matmul_ms=1.2411 epilogue_ms=0.1311
ESCHA_PROFILE k=2 ic=5120 oc=1024 rows=2048 gen=0 route=mma-fp16-mixedacc total_ms=0.2041 rotate_ms=0.0555 matmul_ms=0.1364 epilogue_ms=0.0123
ESCHA_PROFILE k=2 ic=5120 oc=1024 rows=2048 gen=0 route=mma-fp16-mixedacc total_ms=0.1996 rotate_ms=0.0489 matmul_ms=0.1385 epilogue_ms=0.0123
ESCHA_PROFILE k=2 ic=6144 oc=5120 rows=2048 gen=0 route=mma-fp16-mixedacc total_ms=0.7062 rotate_ms=0.0497 matmul_ms=0.6115 epilogue_ms=0.0451
ESCHA_PROFILE k=2 ic=5120 oc=17408 rows=2048 gen=0 route=mma-fp16-mixedacc total_ms=1.8588 rotate_ms=0.0425 matmul_ms=1.6279 epilogue_ms=0.1884
ESCHA_PROFILE k=3 ic=5120 oc=17408 rows=2048 gen=0 route=mma-fp16-mixedacc total_ms=1.9229 rotate_ms=0.0582 matmul_ms=1.6773 epilogue_ms=0.1874
ESCHA_PROFILE k=3 ic=17408 oc=5120 rows=2048 gen=0 route=mma-fp32-mixedacc total_ms=2.8189 rotate_ms=0.1709 matmul_ms=2.5989 epilogue_ms=0.0492
ESCHA_PROFILE k=2 ic=5120 oc=10240 rows=2048 gen=0 route=mma-fp16-mixedacc total_ms=1.1568 rotate_ms=0.0413 matmul_ms=1.0051 epilogue_ms=0.1103
ESCHA_PROFILE k=2 ic=5120 oc=6144 rows=2048 gen=0 route=mma-fp16-mixedacc total_ms=0.7718 rotate_ms=0.0530 matmul_ms=0.6635 epilogue_ms=0.0553
ESCHA_PROFILE k=2 ic=6144 oc=5120 rows=2048 gen=0 route=mma-fp16-mixedacc total_ms=0.7007 rotate_ms=0.0494 matmul_ms=0.6062 epilogue_ms=0.0451
ESCHA_PROFILE k=2 ic=5120 oc=17408 rows=2048 gen=0 route=mma-fp16-mixedacc total_ms=1.8593 rotate_ms=0.0428 matmul_ms=1.6282 epilogue_ms=0.1884
ESCHA_PROFILE k=3 ic=5120 oc=17408 rows=2048 gen=0 route=mma-fp16-mixedacc total_ms=1.9231 rotate_ms=0.0563 matmul_ms=1.6793 epilogue_ms=0.1874
ESCHA_PROFILE k=3 ic=17408 oc=5120 rows=2048 gen=0 route=mma-fp32-mixedacc total_ms=2.3652 rotate_ms=0.1687 matmul_ms=2.1473 epilogue_ms=0.0492
ESCHA_PROFILE k=2 ic=5120 oc=10240 rows=2048 gen=0 route=mma-fp16-mixedacc total_ms=1.4234 rotate_ms=0.0417 matmul_ms=1.2711 epilogue_ms=0.1106
ESCHA_PROFILE k=2 ic=5120 oc=6144 rows=2048 gen=0 route=mma-fp16-mixedacc total_ms=0.7738 rotate_ms=0.0549 matmul_ms=0.6635 epilogue_ms=0.0553
ESCHA_PROFILE k=2 ic=6144 oc=5120 rows=2048 gen=0 route=mma-fp16-mixedacc total_ms=0.7055 rotate_ms=0.0523 matmul_ms=0.6082 epilogue_ms=0.0451
ESCHA_PROFILE k=2 ic=5120 oc=17408 rows=2048 gen=0 route=mma-fp16-mixedacc total_ms=1.8594 rotate_ms=0.0407 matmul_ms=1.6323 epilogue_ms=0.1864
ESCHA_PROFILE k=3 ic=5120 oc=17408 rows=2048 gen=0 route=mma-fp16-mixedacc total_ms=1.9250 rotate_ms=0.0582 matmul_ms=1.6793 epilogue_ms=0.1874
ESCHA_PROFILE k=3 ic=17408 oc=5120 rows=2048 gen=0 route=mma-fp32-mixedacc total_ms=2.3817 rotate_ms=0.1750 matmul_ms=2.1576 epilogue_ms=0.0491
ESCHA_PROFILE k=2 ic=5120 oc=10240 rows=2048 gen=0 route=mma-fp16-mixedacc total_ms=1.1589 rotate_ms=0.0413 matmul_ms=1.0093 epilogue_ms=0.1083
ESCHA_PROFILE k=2 ic=5120 oc=6144 rows=2048 gen=0 route=mma-fp16-mixedacc total_ms=0.7762 rotate_ms=0.0553 matmul_ms=0.6656 epilogue_ms=0.0553
ESCHA_PROFILE k=2 ic=6144 oc=5120 rows=2048 gen=0 route=mma-fp16-mixedacc total_ms=0.7037 rotate_ms=0.0504 matmul_ms=0.6082 epilogue_ms=0.0451
ESCHA_PROFILE k=2 ic=5120 oc=17408 rows=2048 gen=0 route=mma-fp16-mixedacc total_ms=1.8649 rotate_ms=0.0429 matmul_ms=1.6322 epilogue_ms=0.1898
ESCHA_PROFILE k=3 ic=5120 oc=17408 rows=2048 gen=0 route=mma-fp16-mixedacc total_ms=1.9311 rotate_ms=0.0582 matmul_ms=1.6855 epilogue_ms=0.1874
ESCHA_PROFILE k=3 ic=17408 oc=5120 rows=2048 gen=0 route=mma-fp32-mixedacc total_ms=2.3774 rotate_ms=0.1686 matmul_ms=2.1596 epilogue_ms=0.0491
ESCHA_PROFILE k=2 ic=5120 oc=12288 rows=2048 gen=0 route=mma-fp16-mixedacc total_ms=1.4146 rotate_ms=0.0410 matmul_ms=1.2428 epilogue_ms=0.1308
ESCHA_PROFILE k=2 ic=5120 oc=1024 rows=2048 gen=0 route=mma-fp16-mixedacc total_ms=0.2007 rotate_ms=0.0533 matmul_ms=0.1352 epilogue_ms=0.0123
ESCHA_PROFILE k=2 ic=5120 oc=1024 rows=2048 gen=0 route=mma-fp16-mixedacc total_ms=0.2273 rotate_ms=0.0745 matmul_ms=0.1405 epilogue_ms=0.0123
ESCHA_PROFILE k=2 ic=6144 oc=5120 rows=2048 gen=0 route=mma-fp16-mixedacc total_ms=0.6983 rotate_ms=0.0471 matmul_ms=0.6062 epilogue_ms=0.0451
ESCHA_PROFILE k=2 ic=5120 oc=17408 rows=2048 gen=0 route=mma-fp16-mixedacc total_ms=2.1613 rotate_ms=0.0406 matmul_ms=1.9323 epilogue_ms=0.1884
ESCHA_PROFILE k=3 ic=5120 oc=17408 rows=2048 gen=0 route=mma-fp16-mixedacc total_ms=1.9269 rotate_ms=0.0581 matmul_ms=1.6814 epilogue_ms=0.1874
ESCHA_PROFILE k=3 ic=17408 oc=5120 rows=2048 gen=0 route=mma-fp32-mixedacc total_ms=2.3776 rotate_ms=0.1709 matmul_ms=2.1576 epilogue_ms=0.0492
ESCHA_PROFILE k=2 ic=5120 oc=10240 rows=2048 gen=0 route=mma-fp16-mixedacc total_ms=1.1608 rotate_ms=0.0411 matmul_ms=1.0113 epilogue_ms=0.1083
ESCHA_PROFILE k=2 ic=5120 oc=6144 rows=2048 gen=0 route=mma-fp16-mixedacc total_ms=0.7745 rotate_ms=0.0547 matmul_ms=0.6645 epilogue_ms=0.0553
ESCHA_PROFILE k=2 ic=6144 oc=5120 rows=2048 gen=0 route=mma-fp16-mixedacc total_ms=0.7054 rotate_ms=0.0501 matmul_ms=0.6103 epilogue_ms=0.0451
ESCHA_PROFILE k=2 ic=5120 oc=17408 rows=2048 gen=0 route=mma-fp16-mixedacc total_ms=1.8634 rotate_ms=0.0407 matmul_ms=1.6343 epilogue_ms=0.1884
ESCHA_PROFILE k=3 ic=5120 oc=17408 rows=2048 gen=0 route=mma-fp16-mixedacc total_ms=2.2086 rotate_ms=0.0582 matmul_ms=1.9640 epilogue_ms=0.1864
ESCHA_PROFILE k=3 ic=17408 oc=5120 rows=2048 gen=0 route=mma-fp32-mixedacc total_ms=2.3761 rotate_ms=0.1714 matmul_ms=2.1555 epilogue_ms=0.0491
ESCHA_PROFILE k=2 ic=5120 oc=10240 rows=2048 gen=0 route=mma-fp16-mixedacc total_ms=1.1610 rotate_ms=0.0407 matmul_ms=1.0117 epilogue_ms=0.1085
ESCHA_PROFILE k=2 ic=5120 oc=6144 rows=2048 gen=0 route=mma-fp16-mixedacc total_ms=0.7739 rotate_ms=0.0530 matmul_ms=0.6656 epilogue_ms=0.0553
ESCHA_PROFILE k=2 ic=6144 oc=5120 rows=2048 gen=0 route=mma-fp16-mixedacc total_ms=0.7078 rotate_ms=0.0525 matmul_ms=0.6103 epilogue_ms=0.0451
ESCHA_PROFILE k=2 ic=5120 oc=17408 rows=2048 gen=0 route=mma-fp16-mixedacc total_ms=1.9428 rotate_ms=0.1145 matmul_ms=1.6419 epilogue_ms=0.1864
ESCHA_PROFILE k=3 ic=5120 oc=17408 rows=2048 gen=0 route=mma-fp16-mixedacc total_ms=1.9315 rotate_ms=0.0568 matmul_ms=1.6873 epilogue_ms=0.1874
ESCHA_PROFILE k=3 ic=17408 oc=5120 rows=2048 gen=0 route=mma-fp32-mixedacc total_ms=2.6666 rotate_ms=0.1732 matmul_ms=2.4443 epilogue_ms=0.0491
ESCHA_PROFILE k=2 ic=5120 oc=10240 rows=2048 gen=0 route=mma-fp16-mixedacc total_ms=1.2196 rotate_ms=0.0938 matmul_ms=1.0155 epilogue_ms=0.1103
ESCHA_PROFILE k=2 ic=5120 oc=6144 rows=2048 gen=0 route=mma-fp16-mixedacc total_ms=0.7738 rotate_ms=0.0529 matmul_ms=0.6656 epilogue_ms=0.0553
ESCHA_PROFILE k=2 ic=6144 oc=5120 rows=2048 gen=0 route=mma-fp16-mixedacc total_ms=0.7074 rotate_ms=0.0508 matmul_ms=0.6118 epilogue_ms=0.0448
ESCHA_PROFILE k=2 ic=5120 oc=17408 rows=2048 gen=0 route=mma-fp16-mixedacc total_ms=1.8653 rotate_ms=0.0406 matmul_ms=1.6364 epilogue_ms=0.1884
ESCHA_PROFILE k=3 ic=5120 oc=17408 rows=2048 gen=0 route=mma-fp16-mixedacc total_ms=1.9331 rotate_ms=0.0582 matmul_ms=1.6876 epilogue_ms=0.1874
ESCHA_PROFILE k=3 ic=17408 oc=5120 rows=2048 gen=0 route=mma-fp32-mixedacc total_ms=2.6334 rotate_ms=0.1707 matmul_ms=2.4115 epilogue_ms=0.0512
ESCHA_PROFILE k=2 ic=5120 oc=12288 rows=2048 gen=0 route=mma-fp16-mixedacc total_ms=1.4211 rotate_ms=0.0407 matmul_ms=1.2493 epilogue_ms=0.1311
ESCHA_PROFILE k=2 ic=5120 oc=1024 rows=2048 gen=0 route=mma-fp16-mixedacc total_ms=0.2007 rotate_ms=0.0532 matmul_ms=0.1352 epilogue_ms=0.0123
ESCHA_PROFILE k=2 ic=5120 oc=1024 rows=2048 gen=0 route=mma-fp16-mixedacc total_ms=0.2017 rotate_ms=0.0510 matmul_ms=0.1385 epilogue_ms=0.0123
ESCHA_PROFILE k=2 ic=6144 oc=5120 rows=2048 gen=0 route=mma-fp16-mixedacc total_ms=0.6983 rotate_ms=0.0471 matmul_ms=0.6062 epilogue_ms=0.0451
ESCHA_PROFILE k=2 ic=5120 oc=17408 rows=2048 gen=0 route=mma-fp16-mixedacc total_ms=1.8675 rotate_ms=0.0407 matmul_ms=1.6384 epilogue_ms=0.1884
ESCHA_PROFILE k=3 ic=5120 oc=17408 rows=2048 gen=0 route=mma-fp16-mixedacc total_ms=1.9332 rotate_ms=0.0562 matmul_ms=1.6896 epilogue_ms=0.1874
ESCHA_PROFILE k=3 ic=17408 oc=5120 rows=2048 gen=0 route=mma-fp32-mixedacc total_ms=2.3755 rotate_ms=0.1708 matmul_ms=2.1555 epilogue_ms=0.0492
ESCHA_PROFILE k=2 ic=5120 oc=10240 rows=2048 gen=0 route=mma-fp16-mixedacc total_ms=1.1610 rotate_ms=0.0387 matmul_ms=1.0117 epilogue_ms=0.1106
ESCHA_PROFILE k=2 ic=5120 oc=6144 rows=2048 gen=0 route=mma-fp16-mixedacc total_ms=0.7803 rotate_ms=0.0553 matmul_ms=0.6697 epilogue_ms=0.0553
ESCHA_PROFILE k=2 ic=6144 oc=5120 rows=2048 gen=0 route=mma-fp16-mixedacc total_ms=0.7075 rotate_ms=0.0486 matmul_ms=0.6140 epilogue_ms=0.0448
ESCHA_PROFILE k=2 ic=5120 oc=17408 rows=2048 gen=0 route=mma-fp16-mixedacc total_ms=1.8818 rotate_ms=0.0407 matmul_ms=1.6527 epilogue_ms=0.1884
ESCHA_PROFILE k=3 ic=5120 oc=17408 rows=2048 gen=0 route=mma-fp16-mixedacc total_ms=1.9458 rotate_ms=0.0565 matmul_ms=1.7039 epilogue_ms=0.1853
ESCHA_PROFILE k=3 ic=17408 oc=5120 rows=2048 gen=0 route=mma-fp32-mixedacc total_ms=2.3938 rotate_ms=0.1687 matmul_ms=2.1760 epilogue_ms=0.0491
ESCHA_PROFILE k=2 ic=5120 oc=10240 rows=2048 gen=0 route=mma-fp16-mixedacc total_ms=1.1710 rotate_ms=0.0405 matmul_ms=1.0220 epilogue_ms=0.1085
ESCHA_PROFILE k=2 ic=5120 oc=6144 rows=2048 gen=0 route=mma-fp16-mixedacc total_ms=0.7844 rotate_ms=0.0532 matmul_ms=0.6758 epilogue_ms=0.0553
ESCHA_PROFILE k=2 ic=6144 oc=5120 rows=2048 gen=0 route=mma-fp16-mixedacc total_ms=0.7139 rotate_ms=0.0504 matmul_ms=0.6185 epilogue_ms=0.0451
ESCHA_PROFILE k=2 ic=5120 oc=17408 rows=2048 gen=0 route=mma-fp16-mixedacc total_ms=1.8821 rotate_ms=0.0410 matmul_ms=1.6527 epilogue_ms=0.1884
ESCHA_PROFILE k=3 ic=5120 oc=17408 rows=2048 gen=0 route=mma-fp16-mixedacc total_ms=1.9452 rotate_ms=0.0601 matmul_ms=1.6998 epilogue_ms=0.1853
ESCHA_PROFILE k=3 ic=17408 oc=5120 rows=2048 gen=0 route=mma-fp32-mixedacc total_ms=2.6319 rotate_ms=0.1692 matmul_ms=2.4115 epilogue_ms=0.0512
ESCHA_PROFILE k=2 ic=5120 oc=10240 rows=2048 gen=0 route=mma-fp16-mixedacc total_ms=1.1714 rotate_ms=0.0409 matmul_ms=1.0219 epilogue_ms=0.1086
ESCHA_PROFILE k=2 ic=5120 oc=6144 rows=2048 gen=0 route=mma-fp16-mixedacc total_ms=0.7820 rotate_ms=0.0530 matmul_ms=0.6717 epilogue_ms=0.0574
ESCHA_PROFILE k=2 ic=6144 oc=5120 rows=2048 gen=0 route=mma-fp16-mixedacc total_ms=0.9418 rotate_ms=0.0499 matmul_ms=0.8448 epilogue_ms=0.0471
ESCHA_PROFILE k=2 ic=5120 oc=17408 rows=2048 gen=0 route=mma-fp16-mixedacc total_ms=1.8835 rotate_ms=0.0406 matmul_ms=1.6551 epilogue_ms=0.1878
ESCHA_PROFILE k=3 ic=5120 oc=17408 rows=2048 gen=0 route=mma-fp16-mixedacc total_ms=1.9493 rotate_ms=0.0559 matmul_ms=1.7060 epilogue_ms=0.1874
ESCHA_PROFILE k=3 ic=17408 oc=5120 rows=2048 gen=0 route=mma-fp32-mixedacc total_ms=2.4062 rotate_ms=0.1729 matmul_ms=2.1842 epilogue_ms=0.0491
ESCHA_PROFILE k=2 ic=5120 oc=12288 rows=2048 gen=0 route=mma-fp16-mixedacc total_ms=1.4433 rotate_ms=0.0407 matmul_ms=1.2709 epilogue_ms=0.1317
ESCHA_PROFILE k=2 ic=5120 oc=1024 rows=2048 gen=0 route=mma-fp16-mixedacc total_ms=0.2062 rotate_ms=0.0549 matmul_ms=0.1376 epilogue_ms=0.0137
ESCHA_PROFILE k=2 ic=5120 oc=1024 rows=2048 gen=0 route=mma-fp16-mixedacc total_ms=0.2678 rotate_ms=0.0525 matmul_ms=0.2021 epilogue_ms=0.0132
ESCHA_PROFILE k=2 ic=6144 oc=5120 rows=2048 gen=0 route=mma-fp16-mixedacc total_ms=0.7045 rotate_ms=0.0471 matmul_ms=0.6123 epilogue_ms=0.0451
ESCHA_PROFILE k=2 ic=5120 oc=17408 rows=2048 gen=0 route=mma-fp16-mixedacc total_ms=1.8798 rotate_ms=0.0407 matmul_ms=1.6515 epilogue_ms=0.1876
ESCHA_PROFILE k=3 ic=5120 oc=17408 rows=2048 gen=0 route=mma-fp16-mixedacc total_ms=1.9517 rotate_ms=0.0594 matmul_ms=1.7039 epilogue_ms=0.1884
ESCHA_PROFILE k=3 ic=17408 oc=5120 rows=2048 gen=0 route=mma-fp32-mixedacc total_ms=2.3960 rotate_ms=0.1708 matmul_ms=2.1760 epilogue_ms=0.0492
ESCHA_PROFILE k=2 ic=5120 oc=10240 rows=2048 gen=0 route=mma-fp16-mixedacc total_ms=1.2288 rotate_ms=0.0951 matmul_ms=1.0234 epilogue_ms=0.1103
ESCHA_PROFILE k=2 ic=5120 oc=6144 rows=2048 gen=0 route=mma-fp16-mixedacc total_ms=0.7820 rotate_ms=0.0549 matmul_ms=0.6717 epilogue_ms=0.0553
ESCHA_PROFILE k=2 ic=6144 oc=5120 rows=2048 gen=0 route=mma-fp16-mixedacc total_ms=0.7178 rotate_ms=0.0525 matmul_ms=0.6188 epilogue_ms=0.0465
ESCHA_PROFILE k=2 ic=5120 oc=17408 rows=2048 gen=0 route=mma-fp16-mixedacc total_ms=1.8876 rotate_ms=0.0406 matmul_ms=1.6592 epilogue_ms=0.1878
ESCHA_PROFILE k=3 ic=5120 oc=17408 rows=2048 gen=0 route=mma-fp16-mixedacc total_ms=2.2188 rotate_ms=0.0582 matmul_ms=1.9722 epilogue_ms=0.1884
ESCHA_PROFILE k=3 ic=17408 oc=5120 rows=2048 gen=0 route=mma-fp32-mixedacc total_ms=2.4006 rotate_ms=0.1714 matmul_ms=2.1801 epilogue_ms=0.0491
ESCHA_PROFILE k=2 ic=5120 oc=10240 rows=2048 gen=0 route=mma-fp16-mixedacc total_ms=1.1749 rotate_ms=0.0409 matmul_ms=1.0236 epilogue_ms=0.1103
ESCHA_PROFILE k=2 ic=5120 oc=6144 rows=2048 gen=0 route=mma-fp16-mixedacc total_ms=0.7841 rotate_ms=0.0550 matmul_ms=0.6717 epilogue_ms=0.0573
ESCHA_PROFILE k=2 ic=6144 oc=5120 rows=2048 gen=0 route=mma-fp16-mixedacc total_ms=0.7177 rotate_ms=0.0530 matmul_ms=0.6182 epilogue_ms=0.0465
ESCHA_PROFILE k=2 ic=5120 oc=17408 rows=2048 gen=0 route=mma-fp16-mixedacc total_ms=1.8859 rotate_ms=0.0427 matmul_ms=1.6551 epilogue_ms=0.1881
ESCHA_PROFILE k=3 ic=5120 oc=17408 rows=2048 gen=0 route=mma-fp16-mixedacc total_ms=1.9479 rotate_ms=0.0565 matmul_ms=1.7039 epilogue_ms=0.1874
ESCHA_PROFILE k=3 ic=17408 oc=5120 rows=2048 gen=0 route=mma-fp32-mixedacc total_ms=2.6943 rotate_ms=0.1733 matmul_ms=2.4719 epilogue_ms=0.0491
ESCHA_PROFILE k=2 ic=5120 oc=10240 rows=2048 gen=0 route=mma-fp16-mixedacc total_ms=1.1712 rotate_ms=0.0407 matmul_ms=1.0220 epilogue_ms=0.1085
ESCHA_PROFILE k=2 ic=5120 oc=6144 rows=2048 gen=0 route=mma-fp16-mixedacc total_ms=0.7821 rotate_ms=0.0530 matmul_ms=0.6717 epilogue_ms=0.0574
ESCHA_PROFILE k=2 ic=6144 oc=5120 rows=2048 gen=0 route=mma-fp16-mixedacc total_ms=0.7136 rotate_ms=0.0506 matmul_ms=0.6181 epilogue_ms=0.0448
ESCHA_PROFILE k=2 ic=5120 oc=17408 rows=2048 gen=0 route=mma-fp16-mixedacc total_ms=1.8795 rotate_ms=0.0406 matmul_ms=1.6511 epilogue_ms=0.1878
ESCHA_PROFILE k=3 ic=5120 oc=17408 rows=2048 gen=0 route=mma-fp16-mixedacc total_ms=2.2116 rotate_ms=0.0581 matmul_ms=1.9671 epilogue_ms=0.1864
ESCHA_PROFILE k=3 ic=17408 oc=5120 rows=2048 gen=0 route=mma-fp32-mixedacc total_ms=2.6463 rotate_ms=0.1703 matmul_ms=2.4248 epilogue_ms=0.0512
ESCHA_PROFILE k=2 ic=5120 oc=12288 rows=2048 gen=0 route=mma-fp16-mixedacc total_ms=1.4371 rotate_ms=0.0428 matmul_ms=1.2605 epilogue_ms=0.1338
ESCHA_PROFILE k=2 ic=5120 oc=1024 rows=2048 gen=0 route=mma-fp16-mixedacc total_ms=0.2040 rotate_ms=0.0551 matmul_ms=0.1352 epilogue_ms=0.0137
ESCHA_PROFILE k=2 ic=5120 oc=1024 rows=2048 gen=0 route=mma-fp16-mixedacc total_ms=0.2640 rotate_ms=0.0498 matmul_ms=0.2011 epilogue_ms=0.0132
ESCHA_PROFILE k=2 ic=6144 oc=5120 rows=2048 gen=0 route=mma-fp16-mixedacc total_ms=0.7045 rotate_ms=0.0451 matmul_ms=0.6144 epilogue_ms=0.0450
ESCHA_PROFILE k=2 ic=5120 oc=17408 rows=2048 gen=0 route=mma-fp16-mixedacc total_ms=1.8839 rotate_ms=0.0407 matmul_ms=1.6554 epilogue_ms=0.1878
ESCHA_PROFILE k=3 ic=5120 oc=17408 rows=2048 gen=0 route=mma-fp16-mixedacc total_ms=1.9499 rotate_ms=0.0586 matmul_ms=1.7039 epilogue_ms=0.1874
ESCHA_PROFILE k=3 ic=17408 oc=5120 rows=2048 gen=0 route=mma-fp32-mixedacc total_ms=2.4042 rotate_ms=0.1709 matmul_ms=2.1842 epilogue_ms=0.0491
ESCHA_PROFILE k=2 ic=5120 oc=10240 rows=2048 gen=0 route=mma-fp16-mixedacc total_ms=1.2244 rotate_ms=0.0889 matmul_ms=1.0255 epilogue_ms=0.1100
ESCHA_PROFILE k=2 ic=5120 oc=6144 rows=2048 gen=0 route=mma-fp16-mixedacc total_ms=0.7834 rotate_ms=0.0532 matmul_ms=0.6728 epilogue_ms=0.0573
ESCHA_PROFILE k=2 ic=6144 oc=5120 rows=2048 gen=0 route=mma-fp16-mixedacc total_ms=0.7112 rotate_ms=0.0503 matmul_ms=0.6161 epilogue_ms=0.0448
ESCHA_PROFILE k=2 ic=5120 oc=17408 rows=2048 gen=0 route=mma-fp16-mixedacc total_ms=1.8860 rotate_ms=0.0428 matmul_ms=1.6548 epilogue_ms=0.1884
ESCHA_PROFILE k=3 ic=5120 oc=17408 rows=2048 gen=0 route=mma-fp16-mixedacc total_ms=1.9496 rotate_ms=0.0562 matmul_ms=1.7060 epilogue_ms=0.1874
ESCHA_PROFILE k=3 ic=17408 oc=5120 rows=2048 gen=0 route=mma-fp32-mixedacc total_ms=2.3738 rotate_ms=0.1650 matmul_ms=2.1596 epilogue_ms=0.0492
ESCHA_PROFILE k=2 ic=5120 oc=10240 rows=2048 gen=0 route=mma-fp16-mixedacc total_ms=1.3392 rotate_ms=0.1972 matmul_ms=1.0328 epilogue_ms=0.1093
ESCHA_PROFILE k=2 ic=5120 oc=6144 rows=2048 gen=0 route=mma-fp16-mixedacc total_ms=0.7759 rotate_ms=0.0550 matmul_ms=0.6656 epilogue_ms=0.0553
ESCHA_PROFILE k=2 ic=6144 oc=5120 rows=2048 gen=0 route=mma-fp16-mixedacc total_ms=0.7074 rotate_ms=0.0500 matmul_ms=0.6123 epilogue_ms=0.0451
ESCHA_PROFILE k=2 ic=5120 oc=17408 rows=2048 gen=0 route=mma-fp16-mixedacc total_ms=1.8737 rotate_ms=0.0407 matmul_ms=1.6445 epilogue_ms=0.1884
ESCHA_PROFILE k=3 ic=5120 oc=17408 rows=2048 gen=0 route=mma-fp16-mixedacc total_ms=1.9376 rotate_ms=0.0565 matmul_ms=1.6937 epilogue_ms=0.1874
ESCHA_PROFILE k=3 ic=17408 oc=5120 rows=2048 gen=0 route=mma-fp32-mixedacc total_ms=2.3820 rotate_ms=0.1692 matmul_ms=2.1637 epilogue_ms=0.0491
ESCHA_PROFILE k=2 ic=5120 oc=10240 rows=2048 gen=0 route=mma-fp16-mixedacc total_ms=1.1651 rotate_ms=0.0407 matmul_ms=1.0158 epilogue_ms=0.1085
ESCHA_PROFILE k=2 ic=5120 oc=6144 rows=2048 gen=0 route=mma-fp16-mixedacc total_ms=0.7823 rotate_ms=0.0553 matmul_ms=0.6717 epilogue_ms=0.0553
ESCHA_PROFILE k=2 ic=6144 oc=5120 rows=2048 gen=0 route=mma-fp16-mixedacc total_ms=0.7134 rotate_ms=0.0519 matmul_ms=0.6164 epilogue_ms=0.0451
ESCHA_PROFILE k=2 ic=5120 oc=17408 rows=2048 gen=0 route=mma-fp16-mixedacc total_ms=1.8860 rotate_ms=0.0407 matmul_ms=1.6568 epilogue_ms=0.1884
ESCHA_PROFILE k=3 ic=5120 oc=17408 rows=2048 gen=0 route=mma-fp16-mixedacc total_ms=1.9519 rotate_ms=0.0575 matmul_ms=1.7060 epilogue_ms=0.1884
ESCHA_PROFILE k=3 ic=17408 oc=5120 rows=2048 gen=0 route=mma-fp32-mixedacc total_ms=2.4031 rotate_ms=0.1729 matmul_ms=2.1811 epilogue_ms=0.0491
ESCHA_PROFILE k=2 ic=5120 oc=12288 rows=2048 gen=0 route=mma-fp16-mixedacc total_ms=1.4354 rotate_ms=0.0407 matmul_ms=1.2616 epilogue_ms=0.1331
ESCHA_PROFILE k=2 ic=5120 oc=1024 rows=2048 gen=0 route=mma-fp16-mixedacc total_ms=0.2027 rotate_ms=0.0553 matmul_ms=0.1352 epilogue_ms=0.0123
ESCHA_PROFILE k=2 ic=5120 oc=1024 rows=2048 gen=0 route=mma-fp16-mixedacc total_ms=0.2053 rotate_ms=0.0537 matmul_ms=0.1394 epilogue_ms=0.0123
ESCHA_PROFILE k=2 ic=6144 oc=5120 rows=2048 gen=0 route=mma-fp16-mixedacc total_ms=0.7086 rotate_ms=0.0492 matmul_ms=0.6144 epilogue_ms=0.0450
ESCHA_PROFILE k=2 ic=5120 oc=17408 rows=2048 gen=0 route=mma-fp16-mixedacc total_ms=2.1635 rotate_ms=0.0407 matmul_ms=1.9343 epilogue_ms=0.1884
ESCHA_PROFILE k=3 ic=5120 oc=17408 rows=2048 gen=0 route=mma-fp16-mixedacc total_ms=1.9492 rotate_ms=0.0558 matmul_ms=1.7060 epilogue_ms=0.1874
ESCHA_PROFILE k=3 ic=17408 oc=5120 rows=2048 gen=0 route=mma-fp32-mixedacc total_ms=2.4025 rotate_ms=0.1712 matmul_ms=2.1821 epilogue_ms=0.0491
ESCHA_PROFILE k=2 ic=5120 oc=10240 rows=2048 gen=0 route=mma-fp16-mixedacc total_ms=1.1735 rotate_ms=0.0410 matmul_ms=1.0220 epilogue_ms=0.1106
ESCHA_PROFILE k=2 ic=5120 oc=6144 rows=2048 gen=0 route=mma-fp16-mixedacc total_ms=0.7841 rotate_ms=0.0530 matmul_ms=0.6738 epilogue_ms=0.0573
ESCHA_PROFILE k=2 ic=6144 oc=5120 rows=2048 gen=0 route=mma-fp16-mixedacc total_ms=0.7149 rotate_ms=0.0514 matmul_ms=0.6185 epilogue_ms=0.0450
ESCHA_PROFILE k=2 ic=5120 oc=17408 rows=2048 gen=0 route=mma-fp16-mixedacc total_ms=1.8798 rotate_ms=0.0407 matmul_ms=1.6527 epilogue_ms=0.1864
ESCHA_PROFILE k=3 ic=5120 oc=17408 rows=2048 gen=0 route=mma-fp16-mixedacc total_ms=2.2182 rotate_ms=0.0586 matmul_ms=1.9712 epilogue_ms=0.1884
ESCHA_PROFILE k=3 ic=17408 oc=5120 rows=2048 gen=0 route=mma-fp32-mixedacc total_ms=2.4006 rotate_ms=0.1704 matmul_ms=2.1811 epilogue_ms=0.0491
ESCHA_PROFILE k=2 ic=5120 oc=10240 rows=2048 gen=0 route=mma-fp16-mixedacc total_ms=1.1712 rotate_ms=0.0407 matmul_ms=1.0220 epilogue_ms=0.1085
ESCHA_PROFILE k=2 ic=5120 oc=6144 rows=2048 gen=0 route=mma-fp16-mixedacc total_ms=0.7862 rotate_ms=0.0551 matmul_ms=0.6738 epilogue_ms=0.0573
ESCHA_PROFILE k=2 ic=6144 oc=5120 rows=2048 gen=0 route=mma-fp16-mixedacc total_ms=0.7153 rotate_ms=0.0518 matmul_ms=0.6185 epilogue_ms=0.0451
ESCHA_PROFILE k=2 ic=5120 oc=17408 rows=2048 gen=0 route=mma-fp16-mixedacc total_ms=1.8860 rotate_ms=0.0428 matmul_ms=1.6548 epilogue_ms=0.1884
ESCHA_PROFILE k=3 ic=5120 oc=17408 rows=2048 gen=0 route=mma-fp16-mixedacc total_ms=2.2295 rotate_ms=0.0586 matmul_ms=1.9824 epilogue_ms=0.1884
ESCHA_PROFILE k=3 ic=17408 oc=5120 rows=2048 gen=0 route=mma-fp32-mixedacc total_ms=2.3984 rotate_ms=0.1692 matmul_ms=2.1801 epilogue_ms=0.0491
ESCHA_PROFILE k=2 ic=5120 oc=10240 rows=2048 gen=0 route=mma-fp16-mixedacc total_ms=1.2367 rotate_ms=0.0991 matmul_ms=1.0276 epilogue_ms=0.1100
ESCHA_PROFILE k=2 ic=5120 oc=6144 rows=2048 gen=0 route=mma-fp16-mixedacc total_ms=0.7820 rotate_ms=0.0550 matmul_ms=0.6717 epilogue_ms=0.0553
ESCHA_PROFILE k=2 ic=6144 oc=5120 rows=2048 gen=0 route=mma-fp16-mixedacc total_ms=0.7136 rotate_ms=0.0507 matmul_ms=0.6182 epilogue_ms=0.0447
ESCHA_PROFILE k=2 ic=5120 oc=17408 rows=2048 gen=0 route=mma-fp16-mixedacc total_ms=1.8880 rotate_ms=0.0407 matmul_ms=1.6595 epilogue_ms=0.1878
ESCHA_PROFILE k=3 ic=5120 oc=17408 rows=2048 gen=0 route=mma-fp16-mixedacc total_ms=1.9577 rotate_ms=0.0582 matmul_ms=1.7101 epilogue_ms=0.1894
ESCHA_PROFILE k=3 ic=17408 oc=5120 rows=2048 gen=0 route=mma-fp32-mixedacc total_ms=2.6848 rotate_ms=0.1709 matmul_ms=2.4648 epilogue_ms=0.0492
ESCHA_PROFILE k=2 ic=5120 oc=12288 rows=2048 gen=0 route=mma-fp16-mixedacc total_ms=1.4375 rotate_ms=0.0407 matmul_ms=1.2636 epilogue_ms=0.1331
ESCHA_PROFILE k=2 ic=5120 oc=1024 rows=2048 gen=0 route=mma-fp16-mixedacc total_ms=0.2027 rotate_ms=0.0532 matmul_ms=0.1372 epilogue_ms=0.0123
ESCHA_PROFILE k=2 ic=5120 oc=1024 rows=2048 gen=0 route=mma-fp16-mixedacc total_ms=0.2029 rotate_ms=0.0501 matmul_ms=0.1405 epilogue_ms=0.0123
ESCHA_PROFILE k=2 ic=6144 oc=5120 rows=2048 gen=0 route=mma-fp16-mixedacc total_ms=0.7065 rotate_ms=0.0471 matmul_ms=0.6144 epilogue_ms=0.0450
ESCHA_PROFILE k=2 ic=5120 oc=17408 rows=2048 gen=0 route=mma-fp16-mixedacc total_ms=1.8839 rotate_ms=0.0407 matmul_ms=1.6548 epilogue_ms=0.1884
ESCHA_PROFILE k=3 ic=5120 oc=17408 rows=2048 gen=0 route=mma-fp16-mixedacc total_ms=1.9516 rotate_ms=0.0562 matmul_ms=1.7080 epilogue_ms=0.1874
ESCHA_PROFILE k=3 ic=17408 oc=5120 rows=2048 gen=0 route=mma-fp32-mixedacc total_ms=2.4107 rotate_ms=0.1753 matmul_ms=2.1862 epilogue_ms=0.0491
ESCHA_PROFILE k=2 ic=5120 oc=10240 rows=2048 gen=0 route=mma-fp16-mixedacc total_ms=1.4446 rotate_ms=0.0407 matmul_ms=1.2913 epilogue_ms=0.1126
ESCHA_PROFILE k=2 ic=5120 oc=6144 rows=2048 gen=0 route=mma-fp16-mixedacc total_ms=0.7841 rotate_ms=0.0571 matmul_ms=0.6717 epilogue_ms=0.0553
ESCHA_PROFILE k=2 ic=6144 oc=5120 rows=2048 gen=0 route=mma-fp16-mixedacc total_ms=0.7139 rotate_ms=0.0504 matmul_ms=0.6185 epilogue_ms=0.0451
ESCHA_PROFILE k=2 ic=5120 oc=17408 rows=2048 gen=0 route=mma-fp16-mixedacc total_ms=1.8839 rotate_ms=0.0407 matmul_ms=1.6548 epilogue_ms=0.1884
ESCHA_PROFILE k=3 ic=5120 oc=17408 rows=2048 gen=0 route=mma-fp16-mixedacc total_ms=1.9475 rotate_ms=0.0562 matmul_ms=1.7039 epilogue_ms=0.1874
ESCHA_PROFILE k=3 ic=17408 oc=5120 rows=2048 gen=0 route=mma-fp32-mixedacc total_ms=2.4025 rotate_ms=0.1692 matmul_ms=2.1842 epilogue_ms=0.0491
ESCHA_PROFILE k=2 ic=5120 oc=10240 rows=2048 gen=0 route=mma-fp16-mixedacc total_ms=1.1770 rotate_ms=0.0424 matmul_ms=1.0240 epilogue_ms=0.1106
ESCHA_PROFILE k=2 ic=5120 oc=6144 rows=2048 gen=0 route=mma-fp16-mixedacc total_ms=0.7820 rotate_ms=0.0530 matmul_ms=0.6738 epilogue_ms=0.0553
ESCHA_PROFILE k=2 ic=6144 oc=5120 rows=2048 gen=0 route=mma-fp16-mixedacc total_ms=0.7135 rotate_ms=0.0520 matmul_ms=0.6164 epilogue_ms=0.0451
ESCHA_PROFILE k=2 ic=5120 oc=17408 rows=2048 gen=0 route=mma-fp16-mixedacc total_ms=1.8839 rotate_ms=0.0407 matmul_ms=1.6568 epilogue_ms=0.1863
ESCHA_PROFILE k=3 ic=5120 oc=17408 rows=2048 gen=0 route=mma-fp16-mixedacc total_ms=1.9557 rotate_ms=0.0582 matmul_ms=1.7101 epilogue_ms=0.1874
ESCHA_PROFILE k=3 ic=17408 oc=5120 rows=2048 gen=0 route=mma-fp32-mixedacc total_ms=2.4107 rotate_ms=0.1732 matmul_ms=2.1883 epilogue_ms=0.0491
ESCHA_PROFILE k=2 ic=5120 oc=10240 rows=2048 gen=0 route=mma-fp16-mixedacc total_ms=1.1752 rotate_ms=0.0407 matmul_ms=1.0240 epilogue_ms=0.1106
ESCHA_PROFILE k=2 ic=5120 oc=6144 rows=2048 gen=0 route=mma-fp16-mixedacc total_ms=0.7844 rotate_ms=0.0532 matmul_ms=0.6758 epilogue_ms=0.0554
ESCHA_PROFILE k=2 ic=6144 oc=5120 rows=2048 gen=0 route=mma-fp16-mixedacc total_ms=0.7153 rotate_ms=0.0497 matmul_ms=0.6205 epilogue_ms=0.0450
ESCHA_PROFILE k=2 ic=5120 oc=17408 rows=2048 gen=0 route=mma-fp16-mixedacc total_ms=1.8837 rotate_ms=0.0405 matmul_ms=1.6568 epilogue_ms=0.1864
ESCHA_PROFILE k=3 ic=5120 oc=17408 rows=2048 gen=0 route=mma-fp16-mixedacc total_ms=1.9514 rotate_ms=0.0560 matmul_ms=1.7080 epilogue_ms=0.1874
ESCHA_PROFILE k=3 ic=17408 oc=5120 rows=2048 gen=0 route=mma-fp32-mixedacc total_ms=2.4124 rotate_ms=0.1770 matmul_ms=2.1862 epilogue_ms=0.0491
ESCHA_PROFILE k=2 ic=5120 oc=12288 rows=2048 gen=0 route=mma-fp16-mixedacc total_ms=1.4312 rotate_ms=0.0406 matmul_ms=1.2595 epilogue_ms=0.1311
ESCHA_PROFILE k=2 ic=5120 oc=1024 rows=2048 gen=0 route=mma-fp16-mixedacc total_ms=0.2027 rotate_ms=0.0532 matmul_ms=0.1372 epilogue_ms=0.0123
ESCHA_PROFILE k=2 ic=5120 oc=1024 rows=2048 gen=0 route=mma-fp16-mixedacc total_ms=0.2096 rotate_ms=0.0572 matmul_ms=0.1402 epilogue_ms=0.0123
ESCHA_PROFILE k=2 ic=6144 oc=5120 rows=2048 gen=0 route=mma-fp16-mixedacc total_ms=0.7086 rotate_ms=0.0492 matmul_ms=0.6144 epilogue_ms=0.0450
ESCHA_PROFILE k=2 ic=5120 oc=17408 rows=2048 gen=0 route=mma-fp16-mixedacc total_ms=2.1553 rotate_ms=0.0407 matmul_ms=1.9282 epilogue_ms=0.1864
ESCHA_PROFILE k=3 ic=5120 oc=17408 rows=2048 gen=0 route=mma-fp16-mixedacc total_ms=1.9499 rotate_ms=0.0586 matmul_ms=1.7039 epilogue_ms=0.1874
ESCHA_PROFILE k=3 ic=17408 oc=5120 rows=2048 gen=0 route=mma-fp32-mixedacc total_ms=2.4005 rotate_ms=0.1692 matmul_ms=2.1821 epilogue_ms=0.0491
ESCHA_PROFILE k=2 ic=5120 oc=10240 rows=2048 gen=0 route=mma-fp16-mixedacc total_ms=1.1735 rotate_ms=0.0410 matmul_ms=1.0240 epilogue_ms=0.1085
ESCHA_PROFILE k=2 ic=5120 oc=6144 rows=2048 gen=0 route=mma-fp16-mixedacc total_ms=0.7861 rotate_ms=0.0550 matmul_ms=0.6738 epilogue_ms=0.0573
ESCHA_PROFILE k=2 ic=6144 oc=5120 rows=2048 gen=0 route=mma-fp16-mixedacc total_ms=0.7156 rotate_ms=0.0500 matmul_ms=0.6205 epilogue_ms=0.0450
ESCHA_PROFILE k=2 ic=5120 oc=17408 rows=2048 gen=0 route=mma-fp16-mixedacc total_ms=1.8839 rotate_ms=0.0407 matmul_ms=1.6548 epilogue_ms=0.1884
ESCHA_PROFILE k=3 ic=5120 oc=17408 rows=2048 gen=0 route=mma-fp16-mixedacc total_ms=1.9579 rotate_ms=0.0614 matmul_ms=1.7101 epilogue_ms=0.1863
ESCHA_PROFILE k=3 ic=17408 oc=5120 rows=2048 gen=0 route=mma-fp32-mixedacc total_ms=2.4042 rotate_ms=0.1708 matmul_ms=2.1842 epilogue_ms=0.0491
ESCHA_PROFILE k=2 ic=5120 oc=10240 rows=2048 gen=0 route=mma-fp16-mixedacc total_ms=1.1710 rotate_ms=0.0405 matmul_ms=1.0219 epilogue_ms=0.1086
ESCHA_PROFILE k=2 ic=5120 oc=6144 rows=2048 gen=0 route=mma-fp16-mixedacc total_ms=0.7820 rotate_ms=0.0530 matmul_ms=0.6738 epilogue_ms=0.0553
ESCHA_PROFILE k=2 ic=6144 oc=5120 rows=2048 gen=0 route=mma-fp16-mixedacc total_ms=0.7147 rotate_ms=0.0492 matmul_ms=0.6205 epilogue_ms=0.0450
ESCHA_PROFILE k=2 ic=5120 oc=17408 rows=2048 gen=0 route=mma-fp16-mixedacc total_ms=1.8862 rotate_ms=0.0410 matmul_ms=1.6568 epilogue_ms=0.1884
ESCHA_PROFILE k=3 ic=5120 oc=17408 rows=2048 gen=0 route=mma-fp16-mixedacc total_ms=2.2162 rotate_ms=0.0565 matmul_ms=1.9712 epilogue_ms=0.1884
ESCHA_PROFILE k=3 ic=17408 oc=5120 rows=2048 gen=0 route=mma-fp32-mixedacc total_ms=2.4025 rotate_ms=0.1733 matmul_ms=2.1801 epilogue_ms=0.0491
ESCHA_PROFILE k=2 ic=5120 oc=10240 rows=2048 gen=0 route=mma-fp16-mixedacc total_ms=1.1752 rotate_ms=0.0406 matmul_ms=1.0260 epilogue_ms=0.1085
ESCHA_PROFILE k=2 ic=5120 oc=6144 rows=2048 gen=0 route=mma-fp16-mixedacc total_ms=0.7864 rotate_ms=0.0553 matmul_ms=0.6738 epilogue_ms=0.0574
ESCHA_PROFILE k=2 ic=6144 oc=5120 rows=2048 gen=0 route=mma-fp16-mixedacc total_ms=0.7156 rotate_ms=0.0500 matmul_ms=0.6205 epilogue_ms=0.0451
ESCHA_PROFILE k=2 ic=5120 oc=17408 rows=2048 gen=0 route=mma-fp16-mixedacc total_ms=1.8877 rotate_ms=0.0407 matmul_ms=1.6599 epilogue_ms=0.1871
ESCHA_PROFILE k=3 ic=5120 oc=17408 rows=2048 gen=0 route=mma-fp16-mixedacc total_ms=1.9534 rotate_ms=0.0560 matmul_ms=1.7101 epilogue_ms=0.1874
ESCHA_PROFILE k=3 ic=17408 oc=5120 rows=2048 gen=0 route=mma-fp32-mixedacc total_ms=2.6989 rotate_ms=0.4667 matmul_ms=2.1832 epilogue_ms=0.0491
ESCHA_PROFILE k=2 ic=5120 oc=12288 rows=2048 gen=0 route=mma-fp16-mixedacc total_ms=1.4354 rotate_ms=0.0407 matmul_ms=1.2616 epilogue_ms=0.1331
ESCHA_PROFILE k=2 ic=5120 oc=1024 rows=2048 gen=0 route=mma-fp16-mixedacc total_ms=0.2027 rotate_ms=0.0532 matmul_ms=0.1372 epilogue_ms=0.0123
ESCHA_PROFILE k=2 ic=5120 oc=1024 rows=2048 gen=0 route=mma-fp16-mixedacc total_ms=0.2009 rotate_ms=0.0481 matmul_ms=0.1405 epilogue_ms=0.0123
ESCHA_PROFILE k=2 ic=6144 oc=5120 rows=2048 gen=0 route=mma-fp16-mixedacc total_ms=0.7045 rotate_ms=0.0471 matmul_ms=0.6123 epilogue_ms=0.0451
ESCHA_PROFILE k=2 ic=5120 oc=17408 rows=2048 gen=0 route=mma-fp16-mixedacc total_ms=1.8839 rotate_ms=0.0408 matmul_ms=1.6547 epilogue_ms=0.1884
ESCHA_PROFILE k=3 ic=5120 oc=17408 rows=2048 gen=0 route=mma-fp16-mixedacc total_ms=1.9515 rotate_ms=0.0581 matmul_ms=1.7060 epilogue_ms=0.1874
ESCHA_PROFILE k=3 ic=17408 oc=5120 rows=2048 gen=0 route=mma-fp32-mixedacc total_ms=2.3978 rotate_ms=0.1686 matmul_ms=2.1801 epilogue_ms=0.0491
ESCHA_PROFILE k=2 ic=5120 oc=10240 rows=2048 gen=0 route=mma-fp16-mixedacc total_ms=1.4528 rotate_ms=0.0407 matmul_ms=1.3036 epilogue_ms=0.1085
ESCHA_PROFILE k=2 ic=5120 oc=6144 rows=2048 gen=0 route=mma-fp16-mixedacc total_ms=0.7854 rotate_ms=0.0532 matmul_ms=0.6748 epilogue_ms=0.0573
ESCHA_PROFILE k=2 ic=6144 oc=5120 rows=2048 gen=0 route=mma-fp16-mixedacc total_ms=0.7135 rotate_ms=0.0500 matmul_ms=0.6185 epilogue_ms=0.0451
ESCHA_PROFILE k=2 ic=5120 oc=17408 rows=2048 gen=0 route=mma-fp16-mixedacc total_ms=1.8860 rotate_ms=0.0407 matmul_ms=1.6569 epilogue_ms=0.1883
ESCHA_PROFILE k=3 ic=5120 oc=17408 rows=2048 gen=0 route=mma-fp16-mixedacc total_ms=1.9560 rotate_ms=0.0586 matmul_ms=1.7101 epilogue_ms=0.1874
ESCHA_PROFILE k=3 ic=17408 oc=5120 rows=2048 gen=0 route=mma-fp32-mixedacc total_ms=2.4019 rotate_ms=0.1709 matmul_ms=2.1819 epilogue_ms=0.0491
ESCHA_PROFILE k=2 ic=5120 oc=10240 rows=2048 gen=0 route=mma-fp16-mixedacc total_ms=1.1733 rotate_ms=0.0407 matmul_ms=1.0240 epilogue_ms=0.1086
ESCHA_PROFILE k=2 ic=5120 oc=6144 rows=2048 gen=0 route=mma-fp16-mixedacc total_ms=0.7839 rotate_ms=0.0548 matmul_ms=0.6738 epilogue_ms=0.0553
ESCHA_PROFILE k=2 ic=6144 oc=5120 rows=2048 gen=0 route=mma-fp16-mixedacc total_ms=0.7134 rotate_ms=0.0499 matmul_ms=0.6185 epilogue_ms=0.0451
ESCHA_PROFILE k=2 ic=5120 oc=17408 rows=2048 gen=0 route=mma-fp16-mixedacc total_ms=1.8859 rotate_ms=0.0407 matmul_ms=1.6568 epilogue_ms=0.1884
ESCHA_PROFILE k=3 ic=5120 oc=17408 rows=2048 gen=0 route=mma-fp16-mixedacc total_ms=1.9550 rotate_ms=0.0576 matmul_ms=1.7080 epilogue_ms=0.1894
ESCHA_PROFILE k=3 ic=17408 oc=5120 rows=2048 gen=0 route=mma-fp32-mixedacc total_ms=2.3999 rotate_ms=0.1687 matmul_ms=2.1821 epilogue_ms=0.0491
ESCHA_PROFILE k=2 ic=5120 oc=10240 rows=2048 gen=0 route=mma-fp16-mixedacc total_ms=1.4415 rotate_ms=0.0407 matmul_ms=1.2902 epilogue_ms=0.1106
ESCHA_PROFILE k=2 ic=5120 oc=6144 rows=2048 gen=0 route=mma-fp16-mixedacc total_ms=0.7844 rotate_ms=0.0533 matmul_ms=0.6758 epilogue_ms=0.0553
ESCHA_PROFILE k=2 ic=6144 oc=5120 rows=2048 gen=0 route=mma-fp16-mixedacc total_ms=0.7155 rotate_ms=0.0519 matmul_ms=0.6185 epilogue_ms=0.0450
ESCHA_PROFILE k=2 ic=5120 oc=17408 rows=2048 gen=0 route=mma-fp16-mixedacc total_ms=1.8839 rotate_ms=0.0407 matmul_ms=1.6548 epilogue_ms=0.1884
ESCHA_PROFILE k=3 ic=5120 oc=17408 rows=2048 gen=0 route=mma-fp16-mixedacc total_ms=1.9556 rotate_ms=0.0582 matmul_ms=1.7101 epilogue_ms=0.1874
ESCHA_PROFILE k=3 ic=17408 oc=5120 rows=2048 gen=0 route=mma-fp32-mixedacc total_ms=2.4042 rotate_ms=0.1708 matmul_ms=2.1842 epilogue_ms=0.0491
ESCHA_PROFILE k=2 ic=5120 oc=12288 rows=2048 gen=0 route=mma-fp16-mixedacc total_ms=1.4354 rotate_ms=0.0407 matmul_ms=1.2616 epilogue_ms=0.1331
ESCHA_PROFILE k=2 ic=5120 oc=1024 rows=2048 gen=0 route=mma-fp16-mixedacc total_ms=0.2027 rotate_ms=0.0532 matmul_ms=0.1372 epilogue_ms=0.0123
ESCHA_PROFILE k=2 ic=5120 oc=1024 rows=2048 gen=0 route=mma-fp16-mixedacc total_ms=0.2055 rotate_ms=0.0530 matmul_ms=0.1403 epilogue_ms=0.0123
ESCHA_PROFILE k=2 ic=6144 oc=5120 rows=2048 gen=0 route=mma-fp16-mixedacc total_ms=0.7065 rotate_ms=0.0471 matmul_ms=0.6144 epilogue_ms=0.0450
ESCHA_PROFILE k=2 ic=5120 oc=17408 rows=2048 gen=0 route=mma-fp16-mixedacc total_ms=2.1665 rotate_ms=0.0407 matmul_ms=1.9374 epilogue_ms=0.1884
ESCHA_PROFILE k=3 ic=5120 oc=17408 rows=2048 gen=0 route=mma-fp16-mixedacc total_ms=1.9557 rotate_ms=0.0582 matmul_ms=1.7101 epilogue_ms=0.1874
ESCHA_PROFILE k=3 ic=17408 oc=5120 rows=2048 gen=0 route=mma-fp32-mixedacc total_ms=2.4025 rotate_ms=0.1691 matmul_ms=2.1842 epilogue_ms=0.0492
ESCHA_PROFILE k=2 ic=5120 oc=10240 rows=2048 gen=0 route=mma-fp16-mixedacc total_ms=1.2510 rotate_ms=0.0596 matmul_ms=1.0817 epilogue_ms=0.1098
ESCHA_PROFILE k=2 ic=5120 oc=6144 rows=2048 gen=0 route=mma-fp16-mixedacc total_ms=0.7834 rotate_ms=0.0532 matmul_ms=0.6727 epilogue_ms=0.0574
ESCHA_PROFILE k=2 ic=6144 oc=5120 rows=2048 gen=0 route=mma-fp16-mixedacc total_ms=0.7135 rotate_ms=0.0506 matmul_ms=0.6181 epilogue_ms=0.0448
ESCHA_PROFILE k=2 ic=5120 oc=17408 rows=2048 gen=0 route=mma-fp16-mixedacc total_ms=1.8856 rotate_ms=0.0407 matmul_ms=1.6578 epilogue_ms=0.1871
ESCHA_PROFILE k=3 ic=5120 oc=17408 rows=2048 gen=0 route=mma-fp16-mixedacc total_ms=1.9537 rotate_ms=0.0562 matmul_ms=1.7101 epilogue_ms=0.1874
ESCHA_PROFILE k=3 ic=17408 oc=5120 rows=2048 gen=0 route=mma-fp32-mixedacc total_ms=2.4021 rotate_ms=0.1729 matmul_ms=2.1801 epilogue_ms=0.0491
ESCHA_PROFILE k=2 ic=5120 oc=10240 rows=2048 gen=0 route=mma-fp16-mixedacc total_ms=1.2254 rotate_ms=0.0876 matmul_ms=1.0279 epilogue_ms=0.1100
ESCHA_PROFILE k=2 ic=5120 oc=6144 rows=2048 gen=0 route=mma-fp16-mixedacc total_ms=0.7840 rotate_ms=0.0550 matmul_ms=0.6738 epilogue_ms=0.0553
ESCHA_PROFILE k=2 ic=6144 oc=5120 rows=2048 gen=0 route=mma-fp16-mixedacc total_ms=0.7136 rotate_ms=0.0501 matmul_ms=0.6185 epilogue_ms=0.0450
ESCHA_PROFILE k=2 ic=5120 oc=17408 rows=2048 gen=0 route=mma-fp16-mixedacc total_ms=1.8880 rotate_ms=0.0407 matmul_ms=1.6595 epilogue_ms=0.1878
ESCHA_PROFILE k=3 ic=5120 oc=17408 rows=2048 gen=0 route=mma-fp16-mixedacc total_ms=2.2496 rotate_ms=0.0562 matmul_ms=2.0070 epilogue_ms=0.1864
ESCHA_PROFILE k=3 ic=17408 oc=5120 rows=2048 gen=0 route=mma-fp32-mixedacc total_ms=2.4042 rotate_ms=0.1689 matmul_ms=2.1862 epilogue_ms=0.0491
ESCHA_PROFILE k=2 ic=5120 oc=10240 rows=2048 gen=0 route=mma-fp16-mixedacc total_ms=1.2652 rotate_ms=0.0636 matmul_ms=1.0919 epilogue_ms=0.1097
ESCHA_PROFILE k=2 ic=5120 oc=6144 rows=2048 gen=0 route=mma-fp16-mixedacc total_ms=0.7820 rotate_ms=0.0529 matmul_ms=0.6738 epilogue_ms=0.0553
ESCHA_PROFILE k=2 ic=6144 oc=5120 rows=2048 gen=0 route=mma-fp16-mixedacc total_ms=0.7163 rotate_ms=0.0506 matmul_ms=0.6209 epilogue_ms=0.0448
ESCHA_PROFILE k=2 ic=5120 oc=17408 rows=2048 gen=0 route=mma-fp16-mixedacc total_ms=1.8860 rotate_ms=0.0407 matmul_ms=1.6574 epilogue_ms=0.1878
ESCHA_PROFILE k=3 ic=5120 oc=17408 rows=2048 gen=0 route=mma-fp16-mixedacc total_ms=1.9536 rotate_ms=0.0561 matmul_ms=1.7101 epilogue_ms=0.1874
ESCHA_PROFILE k=3 ic=17408 oc=5120 rows=2048 gen=0 route=mma-fp32-mixedacc total_ms=2.6399 rotate_ms=0.1720 matmul_ms=2.4166 epilogue_ms=0.0512
ESCHA_PROFILE k=2 ic=5120 oc=12288 rows=2048 gen=0 route=mma-fp16-mixedacc total_ms=1.4374 rotate_ms=0.0406 matmul_ms=1.2636 epilogue_ms=0.1331
ESCHA_PROFILE k=2 ic=5120 oc=1024 rows=2048 gen=0 route=mma-fp16-mixedacc total_ms=0.2023 rotate_ms=0.0549 matmul_ms=0.1352 epilogue_ms=0.0123
ESCHA_PROFILE k=2 ic=5120 oc=1024 rows=2048 gen=0 route=mma-fp16-mixedacc total_ms=0.2029 rotate_ms=0.0505 matmul_ms=0.1402 epilogue_ms=0.0123
ESCHA_PROFILE k=2 ic=6144 oc=5120 rows=2048 gen=0 route=mma-fp16-mixedacc total_ms=0.7065 rotate_ms=0.0492 matmul_ms=0.6123 epilogue_ms=0.0451
ESCHA_PROFILE k=2 ic=5120 oc=17408 rows=2048 gen=0 route=mma-fp16-mixedacc total_ms=1.8839 rotate_ms=0.0407 matmul_ms=1.6568 epilogue_ms=0.1864
ESCHA_PROFILE k=3 ic=5120 oc=17408 rows=2048 gen=0 route=mma-fp16-mixedacc total_ms=1.9557 rotate_ms=0.0582 matmul_ms=1.7101 epilogue_ms=0.1874
ESCHA_PROFILE k=3 ic=17408 oc=5120 rows=2048 gen=0 route=mma-fp32-mixedacc total_ms=2.6847 rotate_ms=0.1708 matmul_ms=2.4627 epilogue_ms=0.0512
ESCHA_PROFILE k=2 ic=5120 oc=10240 rows=2048 gen=0 route=mma-fp16-mixedacc total_ms=1.1732 rotate_ms=0.0407 matmul_ms=1.0240 epilogue_ms=0.1085
ESCHA_PROFILE k=2 ic=5120 oc=6144 rows=2048 gen=0 route=mma-fp16-mixedacc total_ms=0.7840 rotate_ms=0.0550 matmul_ms=0.6738 epilogue_ms=0.0553
ESCHA_PROFILE k=2 ic=6144 oc=5120 rows=2048 gen=0 route=mma-fp16-mixedacc total_ms=0.7135 rotate_ms=0.0503 matmul_ms=0.6182 epilogue_ms=0.0451
ESCHA_PROFILE k=2 ic=5120 oc=17408 rows=2048 gen=0 route=mma-fp16-mixedacc total_ms=1.8882 rotate_ms=0.0410 matmul_ms=1.6589 epilogue_ms=0.1884
ESCHA_PROFILE k=3 ic=5120 oc=17408 rows=2048 gen=0 route=mma-fp16-mixedacc total_ms=1.9516 rotate_ms=0.0582 matmul_ms=1.7060 epilogue_ms=0.1874
ESCHA_PROFILE k=3 ic=17408 oc=5120 rows=2048 gen=0 route=mma-fp32-mixedacc total_ms=2.4045 rotate_ms=0.1733 matmul_ms=2.1821 epilogue_ms=0.0491
ESCHA_PROFILE k=2 ic=5120 oc=10240 rows=2048 gen=0 route=mma-fp16-mixedacc total_ms=1.4477 rotate_ms=0.0387 matmul_ms=1.2984 epilogue_ms=0.1106
ESCHA_PROFILE k=2 ic=5120 oc=6144 rows=2048 gen=0 route=mma-fp16-mixedacc total_ms=0.7825 rotate_ms=0.0534 matmul_ms=0.6738 epilogue_ms=0.0553
ESCHA_PROFILE k=2 ic=6144 oc=5120 rows=2048 gen=0 route=mma-fp16-mixedacc total_ms=0.7134 rotate_ms=0.0501 matmul_ms=0.6182 epilogue_ms=0.0451
ESCHA_PROFILE k=2 ic=5120 oc=17408 rows=2048 gen=0 route=mma-fp16-mixedacc total_ms=1.8880 rotate_ms=0.0428 matmul_ms=1.6568 epilogue_ms=0.1884
ESCHA_PROFILE k=3 ic=5120 oc=17408 rows=2048 gen=0 route=mma-fp16-mixedacc total_ms=1.9540 rotate_ms=0.0565 matmul_ms=1.7101 epilogue_ms=0.1874
ESCHA_PROFILE k=3 ic=17408 oc=5120 rows=2048 gen=0 route=mma-fp32-mixedacc total_ms=2.4001 rotate_ms=0.1708 matmul_ms=2.1801 epilogue_ms=0.0492
ESCHA_PROFILE k=2 ic=5120 oc=10240 rows=2048 gen=0 route=mma-fp16-mixedacc total_ms=1.2227 rotate_ms=0.0871 matmul_ms=1.0276 epilogue_ms=0.1079
ESCHA_PROFILE k=2 ic=5120 oc=6144 rows=2048 gen=0 route=mma-fp16-mixedacc total_ms=0.7854 rotate_ms=0.0532 matmul_ms=0.6748 epilogue_ms=0.0573
ESCHA_PROFILE k=2 ic=6144 oc=5120 rows=2048 gen=0 route=mma-fp16-mixedacc total_ms=0.7177 rotate_ms=0.0527 matmul_ms=0.6202 epilogue_ms=0.0448
ESCHA_PROFILE k=2 ic=5120 oc=17408 rows=2048 gen=0 route=mma-fp16-mixedacc total_ms=1.8897 rotate_ms=0.0426 matmul_ms=1.6593 epilogue_ms=0.1877
ESCHA_PROFILE k=3 ic=5120 oc=17408 rows=2048 gen=0 route=mma-fp16-mixedacc total_ms=1.9537 rotate_ms=0.0562 matmul_ms=1.7100 epilogue_ms=0.1874
ESCHA_PROFILE k=3 ic=17408 oc=5120 rows=2048 gen=0 route=mma-fp32-mixedacc total_ms=2.4041 rotate_ms=0.1708 matmul_ms=2.1842 epilogue_ms=0.0491
ESCHA_PROFILE k=2 ic=5120 oc=12288 rows=2048 gen=0 route=mma-fp16-mixedacc total_ms=1.4395 rotate_ms=0.0407 matmul_ms=1.2657 epilogue_ms=0.1331
ESCHA_PROFILE k=2 ic=5120 oc=1024 rows=2048 gen=0 route=mma-fp16-mixedacc total_ms=0.2063 rotate_ms=0.0550 matmul_ms=0.1375 epilogue_ms=0.0138
ESCHA_PROFILE k=2 ic=5120 oc=1024 rows=2048 gen=0 route=mma-fp16-mixedacc total_ms=0.2606 rotate_ms=0.0500 matmul_ms=0.1975 epilogue_ms=0.0132
ESCHA_PROFILE k=2 ic=6144 oc=5120 rows=2048 gen=0 route=mma-fp16-mixedacc total_ms=0.7086 rotate_ms=0.0471 matmul_ms=0.6164 epilogue_ms=0.0450
ESCHA_PROFILE k=2 ic=5120 oc=17408 rows=2048 gen=0 route=mma-fp16-mixedacc total_ms=1.9577 rotate_ms=0.0566 matmul_ms=1.7138 epilogue_ms=0.1873
ESCHA_PROFILE k=3 ic=5120 oc=17408 rows=2048 gen=0 route=mma-fp16-mixedacc total_ms=1.9577 rotate_ms=0.0582 matmul_ms=1.7121 epilogue_ms=0.1874
ESCHA_PROFILE k=3 ic=17408 oc=5120 rows=2048 gen=0 route=mma-fp32-mixedacc total_ms=2.4020 rotate_ms=0.1686 matmul_ms=2.1842 epilogue_ms=0.0491
ESCHA_PROFILE k=2 ic=5120 oc=10240 rows=2048 gen=0 route=mma-fp16-mixedacc total_ms=1.1909 rotate_ms=0.0409 matmul_ms=1.0413 epilogue_ms=0.1086
ESCHA_PROFILE k=2 ic=5120 oc=6144 rows=2048 gen=0 route=mma-fp16-mixedacc total_ms=0.7854 rotate_ms=0.0553 matmul_ms=0.6748 epilogue_ms=0.0553
ESCHA_PROFILE k=2 ic=6144 oc=5120 rows=2048 gen=0 route=mma-fp16-mixedacc total_ms=0.7177 rotate_ms=0.0527 matmul_ms=0.6202 epilogue_ms=0.0448
ESCHA_PROFILE k=2 ic=5120 oc=17408 rows=2048 gen=0 route=mma-fp16-mixedacc total_ms=1.8862 rotate_ms=0.0410 matmul_ms=1.6568 epilogue_ms=0.1884
ESCHA_PROFILE k=3 ic=5120 oc=17408 rows=2048 gen=0 route=mma-fp16-mixedacc total_ms=1.9536 rotate_ms=0.0581 matmul_ms=1.7080 epilogue_ms=0.1874
ESCHA_PROFILE k=3 ic=17408 oc=5120 rows=2048 gen=0 route=mma-fp32-mixedacc total_ms=2.4037 rotate_ms=0.1704 matmul_ms=2.1842 epilogue_ms=0.0491
ESCHA_PROFILE k=2 ic=5120 oc=10240 rows=2048 gen=0 route=mma-fp16-mixedacc total_ms=1.1732 rotate_ms=0.0407 matmul_ms=1.0240 epilogue_ms=0.1085
ESCHA_PROFILE k=2 ic=5120 oc=6144 rows=2048 gen=0 route=mma-fp16-mixedacc total_ms=0.7841 rotate_ms=0.0550 matmul_ms=0.6738 epilogue_ms=0.0553
ESCHA_PROFILE k=2 ic=6144 oc=5120 rows=2048 gen=0 route=mma-fp16-mixedacc total_ms=0.7149 rotate_ms=0.0514 matmul_ms=0.6185 epilogue_ms=0.0451
ESCHA_PROFILE k=2 ic=5120 oc=17408 rows=2048 gen=0 route=mma-fp16-mixedacc total_ms=2.1543 rotate_ms=0.0407 matmul_ms=1.9251 epilogue_ms=0.1884
ESCHA_PROFILE k=3 ic=5120 oc=17408 rows=2048 gen=0 route=mma-fp16-mixedacc total_ms=1.9600 rotate_ms=0.0584 matmul_ms=1.7142 epilogue_ms=0.1874
ESCHA_PROFILE k=3 ic=17408 oc=5120 rows=2048 gen=0 route=mma-fp32-mixedacc total_ms=2.4045 rotate_ms=0.1692 matmul_ms=2.1862 epilogue_ms=0.0491
ESCHA_PROFILE k=2 ic=5120 oc=10240 rows=2048 gen=0 route=mma-fp16-mixedacc total_ms=1.1753 rotate_ms=0.0407 matmul_ms=1.0260 epilogue_ms=0.1085
ESCHA_PROFILE k=2 ic=5120 oc=6144 rows=2048 gen=0 route=mma-fp16-mixedacc total_ms=0.7842 rotate_ms=0.0551 matmul_ms=0.6738 epilogue_ms=0.0553
ESCHA_PROFILE k=2 ic=6144 oc=5120 rows=2048 gen=0 route=mma-fp16-mixedacc total_ms=0.7108 rotate_ms=0.0493 matmul_ms=0.6165 epilogue_ms=0.0450
ESCHA_PROFILE k=2 ic=5120 oc=17408 rows=2048 gen=0 route=mma-fp16-mixedacc total_ms=1.8839 rotate_ms=0.0407 matmul_ms=1.6548 epilogue_ms=0.1884
ESCHA_PROFILE k=3 ic=5120 oc=17408 rows=2048 gen=0 route=mma-fp16-mixedacc total_ms=2.2434 rotate_ms=0.3367 matmul_ms=1.7182 epilogue_ms=0.1884
ESCHA_PROFILE k=3 ic=17408 oc=5120 rows=2048 gen=0 route=mma-fp32-mixedacc total_ms=2.4021 rotate_ms=0.1688 matmul_ms=2.1842 epilogue_ms=0.0491
ESCHA_PROFILE k=2 ic=5120 oc=12288 rows=2048 gen=0 route=mma-fp16-mixedacc total_ms=1.4375 rotate_ms=0.0407 matmul_ms=1.2636 epilogue_ms=0.1331
ESCHA_PROFILE k=2 ic=5120 oc=1024 rows=2048 gen=0 route=mma-fp16-mixedacc total_ms=0.2048 rotate_ms=0.0553 matmul_ms=0.1372 epilogue_ms=0.0123
ESCHA_PROFILE k=2 ic=5120 oc=1024 rows=2048 gen=0 route=mma-fp16-mixedacc total_ms=0.2028 rotate_ms=0.0500 matmul_ms=0.1405 epilogue_ms=0.0123
ESCHA_PROFILE k=2 ic=6144 oc=5120 rows=2048 gen=0 route=mma-fp16-mixedacc total_ms=0.7065 rotate_ms=0.0471 matmul_ms=0.6144 epilogue_ms=0.0450
ESCHA_PROFILE k=2 ic=5120 oc=17408 rows=2048 gen=0 route=mma-fp16-mixedacc total_ms=1.8880 rotate_ms=0.0428 matmul_ms=1.6568 epilogue_ms=0.1884
ESCHA_PROFILE k=3 ic=5120 oc=17408 rows=2048 gen=0 route=mma-fp16-mixedacc total_ms=1.9559 rotate_ms=0.0564 matmul_ms=1.7121 epilogue_ms=0.1874
ESCHA_PROFILE k=3 ic=17408 oc=5120 rows=2048 gen=0 route=mma-fp32-mixedacc total_ms=2.6984 rotate_ms=0.1692 matmul_ms=2.4801 epilogue_ms=0.0491
ESCHA_PROFILE k=2 ic=5120 oc=10240 rows=2048 gen=0 route=mma-fp16-mixedacc total_ms=1.1732 rotate_ms=0.0407 matmul_ms=1.0240 epilogue_ms=0.1085
ESCHA_PROFILE k=2 ic=5120 oc=6144 rows=2048 gen=0 route=mma-fp16-mixedacc total_ms=0.7834 rotate_ms=0.0532 matmul_ms=0.6727 epilogue_ms=0.0574
ESCHA_PROFILE k=2 ic=6144 oc=5120 rows=2048 gen=0 route=mma-fp16-mixedacc total_ms=0.7135 rotate_ms=0.0502 matmul_ms=0.6182 epilogue_ms=0.0451
ESCHA_PROFILE k=2 ic=5120 oc=17408 rows=2048 gen=0 route=mma-fp16-mixedacc total_ms=1.8877 rotate_ms=0.0406 matmul_ms=1.6592 epilogue_ms=0.1878
ESCHA_PROFILE k=3 ic=5120 oc=17408 rows=2048 gen=0 route=mma-fp16-mixedacc total_ms=1.9577 rotate_ms=0.0561 matmul_ms=1.7121 epilogue_ms=0.1894
ESCHA_PROFILE k=3 ic=17408 oc=5120 rows=2048 gen=0 route=mma-fp32-mixedacc total_ms=2.6551 rotate_ms=0.1709 matmul_ms=2.4330 epilogue_ms=0.0512
ESCHA_PROFILE k=2 ic=5120 oc=10240 rows=2048 gen=0 route=mma-fp16-mixedacc total_ms=1.1731 rotate_ms=0.0405 matmul_ms=1.0240 epilogue_ms=0.1086
ESCHA_PROFILE k=2 ic=5120 oc=6144 rows=2048 gen=0 route=mma-fp16-mixedacc total_ms=0.7829 rotate_ms=0.0528 matmul_ms=0.6748 epilogue_ms=0.0553
ESCHA_PROFILE k=2 ic=6144 oc=5120 rows=2048 gen=0 route=mma-fp16-mixedacc total_ms=0.7135 rotate_ms=0.0520 matmul_ms=0.6164 epilogue_ms=0.0451
ESCHA_PROFILE k=2 ic=5120 oc=17408 rows=2048 gen=0 route=mma-fp16-mixedacc total_ms=1.8880 rotate_ms=0.0407 matmul_ms=1.6589 epilogue_ms=0.1884
ESCHA_PROFILE k=3 ic=5120 oc=17408 rows=2048 gen=0 route=mma-fp16-mixedacc total_ms=1.9557 rotate_ms=0.0562 matmul_ms=1.7121 epilogue_ms=0.1874
ESCHA_PROFILE k=3 ic=17408 oc=5120 rows=2048 gen=0 route=mma-fp32-mixedacc total_ms=2.4022 rotate_ms=0.1709 matmul_ms=2.1821 epilogue_ms=0.0491
ESCHA_PROFILE k=2 ic=5120 oc=10240 rows=2048 gen=0 route=mma-fp16-mixedacc total_ms=1.4274 rotate_ms=0.0409 matmul_ms=1.2780 epilogue_ms=0.1085
ESCHA_PROFILE k=2 ic=5120 oc=6144 rows=2048 gen=0 route=mma-fp16-mixedacc total_ms=0.7854 rotate_ms=0.0553 matmul_ms=0.6748 epilogue_ms=0.0553
ESCHA_PROFILE k=2 ic=6144 oc=5120 rows=2048 gen=0 route=mma-fp16-mixedacc total_ms=0.7155 rotate_ms=0.0522 matmul_ms=0.6182 epilogue_ms=0.0450
ESCHA_PROFILE k=2 ic=5120 oc=17408 rows=2048 gen=0 route=mma-fp16-mixedacc total_ms=1.9084 rotate_ms=0.0471 matmul_ms=1.6742 epilogue_ms=0.1871
ESCHA_PROFILE k=3 ic=5120 oc=17408 rows=2048 gen=0 route=mma-fp16-mixedacc total_ms=1.9536 rotate_ms=0.0562 matmul_ms=1.7101 epilogue_ms=0.1874
ESCHA_PROFILE k=3 ic=17408 oc=5120 rows=2048 gen=0 route=mma-fp32-mixedacc total_ms=2.6643 rotate_ms=0.1667 matmul_ms=2.4463 epilogue_ms=0.0512
ESCHA_PROFILE k=2 ic=5120 oc=12288 rows=2048 gen=0 route=mma-fp16-mixedacc total_ms=1.4358 rotate_ms=0.0408 matmul_ms=1.2621 epilogue_ms=0.1328
ESCHA_PROFILE k=2 ic=5120 oc=1024 rows=2048 gen=0 route=mma-fp16-mixedacc total_ms=0.2042 rotate_ms=0.0533 matmul_ms=0.1372 epilogue_ms=0.0137
ESCHA_PROFILE k=2 ic=5120 oc=1024 rows=2048 gen=0 route=mma-fp16-mixedacc total_ms=0.2007 rotate_ms=0.0471 matmul_ms=0.1413 epilogue_ms=0.0123
ESCHA_PROFILE k=2 ic=6144 oc=5120 rows=2048 gen=0 route=mma-fp16-mixedacc total_ms=0.7066 rotate_ms=0.0471 matmul_ms=0.6144 epilogue_ms=0.0451
ESCHA_PROFILE k=2 ic=5120 oc=17408 rows=2048 gen=0 route=mma-fp16-mixedacc total_ms=1.8917 rotate_ms=0.0406 matmul_ms=1.6612 epilogue_ms=0.1899
ESCHA_PROFILE k=3 ic=5120 oc=17408 rows=2048 gen=0 route=mma-fp16-mixedacc total_ms=1.9536 rotate_ms=0.0582 matmul_ms=1.7080 epilogue_ms=0.1874
ESCHA_PROFILE k=3 ic=17408 oc=5120 rows=2048 gen=0 route=mma-fp32-mixedacc total_ms=2.4022 rotate_ms=0.1689 matmul_ms=2.1842 epilogue_ms=0.0491
ESCHA_PROFILE k=2 ic=5120 oc=10240 rows=2048 gen=0 route=mma-fp16-mixedacc total_ms=1.1889 rotate_ms=0.0410 matmul_ms=1.0386 epilogue_ms=0.1093
ESCHA_PROFILE k=2 ic=5120 oc=6144 rows=2048 gen=0 route=mma-fp16-mixedacc total_ms=0.7854 rotate_ms=0.0553 matmul_ms=0.6748 epilogue_ms=0.0553
ESCHA_PROFILE k=2 ic=6144 oc=5120 rows=2048 gen=0 route=mma-fp16-mixedacc total_ms=0.9880 rotate_ms=0.0500 matmul_ms=0.8929 epilogue_ms=0.0450
ESCHA_PROFILE k=2 ic=5120 oc=17408 rows=2048 gen=0 route=mma-fp16-mixedacc total_ms=1.8900 rotate_ms=0.0406 matmul_ms=1.6595 epilogue_ms=0.1899
ESCHA_PROFILE k=3 ic=5120 oc=17408 rows=2048 gen=0 route=mma-fp16-mixedacc total_ms=1.9537 rotate_ms=0.0562 matmul_ms=1.7080 epilogue_ms=0.1895
ESCHA_PROFILE k=3 ic=17408 oc=5120 rows=2048 gen=0 route=mma-fp32-mixedacc total_ms=2.4001 rotate_ms=0.1688 matmul_ms=2.1821 epilogue_ms=0.0492
ESCHA_PROFILE k=2 ic=5120 oc=10240 rows=2048 gen=0 route=mma-fp16-mixedacc total_ms=1.2582 rotate_ms=0.0633 matmul_ms=1.0871 epilogue_ms=0.1078
ESCHA_PROFILE k=2 ic=5120 oc=6144 rows=2048 gen=0 route=mma-fp16-mixedacc total_ms=0.7840 rotate_ms=0.0550 matmul_ms=0.6738 epilogue_ms=0.0552
ESCHA_PROFILE k=2 ic=6144 oc=5120 rows=2048 gen=0 route=mma-fp16-mixedacc total_ms=0.7180 rotate_ms=0.0503 matmul_ms=0.6209 epilogue_ms=0.0468
ESCHA_PROFILE k=2 ic=5120 oc=17408 rows=2048 gen=0 route=mma-fp16-mixedacc total_ms=2.3597 rotate_ms=0.0426 matmul_ms=1.8450 epilogue_ms=0.4721
ESCHA_PROFILE k=3 ic=5120 oc=17408 rows=2048 gen=0 route=mma-fp16-mixedacc total_ms=1.9540 rotate_ms=0.0586 matmul_ms=1.7080 epilogue_ms=0.1874
ESCHA_PROFILE k=3 ic=17408 oc=5120 rows=2048 gen=0 route=mma-fp32-mixedacc total_ms=2.4020 rotate_ms=0.1687 matmul_ms=2.1842 epilogue_ms=0.0491
ESCHA_PROFILE k=2 ic=5120 oc=10240 rows=2048 gen=0 route=mma-fp16-mixedacc total_ms=1.1732 rotate_ms=0.0407 matmul_ms=1.0240 epilogue_ms=0.1085
ESCHA_PROFILE k=2 ic=5120 oc=6144 rows=2048 gen=0 route=mma-fp16-mixedacc total_ms=0.7820 rotate_ms=0.0530 matmul_ms=0.6738 epilogue_ms=0.0553
ESCHA_PROFILE k=2 ic=6144 oc=5120 rows=2048 gen=0 route=mma-fp16-mixedacc total_ms=0.7164 rotate_ms=0.0508 matmul_ms=0.6205 epilogue_ms=0.0450
ESCHA_PROFILE k=2 ic=5120 oc=17408 rows=2048 gen=0 route=mma-fp16-mixedacc total_ms=2.1492 rotate_ms=0.0407 matmul_ms=1.9180 epilogue_ms=0.1905
ESCHA_PROFILE k=3 ic=5120 oc=17408 rows=2048 gen=0 route=mma-fp16-mixedacc total_ms=1.9537 rotate_ms=0.0562 matmul_ms=1.7101 epilogue_ms=0.1874
ESCHA_PROFILE k=3 ic=17408 oc=5120 rows=2048 gen=0 route=mma-fp32-mixedacc total_ms=2.4101 rotate_ms=0.1748 matmul_ms=2.1862 epilogue_ms=0.0491
ESCHA_PROFILE k=2 ic=5120 oc=12288 rows=2048 gen=0 route=mma-fp16-mixedacc total_ms=1.4395 rotate_ms=0.0407 matmul_ms=1.2657 epilogue_ms=0.1331
ESCHA_PROFILE k=2 ic=5120 oc=1024 rows=2048 gen=0 route=mma-fp16-mixedacc total_ms=0.2045 rotate_ms=0.0538 matmul_ms=0.1371 epilogue_ms=0.0137
ESCHA_PROFILE k=2 ic=5120 oc=1024 rows=2048 gen=0 route=mma-fp16-mixedacc total_ms=0.2638 rotate_ms=0.0522 matmul_ms=0.1985 epilogue_ms=0.0132
ESCHA_PROFILE k=2 ic=6144 oc=5120 rows=2048 gen=0 route=mma-fp16-mixedacc total_ms=0.7065 rotate_ms=0.0471 matmul_ms=0.6144 epilogue_ms=0.0450
ESCHA_PROFILE k=2 ic=5120 oc=17408 rows=2048 gen=0 route=mma-fp16-mixedacc total_ms=1.9030 rotate_ms=0.0427 matmul_ms=1.6732 epilogue_ms=0.1871
ESCHA_PROFILE k=3 ic=5120 oc=17408 rows=2048 gen=0 route=mma-fp16-mixedacc total_ms=2.1480 rotate_ms=0.0603 matmul_ms=1.7162 epilogue_ms=0.3715
ESCHA_PROFILE k=3 ic=17408 oc=5120 rows=2048 gen=0 route=mma-fp32-mixedacc total_ms=2.3984 rotate_ms=0.1692 matmul_ms=2.1801 epilogue_ms=0.0491
ESCHA_PROFILE k=2 ic=5120 oc=10240 rows=2048 gen=0 route=mma-fp16-mixedacc total_ms=1.1776 rotate_ms=0.0430 matmul_ms=1.0240 epilogue_ms=0.1106
ESCHA_PROFILE k=2 ic=5120 oc=6144 rows=2048 gen=0 route=mma-fp16-mixedacc total_ms=0.7861 rotate_ms=0.0550 matmul_ms=0.6758 epilogue_ms=0.0553
ESCHA_PROFILE k=2 ic=6144 oc=5120 rows=2048 gen=0 route=mma-fp16-mixedacc total_ms=0.7160 rotate_ms=0.0504 matmul_ms=0.6205 epilogue_ms=0.0450
ESCHA_PROFILE k=2 ic=5120 oc=17408 rows=2048 gen=0 route=mma-fp16-mixedacc total_ms=1.8880 rotate_ms=0.0407 matmul_ms=1.6589 epilogue_ms=0.1884
ESCHA_PROFILE k=3 ic=5120 oc=17408 rows=2048 gen=0 route=mma-fp16-mixedacc total_ms=1.9577 rotate_ms=0.0582 matmul_ms=1.7121 epilogue_ms=0.1874
ESCHA_PROFILE k=3 ic=17408 oc=5120 rows=2048 gen=0 route=mma-fp32-mixedacc total_ms=2.7164 rotate_ms=0.1687 matmul_ms=2.4986 epilogue_ms=0.0491
ESCHA_PROFILE k=2 ic=5120 oc=10240 rows=2048 gen=0 route=mma-fp16-mixedacc total_ms=1.1735 rotate_ms=0.0409 matmul_ms=1.0240 epilogue_ms=0.1086
ESCHA_PROFILE k=2 ic=5120 oc=6144 rows=2048 gen=0 route=mma-fp16-mixedacc total_ms=0.7862 rotate_ms=0.0550 matmul_ms=0.6738 epilogue_ms=0.0573
ESCHA_PROFILE k=2 ic=6144 oc=5120 rows=2048 gen=0 route=mma-fp16-mixedacc total_ms=0.7153 rotate_ms=0.0518 matmul_ms=0.6185 epilogue_ms=0.0451
ESCHA_PROFILE k=2 ic=5120 oc=17408 rows=2048 gen=0 route=mma-fp16-mixedacc total_ms=1.8860 rotate_ms=0.0407 matmul_ms=1.6589 epilogue_ms=0.1864
ESCHA_PROFILE k=3 ic=5120 oc=17408 rows=2048 gen=0 route=mma-fp16-mixedacc total_ms=1.9516 rotate_ms=0.0562 matmul_ms=1.7080 epilogue_ms=0.1874
ESCHA_PROFILE k=3 ic=17408 oc=5120 rows=2048 gen=0 route=mma-fp32-mixedacc total_ms=2.4024 rotate_ms=0.1712 matmul_ms=2.1821 epilogue_ms=0.0491
ESCHA_PROFILE k=2 ic=5120 oc=10240 rows=2048 gen=0 route=mma-fp16-mixedacc total_ms=1.1756 rotate_ms=0.0410 matmul_ms=1.0260 epilogue_ms=0.1085
ESCHA_PROFILE k=2 ic=5120 oc=6144 rows=2048 gen=0 route=mma-fp16-mixedacc total_ms=0.7826 rotate_ms=0.0535 matmul_ms=0.6738 epilogue_ms=0.0553
ESCHA_PROFILE k=2 ic=6144 oc=5120 rows=2048 gen=0 route=mma-fp16-mixedacc total_ms=0.7138 rotate_ms=0.0503 matmul_ms=0.6185 epilogue_ms=0.0451
ESCHA_PROFILE k=2 ic=5120 oc=17408 rows=2048 gen=0 route=mma-fp16-mixedacc total_ms=1.8900 rotate_ms=0.0407 matmul_ms=1.6609 epilogue_ms=0.1884
ESCHA_PROFILE k=3 ic=5120 oc=17408 rows=2048 gen=0 route=mma-fp16-mixedacc total_ms=1.9579 rotate_ms=0.0573 matmul_ms=1.7142 epilogue_ms=0.1864
ESCHA_PROFILE k=3 ic=17408 oc=5120 rows=2048 gen=0 route=mma-fp32-mixedacc total_ms=2.3979 rotate_ms=0.1687 matmul_ms=2.1801 epilogue_ms=0.0491
ESCHA_PROFILE k=2 ic=5120 oc=12288 rows=2048 gen=0 route=mma-fp16-mixedacc total_ms=1.4375 rotate_ms=0.0407 matmul_ms=1.2616 epilogue_ms=0.1352
ESCHA_PROFILE k=2 ic=5120 oc=1024 rows=2048 gen=0 route=mma-fp16-mixedacc total_ms=0.4628 rotate_ms=0.0512 matmul_ms=0.3994 epilogue_ms=0.0123
ESCHA_PROFILE k=2 ic=5120 oc=1024 rows=2048 gen=0 route=mma-fp16-mixedacc total_ms=0.2187 rotate_ms=0.0526 matmul_ms=0.1531 epilogue_ms=0.0130
ESCHA_PROFILE k=2 ic=6144 oc=5120 rows=2048 gen=0 route=mma-fp16-mixedacc total_ms=0.7065 rotate_ms=0.0471 matmul_ms=0.6144 epilogue_ms=0.0450
ESCHA_PROFILE k=2 ic=5120 oc=17408 rows=2048 gen=0 route=mma-fp16-mixedacc total_ms=1.8897 rotate_ms=0.0407 matmul_ms=1.6601 epilogue_ms=0.1889
ESCHA_PROFILE k=3 ic=5120 oc=17408 rows=2048 gen=0 route=mma-fp16-mixedacc total_ms=1.9578 rotate_ms=0.0603 matmul_ms=1.7101 epilogue_ms=0.1874
ESCHA_PROFILE k=3 ic=17408 oc=5120 rows=2048 gen=0 route=mma-fp32-mixedacc total_ms=2.3977 rotate_ms=0.1705 matmul_ms=2.1780 epilogue_ms=0.0491
ESCHA_PROFILE k=2 ic=5120 oc=10240 rows=2048 gen=0 route=mma-fp16-mixedacc total_ms=1.1697 rotate_ms=0.0461 matmul_ms=1.0150 epilogue_ms=0.1086
ESCHA_PROFILE k=2 ic=5120 oc=6144 rows=2048 gen=0 route=mma-fp16-mixedacc total_ms=0.7850 rotate_ms=0.0567 matmul_ms=0.6730 epilogue_ms=0.0553
ESCHA_PROFILE k=2 ic=6144 oc=5120 rows=2048 gen=0 route=mma-fp16-mixedacc total_ms=0.7033 rotate_ms=0.0500 matmul_ms=0.6083 epilogue_ms=0.0450
ESCHA_PROFILE k=2 ic=5120 oc=17408 rows=2048 gen=0 route=mma-fp16-mixedacc total_ms=1.8590 rotate_ms=0.0404 matmul_ms=1.6322 epilogue_ms=0.1864
ESCHA_PROFILE k=3 ic=5120 oc=17408 rows=2048 gen=0 route=mma-fp16-mixedacc total_ms=1.9352 rotate_ms=0.0582 matmul_ms=1.6875 epilogue_ms=0.1894
ESCHA_PROFILE k=3 ic=17408 oc=5120 rows=2048 gen=0 route=mma-fp32-mixedacc total_ms=2.3863 rotate_ms=0.1763 matmul_ms=2.1608 epilogue_ms=0.0491
ESCHA_PROFILE k=2 ic=5120 oc=10240 rows=2048 gen=0 route=mma-fp16-mixedacc total_ms=1.1609 rotate_ms=0.0407 matmul_ms=1.0117 epilogue_ms=0.1085
ESCHA_PROFILE k=2 ic=5120 oc=6144 rows=2048 gen=0 route=mma-fp16-mixedacc total_ms=1.0329 rotate_ms=0.0550 matmul_ms=0.9226 epilogue_ms=0.0553
ESCHA_PROFILE k=2 ic=6144 oc=5120 rows=2048 gen=0 route=mma-fp16-mixedacc total_ms=0.7053 rotate_ms=0.0500 matmul_ms=0.6103 epilogue_ms=0.0451
ESCHA_PROFILE k=2 ic=5120 oc=17408 rows=2048 gen=0 route=mma-fp16-mixedacc total_ms=1.8675 rotate_ms=0.0434 matmul_ms=1.6360 epilogue_ms=0.1882
ESCHA_PROFILE k=3 ic=5120 oc=17408 rows=2048 gen=0 route=mma-fp16-mixedacc total_ms=1.9334 rotate_ms=0.0585 matmul_ms=1.6855 epilogue_ms=0.1894
ESCHA_PROFILE k=3 ic=17408 oc=5120 rows=2048 gen=0 route=mma-fp32-mixedacc total_ms=2.3779 rotate_ms=0.1712 matmul_ms=2.1576 epilogue_ms=0.0491
ESCHA_PROFILE k=2 ic=5120 oc=10240 rows=2048 gen=0 route=mma-fp16-mixedacc total_ms=1.1612 rotate_ms=0.0410 matmul_ms=1.0117 epilogue_ms=0.1086
ESCHA_PROFILE k=2 ic=5120 oc=6144 rows=2048 gen=0 route=mma-fp16-mixedacc total_ms=0.7779 rotate_ms=0.0550 matmul_ms=0.6676 epilogue_ms=0.0553
ESCHA_PROFILE k=2 ic=6144 oc=5120 rows=2048 gen=0 route=mma-fp16-mixedacc total_ms=0.9894 rotate_ms=0.0494 matmul_ms=0.8950 epilogue_ms=0.0450
ESCHA_PROFILE k=2 ic=5120 oc=17408 rows=2048 gen=0 route=mma-fp16-mixedacc total_ms=1.8695 rotate_ms=0.0407 matmul_ms=1.6404 epilogue_ms=0.1884
ESCHA_PROFILE k=3 ic=5120 oc=17408 rows=2048 gen=0 route=mma-fp16-mixedacc total_ms=1.9315 rotate_ms=0.0565 matmul_ms=1.6875 epilogue_ms=0.1874
ESCHA_PROFILE k=3 ic=17408 oc=5120 rows=2048 gen=0 route=mma-fp32-mixedacc total_ms=2.3820 rotate_ms=0.1712 matmul_ms=2.1617 epilogue_ms=0.0491
ESCHA_PROFILE k=2 ic=5120 oc=12288 rows=2048 gen=0 route=mma-fp16-mixedacc total_ms=1.4190 rotate_ms=0.0407 matmul_ms=1.2472 epilogue_ms=0.1311
ESCHA_PROFILE k=2 ic=5120 oc=1024 rows=2048 gen=0 route=mma-fp16-mixedacc total_ms=0.2112 rotate_ms=0.0605 matmul_ms=0.1385 epilogue_ms=0.0123
ESCHA_PROFILE k=2 ic=5120 oc=1024 rows=2048 gen=0 route=mma-fp16-mixedacc total_ms=0.2004 rotate_ms=0.0497 matmul_ms=0.1384 epilogue_ms=0.0123
ESCHA_PROFILE k=2 ic=6144 oc=5120 rows=2048 gen=0 route=mma-fp16-mixedacc total_ms=0.7113 rotate_ms=0.0486 matmul_ms=0.6176 epilogue_ms=0.0451
ESCHA_PROFILE k=2 ic=5120 oc=17408 rows=2048 gen=0 route=mma-fp16-mixedacc total_ms=2.1348 rotate_ms=0.0407 matmul_ms=1.9057 epilogue_ms=0.1884
ESCHA_PROFILE k=3 ic=5120 oc=17408 rows=2048 gen=0 route=mma-fp16-mixedacc total_ms=1.9437 rotate_ms=0.0565 matmul_ms=1.6998 epilogue_ms=0.1874
ESCHA_PROFILE k=3 ic=17408 oc=5120 rows=2048 gen=0 route=mma-fp32-mixedacc total_ms=2.3963 rotate_ms=0.1701 matmul_ms=2.1770 epilogue_ms=0.0491
ESCHA_PROFILE k=2 ic=5120 oc=10240 rows=2048 gen=0 route=mma-fp16-mixedacc total_ms=1.2538 rotate_ms=0.1003 matmul_ms=1.0437 epilogue_ms=0.1099
ESCHA_PROFILE k=2 ic=5120 oc=6144 rows=2048 gen=0 route=mma-fp16-mixedacc total_ms=0.7800 rotate_ms=0.0530 matmul_ms=0.6717 epilogue_ms=0.0553
ESCHA_PROFILE k=2 ic=6144 oc=5120 rows=2048 gen=0 route=mma-fp16-mixedacc total_ms=0.7134 rotate_ms=0.0525 matmul_ms=0.6161 epilogue_ms=0.0448
ESCHA_PROFILE k=2 ic=5120 oc=17408 rows=2048 gen=0 route=mma-fp16-mixedacc total_ms=1.8798 rotate_ms=0.0407 matmul_ms=1.6507 epilogue_ms=0.1884
ESCHA_PROFILE k=3 ic=5120 oc=17408 rows=2048 gen=0 route=mma-fp16-mixedacc total_ms=2.2207 rotate_ms=0.0580 matmul_ms=1.9743 epilogue_ms=0.1884
ESCHA_PROFILE k=3 ic=17408 oc=5120 rows=2048 gen=0 route=mma-fp32-mixedacc total_ms=2.3939 rotate_ms=0.1688 matmul_ms=2.1760 epilogue_ms=0.0491
ESCHA_PROFILE k=2 ic=5120 oc=10240 rows=2048 gen=0 route=mma-fp16-mixedacc total_ms=1.1804 rotate_ms=0.0407 matmul_ms=1.0304 epilogue_ms=0.1093
ESCHA_PROFILE k=2 ic=5120 oc=6144 rows=2048 gen=0 route=mma-fp16-mixedacc total_ms=0.7841 rotate_ms=0.0551 matmul_ms=0.6738 epilogue_ms=0.0553
ESCHA_PROFILE k=2 ic=6144 oc=5120 rows=2048 gen=0 route=mma-fp16-mixedacc total_ms=0.7153 rotate_ms=0.0523 matmul_ms=0.6179 epilogue_ms=0.0451
ESCHA_PROFILE k=2 ic=5120 oc=17408 rows=2048 gen=0 route=mma-fp16-mixedacc total_ms=1.8839 rotate_ms=0.0407 matmul_ms=1.6553 epilogue_ms=0.1879
ESCHA_PROFILE k=3 ic=5120 oc=17408 rows=2048 gen=0 route=mma-fp16-mixedacc total_ms=2.1768 rotate_ms=0.0561 matmul_ms=1.9323 epilogue_ms=0.1884
ESCHA_PROFILE k=3 ic=17408 oc=5120 rows=2048 gen=0 route=mma-fp32-mixedacc total_ms=2.4020 rotate_ms=0.1728 matmul_ms=2.1801 epilogue_ms=0.0492
ESCHA_PROFILE k=2 ic=5120 oc=10240 rows=2048 gen=0 route=mma-fp16-mixedacc total_ms=1.2203 rotate_ms=0.0868 matmul_ms=1.0255 epilogue_ms=0.1080
ESCHA_PROFILE k=2 ic=5120 oc=6144 rows=2048 gen=0 route=mma-fp16-mixedacc total_ms=0.7820 rotate_ms=0.0530 matmul_ms=0.6738 epilogue_ms=0.0553
ESCHA_PROFILE k=2 ic=6144 oc=5120 rows=2048 gen=0 route=mma-fp16-mixedacc total_ms=0.7156 rotate_ms=0.0523 matmul_ms=0.6183 epilogue_ms=0.0450
ESCHA_PROFILE k=2 ic=5120 oc=17408 rows=2048 gen=0 route=mma-fp16-mixedacc total_ms=2.1389 rotate_ms=0.0434 matmul_ms=1.9071 epilogue_ms=0.1884
ESCHA_PROFILE k=3 ic=5120 oc=17408 rows=2048 gen=0 route=mma-fp16-mixedacc total_ms=1.9513 rotate_ms=0.0559 matmul_ms=1.7080 epilogue_ms=0.1874
ESCHA_PROFILE k=3 ic=17408 oc=5120 rows=2048 gen=0 route=mma-fp32-mixedacc total_ms=2.6360 rotate_ms=0.1733 matmul_ms=2.4115 epilogue_ms=0.0512
ESCHA_PROFILE k=2 ic=5120 oc=12288 rows=2048 gen=0 route=mma-fp16-mixedacc total_ms=1.4354 rotate_ms=0.0407 matmul_ms=1.2620 epilogue_ms=0.1326
ESCHA_PROFILE k=2 ic=5120 oc=1024 rows=2048 gen=0 route=mma-fp16-mixedacc total_ms=0.2025 rotate_ms=0.0536 matmul_ms=0.1369 epilogue_ms=0.0120
ESCHA_PROFILE k=2 ic=5120 oc=1024 rows=2048 gen=0 route=mma-fp16-mixedacc total_ms=0.2102 rotate_ms=0.0518 matmul_ms=0.1454 epilogue_ms=0.0130
ESCHA_PROFILE k=2 ic=6144 oc=5120 rows=2048 gen=0 route=mma-fp16-mixedacc total_ms=0.7045 rotate_ms=0.0471 matmul_ms=0.6123 epilogue_ms=0.0451
ESCHA_PROFILE k=2 ic=5120 oc=17408 rows=2048 gen=0 route=mma-fp16-mixedacc total_ms=1.8880 rotate_ms=0.0407 matmul_ms=1.6589 epilogue_ms=0.1884
ESCHA_PROFILE k=3 ic=5120 oc=17408 rows=2048 gen=0 route=mma-fp16-mixedacc total_ms=1.9533 rotate_ms=0.0579 matmul_ms=1.7080 epilogue_ms=0.1874
ESCHA_PROFILE k=3 ic=17408 oc=5120 rows=2048 gen=0 route=mma-fp32-mixedacc total_ms=2.3960 rotate_ms=0.1688 matmul_ms=2.1780 epilogue_ms=0.0491
ESCHA_PROFILE k=2 ic=5120 oc=10240 rows=2048 gen=0 route=mma-fp16-mixedacc total_ms=1.4671 rotate_ms=0.0849 matmul_ms=1.2737 epilogue_ms=0.1085
ESCHA_PROFILE k=2 ic=5120 oc=6144 rows=2048 gen=0 route=mma-fp16-mixedacc total_ms=0.7864 rotate_ms=0.0553 matmul_ms=0.6738 epilogue_ms=0.0573
ESCHA_PROFILE k=2 ic=6144 oc=5120 rows=2048 gen=0 route=mma-fp16-mixedacc total_ms=0.7156 rotate_ms=0.0526 matmul_ms=0.6182 epilogue_ms=0.0448
ESCHA_PROFILE k=2 ic=5120 oc=17408 rows=2048 gen=0 route=mma-fp16-mixedacc total_ms=1.8798 rotate_ms=0.0407 matmul_ms=1.6527 epilogue_ms=0.1864
ESCHA_PROFILE k=3 ic=5120 oc=17408 rows=2048 gen=0 route=mma-fp16-mixedacc total_ms=1.9535 rotate_ms=0.0581 matmul_ms=1.7080 epilogue_ms=0.1874
ESCHA_PROFILE k=3 ic=17408 oc=5120 rows=2048 gen=0 route=mma-fp32-mixedacc total_ms=2.4017 rotate_ms=0.1704 matmul_ms=2.1821 epilogue_ms=0.0492
ESCHA_PROFILE k=2 ic=5120 oc=10240 rows=2048 gen=0 route=mma-fp16-mixedacc total_ms=1.1732 rotate_ms=0.0407 matmul_ms=1.0240 epilogue_ms=0.1085
ESCHA_PROFILE k=2 ic=5120 oc=6144 rows=2048 gen=0 route=mma-fp16-mixedacc total_ms=0.7834 rotate_ms=0.0533 matmul_ms=0.6727 epilogue_ms=0.0574
ESCHA_PROFILE k=2 ic=6144 oc=5120 rows=2048 gen=0 route=mma-fp16-mixedacc total_ms=0.7153 rotate_ms=0.0518 matmul_ms=0.6185 epilogue_ms=0.0451
ESCHA_PROFILE k=2 ic=5120 oc=17408 rows=2048 gen=0 route=mma-fp16-mixedacc total_ms=1.8860 rotate_ms=0.0407 matmul_ms=1.6568 epilogue_ms=0.1884
ESCHA_PROFILE k=3 ic=5120 oc=17408 rows=2048 gen=0 route=mma-fp16-mixedacc total_ms=1.9578 rotate_ms=0.0583 matmul_ms=1.7100 epilogue_ms=0.1895
ESCHA_PROFILE k=3 ic=17408 oc=5120 rows=2048 gen=0 route=mma-fp32-mixedacc total_ms=2.4045 rotate_ms=0.1712 matmul_ms=2.1842 epilogue_ms=0.0491
ESCHA_PROFILE k=2 ic=5120 oc=10240 rows=2048 gen=0 route=mma-fp16-mixedacc total_ms=1.1712 rotate_ms=0.0407 matmul_ms=1.0220 epilogue_ms=0.1085
ESCHA_PROFILE k=2 ic=5120 oc=6144 rows=2048 gen=0 route=mma-fp16-mixedacc total_ms=1.0330 rotate_ms=0.0551 matmul_ms=0.9206 epilogue_ms=0.0573
ESCHA_PROFILE k=2 ic=6144 oc=5120 rows=2048 gen=0 route=mma-fp16-mixedacc total_ms=0.7133 rotate_ms=0.0498 matmul_ms=0.6185 epilogue_ms=0.0450
ESCHA_PROFILE k=2 ic=5120 oc=17408 rows=2048 gen=0 route=mma-fp16-mixedacc total_ms=1.8900 rotate_ms=0.0428 matmul_ms=1.6589 epilogue_ms=0.1884
ESCHA_PROFILE k=3 ic=5120 oc=17408 rows=2048 gen=0 route=mma-fp16-mixedacc total_ms=1.9555 rotate_ms=0.0580 matmul_ms=1.7101 epilogue_ms=0.1874
ESCHA_PROFILE k=3 ic=17408 oc=5120 rows=2048 gen=0 route=mma-fp32-mixedacc total_ms=2.3979 rotate_ms=0.1707 matmul_ms=2.1780 epilogue_ms=0.0491
ESCHA_PROFILE k=2 ic=5120 oc=12288 rows=2048 gen=0 route=mma-fp16-mixedacc total_ms=1.4310 rotate_ms=0.0406 matmul_ms=1.2593 epilogue_ms=0.1311
ESCHA_PROFILE k=2 ic=5120 oc=1024 rows=2048 gen=0 route=mma-fp16-mixedacc total_ms=0.2045 rotate_ms=0.0551 matmul_ms=0.1372 epilogue_ms=0.0123
ESCHA_PROFILE k=2 ic=5120 oc=1024 rows=2048 gen=0 route=mma-fp16-mixedacc total_ms=0.2059 rotate_ms=0.0552 matmul_ms=0.1385 epilogue_ms=0.0123
ESCHA_PROFILE k=2 ic=6144 oc=5120 rows=2048 gen=0 route=mma-fp16-mixedacc total_ms=0.7066 rotate_ms=0.0492 matmul_ms=0.6123 epilogue_ms=0.0451
ESCHA_PROFILE k=2 ic=5120 oc=17408 rows=2048 gen=0 route=mma-fp16-mixedacc total_ms=1.8842 rotate_ms=0.0389 matmul_ms=1.6568 epilogue_ms=0.1884
ESCHA_PROFILE k=3 ic=5120 oc=17408 rows=2048 gen=0 route=mma-fp16-mixedacc total_ms=1.9574 rotate_ms=0.0579 matmul_ms=1.7121 epilogue_ms=0.1874
ESCHA_PROFILE k=3 ic=17408 oc=5120 rows=2048 gen=0 route=mma-fp32-mixedacc total_ms=2.4079 rotate_ms=0.1726 matmul_ms=2.1862 epilogue_ms=0.0491
ESCHA_PROFILE k=2 ic=5120 oc=10240 rows=2048 gen=0 route=mma-fp16-mixedacc total_ms=1.1752 rotate_ms=0.0406 matmul_ms=1.0240 epilogue_ms=0.1106
ESCHA_PROFILE k=2 ic=5120 oc=6144 rows=2048 gen=0 route=mma-fp16-mixedacc total_ms=0.7882 rotate_ms=0.0530 matmul_ms=0.6779 epilogue_ms=0.0573
ESCHA_PROFILE k=2 ic=6144 oc=5120 rows=2048 gen=0 route=mma-fp16-mixedacc total_ms=0.7134 rotate_ms=0.0479 matmul_ms=0.6205 epilogue_ms=0.0451
ESCHA_PROFILE k=2 ic=5120 oc=17408 rows=2048 gen=0 route=mma-fp16-mixedacc total_ms=1.8921 rotate_ms=0.0407 matmul_ms=1.6650 epilogue_ms=0.1864
ESCHA_PROFILE k=3 ic=5120 oc=17408 rows=2048 gen=0 route=mma-fp16-mixedacc total_ms=1.9615 rotate_ms=0.0559 matmul_ms=1.7162 epilogue_ms=0.1894
ESCHA_PROFILE k=3 ic=17408 oc=5120 rows=2048 gen=0 route=mma-fp32-mixedacc total_ms=2.4143 rotate_ms=0.1697 matmul_ms=2.1955 epilogue_ms=0.0491
ESCHA_PROFILE k=2 ic=5120 oc=10240 rows=2048 gen=0 route=mma-fp16-mixedacc total_ms=1.1774 rotate_ms=0.0407 matmul_ms=1.0281 epilogue_ms=0.1086
ESCHA_PROFILE k=2 ic=5120 oc=6144 rows=2048 gen=0 route=mma-fp16-mixedacc total_ms=0.7865 rotate_ms=0.0533 matmul_ms=0.6758 epilogue_ms=0.0574
ESCHA_PROFILE k=2 ic=6144 oc=5120 rows=2048 gen=0 route=mma-fp16-mixedacc total_ms=0.7159 rotate_ms=0.0503 matmul_ms=0.6205 epilogue_ms=0.0451
ESCHA_PROFILE k=2 ic=5120 oc=17408 rows=2048 gen=0 route=mma-fp16-mixedacc total_ms=1.8938 rotate_ms=0.0404 matmul_ms=1.6650 epilogue_ms=0.1884
ESCHA_PROFILE k=3 ic=5120 oc=17408 rows=2048 gen=0 route=mma-fp16-mixedacc total_ms=2.2455 rotate_ms=0.0562 matmul_ms=2.0009 epilogue_ms=0.1884
ESCHA_PROFILE k=3 ic=17408 oc=5120 rows=2048 gen=0 route=mma-fp32-mixedacc total_ms=2.3983 rotate_ms=0.1712 matmul_ms=2.1780 epilogue_ms=0.0491
ESCHA_PROFILE k=2 ic=5120 oc=10240 rows=2048 gen=0 route=mma-fp16-mixedacc total_ms=1.1753 rotate_ms=0.0407 matmul_ms=1.0240 epilogue_ms=0.1106
ESCHA_PROFILE k=2 ic=5120 oc=6144 rows=2048 gen=0 route=mma-fp16-mixedacc total_ms=0.7890 rotate_ms=0.0568 matmul_ms=0.6748 epilogue_ms=0.0574
ESCHA_PROFILE k=2 ic=6144 oc=5120 rows=2048 gen=0 route=mma-fp16-mixedacc total_ms=0.7159 rotate_ms=0.0504 matmul_ms=0.6205 epilogue_ms=0.0450
ESCHA_PROFILE k=2 ic=5120 oc=17408 rows=2048 gen=0 route=mma-fp16-mixedacc total_ms=1.8880 rotate_ms=0.0407 matmul_ms=1.6588 epilogue_ms=0.1884
ESCHA_PROFILE k=3 ic=5120 oc=17408 rows=2048 gen=0 route=mma-fp16-mixedacc total_ms=1.9596 rotate_ms=0.0560 matmul_ms=1.7162 epilogue_ms=0.1874
ESCHA_PROFILE k=3 ic=17408 oc=5120 rows=2048 gen=0 route=mma-fp32-mixedacc total_ms=2.4074 rotate_ms=0.1720 matmul_ms=2.1862 epilogue_ms=0.0491
ESCHA_PROFILE k=2 ic=5120 oc=12288 rows=2048 gen=0 route=mma-fp16-mixedacc total_ms=1.4416 rotate_ms=0.0407 matmul_ms=1.2677 epilogue_ms=0.1331
ESCHA_PROFILE k=2 ic=5120 oc=1024 rows=2048 gen=0 route=mma-fp16-mixedacc total_ms=0.2027 rotate_ms=0.0532 matmul_ms=0.1372 epilogue_ms=0.0123
ESCHA_PROFILE k=2 ic=5120 oc=1024 rows=2048 gen=0 route=mma-fp16-mixedacc total_ms=0.2061 rotate_ms=0.0534 matmul_ms=0.1405 epilogue_ms=0.0123
ESCHA_PROFILE k=2 ic=6144 oc=5120 rows=2048 gen=0 route=mma-fp16-mixedacc total_ms=0.7065 rotate_ms=0.0471 matmul_ms=0.6144 epilogue_ms=0.0451
ESCHA_PROFILE k=2 ic=5120 oc=17408 rows=2048 gen=0 route=mma-fp16-mixedacc total_ms=1.8921 rotate_ms=0.0407 matmul_ms=1.6630 epilogue_ms=0.1884
ESCHA_PROFILE k=3 ic=5120 oc=17408 rows=2048 gen=0 route=mma-fp16-mixedacc total_ms=1.9515 rotate_ms=0.0560 matmul_ms=1.7080 epilogue_ms=0.1874
ESCHA_PROFILE k=3 ic=17408 oc=5120 rows=2048 gen=0 route=mma-fp32-mixedacc total_ms=2.4045 rotate_ms=0.1692 matmul_ms=2.1862 epilogue_ms=0.0491
ESCHA_PROFILE k=2 ic=5120 oc=10240 rows=2048 gen=0 route=mma-fp16-mixedacc total_ms=1.1714 rotate_ms=0.0389 matmul_ms=1.0240 epilogue_ms=0.1086
ESCHA_PROFILE k=2 ic=5120 oc=6144 rows=2048 gen=0 route=mma-fp16-mixedacc total_ms=0.7840 rotate_ms=0.0529 matmul_ms=0.6738 epilogue_ms=0.0573
ESCHA_PROFILE k=2 ic=6144 oc=5120 rows=2048 gen=0 route=mma-fp16-mixedacc total_ms=0.7165 rotate_ms=0.0468 matmul_ms=0.6246 epilogue_ms=0.0451
ESCHA_PROFILE k=2 ic=5120 oc=17408 rows=2048 gen=0 route=mma-fp16-mixedacc total_ms=1.8739 rotate_ms=0.0410 matmul_ms=1.6445 epilogue_ms=0.1884
ESCHA_PROFILE k=3 ic=5120 oc=17408 rows=2048 gen=0 route=mma-fp16-mixedacc total_ms=1.9436 rotate_ms=0.0533 matmul_ms=1.7019 epilogue_ms=0.1884
ESCHA_PROFILE k=3 ic=17408 oc=5120 rows=2048 gen=0 route=mma-fp32-mixedacc total_ms=2.3797 rotate_ms=0.1720 matmul_ms=2.1586 epilogue_ms=0.0491
ESCHA_PROFILE k=2 ic=5120 oc=10240 rows=2048 gen=0 route=mma-fp16-mixedacc total_ms=1.1650 rotate_ms=0.0386 matmul_ms=1.0158 epilogue_ms=0.1106
ESCHA_PROFILE k=2 ic=5120 oc=6144 rows=2048 gen=0 route=mma-fp16-mixedacc total_ms=0.7756 rotate_ms=0.0527 matmul_ms=0.6676 epilogue_ms=0.0553
ESCHA_PROFILE k=2 ic=6144 oc=5120 rows=2048 gen=0 route=mma-fp16-mixedacc total_ms=0.7094 rotate_ms=0.0500 matmul_ms=0.6144 epilogue_ms=0.0451
ESCHA_PROFILE k=2 ic=5120 oc=17408 rows=2048 gen=0 route=mma-fp16-mixedacc total_ms=1.8719 rotate_ms=0.0410 matmul_ms=1.6445 epilogue_ms=0.1864
ESCHA_PROFILE k=3 ic=5120 oc=17408 rows=2048 gen=0 route=mma-fp16-mixedacc total_ms=1.9356 rotate_ms=0.0565 matmul_ms=1.6916 epilogue_ms=0.1874
ESCHA_PROFILE k=3 ic=17408 oc=5120 rows=2048 gen=0 route=mma-fp32-mixedacc total_ms=2.3803 rotate_ms=0.1664 matmul_ms=2.1647 epilogue_ms=0.0491
ESCHA_PROFILE k=2 ic=5120 oc=10240 rows=2048 gen=0 route=mma-fp16-mixedacc total_ms=1.2630 rotate_ms=0.0665 matmul_ms=1.0887 epilogue_ms=0.1078
ESCHA_PROFILE k=2 ic=5120 oc=6144 rows=2048 gen=0 route=mma-fp16-mixedacc total_ms=0.7780 rotate_ms=0.0530 matmul_ms=0.6697 epilogue_ms=0.0553
ESCHA_PROFILE k=2 ic=6144 oc=5120 rows=2048 gen=0 route=mma-fp16-mixedacc total_ms=0.7098 rotate_ms=0.0484 matmul_ms=0.6164 epilogue_ms=0.0451
ESCHA_PROFILE k=2 ic=5120 oc=17408 rows=2048 gen=0 route=mma-fp16-mixedacc total_ms=1.8691 rotate_ms=0.0382 matmul_ms=1.6425 epilogue_ms=0.1884
ESCHA_PROFILE k=3 ic=5120 oc=17408 rows=2048 gen=0 route=mma-fp16-mixedacc total_ms=1.9396 rotate_ms=0.0586 matmul_ms=1.6937 epilogue_ms=0.1874
ESCHA_PROFILE k=3 ic=17408 oc=5120 rows=2048 gen=0 route=mma-fp32-mixedacc total_ms=2.3714 rotate_ms=0.1668 matmul_ms=2.1555 epilogue_ms=0.0491
ESCHA_PROFILE k=2 ic=5120 oc=12288 rows=2048 gen=0 route=mma-fp16-mixedacc total_ms=1.4286 rotate_ms=0.0404 matmul_ms=1.2531 epilogue_ms=0.1351
ESCHA_PROFILE k=2 ic=5120 oc=1024 rows=2048 gen=0 route=mma-fp16-mixedacc total_ms=0.2052 rotate_ms=0.0540 matmul_ms=0.1382 epilogue_ms=0.0130
ESCHA_PROFILE k=2 ic=5120 oc=1024 rows=2048 gen=0 route=mma-fp16-mixedacc total_ms=0.2029 rotate_ms=0.0525 matmul_ms=0.1381 epilogue_ms=0.0123
ESCHA_PROFILE k=2 ic=6144 oc=5120 rows=2048 gen=0 route=mma-fp16-mixedacc total_ms=0.7025 rotate_ms=0.0471 matmul_ms=0.6103 epilogue_ms=0.0450
ESCHA_PROFILE k=2 ic=5120 oc=17408 rows=2048 gen=0 route=mma-fp16-mixedacc total_ms=1.8696 rotate_ms=0.0413 matmul_ms=1.6421 epilogue_ms=0.1861
ESCHA_PROFILE k=3 ic=5120 oc=17408 rows=2048 gen=0 route=mma-fp16-mixedacc total_ms=1.9332 rotate_ms=0.0562 matmul_ms=1.6876 epilogue_ms=0.1894
ESCHA_PROFILE k=3 ic=17408 oc=5120 rows=2048 gen=0 route=mma-fp32-mixedacc total_ms=2.3778 rotate_ms=0.1711 matmul_ms=2.1576 epilogue_ms=0.0491
ESCHA_PROFILE k=2 ic=5120 oc=10240 rows=2048 gen=0 route=mma-fp16-mixedacc total_ms=1.1624 rotate_ms=0.0407 matmul_ms=1.0134 epilogue_ms=0.1083
ESCHA_PROFILE k=2 ic=5120 oc=6144 rows=2048 gen=0 route=mma-fp16-mixedacc total_ms=0.7776 rotate_ms=0.0547 matmul_ms=0.6676 epilogue_ms=0.0553
ESCHA_PROFILE k=2 ic=6144 oc=5120 rows=2048 gen=0 route=mma-fp16-mixedacc total_ms=0.7095 rotate_ms=0.0501 matmul_ms=0.6144 epilogue_ms=0.0450
ESCHA_PROFILE k=2 ic=5120 oc=17408 rows=2048 gen=0 route=mma-fp16-mixedacc total_ms=1.8713 rotate_ms=0.0404 matmul_ms=1.6425 epilogue_ms=0.1884
ESCHA_PROFILE k=3 ic=5120 oc=17408 rows=2048 gen=0 route=mma-fp16-mixedacc total_ms=1.9396 rotate_ms=0.0565 matmul_ms=1.6957 epilogue_ms=0.1874
ESCHA_PROFILE k=3 ic=17408 oc=5120 rows=2048 gen=0 route=mma-fp32-mixedacc total_ms=2.3779 rotate_ms=0.1691 matmul_ms=2.1596 epilogue_ms=0.0492
ESCHA_PROFILE k=2 ic=5120 oc=10240 rows=2048 gen=0 route=mma-fp16-mixedacc total_ms=1.1612 rotate_ms=0.0389 matmul_ms=1.0137 epilogue_ms=0.1086
ESCHA_PROFILE k=2 ic=5120 oc=6144 rows=2048 gen=0 route=mma-fp16-mixedacc total_ms=0.7759 rotate_ms=0.0530 matmul_ms=0.6676 epilogue_ms=0.0553
ESCHA_PROFILE k=2 ic=6144 oc=5120 rows=2048 gen=0 route=mma-fp16-mixedacc total_ms=0.7115 rotate_ms=0.0520 matmul_ms=0.6144 epilogue_ms=0.0451
ESCHA_PROFILE k=2 ic=5120 oc=17408 rows=2048 gen=0 route=mma-fp16-mixedacc total_ms=1.8696 rotate_ms=0.0407 matmul_ms=1.6425 epilogue_ms=0.1863
ESCHA_PROFILE k=3 ic=5120 oc=17408 rows=2048 gen=0 route=mma-fp16-mixedacc total_ms=1.9354 rotate_ms=0.0564 matmul_ms=1.6916 epilogue_ms=0.1874
ESCHA_PROFILE k=3 ic=17408 oc=5120 rows=2048 gen=0 route=mma-fp32-mixedacc total_ms=2.3681 rotate_ms=0.1655 matmul_ms=2.1535 epilogue_ms=0.0492
ESCHA_PROFILE k=2 ic=5120 oc=10240 rows=2048 gen=0 route=mma-fp16-mixedacc total_ms=1.1725 rotate_ms=0.0410 matmul_ms=1.0238 epilogue_ms=0.1077
ESCHA_PROFILE k=2 ic=5120 oc=6144 rows=2048 gen=0 route=mma-fp16-mixedacc total_ms=0.7777 rotate_ms=0.0548 matmul_ms=0.6676 epilogue_ms=0.0553
ESCHA_PROFILE k=2 ic=6144 oc=5120 rows=2048 gen=0 route=mma-fp16-mixedacc total_ms=0.7119 rotate_ms=0.0520 matmul_ms=0.6141 epilogue_ms=0.0458
ESCHA_PROFILE k=2 ic=5120 oc=17408 rows=2048 gen=0 route=mma-fp16-mixedacc total_ms=1.8742 rotate_ms=0.0426 matmul_ms=1.6436 epilogue_ms=0.1881
ESCHA_PROFILE k=3 ic=5120 oc=17408 rows=2048 gen=0 route=mma-fp16-mixedacc total_ms=1.9432 rotate_ms=0.0580 matmul_ms=1.6978 epilogue_ms=0.1874
ESCHA_PROFILE k=3 ic=17408 oc=5120 rows=2048 gen=0 route=mma-fp32-mixedacc total_ms=2.3796 rotate_ms=0.1688 matmul_ms=2.1617 epilogue_ms=0.0491
ESCHA_PROFILE k=2 ic=5120 oc=12288 rows=2048 gen=0 route=mma-fp16-mixedacc total_ms=1.4272 rotate_ms=0.0407 matmul_ms=1.2540 epilogue_ms=0.1325
ESCHA_PROFILE k=2 ic=5120 oc=1024 rows=2048 gen=0 route=mma-fp16-mixedacc total_ms=0.2025 rotate_ms=0.0536 matmul_ms=0.1369 epilogue_ms=0.0120
ESCHA_PROFILE k=2 ic=5120 oc=1024 rows=2048 gen=0 route=mma-fp16-mixedacc total_ms=0.2263 rotate_ms=0.0533 matmul_ms=0.1601 epilogue_ms=0.0130
ESCHA_PROFILE k=2 ic=6144 oc=5120 rows=2048 gen=0 route=mma-fp16-mixedacc total_ms=0.7004 rotate_ms=0.0471 matmul_ms=0.6082 epilogue_ms=0.0451
ESCHA_PROFILE k=2 ic=5120 oc=17408 rows=2048 gen=0 route=mma-fp16-mixedacc total_ms=1.8737 rotate_ms=0.0407 matmul_ms=1.6453 epilogue_ms=0.1877
ESCHA_PROFILE k=3 ic=5120 oc=17408 rows=2048 gen=0 route=mma-fp16-mixedacc total_ms=1.9417 rotate_ms=0.0566 matmul_ms=1.6957 epilogue_ms=0.1894
ESCHA_PROFILE k=3 ic=17408 oc=5120 rows=2048 gen=0 route=mma-fp32-mixedacc total_ms=2.3813 rotate_ms=0.1725 matmul_ms=2.1596 epilogue_ms=0.0491
ESCHA_PROFILE k=2 ic=5120 oc=10240 rows=2048 gen=0 route=mma-fp16-mixedacc total_ms=1.2408 rotate_ms=0.0514 matmul_ms=1.0799 epilogue_ms=0.1094
ESCHA_PROFILE k=2 ic=5120 oc=6144 rows=2048 gen=0 route=mma-fp16-mixedacc total_ms=0.7762 rotate_ms=0.0532 matmul_ms=0.6676 epilogue_ms=0.0553
ESCHA_PROFILE k=2 ic=6144 oc=5120 rows=2048 gen=0 route=mma-fp16-mixedacc total_ms=0.7136 rotate_ms=0.0527 matmul_ms=0.6161 epilogue_ms=0.0448
ESCHA_PROFILE k=2 ic=5120 oc=17408 rows=2048 gen=0 route=mma-fp16-mixedacc total_ms=1.8739 rotate_ms=0.0410 matmul_ms=1.6446 epilogue_ms=0.1884
ESCHA_PROFILE k=3 ic=5120 oc=17408 rows=2048 gen=0 route=mma-fp16-mixedacc total_ms=1.9411 rotate_ms=0.0580 matmul_ms=1.6937 epilogue_ms=0.1894
ESCHA_PROFILE k=3 ic=17408 oc=5120 rows=2048 gen=0 route=mma-fp32-mixedacc total_ms=2.3775 rotate_ms=0.1667 matmul_ms=2.1617 epilogue_ms=0.0492
ESCHA_PROFILE k=2 ic=5120 oc=10240 rows=2048 gen=0 route=mma-fp16-mixedacc total_ms=1.1694 rotate_ms=0.0410 matmul_ms=1.0199 epilogue_ms=0.1085
ESCHA_PROFILE k=2 ic=5120 oc=6144 rows=2048 gen=0 route=mma-fp16-mixedacc total_ms=0.7820 rotate_ms=0.0550 matmul_ms=0.6717 epilogue_ms=0.0553
ESCHA_PROFILE k=2 ic=6144 oc=5120 rows=2048 gen=0 route=mma-fp16-mixedacc total_ms=0.7154 rotate_ms=0.0518 matmul_ms=0.6185 epilogue_ms=0.0450
ESCHA_PROFILE k=2 ic=5120 oc=17408 rows=2048 gen=0 route=mma-fp16-mixedacc total_ms=2.1695 rotate_ms=0.0427 matmul_ms=1.9384 epilogue_ms=0.1884
ESCHA_PROFILE k=3 ic=5120 oc=17408 rows=2048 gen=0 route=mma-fp16-mixedacc total_ms=1.9520 rotate_ms=0.0565 matmul_ms=1.7080 epilogue_ms=0.1874
ESCHA_PROFILE k=3 ic=17408 oc=5120 rows=2048 gen=0 route=mma-fp32-mixedacc total_ms=2.4000 rotate_ms=0.1708 matmul_ms=2.1801 epilogue_ms=0.0491
ESCHA_PROFILE k=2 ic=5120 oc=10240 rows=2048 gen=0 route=mma-fp16-mixedacc total_ms=1.1732 rotate_ms=0.0407 matmul_ms=1.0240 epilogue_ms=0.1085
ESCHA_PROFILE k=2 ic=5120 oc=6144 rows=2048 gen=0 route=mma-fp16-mixedacc total_ms=0.7850 rotate_ms=0.0570 matmul_ms=0.6727 epilogue_ms=0.0553
ESCHA_PROFILE k=2 ic=6144 oc=5120 rows=2048 gen=0 route=mma-fp16-mixedacc total_ms=0.7180 rotate_ms=0.0524 matmul_ms=0.6205 epilogue_ms=0.0450
ESCHA_PROFILE k=2 ic=5120 oc=17408 rows=2048 gen=0 route=mma-fp16-mixedacc total_ms=1.8839 rotate_ms=0.0407 matmul_ms=1.6548 epilogue_ms=0.1884
ESCHA_PROFILE k=3 ic=5120 oc=17408 rows=2048 gen=0 route=mma-fp16-mixedacc total_ms=2.2621 rotate_ms=0.3575 matmul_ms=1.7141 epilogue_ms=0.1905
ESCHA_PROFILE k=3 ic=17408 oc=5120 rows=2048 gen=0 route=mma-fp32-mixedacc total_ms=2.3964 rotate_ms=0.1692 matmul_ms=2.1780 epilogue_ms=0.0491
ESCHA_PROFILE k=2 ic=5120 oc=12288 rows=2048 gen=0 route=mma-fp16-mixedacc total_ms=1.4354 rotate_ms=0.0407 matmul_ms=1.2616 epilogue_ms=0.1331
ESCHA_PROFILE k=2 ic=5120 oc=1024 rows=2048 gen=0 route=mma-fp16-mixedacc total_ms=0.2027 rotate_ms=0.0532 matmul_ms=0.1372 epilogue_ms=0.0123
ESCHA_PROFILE k=2 ic=5120 oc=1024 rows=2048 gen=0 route=mma-fp16-mixedacc total_ms=0.2020 rotate_ms=0.0493 matmul_ms=0.1404 epilogue_ms=0.0123
ESCHA_PROFILE k=2 ic=6144 oc=5120 rows=2048 gen=0 route=mma-fp16-mixedacc total_ms=0.7086 rotate_ms=0.0492 matmul_ms=0.6144 epilogue_ms=0.0451
ESCHA_PROFILE k=2 ic=5120 oc=17408 rows=2048 gen=0 route=mma-fp16-mixedacc total_ms=1.8882 rotate_ms=0.0410 matmul_ms=1.6588 epilogue_ms=0.1884
ESCHA_PROFILE k=3 ic=5120 oc=17408 rows=2048 gen=0 route=mma-fp16-mixedacc total_ms=1.9596 rotate_ms=0.0581 matmul_ms=1.7121 epilogue_ms=0.1894
ESCHA_PROFILE k=3 ic=17408 oc=5120 rows=2048 gen=0 route=mma-fp32-mixedacc total_ms=2.4041 rotate_ms=0.1688 matmul_ms=2.1862 epilogue_ms=0.0491
ESCHA_PROFILE k=2 ic=5120 oc=10240 rows=2048 gen=0 route=mma-fp16-mixedacc total_ms=1.1775 rotate_ms=0.0409 matmul_ms=1.0260 epilogue_ms=0.1106
ESCHA_PROFILE k=2 ic=5120 oc=6144 rows=2048 gen=0 route=mma-fp16-mixedacc total_ms=0.7841 rotate_ms=0.0530 matmul_ms=0.6738 epilogue_ms=0.0573
ESCHA_PROFILE k=2 ic=6144 oc=5120 rows=2048 gen=0 route=mma-fp16-mixedacc total_ms=0.7156 rotate_ms=0.0521 matmul_ms=0.6185 epilogue_ms=0.0450
ESCHA_PROFILE k=2 ic=5120 oc=17408 rows=2048 gen=0 route=mma-fp16-mixedacc total_ms=1.8880 rotate_ms=0.0407 matmul_ms=1.6589 epilogue_ms=0.1884
ESCHA_PROFILE k=3 ic=5120 oc=17408 rows=2048 gen=0 route=mma-fp16-mixedacc total_ms=1.9556 rotate_ms=0.0561 matmul_ms=1.7121 epilogue_ms=0.1874
ESCHA_PROFILE k=3 ic=17408 oc=5120 rows=2048 gen=0 route=mma-fp32-mixedacc total_ms=2.4021 rotate_ms=0.1688 matmul_ms=2.1842 epilogue_ms=0.0491
ESCHA_PROFILE k=2 ic=5120 oc=10240 rows=2048 gen=0 route=mma-fp16-mixedacc total_ms=1.1755 rotate_ms=0.0410 matmul_ms=1.0240 epilogue_ms=0.1106
ESCHA_PROFILE k=2 ic=5120 oc=6144 rows=2048 gen=0 route=mma-fp16-mixedacc total_ms=0.7820 rotate_ms=0.0530 matmul_ms=0.6738 epilogue_ms=0.0553
ESCHA_PROFILE k=2 ic=6144 oc=5120 rows=2048 gen=0 route=mma-fp16-mixedacc total_ms=0.7135 rotate_ms=0.0500 matmul_ms=0.6185 epilogue_ms=0.0451
ESCHA_PROFILE k=2 ic=5120 oc=17408 rows=2048 gen=0 route=mma-fp16-mixedacc total_ms=1.8839 rotate_ms=0.0407 matmul_ms=1.6568 epilogue_ms=0.1864
ESCHA_PROFILE k=3 ic=5120 oc=17408 rows=2048 gen=0 route=mma-fp16-mixedacc total_ms=1.9557 rotate_ms=0.0562 matmul_ms=1.7121 epilogue_ms=0.1874
ESCHA_PROFILE k=3 ic=17408 oc=5120 rows=2048 gen=0 route=mma-fp32-mixedacc total_ms=2.3964 rotate_ms=0.1712 matmul_ms=2.1760 epilogue_ms=0.0491
ESCHA_PROFILE k=2 ic=5120 oc=10240 rows=2048 gen=0 route=mma-fp16-mixedacc total_ms=1.4764 rotate_ms=0.0407 matmul_ms=1.0240 epilogue_ms=0.4116
ESCHA_PROFILE k=2 ic=5120 oc=6144 rows=2048 gen=0 route=mma-fp16-mixedacc total_ms=0.7820 rotate_ms=0.0529 matmul_ms=0.6738 epilogue_ms=0.0553
ESCHA_PROFILE k=2 ic=6144 oc=5120 rows=2048 gen=0 route=mma-fp16-mixedacc total_ms=0.7153 rotate_ms=0.0497 matmul_ms=0.6205 epilogue_ms=0.0450
ESCHA_PROFILE k=2 ic=5120 oc=17408 rows=2048 gen=0 route=mma-fp16-mixedacc total_ms=1.8897 rotate_ms=0.0405 matmul_ms=1.6607 epilogue_ms=0.1884
ESCHA_PROFILE k=3 ic=5120 oc=17408 rows=2048 gen=0 route=mma-fp16-mixedacc total_ms=1.9577 rotate_ms=0.0562 matmul_ms=1.7121 epilogue_ms=0.1894
ESCHA_PROFILE k=3 ic=17408 oc=5120 rows=2048 gen=0 route=mma-fp32-mixedacc total_ms=2.3981 rotate_ms=0.1689 matmul_ms=2.1801 epilogue_ms=0.0491
ESCHA_PROFILE k=2 ic=5120 oc=12288 rows=2048 gen=0 route=mma-fp16-mixedacc total_ms=1.4375 rotate_ms=0.0413 matmul_ms=1.2633 epilogue_ms=0.1329
ESCHA_PROFILE k=2 ic=5120 oc=1024 rows=2048 gen=0 route=mma-fp16-mixedacc total_ms=0.2021 rotate_ms=0.0530 matmul_ms=0.1369 epilogue_ms=0.0123
ESCHA_PROFILE k=2 ic=5120 oc=1024 rows=2048 gen=0 route=mma-fp16-mixedacc total_ms=0.5085 rotate_ms=0.0511 matmul_ms=0.4452 epilogue_ms=0.0123
ESCHA_PROFILE k=2 ic=6144 oc=5120 rows=2048 gen=0 route=mma-fp16-mixedacc total_ms=0.7086 rotate_ms=0.0492 matmul_ms=0.6144 epilogue_ms=0.0450
ESCHA_PROFILE k=2 ic=5120 oc=17408 rows=2048 gen=0 route=mma-fp16-mixedacc total_ms=1.8880 rotate_ms=0.0407 matmul_ms=1.6589 epilogue_ms=0.1884
ESCHA_PROFILE k=3 ic=5120 oc=17408 rows=2048 gen=0 route=mma-fp16-mixedacc total_ms=1.9537 rotate_ms=0.0563 matmul_ms=1.7101 epilogue_ms=0.1874
ESCHA_PROFILE k=3 ic=17408 oc=5120 rows=2048 gen=0 route=mma-fp32-mixedacc total_ms=2.4002 rotate_ms=0.1730 matmul_ms=2.1780 epilogue_ms=0.0491
ESCHA_PROFILE k=2 ic=5120 oc=10240 rows=2048 gen=0 route=mma-fp16-mixedacc total_ms=1.1753 rotate_ms=0.0407 matmul_ms=1.0240 epilogue_ms=0.1106
ESCHA_PROFILE k=2 ic=5120 oc=6144 rows=2048 gen=0 route=mma-fp16-mixedacc total_ms=0.7864 rotate_ms=0.0532 matmul_ms=0.6758 epilogue_ms=0.0573
ESCHA_PROFILE k=2 ic=6144 oc=5120 rows=2048 gen=0 route=mma-fp16-mixedacc total_ms=0.7156 rotate_ms=0.0501 matmul_ms=0.6205 epilogue_ms=0.0451
ESCHA_PROFILE k=2 ic=5120 oc=17408 rows=2048 gen=0 route=mma-fp16-mixedacc total_ms=1.8859 rotate_ms=0.0407 matmul_ms=1.6568 epilogue_ms=0.1884
ESCHA_PROFILE k=3 ic=5120 oc=17408 rows=2048 gen=0 route=mma-fp16-mixedacc total_ms=1.9499 rotate_ms=0.0565 matmul_ms=1.7060 epilogue_ms=0.1874
ESCHA_PROFILE k=3 ic=17408 oc=5120 rows=2048 gen=0 route=mma-fp32-mixedacc total_ms=2.4025 rotate_ms=0.1692 matmul_ms=2.1842 epilogue_ms=0.0491
ESCHA_PROFILE k=2 ic=5120 oc=10240 rows=2048 gen=0 route=mma-fp16-mixedacc total_ms=1.1753 rotate_ms=0.0407 matmul_ms=1.0260 epilogue_ms=0.1085
ESCHA_PROFILE k=2 ic=5120 oc=6144 rows=2048 gen=0 route=mma-fp16-mixedacc total_ms=0.7842 rotate_ms=0.0550 matmul_ms=0.6738 epilogue_ms=0.0554
ESCHA_PROFILE k=2 ic=6144 oc=5120 rows=2048 gen=0 route=mma-fp16-mixedacc total_ms=0.7179 rotate_ms=0.0524 matmul_ms=0.6205 epilogue_ms=0.0451
ESCHA_PROFILE k=2 ic=5120 oc=17408 rows=2048 gen=0 route=mma-fp16-mixedacc total_ms=2.1921 rotate_ms=0.0407 matmul_ms=1.9630 epilogue_ms=0.1884
ESCHA_PROFILE k=3 ic=5120 oc=17408 rows=2048 gen=0 route=mma-fp16-mixedacc total_ms=1.9555 rotate_ms=0.0560 matmul_ms=1.7121 epilogue_ms=0.1874
ESCHA_PROFILE k=3 ic=17408 oc=5120 rows=2048 gen=0 route=mma-fp32-mixedacc total_ms=2.4045 rotate_ms=0.1712 matmul_ms=2.1842 epilogue_ms=0.0491
ESCHA_PROFILE k=2 ic=5120 oc=10240 rows=2048 gen=0 route=mma-fp16-mixedacc total_ms=1.1756 rotate_ms=0.0410 matmul_ms=1.0260 epilogue_ms=0.1086
ESCHA_PROFILE k=2 ic=5120 oc=6144 rows=2048 gen=0 route=mma-fp16-mixedacc total_ms=0.7820 rotate_ms=0.0530 matmul_ms=0.6738 epilogue_ms=0.0553
ESCHA_PROFILE k=2 ic=6144 oc=5120 rows=2048 gen=0 route=mma-fp16-mixedacc total_ms=0.7160 rotate_ms=0.0524 matmul_ms=0.6185 epilogue_ms=0.0451
ESCHA_PROFILE k=2 ic=5120 oc=17408 rows=2048 gen=0 route=mma-fp16-mixedacc total_ms=1.8862 rotate_ms=0.0410 matmul_ms=1.6568 epilogue_ms=0.1884
ESCHA_PROFILE k=3 ic=5120 oc=17408 rows=2048 gen=0 route=mma-fp16-mixedacc total_ms=1.9589 rotate_ms=0.0573 matmul_ms=1.7142 epilogue_ms=0.1874
ESCHA_PROFILE k=3 ic=17408 oc=5120 rows=2048 gen=0 route=mma-fp32-mixedacc total_ms=2.3990 rotate_ms=0.1698 matmul_ms=2.1801 epilogue_ms=0.0491
ESCHA_PROFILE k=2 ic=5120 oc=12288 rows=2048 gen=0 route=mma-fp16-mixedacc total_ms=1.4351 rotate_ms=0.0406 matmul_ms=1.2613 epilogue_ms=0.1331
ESCHA_PROFILE k=2 ic=5120 oc=1024 rows=2048 gen=0 route=mma-fp16-mixedacc total_ms=0.2027 rotate_ms=0.0532 matmul_ms=0.1372 epilogue_ms=0.0123
ESCHA_PROFILE k=2 ic=5120 oc=1024 rows=2048 gen=0 route=mma-fp16-mixedacc total_ms=0.2063 rotate_ms=0.0539 matmul_ms=0.1402 epilogue_ms=0.0123
ESCHA_PROFILE k=2 ic=6144 oc=5120 rows=2048 gen=0 route=mma-fp16-mixedacc total_ms=0.7106 rotate_ms=0.0492 matmul_ms=0.6164 epilogue_ms=0.0450
ESCHA_PROFILE k=2 ic=5120 oc=17408 rows=2048 gen=0 route=mma-fp16-mixedacc total_ms=1.8941 rotate_ms=0.0407 matmul_ms=1.6629 epilogue_ms=0.1905
ESCHA_PROFILE k=3 ic=5120 oc=17408 rows=2048 gen=0 route=mma-fp16-mixedacc total_ms=1.9581 rotate_ms=0.0566 matmul_ms=1.7142 epilogue_ms=0.1874
ESCHA_PROFILE k=3 ic=17408 oc=5120 rows=2048 gen=0 route=mma-fp32-mixedacc total_ms=2.7046 rotate_ms=0.4661 matmul_ms=2.1893 epilogue_ms=0.0491
ESCHA_PROFILE k=2 ic=5120 oc=10240 rows=2048 gen=0 route=mma-fp16-mixedacc total_ms=1.1774 rotate_ms=0.0407 matmul_ms=1.0281 epilogue_ms=0.1086
ESCHA_PROFILE k=2 ic=5120 oc=6144 rows=2048 gen=0 route=mma-fp16-mixedacc total_ms=0.7882 rotate_ms=0.0550 matmul_ms=0.6758 epilogue_ms=0.0574
ESCHA_PROFILE k=2 ic=6144 oc=5120 rows=2048 gen=0 route=mma-fp16-mixedacc total_ms=0.7171 rotate_ms=0.0515 matmul_ms=0.6205 epilogue_ms=0.0451
ESCHA_PROFILE k=2 ic=5120 oc=17408 rows=2048 gen=0 route=mma-fp16-mixedacc total_ms=1.8942 rotate_ms=0.0428 matmul_ms=1.6630 epilogue_ms=0.1884
ESCHA_PROFILE k=3 ic=5120 oc=17408 rows=2048 gen=0 route=mma-fp16-mixedacc total_ms=1.9617 rotate_ms=0.0581 matmul_ms=1.7162 epilogue_ms=0.1874
ESCHA_PROFILE k=3 ic=17408 oc=5120 rows=2048 gen=0 route=mma-fp32-mixedacc total_ms=2.6729 rotate_ms=0.1712 matmul_ms=2.4504 epilogue_ms=0.0512
ESCHA_PROFILE k=2 ic=5120 oc=10240 rows=2048 gen=0 route=mma-fp16-mixedacc total_ms=1.1753 rotate_ms=0.0407 matmul_ms=1.0260 epilogue_ms=0.1085
ESCHA_PROFILE k=2 ic=5120 oc=6144 rows=2048 gen=0 route=mma-fp16-mixedacc total_ms=0.7861 rotate_ms=0.0550 matmul_ms=0.6738 epilogue_ms=0.0574
ESCHA_PROFILE k=2 ic=6144 oc=5120 rows=2048 gen=0 route=mma-fp16-mixedacc total_ms=0.7156 rotate_ms=0.0500 matmul_ms=0.6205 epilogue_ms=0.0450
ESCHA_PROFILE k=2 ic=5120 oc=17408 rows=2048 gen=0 route=mma-fp16-mixedacc total_ms=1.8880 rotate_ms=0.0428 matmul_ms=1.6568 epilogue_ms=0.1884
ESCHA_PROFILE k=3 ic=5120 oc=17408 rows=2048 gen=0 route=mma-fp16-mixedacc total_ms=1.9579 rotate_ms=0.0584 matmul_ms=1.7121 epilogue_ms=0.1874
ESCHA_PROFILE k=3 ic=17408 oc=5120 rows=2048 gen=0 route=mma-fp32-mixedacc total_ms=2.3943 rotate_ms=0.1692 matmul_ms=2.1760 epilogue_ms=0.0491
ESCHA_PROFILE k=2 ic=5120 oc=10240 rows=2048 gen=0 route=mma-fp16-mixedacc total_ms=1.4416 rotate_ms=0.0407 matmul_ms=1.2923 epilogue_ms=0.1085
ESCHA_PROFILE k=2 ic=5120 oc=6144 rows=2048 gen=0 route=mma-fp16-mixedacc total_ms=0.7861 rotate_ms=0.0530 matmul_ms=0.6758 epilogue_ms=0.0574
ESCHA_PROFILE k=2 ic=6144 oc=5120 rows=2048 gen=0 route=mma-fp16-mixedacc total_ms=0.7180 rotate_ms=0.0504 matmul_ms=0.6226 epilogue_ms=0.0450
ESCHA_PROFILE k=2 ic=5120 oc=17408 rows=2048 gen=0 route=mma-fp16-mixedacc total_ms=1.8940 rotate_ms=0.0427 matmul_ms=1.6629 epilogue_ms=0.1884
ESCHA_PROFILE k=3 ic=5120 oc=17408 rows=2048 gen=0 route=mma-fp16-mixedacc total_ms=1.9618 rotate_ms=0.0582 matmul_ms=1.7162 epilogue_ms=0.1874
ESCHA_PROFILE k=3 ic=17408 oc=5120 rows=2048 gen=0 route=mma-fp32-mixedacc total_ms=2.4127 rotate_ms=0.1712 matmul_ms=2.1924 epilogue_ms=0.0491
ESCHA_PROFILE k=2 ic=5120 oc=12288 rows=2048 gen=0 route=mma-fp16-mixedacc total_ms=1.4436 rotate_ms=0.0407 matmul_ms=1.2698 epilogue_ms=0.1331
ESCHA_PROFILE k=2 ic=5120 oc=1024 rows=2048 gen=0 route=mma-fp16-mixedacc total_ms=0.2007 rotate_ms=0.0512 matmul_ms=0.1372 epilogue_ms=0.0123
ESCHA_PROFILE k=2 ic=5120 oc=1024 rows=2048 gen=0 route=mma-fp16-mixedacc total_ms=0.2004 rotate_ms=0.0489 matmul_ms=0.1393 epilogue_ms=0.0123
ESCHA_PROFILE k=2 ic=6144 oc=5120 rows=2048 gen=0 route=mma-fp16-mixedacc total_ms=0.7086 rotate_ms=0.0471 matmul_ms=0.6164 epilogue_ms=0.0451
ESCHA_PROFILE k=2 ic=5120 oc=17408 rows=2048 gen=0 route=mma-fp16-mixedacc total_ms=1.8962 rotate_ms=0.0407 matmul_ms=1.6670 epilogue_ms=0.1884
ESCHA_PROFILE k=3 ic=5120 oc=17408 rows=2048 gen=0 route=mma-fp16-mixedacc total_ms=1.9577 rotate_ms=0.0541 matmul_ms=1.7162 epilogue_ms=0.1874
ESCHA_PROFILE k=3 ic=17408 oc=5120 rows=2048 gen=0 route=mma-fp32-mixedacc total_ms=2.4085 rotate_ms=0.1711 matmul_ms=2.1883 epilogue_ms=0.0491
ESCHA_PROFILE k=2 ic=5120 oc=10240 rows=2048 gen=0 route=mma-fp16-mixedacc total_ms=1.1774 rotate_ms=0.0407 matmul_ms=1.0281 epilogue_ms=0.1086
ESCHA_PROFILE k=2 ic=5120 oc=6144 rows=2048 gen=0 route=mma-fp16-mixedacc total_ms=0.7863 rotate_ms=0.0531 matmul_ms=0.6758 epilogue_ms=0.0574
ESCHA_PROFILE k=2 ic=6144 oc=5120 rows=2048 gen=0 route=mma-fp16-mixedacc total_ms=0.9981 rotate_ms=0.0500 matmul_ms=0.9032 epilogue_ms=0.0450
ESCHA_PROFILE k=2 ic=5120 oc=17408 rows=2048 gen=0 route=mma-fp16-mixedacc total_ms=1.8936 rotate_ms=0.0407 matmul_ms=1.6657 epilogue_ms=0.1871
ESCHA_PROFILE k=3 ic=5120 oc=17408 rows=2048 gen=0 route=mma-fp16-mixedacc total_ms=1.9601 rotate_ms=0.0545 matmul_ms=1.7183 epilogue_ms=0.1874
ESCHA_PROFILE k=3 ic=17408 oc=5120 rows=2048 gen=0 route=mma-fp32-mixedacc total_ms=2.4103 rotate_ms=0.1688 matmul_ms=2.1924 epilogue_ms=0.0491
ESCHA_PROFILE k=2 ic=5120 oc=10240 rows=2048 gen=0 route=mma-fp16-mixedacc total_ms=1.2469 rotate_ms=0.1031 matmul_ms=1.0339 epilogue_ms=0.1100
ESCHA_PROFILE k=2 ic=5120 oc=6144 rows=2048 gen=0 route=mma-fp16-mixedacc total_ms=0.7903 rotate_ms=0.0550 matmul_ms=0.6779 epilogue_ms=0.0573
ESCHA_PROFILE k=2 ic=6144 oc=5120 rows=2048 gen=0 route=mma-fp16-mixedacc total_ms=0.7180 rotate_ms=0.0504 matmul_ms=0.6226 epilogue_ms=0.0451
ESCHA_PROFILE k=2 ic=5120 oc=17408 rows=2048 gen=0 route=mma-fp16-mixedacc total_ms=1.8979 rotate_ms=0.0430 matmul_ms=1.6669 epilogue_ms=0.1880
ESCHA_PROFILE k=3 ic=5120 oc=17408 rows=2048 gen=0 route=mma-fp16-mixedacc total_ms=1.9581 rotate_ms=0.0545 matmul_ms=1.7162 epilogue_ms=0.1874
ESCHA_PROFILE k=3 ic=17408 oc=5120 rows=2048 gen=0 route=mma-fp32-mixedacc total_ms=2.4186 rotate_ms=0.1710 matmul_ms=2.1985 epilogue_ms=0.0491
ESCHA_PROFILE k=2 ic=5120 oc=10240 rows=2048 gen=0 route=mma-fp16-mixedacc total_ms=1.2469 rotate_ms=0.1032 matmul_ms=1.0337 epilogue_ms=0.1100
ESCHA_PROFILE k=2 ic=5120 oc=6144 rows=2048 gen=0 route=mma-fp16-mixedacc total_ms=0.7882 rotate_ms=0.0529 matmul_ms=0.6779 epilogue_ms=0.0573
ESCHA_PROFILE k=2 ic=6144 oc=5120 rows=2048 gen=0 route=mma-fp16-mixedacc total_ms=0.7197 rotate_ms=0.0521 matmul_ms=0.6226 epilogue_ms=0.0450
ESCHA_PROFILE k=2 ic=5120 oc=17408 rows=2048 gen=0 route=mma-fp16-mixedacc total_ms=1.8938 rotate_ms=0.0407 matmul_ms=1.6647 epilogue_ms=0.1884
ESCHA_PROFILE k=3 ic=5120 oc=17408 rows=2048 gen=0 route=mma-fp16-mixedacc total_ms=1.9580 rotate_ms=0.0564 matmul_ms=1.7141 epilogue_ms=0.1874
ESCHA_PROFILE k=3 ic=17408 oc=5120 rows=2048 gen=0 route=mma-fp32-mixedacc total_ms=2.4103 rotate_ms=0.1708 matmul_ms=2.1903 epilogue_ms=0.0491
ESCHA_PROFILE k=2 ic=5120 oc=12288 rows=2048 gen=0 route=mma-fp16-mixedacc total_ms=1.4412 rotate_ms=0.0406 matmul_ms=1.2681 epilogue_ms=0.1325
ESCHA_PROFILE k=2 ic=5120 oc=1024 rows=2048 gen=0 route=mma-fp16-mixedacc total_ms=0.2060 rotate_ms=0.0547 matmul_ms=0.1375 epilogue_ms=0.0137
ESCHA_PROFILE k=2 ic=5120 oc=1024 rows=2048 gen=0 route=mma-fp16-mixedacc total_ms=0.2735 rotate_ms=0.0643 matmul_ms=0.1957 epilogue_ms=0.0135
ESCHA_PROFILE k=2 ic=6144 oc=5120 rows=2048 gen=0 route=mma-fp16-mixedacc total_ms=0.7106 rotate_ms=0.0492 matmul_ms=0.6164 epilogue_ms=0.0451
ESCHA_PROFILE k=2 ic=5120 oc=17408 rows=2048 gen=0 route=mma-fp16-mixedacc total_ms=1.8921 rotate_ms=0.0407 matmul_ms=1.6629 epilogue_ms=0.1884
ESCHA_PROFILE k=3 ic=5120 oc=17408 rows=2048 gen=0 route=mma-fp16-mixedacc total_ms=2.2504 rotate_ms=0.0560 matmul_ms=2.0081 epilogue_ms=0.1864
ESCHA_PROFILE k=3 ic=17408 oc=5120 rows=2048 gen=0 route=mma-fp32-mixedacc total_ms=2.4063 rotate_ms=0.1668 matmul_ms=2.1903 epilogue_ms=0.0491
ESCHA_PROFILE k=2 ic=5120 oc=10240 rows=2048 gen=0 route=mma-fp16-mixedacc total_ms=1.2503 rotate_ms=0.1086 matmul_ms=1.0317 epilogue_ms=0.1100
ESCHA_PROFILE k=2 ic=5120 oc=6144 rows=2048 gen=0 route=mma-fp16-mixedacc total_ms=0.7905 rotate_ms=0.0553 matmul_ms=0.6779 epilogue_ms=0.0573
ESCHA_PROFILE k=2 ic=6144 oc=5120 rows=2048 gen=0 route=mma-fp16-mixedacc total_ms=0.7177 rotate_ms=0.0507 matmul_ms=0.6222 epilogue_ms=0.0447
ESCHA_PROFILE k=2 ic=5120 oc=17408 rows=2048 gen=0 route=mma-fp16-mixedacc total_ms=1.8941 rotate_ms=0.0428 matmul_ms=1.6632 epilogue_ms=0.1881
ESCHA_PROFILE k=3 ic=5120 oc=17408 rows=2048 gen=0 route=mma-fp16-mixedacc total_ms=2.2496 rotate_ms=0.0603 matmul_ms=2.0009 epilogue_ms=0.1884
ESCHA_PROFILE k=3 ic=17408 oc=5120 rows=2048 gen=0 route=mma-fp32-mixedacc total_ms=2.4165 rotate_ms=0.1709 matmul_ms=2.1965 epilogue_ms=0.0491
ESCHA_PROFILE k=2 ic=5120 oc=10240 rows=2048 gen=0 route=mma-fp16-mixedacc total_ms=1.2029 rotate_ms=0.0407 matmul_ms=1.0530 epilogue_ms=0.1093
ESCHA_PROFILE k=2 ic=5120 oc=6144 rows=2048 gen=0 route=mma-fp16-mixedacc total_ms=0.7901 rotate_ms=0.0549 matmul_ms=0.6779 epilogue_ms=0.0574
ESCHA_PROFILE k=2 ic=6144 oc=5120 rows=2048 gen=0 route=mma-fp16-mixedacc total_ms=0.7175 rotate_ms=0.0499 matmul_ms=0.6226 epilogue_ms=0.0451
ESCHA_PROFILE k=2 ic=5120 oc=17408 rows=2048 gen=0 route=mma-fp16-mixedacc total_ms=1.8962 rotate_ms=0.0407 matmul_ms=1.6671 epilogue_ms=0.1884
ESCHA_PROFILE k=3 ic=5120 oc=17408 rows=2048 gen=0 route=mma-fp16-mixedacc total_ms=1.9618 rotate_ms=0.0562 matmul_ms=1.7183 epilogue_ms=0.1874
ESCHA_PROFILE k=3 ic=17408 oc=5120 rows=2048 gen=0 route=mma-fp32-mixedacc total_ms=2.4094 rotate_ms=0.1720 matmul_ms=2.1883 epilogue_ms=0.0491
ESCHA_PROFILE k=2 ic=5120 oc=10240 rows=2048 gen=0 route=mma-fp16-mixedacc total_ms=1.2398 rotate_ms=0.0958 matmul_ms=1.0340 epilogue_ms=0.1100
ESCHA_PROFILE k=2 ic=5120 oc=6144 rows=2048 gen=0 route=mma-fp16-mixedacc total_ms=0.7864 rotate_ms=0.0532 matmul_ms=0.6758 epilogue_ms=0.0573
ESCHA_PROFILE k=2 ic=6144 oc=5120 rows=2048 gen=0 route=mma-fp16-mixedacc total_ms=0.7195 rotate_ms=0.0519 matmul_ms=0.6226 epilogue_ms=0.0450
ESCHA_PROFILE k=2 ic=5120 oc=17408 rows=2048 gen=0 route=mma-fp16-mixedacc total_ms=1.8979 rotate_ms=0.0408 matmul_ms=1.6682 epilogue_ms=0.1889
ESCHA_PROFILE k=3 ic=5120 oc=17408 rows=2048 gen=0 route=mma-fp16-mixedacc total_ms=1.9638 rotate_ms=0.0582 matmul_ms=1.7182 epilogue_ms=0.1874
ESCHA_PROFILE k=3 ic=17408 oc=5120 rows=2048 gen=0 route=mma-fp32-mixedacc total_ms=2.6858 rotate_ms=0.1749 matmul_ms=2.4617 epilogue_ms=0.0491
ESCHA_PROFILE k=2 ic=5120 oc=12288 rows=2048 gen=0 route=mma-fp16-mixedacc total_ms=1.4415 rotate_ms=0.0406 matmul_ms=1.2677 epilogue_ms=0.1331
ESCHA_PROFILE k=2 ic=5120 oc=1024 rows=2048 gen=0 route=mma-fp16-mixedacc total_ms=0.2027 rotate_ms=0.0532 matmul_ms=0.1372 epilogue_ms=0.0123
ESCHA_PROFILE k=2 ic=5120 oc=1024 rows=2048 gen=0 route=mma-fp16-mixedacc total_ms=0.2060 rotate_ms=0.0522 matmul_ms=0.1415 epilogue_ms=0.0123
ESCHA_PROFILE k=2 ic=6144 oc=5120 rows=2048 gen=0 route=mma-fp16-mixedacc total_ms=0.7086 rotate_ms=0.0492 matmul_ms=0.6144 epilogue_ms=0.0450
ESCHA_PROFILE k=2 ic=5120 oc=17408 rows=2048 gen=0 route=mma-fp16-mixedacc total_ms=1.8942 rotate_ms=0.0407 matmul_ms=1.6630 epilogue_ms=0.1905
ESCHA_PROFILE k=3 ic=5120 oc=17408 rows=2048 gen=0 route=mma-fp16-mixedacc total_ms=1.9520 rotate_ms=0.0565 matmul_ms=1.7080 epilogue_ms=0.1874
ESCHA_PROFILE k=3 ic=17408 oc=5120 rows=2048 gen=0 route=mma-fp32-mixedacc total_ms=2.4001 rotate_ms=0.1688 matmul_ms=2.1821 epilogue_ms=0.0491
ESCHA_PROFILE k=2 ic=5120 oc=10240 rows=2048 gen=0 route=mma-fp16-mixedacc total_ms=1.4653 rotate_ms=0.0409 matmul_ms=1.3138 epilogue_ms=0.1106
ESCHA_PROFILE k=2 ic=5120 oc=6144 rows=2048 gen=0 route=mma-fp16-mixedacc total_ms=0.7882 rotate_ms=0.0530 matmul_ms=0.6779 epilogue_ms=0.0573
ESCHA_PROFILE k=2 ic=6144 oc=5120 rows=2048 gen=0 route=mma-fp16-mixedacc total_ms=0.7179 rotate_ms=0.0503 matmul_ms=0.6226 epilogue_ms=0.0450
ESCHA_PROFILE k=2 ic=5120 oc=17408 rows=2048 gen=0 route=mma-fp16-mixedacc total_ms=1.8944 rotate_ms=0.0410 matmul_ms=1.6650 epilogue_ms=0.1884
ESCHA_PROFILE k=3 ic=5120 oc=17408 rows=2048 gen=0 route=mma-fp16-mixedacc total_ms=1.9601 rotate_ms=0.0565 matmul_ms=1.7162 epilogue_ms=0.1874
ESCHA_PROFILE k=3 ic=17408 oc=5120 rows=2048 gen=0 route=mma-fp32-mixedacc total_ms=2.4185 rotate_ms=0.1729 matmul_ms=2.1965 epilogue_ms=0.0491
ESCHA_PROFILE k=2 ic=5120 oc=10240 rows=2048 gen=0 route=mma-fp16-mixedacc total_ms=1.1794 rotate_ms=0.0407 matmul_ms=1.0301 epilogue_ms=0.1085
ESCHA_PROFILE k=2 ic=5120 oc=6144 rows=2048 gen=0 route=mma-fp16-mixedacc total_ms=0.7905 rotate_ms=0.0553 matmul_ms=0.6779 epilogue_ms=0.0573
ESCHA_PROFILE k=2 ic=6144 oc=5120 rows=2048 gen=0 route=mma-fp16-mixedacc total_ms=0.7161 rotate_ms=0.0505 matmul_ms=0.6205 epilogue_ms=0.0451
ESCHA_PROFILE k=2 ic=5120 oc=17408 rows=2048 gen=0 route=mma-fp16-mixedacc total_ms=1.8962 rotate_ms=0.0428 matmul_ms=1.6650 epilogue_ms=0.1884
ESCHA_PROFILE k=3 ic=5120 oc=17408 rows=2048 gen=0 route=mma-fp16-mixedacc total_ms=1.9540 rotate_ms=0.0565 matmul_ms=1.7101 epilogue_ms=0.1874
ESCHA_PROFILE k=3 ic=17408 oc=5120 rows=2048 gen=0 route=mma-fp32-mixedacc total_ms=2.4039 rotate_ms=0.1726 matmul_ms=2.1821 epilogue_ms=0.0491
ESCHA_PROFILE k=2 ic=5120 oc=10240 rows=2048 gen=0 route=mma-fp16-mixedacc total_ms=1.2428 rotate_ms=0.1011 matmul_ms=1.0319 epilogue_ms=0.1098
ESCHA_PROFILE k=2 ic=5120 oc=6144 rows=2048 gen=0 route=mma-fp16-mixedacc total_ms=0.7874 rotate_ms=0.0553 matmul_ms=0.6758 epilogue_ms=0.0563
ESCHA_PROFILE k=2 ic=6144 oc=5120 rows=2048 gen=0 route=mma-fp16-mixedacc total_ms=0.7151 rotate_ms=0.0495 matmul_ms=0.6205 epilogue_ms=0.0450
ESCHA_PROFILE k=2 ic=5120 oc=17408 rows=2048 gen=0 route=mma-fp16-mixedacc total_ms=1.8895 rotate_ms=0.0402 matmul_ms=1.6624 epilogue_ms=0.1869
ESCHA_PROFILE k=3 ic=5120 oc=17408 rows=2048 gen=0 route=mma-fp16-mixedacc total_ms=1.9561 rotate_ms=0.0565 matmul_ms=1.7121 epilogue_ms=0.1874
ESCHA_PROFILE k=3 ic=17408 oc=5120 rows=2048 gen=0 route=mma-fp32-mixedacc total_ms=2.3978 rotate_ms=0.1706 matmul_ms=2.1780 epilogue_ms=0.0491
ESCHA_PROFILE k=2 ic=5120 oc=12288 rows=2048 gen=0 route=mma-fp16-mixedacc total_ms=1.4433 rotate_ms=0.0404 matmul_ms=1.2697 epilogue_ms=0.1332
ESCHA_PROFILE k=2 ic=5120 oc=1024 rows=2048 gen=0 route=mma-fp16-mixedacc total_ms=0.2048 rotate_ms=0.0553 matmul_ms=0.1372 epilogue_ms=0.0123
ESCHA_PROFILE k=2 ic=5120 oc=1024 rows=2048 gen=0 route=mma-fp16-mixedacc total_ms=0.2045 rotate_ms=0.0518 matmul_ms=0.1405 epilogue_ms=0.0123
ESCHA_PROFILE k=2 ic=6144 oc=5120 rows=2048 gen=0 route=mma-fp16-mixedacc total_ms=0.9810 rotate_ms=0.0471 matmul_ms=0.8868 epilogue_ms=0.0471
ESCHA_PROFILE k=2 ic=5120 oc=17408 rows=2048 gen=0 route=mma-fp16-mixedacc total_ms=1.8962 rotate_ms=0.0407 matmul_ms=1.6671 epilogue_ms=0.1884
ESCHA_PROFILE k=3 ic=5120 oc=17408 rows=2048 gen=0 route=mma-fp16-mixedacc total_ms=1.9598 rotate_ms=0.0562 matmul_ms=1.7142 epilogue_ms=0.1894
ESCHA_PROFILE k=3 ic=17408 oc=5120 rows=2048 gen=0 route=mma-fp32-mixedacc total_ms=2.4144 rotate_ms=0.1688 matmul_ms=2.1965 epilogue_ms=0.0491
ESCHA_PROFILE k=2 ic=5120 oc=10240 rows=2048 gen=0 route=mma-fp16-mixedacc total_ms=1.2602 rotate_ms=0.0635 matmul_ms=1.0890 epilogue_ms=0.1077
ESCHA_PROFILE k=2 ic=5120 oc=6144 rows=2048 gen=0 route=mma-fp16-mixedacc total_ms=0.7875 rotate_ms=0.0532 matmul_ms=0.6769 epilogue_ms=0.0573
ESCHA_PROFILE k=2 ic=6144 oc=5120 rows=2048 gen=0 route=mma-fp16-mixedacc total_ms=0.7160 rotate_ms=0.0504 matmul_ms=0.6205 epilogue_ms=0.0451
ESCHA_PROFILE k=2 ic=5120 oc=17408 rows=2048 gen=0 route=mma-fp16-mixedacc total_ms=2.1785 rotate_ms=0.0407 matmul_ms=1.9514 epilogue_ms=0.1864
ESCHA_PROFILE k=3 ic=5120 oc=17408 rows=2048 gen=0 route=mma-fp16-mixedacc total_ms=1.9663 rotate_ms=0.0586 matmul_ms=1.7203 epilogue_ms=0.1874
ESCHA_PROFILE k=3 ic=17408 oc=5120 rows=2048 gen=0 route=mma-fp32-mixedacc total_ms=2.4164 rotate_ms=0.1729 matmul_ms=2.1944 epilogue_ms=0.0491
ESCHA_PROFILE k=2 ic=5120 oc=10240 rows=2048 gen=0 route=mma-fp16-mixedacc total_ms=1.1773 rotate_ms=0.0407 matmul_ms=1.0281 epilogue_ms=0.1086
ESCHA_PROFILE k=2 ic=5120 oc=6144 rows=2048 gen=0 route=mma-fp16-mixedacc total_ms=0.7862 rotate_ms=0.0530 matmul_ms=0.6779 epilogue_ms=0.0553
ESCHA_PROFILE k=2 ic=6144 oc=5120 rows=2048 gen=0 route=mma-fp16-mixedacc total_ms=0.7177 rotate_ms=0.0501 matmul_ms=0.6226 epilogue_ms=0.0451
ESCHA_PROFILE k=2 ic=5120 oc=17408 rows=2048 gen=0 route=mma-fp16-mixedacc total_ms=1.8880 rotate_ms=0.0407 matmul_ms=1.6609 epilogue_ms=0.1863
ESCHA_PROFILE k=3 ic=5120 oc=17408 rows=2048 gen=0 route=mma-fp16-mixedacc total_ms=1.9638 rotate_ms=0.0574 matmul_ms=1.7201 epilogue_ms=0.1863
ESCHA_PROFILE k=3 ic=17408 oc=5120 rows=2048 gen=0 route=mma-fp32-mixedacc total_ms=2.4100 rotate_ms=0.1705 matmul_ms=2.1903 epilogue_ms=0.0491
ESCHA_PROFILE k=2 ic=5120 oc=10240 rows=2048 gen=0 route=mma-fp16-mixedacc total_ms=1.1909 rotate_ms=0.0410 matmul_ms=1.0425 epilogue_ms=0.1074
ESCHA_PROFILE k=2 ic=5120 oc=6144 rows=2048 gen=0 route=mma-fp16-mixedacc total_ms=0.7895 rotate_ms=0.0553 matmul_ms=0.6768 epilogue_ms=0.0574
ESCHA_PROFILE k=2 ic=6144 oc=5120 rows=2048 gen=0 route=mma-fp16-mixedacc total_ms=0.7200 rotate_ms=0.0503 matmul_ms=0.6229 epilogue_ms=0.0468
ESCHA_PROFILE k=2 ic=5120 oc=17408 rows=2048 gen=0 route=mma-fp16-mixedacc total_ms=1.8916 rotate_ms=0.0406 matmul_ms=1.6626 epilogue_ms=0.1884
ESCHA_PROFILE k=3 ic=5120 oc=17408 rows=2048 gen=0 route=mma-fp16-mixedacc total_ms=2.2376 rotate_ms=0.0565 matmul_ms=1.9927 epilogue_ms=0.1884
ESCHA_PROFILE k=3 ic=17408 oc=5120 rows=2048 gen=0 route=mma-fp32-mixedacc total_ms=2.4150 rotate_ms=0.1715 matmul_ms=2.1944 epilogue_ms=0.0491
ESCHA_PROFILE k=2 ic=5120 oc=12288 rows=2048 gen=0 route=mma-fp16-mixedacc total_ms=1.4524 rotate_ms=0.0426 matmul_ms=1.2778 epilogue_ms=0.1320
ESCHA_PROFILE k=2 ic=5120 oc=1024 rows=2048 gen=0 route=mma-fp16-mixedacc total_ms=0.2045 rotate_ms=0.0550 matmul_ms=0.1375 epilogue_ms=0.0120
ESCHA_PROFILE k=2 ic=5120 oc=1024 rows=2048 gen=0 route=mma-fp16-mixedacc total_ms=0.2103 rotate_ms=0.0555 matmul_ms=0.1425 epilogue_ms=0.0123
ESCHA_PROFILE k=2 ic=6144 oc=5120 rows=2048 gen=0 route=mma-fp16-mixedacc total_ms=0.7086 rotate_ms=0.0471 matmul_ms=0.6164 epilogue_ms=0.0450
ESCHA_PROFILE k=2 ic=5120 oc=17408 rows=2048 gen=0 route=mma-fp16-mixedacc total_ms=1.8921 rotate_ms=0.0407 matmul_ms=1.6650 epilogue_ms=0.1864
ESCHA_PROFILE k=3 ic=5120 oc=17408 rows=2048 gen=0 route=mma-fp16-mixedacc total_ms=1.9636 rotate_ms=0.0580 matmul_ms=1.7183 epilogue_ms=0.1874
ESCHA_PROFILE k=3 ic=17408 oc=5120 rows=2048 gen=0 route=mma-fp32-mixedacc total_ms=2.6820 rotate_ms=0.1695 matmul_ms=2.4634 epilogue_ms=0.0491
ESCHA_PROFILE k=2 ic=5120 oc=10240 rows=2048 gen=0 route=mma-fp16-mixedacc total_ms=1.2718 rotate_ms=0.1240 matmul_ms=1.0378 epilogue_ms=0.1100
ESCHA_PROFILE k=2 ic=5120 oc=6144 rows=2048 gen=0 route=mma-fp16-mixedacc total_ms=0.7902 rotate_ms=0.0550 matmul_ms=0.6779 epilogue_ms=0.0573
ESCHA_PROFILE k=2 ic=6144 oc=5120 rows=2048 gen=0 route=mma-fp16-mixedacc total_ms=0.7175 rotate_ms=0.0499 matmul_ms=0.6226 epilogue_ms=0.0451
ESCHA_PROFILE k=2 ic=5120 oc=17408 rows=2048 gen=0 route=mma-fp16-mixedacc total_ms=2.1587 rotate_ms=0.0425 matmul_ms=1.9279 epilogue_ms=0.1884
ESCHA_PROFILE k=3 ic=5120 oc=17408 rows=2048 gen=0 route=mma-fp16-mixedacc total_ms=1.9598 rotate_ms=0.0562 matmul_ms=1.7162 epilogue_ms=0.1874
ESCHA_PROFILE k=3 ic=17408 oc=5120 rows=2048 gen=0 route=mma-fp32-mixedacc total_ms=2.3980 rotate_ms=0.1688 matmul_ms=2.1801 epilogue_ms=0.0491
ESCHA_PROFILE k=2 ic=5120 oc=10240 rows=2048 gen=0 route=mma-fp16-mixedacc total_ms=1.1753 rotate_ms=0.0407 matmul_ms=1.0260 epilogue_ms=0.1086
ESCHA_PROFILE k=2 ic=5120 oc=6144 rows=2048 gen=0 route=mma-fp16-mixedacc total_ms=0.7859 rotate_ms=0.0548 matmul_ms=0.6758 epilogue_ms=0.0553
ESCHA_PROFILE k=2 ic=6144 oc=5120 rows=2048 gen=0 route=mma-fp16-mixedacc total_ms=0.7180 rotate_ms=0.0524 matmul_ms=0.6205 epilogue_ms=0.0451
ESCHA_PROFILE k=2 ic=5120 oc=17408 rows=2048 gen=0 route=mma-fp16-mixedacc total_ms=1.8900 rotate_ms=0.0407 matmul_ms=1.6609 epilogue_ms=0.1884
ESCHA_PROFILE k=3 ic=5120 oc=17408 rows=2048 gen=0 route=mma-fp16-mixedacc total_ms=1.9597 rotate_ms=0.0582 matmul_ms=1.7121 epilogue_ms=0.1894
ESCHA_PROFILE k=3 ic=17408 oc=5120 rows=2048 gen=0 route=mma-fp32-mixedacc total_ms=2.4027 rotate_ms=0.1704 matmul_ms=2.1832 epilogue_ms=0.0491
ESCHA_PROFILE k=2 ic=5120 oc=10240 rows=2048 gen=0 route=mma-fp16-mixedacc total_ms=1.4733 rotate_ms=0.0407 matmul_ms=1.3240 epilogue_ms=0.1085
ESCHA_PROFILE k=2 ic=5120 oc=6144 rows=2048 gen=0 route=mma-fp16-mixedacc total_ms=0.7834 rotate_ms=0.0532 matmul_ms=0.6748 epilogue_ms=0.0553
ESCHA_PROFILE k=2 ic=6144 oc=5120 rows=2048 gen=0 route=mma-fp16-mixedacc total_ms=0.7196 rotate_ms=0.0522 matmul_ms=0.6216 epilogue_ms=0.0458
ESCHA_PROFILE k=2 ic=5120 oc=17408 rows=2048 gen=0 route=mma-fp16-mixedacc total_ms=1.9828 rotate_ms=0.0407 matmul_ms=1.7525 epilogue_ms=0.1896
ESCHA_PROFILE k=3 ic=5120 oc=17408 rows=2048 gen=0 route=mma-fp16-mixedacc total_ms=1.9639 rotate_ms=0.0562 matmul_ms=1.7203 epilogue_ms=0.1874
ESCHA_PROFILE k=3 ic=17408 oc=5120 rows=2048 gen=0 route=mma-fp32-mixedacc total_ms=2.4143 rotate_ms=0.1708 matmul_ms=2.1944 epilogue_ms=0.0491
ESCHA_PROFILE k=2 ic=5120 oc=12288 rows=2048 gen=0 route=mma-fp16-mixedacc total_ms=1.7037 rotate_ms=0.0407 matmul_ms=1.5299 epilogue_ms=0.1331
ESCHA_PROFILE k=2 ic=5120 oc=1024 rows=2048 gen=0 route=mma-fp16-mixedacc total_ms=0.2021 rotate_ms=0.0526 matmul_ms=0.1372 epilogue_ms=0.0123
ESCHA_PROFILE k=2 ic=5120 oc=1024 rows=2048 gen=0 route=mma-fp16-mixedacc total_ms=0.2031 rotate_ms=0.0503 matmul_ms=0.1405 epilogue_ms=0.0123
ESCHA_PROFILE k=2 ic=6144 oc=5120 rows=2048 gen=0 route=mma-fp16-mixedacc total_ms=0.7086 rotate_ms=0.0471 matmul_ms=0.6164 epilogue_ms=0.0451
ESCHA_PROFILE k=2 ic=5120 oc=17408 rows=2048 gen=0 route=mma-fp16-mixedacc total_ms=1.8962 rotate_ms=0.0407 matmul_ms=1.6671 epilogue_ms=0.1884
ESCHA_PROFILE k=3 ic=5120 oc=17408 rows=2048 gen=0 route=mma-fp16-mixedacc total_ms=1.9577 rotate_ms=0.0541 matmul_ms=1.7162 epilogue_ms=0.1874
ESCHA_PROFILE k=3 ic=17408 oc=5120 rows=2048 gen=0 route=mma-fp32-mixedacc total_ms=2.3993 rotate_ms=0.1701 matmul_ms=2.1801 epilogue_ms=0.0491
ESCHA_PROFILE k=2 ic=5120 oc=10240 rows=2048 gen=0 route=mma-fp16-mixedacc total_ms=1.1753 rotate_ms=0.0407 matmul_ms=1.0260 epilogue_ms=0.1085
ESCHA_PROFILE k=2 ic=5120 oc=6144 rows=2048 gen=0 route=mma-fp16-mixedacc total_ms=1.0609 rotate_ms=0.0553 matmul_ms=0.9462 epilogue_ms=0.0594
ESCHA_PROFILE k=2 ic=6144 oc=5120 rows=2048 gen=0 route=mma-fp16-mixedacc total_ms=0.7156 rotate_ms=0.0501 matmul_ms=0.6205 epilogue_ms=0.0450
ESCHA_PROFILE k=2 ic=5120 oc=17408 rows=2048 gen=0 route=mma-fp16-mixedacc total_ms=1.8958 rotate_ms=0.0407 matmul_ms=1.6666 epilogue_ms=0.1885
ESCHA_PROFILE k=3 ic=5120 oc=17408 rows=2048 gen=0 route=mma-fp16-mixedacc total_ms=1.9517 rotate_ms=0.0542 matmul_ms=1.7101 epilogue_ms=0.1874
ESCHA_PROFILE k=3 ic=17408 oc=5120 rows=2048 gen=0 route=mma-fp32-mixedacc total_ms=2.4084 rotate_ms=0.1730 matmul_ms=2.1862 epilogue_ms=0.0491
ESCHA_PROFILE k=2 ic=5120 oc=10240 rows=2048 gen=0 route=mma-fp16-mixedacc total_ms=1.1793 rotate_ms=0.0406 matmul_ms=1.0281 epilogue_ms=0.1106
ESCHA_PROFILE k=2 ic=5120 oc=6144 rows=2048 gen=0 route=mma-fp16-mixedacc total_ms=0.7854 rotate_ms=0.0532 matmul_ms=0.6748 epilogue_ms=0.0573
ESCHA_PROFILE k=2 ic=6144 oc=5120 rows=2048 gen=0 route=mma-fp16-mixedacc total_ms=0.7119 rotate_ms=0.0484 matmul_ms=0.6185 epilogue_ms=0.0451
ESCHA_PROFILE k=2 ic=5120 oc=17408 rows=2048 gen=0 route=mma-fp16-mixedacc total_ms=1.8897 rotate_ms=0.0427 matmul_ms=1.6592 epilogue_ms=0.1878
ESCHA_PROFILE k=3 ic=5120 oc=17408 rows=2048 gen=0 route=mma-fp16-mixedacc total_ms=1.9556 rotate_ms=0.0582 matmul_ms=1.7100 epilogue_ms=0.1874
ESCHA_PROFILE k=3 ic=17408 oc=5120 rows=2048 gen=0 route=mma-fp32-mixedacc total_ms=2.4042 rotate_ms=0.1708 matmul_ms=2.1842 epilogue_ms=0.0491
ESCHA_PROFILE k=2 ic=5120 oc=10240 rows=2048 gen=0 route=mma-fp16-mixedacc total_ms=1.1732 rotate_ms=0.0407 matmul_ms=1.0240 epilogue_ms=0.1085
ESCHA_PROFILE k=2 ic=5120 oc=6144 rows=2048 gen=0 route=mma-fp16-mixedacc total_ms=0.7839 rotate_ms=0.0548 matmul_ms=0.6738 epilogue_ms=0.0553
ESCHA_PROFILE k=2 ic=6144 oc=5120 rows=2048 gen=0 route=mma-fp16-mixedacc total_ms=0.7137 rotate_ms=0.0501 matmul_ms=0.6185 epilogue_ms=0.0451
ESCHA_PROFILE k=2 ic=5120 oc=17408 rows=2048 gen=0 route=mma-fp16-mixedacc total_ms=2.1922 rotate_ms=0.0407 matmul_ms=1.9630 epilogue_ms=0.1884
ESCHA_PROFILE k=3 ic=5120 oc=17408 rows=2048 gen=0 route=mma-fp16-mixedacc total_ms=1.9582 rotate_ms=0.0546 matmul_ms=1.7162 epilogue_ms=0.1874
ESCHA_PROFILE k=3 ic=17408 oc=5120 rows=2048 gen=0 route=mma-fp32-mixedacc total_ms=2.4143 rotate_ms=0.1708 matmul_ms=2.1944 epilogue_ms=0.0491
ESCHA_PROFILE k=2 ic=5120 oc=12288 rows=2048 gen=0 route=mma-fp16-mixedacc total_ms=1.4436 rotate_ms=0.0407 matmul_ms=1.2677 epilogue_ms=0.1352
ESCHA_PROFILE k=2 ic=5120 oc=1024 rows=2048 gen=0 route=mma-fp16-mixedacc total_ms=0.2048 rotate_ms=0.0553 matmul_ms=0.1372 epilogue_ms=0.0123
ESCHA_PROFILE k=2 ic=5120 oc=1024 rows=2048 gen=0 route=mma-fp16-mixedacc total_ms=0.2074 rotate_ms=0.0547 matmul_ms=0.1405 epilogue_ms=0.0123
ESCHA_PROFILE k=2 ic=6144 oc=5120 rows=2048 gen=0 route=mma-fp16-mixedacc total_ms=0.7086 rotate_ms=0.0471 matmul_ms=0.6164 epilogue_ms=0.0451
ESCHA_PROFILE k=2 ic=5120 oc=17408 rows=2048 gen=0 route=mma-fp16-mixedacc total_ms=1.8979 rotate_ms=0.0406 matmul_ms=1.6689 epilogue_ms=0.1884
ESCHA_PROFILE k=3 ic=5120 oc=17408 rows=2048 gen=0 route=mma-fp16-mixedacc total_ms=2.2414 rotate_ms=0.0562 matmul_ms=1.9956 epilogue_ms=0.1896
ESCHA_PROFILE k=3 ic=17408 oc=5120 rows=2048 gen=0 route=mma-fp32-mixedacc total_ms=2.4103 rotate_ms=0.1688 matmul_ms=2.1924 epilogue_ms=0.0491
  {
    "build_commit": "be6bf478d",
    "build_number": 11313,
    "cpu_info": "AMD Ryzen 7 7800X3D 8-Core Processor",
    "gpu_info": "NVIDIA GeForce RTX 5090",
    "backends": "CUDA",
    "model_filename": "/mnt/d/CODEX WORKSPACE/escha-w2-lowgpu/weights/escha-w2-lowgpu-mono-parity.gguf",
    "model_type": "qwen35 27B F16",
    "model_size": 8608061440,
    "model_n_params": 4784193024,
    "n_batch": 2048,
    "n_ubatch": 2048,
    "n_threads": 8,
    "cpu_mask": "0x0",
    "cpu_strict": false,
    "poll": 50,
    "type_k": "f16",
    "type_v": "f16",
    "kv_tail_tokens": 0,
    "kv_tail_tokens_effective": 0,
    "kv_tail_type": "f16",
    "kvarn_route_split": 0,
    "kvarn_route_vector": 0,
    "kvarn_route_generic": 0,
    "kvarn_route_prefill": 0,
    "kvarn_route_families": 15,
    "kvarn_route_portable": 0,
    "kvarn_route_amd_generic": 0,
    "kvarn_route_amd_split": 0,
    "kvarn_route_amd_vector": 0,
    "kvarn_route_materialize": 0,
    "kvarn_route_split_reduce": 0,
    "kvarn_route_direct": 0,
    "kvarn_route_compact_tail": 0,
    "kvarn_route_generic_rejected": 0,
    "kv_k_payload_bytes": 0,
    "kv_v_payload_bytes": 0,
    "kv_exact_tail_bytes": 0,
    "kv_exact_history_bytes": 0,
    "kv_exact_overlay_bytes": 0,
    "kv_native_exact_bytes": 0,
    "kv_rollback_reserve_bytes": 0,
    "kv_transient_estimate_bytes": 0,
    "kv_staging_bytes": 0,
    "kv_metadata_bytes": 0,
    "kv_padding_bytes": 0,
    "kv_resident_bytes": 0,
    "kv_global_resident_bytes": 0,
    "kv_swa_resident_bytes": 0,
    "kv_allocated_capacity_tokens": 0,
    "kv_live_tokens": 0,
    "kv_descriptor_bytes": 0,
    "kv_tail_native_bodyless_layers": 0,
    "kv_tail_native_mixed_layers": 0,
    "kv_tail_device_fallback_layers": 0,
    "kv_tail_cpu_layers": 0,
    "kv_partial_output_bytes": 0,
    "kv_partial_meta_bytes": 0,
    "kv_tail_body_meta_bytes": 0,
    "kv_tail_exact_meta_bytes": 0,
    "kv_tail_pack_bytes": 0,
    "kv_tail_body_output_bytes": 0,
    "kv_tail_exact_output_bytes": 0,
    "kv_tail_plan_input_bytes": 0,
    "kv_transient_bytes": 0,
    "kv_peak_bytes": 0,
    "cuda_used_model_bytes": 0,
    "cuda_used_context_bytes": 0,
    "cuda_used_prefill_bytes": 0,
    "cuda_used_peak_bytes": 0,
    "cuda_used_after_context_bytes": 0,
    "cuda_total_bytes": 0,
    "cuda_context_buffer_bytes": 0,
    "cuda_non_kv_context_buffer_bytes": 0,
    "cuda_compute_buffer_bytes": 0,
    "cuda_context_delta_bytes": 0,
    "cuda_peak_delta_bytes": 0,
    "cuda_reconciliation_delta_bytes": 0,
    "cuda_runtime_overhead_bytes": 0,
    "cuda_teardown_delta_bytes": 0,
    "n_gpu_layers": 99,
    "n_cpu_moe": 0,
    "split_mode": "layer",
    "main_gpu": 0,
    "no_kv_offload": false,
    "flash_attn": 1,
    "devices": "auto",
    "tensor_split": "0.00",
    "tensor_buft_overrides": "none",
    "load_mode": "auto",
    "embeddings": false,
    "no_op_offload": 0,
    "no_host": false,
    "fit_target": 0,
    "fit_min_ctx": 0,
    "n_prompt": 2048,
    "n_gen": 0,
    "n_depth": 0,
    "test_time": "2026-09-02T04:00:07Z",
    "avg_ns": 1040195186,
    "stddev_ns": 0,
    "avg_ts": 1968.861256,
    "stddev_ts": 0.000000,
    "samples_ns": [ 1040195186 ],
    "planner_ns": [ 0 ],
    "samples_ts": [ 1968.86 ]
  }
]
