ggml_cuda_init: found 1 CUDA devices (Total VRAM: 32606 MiB):
  Device 0: NVIDIA GeForce RTX 5090, compute capability 12.0, VMM: yes, VRAM: 32606 MiB
[
GGML_OP_PROFILE op=mul_mat name=node_13 ne=10240x128x1x1 type_src0=18 rows=128 cols=5120 stream=0x62943398f3e0 total_ms=29.3685 host_ms=29.4138 err_el=0 err_q0=0 err_q1=0
GGML_OP_PROFILE op=mul_mat name=node_34 ne=48x128x1x1 type_src0=8 rows=128 cols=5120 stream=0x62943398f3e0 total_ms=10.6632 host_ms=10.7490 err_el=0 err_q0=0 err_q1=0
GGML_OP_PROFILE op=mul_mat name=node_40 ne=48x128x1x1 type_src0=8 rows=128 cols=5120 stream=0x62943398f3e0 total_ms=0.0413 host_ms=0.0878 err_el=0 err_q0=0 err_q1=0
GGML_OP_PROFILE op=mul_mat name=z-0 ne=6144x128x1x1 type_src0=18 rows=128 cols=5120 stream=0x62943398f3e0 total_ms=0.0474 host_ms=0.3186 err_el=0 err_q0=0 err_q1=0
GGML_OP_PROFILE op=mul_mat name=linear_attn_out-0 ne=5120x128x1x1 type_src0=21 rows=128 cols=6144 stream=0x62943398f3e0 total_ms=11.0405 host_ms=11.0604 err_el=0 err_q0=0 err_q1=0
GGML_OP_PROFILE op=mul_mat name=ffn_gate-0 ne=17408x128x1x1 type_src0=19 rows=128 cols=5120 stream=0x62943398f3e0 total_ms=13.0043 host_ms=13.0220 err_el=0 err_q0=0 err_q1=0
GGML_OP_PROFILE op=mul_mat name=ffn_up-0 ne=17408x128x1x1 type_src0=19 rows=128 cols=5120 stream=0x62943398f3e0 total_ms=0.1054 host_ms=0.1466 err_el=0 err_q0=0 err_q1=0
GGML_OP_PROFILE op=mul_mat name=ffn_out-0 ne=5120x128x1x1 type_src0=29 rows=128 cols=17408 stream=0x62943398f3e0 total_ms=55.7157 host_ms=55.7564 err_el=0 err_q0=0 err_q1=0
GGML_OP_PROFILE op=mul_mat name=node_76 ne=10240x128x1x1 type_src0=16 rows=128 cols=5120 stream=0x62943398f3e0 total_ms=10.8003 host_ms=10.9014 err_el=0 err_q0=0 err_q1=0
GGML_OP_PROFILE op=mul_mat name=node_97 ne=48x128x1x1 type_src0=8 rows=128 cols=5120 stream=0x62943398f3e0 total_ms=0.1715 host_ms=0.1891 err_el=0 err_q0=0 err_q1=0
GGML_OP_PROFILE op=mul_mat name=node_103 ne=48x128x1x1 type_src0=8 rows=128 cols=5120 stream=0x62943398f3e0 total_ms=0.1203 host_ms=0.1344 err_el=0 err_q0=0 err_q1=0
GGML_OP_PROFILE op=mul_mat name=z-1 ne=6144x128x1x1 type_src0=22 rows=128 cols=5120 stream=0x62943398f3e0 total_ms=12.1055 host_ms=12.1862 err_el=0 err_q0=0 err_q1=0
GGML_OP_PROFILE op=mul_mat name=linear_attn_out-1 ne=5120x128x1x1 type_src0=21 rows=128 cols=6144 stream=0x62943398f3e0 total_ms=0.1155 host_ms=0.1456 err_el=0 err_q0=0 err_q1=0
GGML_OP_PROFILE op=mul_mat name=ffn_gate-1 ne=17408x128x1x1 type_src0=19 rows=128 cols=5120 stream=0x62943398f3e0 total_ms=0.1406 host_ms=0.1663 err_el=0 err_q0=0 err_q1=0
GGML_OP_PROFILE op=mul_mat name=ffn_up-1 ne=17408x128x1x1 type_src0=19 rows=128 cols=5120 stream=0x62943398f3e0 total_ms=0.1038 host_ms=0.1411 err_el=0 err_q0=0 err_q1=0
GGML_OP_PROFILE op=mul_mat name=ffn_out-1 ne=5120x128x1x1 type_src0=22 rows=128 cols=17408 stream=0x62943398f3e0 total_ms=0.1319 host_ms=0.1659 err_el=0 err_q0=0 err_q1=0
GGML_OP_PROFILE op=mul_mat name=node_139 ne=10240x128x1x1 type_src0=22 rows=128 cols=5120 stream=0x62943398f3e0 total_ms=0.1388 host_ms=0.1601 err_el=0 err_q0=0 err_q1=0
GGML_OP_PROFILE op=mul_mat name=node_160 ne=48x128x1x1 type_src0=8 rows=128 cols=5120 stream=0x62943398f3e0 total_ms=0.1306 host_ms=0.1507 err_el=0 err_q0=0 err_q1=0
GGML_OP_PROFILE op=mul_mat name=node_166 ne=48x128x1x1 type_src0=8 rows=128 cols=5120 stream=0x62943398f3e0 total_ms=0.0896 host_ms=0.1110 err_el=0 err_q0=0 err_q1=0
GGML_OP_PROFILE op=mul_mat name=z-2 ne=6144x128x1x1 type_src0=22 rows=128 cols=5120 stream=0x62943398f3e0 total_ms=0.0573 host_ms=0.1752 err_el=0 err_q0=0 err_q1=0
GGML_OP_PROFILE op=mul_mat name=linear_attn_out-2 ne=5120x128x1x1 type_src0=18 rows=128 cols=6144 stream=0x62943398f3e0 total_ms=0.1071 host_ms=0.1426 err_el=0 err_q0=0 err_q1=0
GGML_OP_PROFILE op=mul_mat name=ffn_gate-2 ne=17408x128x1x1 type_src0=16 rows=128 cols=5120 stream=0x62943398f3e0 total_ms=0.0897 host_ms=0.1205 err_el=0 err_q0=0 err_q1=0
GGML_OP_PROFILE op=mul_mat name=ffn_up-2 ne=17408x128x1x1 type_src0=16 rows=128 cols=5120 stream=0x62943398f3e0 total_ms=0.0944 host_ms=0.1523 err_el=0 err_q0=0 err_q1=0
GGML_OP_PROFILE op=mul_mat name=ffn_out-2 ne=5120x128x1x1 type_src0=10 rows=128 cols=17408 stream=0x62943398f3e0 total_ms=14.6053 host_ms=14.6394 err_el=0 err_q0=0 err_q1=0
GGML_OP_PROFILE op=mul_mat name=Qcur_full-3 ne=12288x128x1x1 type_src0=22 rows=128 cols=5120 stream=0x62943398f3e0 total_ms=0.1248 host_ms=0.1558 err_el=0 err_q0=0 err_q1=0
GGML_OP_PROFILE op=mul_mat name=Vcur-3 ne=1024x128x1x1 type_src0=23 rows=128 cols=5120 stream=0x62943398f3e0 total_ms=11.0309 host_ms=11.0533 err_el=0 err_q0=0 err_q1=0
GGML_OP_PROFILE op=mul_mat name=Kcur-3 ne=1024x128x1x1 type_src0=23 rows=128 cols=5120 stream=0x62943398f3e0 total_ms=0.0639 host_ms=0.1051 err_el=0 err_q0=0 err_q1=0
GGML_OP_PROFILE op=mul_mat name=attn_output-3 ne=5120x128x1x1 type_src0=23 rows=128 cols=6144 stream=0x62943398f3e0 total_ms=0.0489 host_ms=0.2156 err_el=0 err_q0=0 err_q1=0
GGML_OP_PROFILE op=mul_mat name=ffn_gate-3 ne=17408x128x1x1 type_src0=16 rows=128 cols=5120 stream=0x62943398f3e0 total_ms=0.1113 host_ms=0.1349 err_el=0 err_q0=0 err_q1=0
GGML_OP_PROFILE op=mul_mat name=ffn_up-3 ne=17408x128x1x1 type_src0=16 rows=128 cols=5120 stream=0x62943398f3e0 total_ms=0.1044 host_ms=0.1449 err_el=0 err_q0=0 err_q1=0
GGML_OP_PROFILE op=mul_mat name=ffn_out-3 ne=5120x128x1x1 type_src0=22 rows=128 cols=17408 stream=0x62943398f3e0 total_ms=0.1347 host_ms=0.1680 err_el=0 err_q0=0 err_q1=0
GGML_OP_PROFILE op=mul_mat name=node_241 ne=10240x128x1x1 type_src0=16 rows=128 cols=5120 stream=0x62943398f3e0 total_ms=0.1062 host_ms=0.1216 err_el=0 err_q0=0 err_q1=0
GGML_OP_PROFILE op=mul_mat name=node_262 ne=48x128x1x1 type_src0=8 rows=128 cols=5120 stream=0x62943398f3e0 total_ms=0.3156 host_ms=0.3392 err_el=0 err_q0=0 err_q1=0
GGML_OP_PROFILE op=mul_mat name=node_268 ne=48x128x1x1 type_src0=8 rows=128 cols=5120 stream=0x62943398f3e0 total_ms=0.0675 host_ms=0.0830 err_el=0 err_q0=0 err_q1=0
GGML_OP_PROFILE op=mul_mat name=z-4 ne=6144x128x1x1 type_src0=10 rows=128 cols=5120 stream=0x62943398f3e0 total_ms=0.0840 host_ms=0.2036 err_el=0 err_q0=0 err_q1=0
GGML_OP_PROFILE op=mul_mat name=linear_attn_out-4 ne=5120x128x1x1 type_src0=10 rows=128 cols=6144 stream=0x62943398f3e0 total_ms=0.0827 host_ms=0.1092 err_el=0 err_q0=0 err_q1=0
GGML_OP_PROFILE op=mul_mat name=ffn_gate-4 ne=17408x128x1x1 type_src0=16 rows=128 cols=5120 stream=0x62943398f3e0 total_ms=0.0960 host_ms=0.1206 err_el=0 err_q0=0 err_q1=0
GGML_OP_PROFILE op=mul_mat name=ffn_up-4 ne=17408x128x1x1 type_src0=16 rows=128 cols=5120 stream=0x62943398f3e0 total_ms=0.1138 host_ms=0.1538 err_el=0 err_q0=0 err_q1=0
GGML_OP_PROFILE op=mul_mat name=ffn_out-4 ne=5120x128x1x1 type_src0=16 rows=128 cols=17408 stream=0x62943398f3e0 total_ms=0.0896 host_ms=0.1213 err_el=0 err_q0=0 err_q1=0
GGML_OP_PROFILE op=mul_mat name=node_304 ne=10240x128x1x1 type_src0=22 rows=128 cols=5120 stream=0x62943398f3e0 total_ms=0.1093 host_ms=0.1297 err_el=0 err_q0=0 err_q1=0
GGML_OP_PROFILE op=mul_mat name=node_325 ne=48x128x1x1 type_src0=8 rows=128 cols=5120 stream=0x62943398f3e0 total_ms=0.0509 host_ms=0.0815 err_el=0 err_q0=0 err_q1=0
GGML_OP_PROFILE op=mul_mat name=node_331 ne=48x128x1x1 type_src0=8 rows=128 cols=5120 stream=0x62943398f3e0 total_ms=0.0694 host_ms=0.0889 err_el=0 err_q0=0 err_q1=0
GGML_OP_PROFILE op=mul_mat name=z-5 ne=6144x128x1x1 type_src0=10 rows=128 cols=5120 stream=0x62943398f3e0 total_ms=0.0840 host_ms=0.2003 err_el=0 err_q0=0 err_q1=0
GGML_OP_PROFILE op=mul_mat name=linear_attn_out-5 ne=5120x128x1x1 type_src0=18 rows=128 cols=6144 stream=0x62943398f3e0 total_ms=0.0724 host_ms=0.0993 err_el=0 err_q0=0 err_q1=0
GGML_OP_PROFILE op=mul_mat name=ffn_gate-5 ne=17408x128x1x1 type_src0=16 rows=128 cols=5120 stream=0x62943398f3e0 total_ms=0.0908 host_ms=0.1144 err_el=0 err_q0=0 err_q1=0
GGML_OP_PROFILE op=mul_mat name=ffn_up-5 ne=17408x128x1x1 type_src0=22 rows=128 cols=5120 stream=0x62943398f3e0 total_ms=0.1310 host_ms=0.1698 err_el=0 err_q0=0 err_q1=0
GGML_OP_PROFILE op=mul_mat name=ffn_out-5 ne=5120x128x1x1 type_src0=16 rows=128 cols=17408 stream=0x62943398f3e0 total_ms=0.0985 host_ms=0.1336 err_el=0 err_q0=0 err_q1=0
GGML_OP_PROFILE op=mul_mat name=node_367 ne=10240x128x1x1 type_src0=22 rows=128 cols=5120 stream=0x62943398f3e0 total_ms=0.0919 host_ms=0.1173 err_el=0 err_q0=0 err_q1=0
GGML_OP_PROFILE op=mul_mat name=node_388 ne=48x128x1x1 type_src0=8 rows=128 cols=5120 stream=0x62943398f3e0 total_ms=0.0699 host_ms=0.0955 err_el=0 err_q0=0 err_q1=0
GGML_OP_PROFILE op=mul_mat name=node_394 ne=48x128x1x1 type_src0=8 rows=128 cols=5120 stream=0x62943398f3e0 total_ms=0.0528 host_ms=0.0727 err_el=0 err_q0=0 err_q1=0
GGML_OP_PROFILE op=mul_mat name=z-6 ne=6144x128x1x1 type_src0=22 rows=128 cols=5120 stream=0x62943398f3e0 total_ms=0.0573 host_ms=0.1816 err_el=0 err_q0=0 err_q1=0
GGML_OP_PROFILE op=mul_mat name=linear_attn_out-6 ne=5120x128x1x1 type_src0=10 rows=128 cols=6144 stream=0x62943398f3e0 total_ms=0.0868 host_ms=0.1132 err_el=0 err_q0=0 err_q1=0
GGML_OP_PROFILE op=mul_mat name=ffn_gate-6 ne=17408x128x1x1 type_src0=16 rows=128 cols=5120 stream=0x62943398f3e0 total_ms=0.0909 host_ms=0.1164 err_el=0 err_q0=0 err_q1=0
GGML_OP_PROFILE op=mul_mat name=ffn_up-6 ne=17408x128x1x1 type_src0=29 rows=128 cols=5120 stream=0x62943398f3e0 total_ms=0.3803 host_ms=0.4149 err_el=0 err_q0=0 err_q1=0
GGML_OP_PROFILE op=mul_mat name=ffn_out-6 ne=5120x128x1x1 type_src0=16 rows=128 cols=17408 stream=0x62943398f3e0 total_ms=0.0989 host_ms=0.1377 err_el=0 err_q0=0 err_q1=0
GGML_OP_PROFILE op=mul_mat name=Qcur_full-7 ne=12288x128x1x1 type_src0=22 rows=128 cols=5120 stream=0x62943398f3e0 total_ms=0.1236 host_ms=0.1470 err_el=0 err_q0=0 err_q1=0
GGML_OP_PROFILE op=mul_mat name=Vcur-7 ne=1024x128x1x1 type_src0=23 rows=128 cols=5120 stream=0x62943398f3e0 total_ms=0.0469 host_ms=0.0773 err_el=0 err_q0=0 err_q1=0
GGML_OP_PROFILE op=mul_mat name=Kcur-7 ne=1024x128x1x1 type_src0=18 rows=128 cols=5120 stream=0x62943398f3e0 total_ms=0.0527 host_ms=0.0903 err_el=0 err_q0=0 err_q1=0
GGML_OP_PROFILE op=mul_mat name=attn_output-7 ne=5120x128x1x1 type_src0=10 rows=128 cols=6144 stream=0x62943398f3e0 total_ms=0.0857 host_ms=0.1267 err_el=0 err_q0=0 err_q1=0
GGML_OP_PROFILE op=mul_mat name=ffn_gate-7 ne=17408x128x1x1 type_src0=16 rows=128 cols=5120 stream=0x62943398f3e0 total_ms=0.0895 host_ms=0.1205 err_el=0 err_q0=0 err_q1=0
GGML_OP_PROFILE op=mul_mat name=ffn_up-7 ne=17408x128x1x1 type_src0=16 rows=128 cols=5120 stream=0x62943398f3e0 total_ms=0.0945 host_ms=0.1319 err_el=0 err_q0=0 err_q1=0
GGML_OP_PROFILE op=mul_mat name=ffn_out-7 ne=5120x128x1x1 type_src0=17 rows=128 cols=17408 stream=0x62943398f3e0 total_ms=11.4081 host_ms=11.4430 err_el=0 err_q0=0 err_q1=0
GGML_OP_PROFILE op=mul_mat name=node_469 ne=10240x128x1x1 type_src0=19 rows=128 cols=5120 stream=0x62943398f3e0 total_ms=0.0967 host_ms=0.1233 err_el=0 err_q0=0 err_q1=0
GGML_OP_PROFILE op=mul_mat name=node_490 ne=48x128x1x1 type_src0=8 rows=128 cols=5120 stream=0x62943398f3e0 total_ms=0.0459 host_ms=0.0757 err_el=0 err_q0=0 err_q1=0
GGML_OP_PROFILE op=mul_mat name=node_496 ne=48x128x1x1 type_src0=8 rows=128 cols=5120 stream=0x62943398f3e0 total_ms=0.0450 host_ms=0.0711 err_el=0 err_q0=0 err_q1=0
GGML_OP_PROFILE op=mul_mat name=z-8 ne=6144x128x1x1 type_src0=22 rows=128 cols=5120 stream=0x62943398f3e0 total_ms=0.0655 host_ms=0.1879 err_el=0 err_q0=0 err_q1=0
GGML_OP_PROFILE op=mul_mat name=linear_attn_out-8 ne=5120x128x1x1 type_src0=10 rows=128 cols=6144 stream=0x62943398f3e0 total_ms=0.0908 host_ms=0.1221 err_el=0 err_q0=0 err_q1=0
GGML_OP_PROFILE op=mul_mat name=ffn_gate-8 ne=17408x128x1x1 type_src0=16 rows=128 cols=5120 stream=0x62943398f3e0 total_ms=0.0896 host_ms=0.1198 err_el=0 err_q0=0 err_q1=0
GGML_OP_PROFILE op=mul_mat name=ffn_up-8 ne=17408x128x1x1 type_src0=16 rows=128 cols=5120 stream=0x62943398f3e0 total_ms=0.0977 host_ms=0.1355 err_el=0 err_q0=0 err_q1=0
GGML_OP_PROFILE op=mul_mat name=ffn_out-8 ne=5120x128x1x1 type_src0=19 rows=128 cols=17408 stream=0x62943398f3e0 total_ms=0.1062 host_ms=0.1410 err_el=0 err_q0=0 err_q1=0
GGML_OP_PROFILE op=mul_mat name=node_532 ne=10240x128x1x1 type_src0=19 rows=128 cols=5120 stream=0x62943398f3e0 total_ms=0.0714 host_ms=0.1020 err_el=0 err_q0=0 err_q1=0
GGML_OP_PROFILE op=mul_mat name=node_553 ne=48x128x1x1 type_src0=8 rows=128 cols=5120 stream=0x62943398f3e0 total_ms=0.0601 host_ms=0.0885 err_el=0 err_q0=0 err_q1=0
GGML_OP_PROFILE op=mul_mat name=node_559 ne=48x128x1x1 type_src0=8 rows=128 cols=5120 stream=0x62943398f3e0 total_ms=0.0573 host_ms=0.0834 err_el=0 err_q0=0 err_q1=0
GGML_OP_PROFILE op=mul_mat name=z-9 ne=6144x128x1x1 type_src0=16 rows=128 cols=5120 stream=0x62943398f3e0 total_ms=0.0492 host_ms=0.1670 err_el=0 err_q0=0 err_q1=0
GGML_OP_PROFILE op=mul_mat name=linear_attn_out-9 ne=5120x128x1x1 type_src0=10 rows=128 cols=6144 stream=0x62943398f3e0 total_ms=0.0898 host_ms=0.1219 err_el=0 err_q0=0 err_q1=0
GGML_OP_PROFILE op=mul_mat name=ffn_gate-9 ne=17408x128x1x1 type_src0=29 rows=128 cols=5120 stream=0x62943398f3e0 total_ms=0.3110 host_ms=0.3378 err_el=0 err_q0=0 err_q1=0
GGML_OP_PROFILE op=mul_mat name=ffn_up-9 ne=17408x128x1x1 type_src0=19 rows=128 cols=5120 stream=0x62943398f3e0 total_ms=0.1140 host_ms=0.1609 err_el=0 err_q0=0 err_q1=0
GGML_OP_PROFILE op=mul_mat name=ffn_out-9 ne=5120x128x1x1 type_src0=29 rows=128 cols=17408 stream=0x62943398f3e0 total_ms=0.4656 host_ms=0.5029 err_el=0 err_q0=0 err_q1=0
GGML_OP_PROFILE op=mul_mat name=node_595 ne=10240x128x1x1 type_src0=22 rows=128 cols=5120 stream=0x62943398f3e0 total_ms=0.0901 host_ms=0.1874 err_el=0 err_q0=0 err_q1=0
GGML_OP_PROFILE op=mul_mat name=node_616 ne=48x128x1x1 type_src0=8 rows=128 cols=5120 stream=0x62943398f3e0 total_ms=0.0492 host_ms=0.1453 err_el=0 err_q0=0 err_q1=0
GGML_OP_PROFILE op=mul_mat name=node_622 ne=48x128x1x1 type_src0=8 rows=128 cols=5120 stream=0x62943398f3e0 total_ms=0.0814 host_ms=0.0994 err_el=0 err_q0=0 err_q1=0
GGML_OP_PROFILE op=mul_mat name=z-10 ne=6144x128x1x1 type_src0=16 rows=128 cols=5120 stream=0x62943398f3e0 total_ms=0.0492 host_ms=0.1644 err_el=0 err_q0=0 err_q1=0
GGML_OP_PROFILE op=mul_mat name=linear_attn_out-10 ne=5120x128x1x1 type_src0=10 rows=128 cols=6144 stream=0x62943398f3e0 total_ms=0.0850 host_ms=0.1159 err_el=0 err_q0=0 err_q1=0
GGML_OP_PROFILE op=mul_mat name=ffn_gate-10 ne=17408x128x1x1 type_src0=29 rows=128 cols=5120 stream=0x62943398f3e0 total_ms=0.2912 host_ms=0.3154 err_el=0 err_q0=0 err_q1=0
GGML_OP_PROFILE op=mul_mat name=ffn_up-10 ne=17408x128x1x1 type_src0=19 rows=128 cols=5120 stream=0x62943398f3e0 total_ms=0.1629 host_ms=0.2087 err_el=0 err_q0=0 err_q1=0
GGML_OP_PROFILE op=mul_mat name=ffn_out-10 ne=5120x128x1x1 type_src0=29 rows=128 cols=17408 stream=0x62943398f3e0 total_ms=0.2945 host_ms=0.3270 err_el=0 err_q0=0 err_q1=0
GGML_OP_PROFILE op=mul_mat name=Qcur_full-11 ne=12288x128x1x1 type_src0=22 rows=128 cols=5120 stream=0x62943398f3e0 total_ms=0.1498 host_ms=0.1813 err_el=0 err_q0=0 err_q1=0
GGML_OP_PROFILE op=mul_mat name=Vcur-11 ne=1024x128x1x1 type_src0=23 rows=128 cols=5120 stream=0x62943398f3e0 total_ms=0.0916 host_ms=0.1151 err_el=0 err_q0=0 err_q1=0
GGML_OP_PROFILE op=mul_mat name=Kcur-11 ne=1024x128x1x1 type_src0=18 rows=128 cols=5120 stream=0x62943398f3e0 total_ms=0.1128 host_ms=0.1534 err_el=0 err_q0=0 err_q1=0
GGML_OP_PROFILE op=mul_mat name=attn_output-11 ne=5120x128x1x1 type_src0=10 rows=128 cols=6144 stream=0x62943398f3e0 total_ms=0.0837 host_ms=0.1721 err_el=0 err_q0=0 err_q1=0
GGML_OP_PROFILE op=mul_mat name=ffn_gate-11 ne=17408x128x1x1 type_src0=19 rows=128 cols=5120 stream=0x62943398f3e0 total_ms=0.2692 host_ms=0.3690 err_el=0 err_q0=0 err_q1=0
GGML_OP_PROFILE op=mul_mat name=ffn_up-11 ne=17408x128x1x1 type_src0=19 rows=128 cols=5120 stream=0x62943398f3e0 total_ms=0.1021 host_ms=0.1424 err_el=0 err_q0=0 err_q1=0
GGML_OP_PROFILE op=mul_mat name=ffn_out-11 ne=5120x128x1x1 type_src0=19 rows=128 cols=17408 stream=0x62943398f3e0 total_ms=0.0988 host_ms=0.1292 err_el=0 err_q0=0 err_q1=0
GGML_OP_PROFILE op=mul_mat name=node_697 ne=10240x128x1x1 type_src0=19 rows=128 cols=5120 stream=0x62943398f3e0 total_ms=0.1166 host_ms=0.1341 err_el=0 err_q0=0 err_q1=0
GGML_OP_PROFILE op=mul_mat name=node_718 ne=48x128x1x1 type_src0=8 rows=128 cols=5120 stream=0x62943398f3e0 total_ms=0.0501 host_ms=0.1120 err_el=0 err_q0=0 err_q1=0
GGML_OP_PROFILE op=mul_mat name=node_724 ne=48x128x1x1 type_src0=8 rows=128 cols=5120 stream=0x62943398f3e0 total_ms=0.0777 host_ms=0.0955 err_el=0 err_q0=0 err_q1=0
GGML_OP_PROFILE op=mul_mat name=z-12 ne=6144x128x1x1 type_src0=22 rows=128 cols=5120 stream=0x62943398f3e0 total_ms=0.0655 host_ms=0.1879 err_el=0 err_q0=0 err_q1=0
GGML_OP_PROFILE op=mul_mat name=linear_attn_out-12 ne=5120x128x1x1 type_src0=22 rows=128 cols=6144 stream=0x62943398f3e0 total_ms=0.0632 host_ms=0.0934 err_el=0 err_q0=0 err_q1=0
GGML_OP_PROFILE op=mul_mat name=ffn_gate-12 ne=17408x128x1x1 type_src0=29 rows=128 cols=5120 stream=0x62943398f3e0 total_ms=0.2882 host_ms=0.3144 err_el=0 err_q0=0 err_q1=0
GGML_OP_PROFILE op=mul_mat name=ffn_up-12 ne=17408x128x1x1 type_src0=19 rows=128 cols=5120 stream=0x62943398f3e0 total_ms=0.1098 host_ms=0.1455 err_el=0 err_q0=0 err_q1=0
GGML_OP_PROFILE op=mul_mat name=ffn_out-12 ne=5120x128x1x1 type_src0=19 rows=128 cols=17408 stream=0x62943398f3e0 total_ms=0.0963 host_ms=0.1282 err_el=0 err_q0=0 err_q1=0
GGML_OP_PROFILE op=mul_mat name=node_760 ne=10240x128x1x1 type_src0=19 rows=128 cols=5120 stream=0x62943398f3e0 total_ms=0.1033 host_ms=0.1267 err_el=0 err_q0=0 err_q1=0
GGML_OP_PROFILE op=mul_mat name=node_781 ne=48x128x1x1 type_src0=8 rows=128 cols=5120 stream=0x62943398f3e0 total_ms=0.0468 host_ms=0.1003 err_el=0 err_q0=0 err_q1=0
GGML_OP_PROFILE op=mul_mat name=node_787 ne=48x128x1x1 type_src0=8 rows=128 cols=5120 stream=0x62943398f3e0 total_ms=0.1028 host_ms=0.1648 err_el=0 err_q0=0 err_q1=0
GGML_OP_PROFILE op=mul_mat name=z-13 ne=6144x128x1x1 type_src0=16 rows=128 cols=5120 stream=0x62943398f3e0 total_ms=0.0492 host_ms=0.1746 err_el=0 err_q0=0 err_q1=0
GGML_OP_PROFILE op=mul_mat name=linear_attn_out-13 ne=5120x128x1x1 type_src0=22 rows=128 cols=6144 stream=0x62943398f3e0 total_ms=0.0736 host_ms=0.1120 err_el=0 err_q0=0 err_q1=0
GGML_OP_PROFILE op=mul_mat name=ffn_gate-13 ne=17408x128x1x1 type_src0=19 rows=128 cols=5120 stream=0x62943398f3e0 total_ms=0.1482 host_ms=0.1776 err_el=0 err_q0=0 err_q1=0
GGML_OP_PROFILE op=mul_mat name=ffn_up-13 ne=17408x128x1x1 type_src0=19 rows=128 cols=5120 stream=0x62943398f3e0 total_ms=0.1058 host_ms=0.1446 err_el=0 err_q0=0 err_q1=0
GGML_OP_PROFILE op=mul_mat name=ffn_out-13 ne=5120x128x1x1 type_src0=19 rows=128 cols=17408 stream=0x62943398f3e0 total_ms=0.0970 host_ms=0.1287 err_el=0 err_q0=0 err_q1=0
GGML_OP_PROFILE op=mul_mat name=node_823 ne=10240x128x1x1 type_src0=17 rows=128 cols=5120 stream=0x62943398f3e0 total_ms=0.0924 host_ms=0.1230 err_el=0 err_q0=0 err_q1=0
GGML_OP_PROFILE op=mul_mat name=node_844 ne=48x128x1x1 type_src0=8 rows=128 cols=5120 stream=0x62943398f3e0 total_ms=0.1439 host_ms=0.1677 err_el=0 err_q0=0 err_q1=0
GGML_OP_PROFILE op=mul_mat name=node_850 ne=48x128x1x1 type_src0=8 rows=128 cols=5120 stream=0x62943398f3e0 total_ms=0.0716 host_ms=0.0907 err_el=0 err_q0=0 err_q1=0
GGML_OP_PROFILE op=mul_mat name=z-14 ne=6144x128x1x1 type_src0=19 rows=128 cols=5120 stream=0x62943398f3e0 total_ms=0.0804 host_ms=0.1656 err_el=0 err_q0=0 err_q1=0
GGML_OP_PROFILE op=mul_mat name=linear_attn_out-14 ne=5120x128x1x1 type_src0=22 rows=128 cols=6144 stream=0x62943398f3e0 total_ms=0.0801 host_ms=0.1091 err_el=0 err_q0=0 err_q1=0
GGML_OP_PROFILE op=mul_mat name=ffn_gate-14 ne=17408x128x1x1 type_src0=19 rows=128 cols=5120 stream=0x62943398f3e0 total_ms=0.1505 host_ms=0.1748 err_el=0 err_q0=0 err_q1=0
GGML_OP_PROFILE op=mul_mat name=ffn_up-14 ne=17408x128x1x1 type_src0=19 rows=128 cols=5120 stream=0x62943398f3e0 total_ms=0.1301 host_ms=0.1717 err_el=0 err_q0=0 err_q1=0
GGML_OP_PROFILE op=mul_mat name=ffn_out-14 ne=5120x128x1x1 type_src0=19 rows=128 cols=17408 stream=0x62943398f3e0 total_ms=0.1444 host_ms=0.1789 err_el=0 err_q0=0 err_q1=0
GGML_OP_PROFILE op=mul_mat name=Qcur_full-15 ne=12288x128x1x1 type_src0=22 rows=128 cols=5120 stream=0x62943398f3e0 total_ms=0.1069 host_ms=0.1387 err_el=0 err_q0=0 err_q1=0
GGML_OP_PROFILE op=mul_mat name=Vcur-15 ne=1024x128x1x1 type_src0=23 rows=128 cols=5120 stream=0x62943398f3e0 total_ms=0.0963 host_ms=0.1164 err_el=0 err_q0=0 err_q1=0
GGML_OP_PROFILE op=mul_mat name=Kcur-15 ne=1024x128x1x1 type_src0=18 rows=128 cols=5120 stream=0x62943398f3e0 total_ms=0.0845 host_ms=0.1234 err_el=0 err_q0=0 err_q1=0
GGML_OP_PROFILE op=mul_mat name=attn_output-15 ne=5120x128x1x1 type_src0=29 rows=128 cols=6144 stream=0x62943398f3e0 total_ms=0.2450 host_ms=0.2774 err_el=0 err_q0=0 err_q1=0
GGML_OP_PROFILE op=mul_mat name=ffn_gate-15 ne=17408x128x1x1 type_src0=19 rows=128 cols=5120 stream=0x62943398f3e0 total_ms=0.1623 host_ms=0.1852 err_el=0 err_q0=0 err_q1=0
GGML_OP_PROFILE op=mul_mat name=ffn_up-15 ne=17408x128x1x1 type_src0=19 rows=128 cols=5120 stream=0x62943398f3e0 total_ms=0.1258 host_ms=0.1676 err_el=0 err_q0=0 err_q1=0
GGML_OP_PROFILE op=mul_mat name=ffn_out-15 ne=5120x128x1x1 type_src0=19 rows=128 cols=17408 stream=0x62943398f3e0 total_ms=0.1543 host_ms=0.1774 err_el=0 err_q0=0 err_q1=0
GGML_OP_PROFILE op=mul_mat name=node_925 ne=10240x128x1x1 type_src0=10 rows=128 cols=5120 stream=0x62943398f3e0 total_ms=0.1726 host_ms=0.1896 err_el=0 err_q0=0 err_q1=0
GGML_OP_PROFILE op=mul_mat name=node_946 ne=48x128x1x1 type_src0=8 rows=128 cols=5120 stream=0x62943398f3e0 total_ms=0.0556 host_ms=0.0825 err_el=0 err_q0=0 err_q1=0
GGML_OP_PROFILE op=mul_mat name=node_952 ne=48x128x1x1 type_src0=8 rows=128 cols=5120 stream=0x62943398f3e0 total_ms=0.0491 host_ms=0.0739 err_el=0 err_q0=0 err_q1=0
GGML_OP_PROFILE op=mul_mat name=z-16 ne=6144x128x1x1 type_src0=16 rows=128 cols=5120 stream=0x62943398f3e0 total_ms=0.0497 host_ms=0.1371 err_el=0 err_q0=0 err_q1=0
GGML_OP_PROFILE op=mul_mat name=linear_attn_out-16 ne=5120x128x1x1 type_src0=16 rows=128 cols=6144 stream=0x62943398f3e0 total_ms=0.0748 host_ms=0.1049 err_el=0 err_q0=0 err_q1=0
GGML_OP_PROFILE op=mul_mat name=ffn_gate-16 ne=17408x128x1x1 type_src0=19 rows=128 cols=5120 stream=0x62943398f3e0 total_ms=0.1385 host_ms=0.1666 err_el=0 err_q0=0 err_q1=0
GGML_OP_PROFILE op=mul_mat name=ffn_up-16 ne=17408x128x1x1 type_src0=19 rows=128 cols=5120 stream=0x62943398f3e0 total_ms=0.1433 host_ms=0.1920 err_el=0 err_q0=0 err_q1=0
GGML_OP_PROFILE op=mul_mat name=ffn_out-16 ne=5120x128x1x1 type_src0=29 rows=128 cols=17408 stream=0x62943398f3e0 total_ms=0.3488 host_ms=0.3825 err_el=0 err_q0=0 err_q1=0
GGML_OP_PROFILE op=mul_mat name=node_988 ne=10240x128x1x1 type_src0=22 rows=128 cols=5120 stream=0x62943398f3e0 total_ms=0.1527 host_ms=0.1771 err_el=0 err_q0=0 err_q1=0
GGML_OP_PROFILE op=mul_mat name=node_1009 ne=48x128x1x1 type_src0=8 rows=128 cols=5120 stream=0x62943398f3e0 total_ms=0.1099 host_ms=0.1305 err_el=0 err_q0=0 err_q1=0
GGML_OP_PROFILE op=mul_mat name=node_1015 ne=48x128x1x1 type_src0=8 rows=128 cols=5120 stream=0x62943398f3e0 total_ms=0.0788 host_ms=0.0940 err_el=0 err_q0=0 err_q1=0
GGML_OP_PROFILE op=mul_mat name=z-17 ne=6144x128x1x1 type_src0=29 rows=128 cols=5120 stream=0x62943398f3e0 total_ms=0.1044 host_ms=0.2301 err_el=0 err_q0=0 err_q1=0
GGML_OP_PROFILE op=mul_mat name=linear_attn_out-17 ne=5120x128x1x1 type_src0=10 rows=128 cols=6144 stream=0x62943398f3e0 total_ms=0.1393 host_ms=0.1701 err_el=0 err_q0=0 err_q1=0
GGML_OP_PROFILE op=mul_mat name=ffn_gate-17 ne=17408x128x1x1 type_src0=19 rows=128 cols=5120 stream=0x62943398f3e0 total_ms=0.1000 host_ms=0.1651 err_el=0 err_q0=0 err_q1=0
GGML_OP_PROFILE op=mul_mat name=ffn_up-17 ne=17408x128x1x1 type_src0=19 rows=128 cols=5120 stream=0x62943398f3e0 total_ms=0.1247 host_ms=0.1643 err_el=0 err_q0=0 err_q1=0
GGML_OP_PROFILE op=mul_mat name=ffn_out-17 ne=5120x128x1x1 type_src0=19 rows=128 cols=17408 stream=0x62943398f3e0 total_ms=0.1337 host_ms=0.1601 err_el=0 err_q0=0 err_q1=0
GGML_OP_PROFILE op=mul_mat name=node_1051 ne=10240x128x1x1 type_src0=17 rows=128 cols=5120 stream=0x62943398f3e0 total_ms=0.1557 host_ms=0.1796 err_el=0 err_q0=0 err_q1=0
GGML_OP_PROFILE op=mul_mat name=node_1072 ne=48x128x1x1 type_src0=8 rows=128 cols=5120 stream=0x62943398f3e0 total_ms=0.1850 host_ms=0.2177 err_el=0 err_q0=0 err_q1=0
GGML_OP_PROFILE op=mul_mat name=node_1078 ne=48x128x1x1 type_src0=8 rows=128 cols=5120 stream=0x62943398f3e0 total_ms=0.0438 host_ms=0.0966 err_el=0 err_q0=0 err_q1=0
GGML_OP_PROFILE op=mul_mat name=z-18 ne=6144x128x1x1 type_src0=17 rows=128 cols=5120 stream=0x62943398f3e0 total_ms=0.0566 host_ms=0.1330 err_el=0 err_q0=0 err_q1=0
GGML_OP_PROFILE op=mul_mat name=linear_attn_out-18 ne=5120x128x1x1 type_src0=22 rows=128 cols=6144 stream=0x62943398f3e0 total_ms=0.0693 host_ms=0.1006 err_el=0 err_q0=0 err_q1=0
GGML_OP_PROFILE op=mul_mat name=ffn_gate-18 ne=17408x128x1x1 type_src0=19 rows=128 cols=5120 stream=0x62943398f3e0 total_ms=0.1513 host_ms=0.1688 err_el=0 err_q0=0 err_q1=0
GGML_OP_PROFILE op=mul_mat name=ffn_up-18 ne=17408x128x1x1 type_src0=29 rows=128 cols=5120 stream=0x62943398f3e0 total_ms=0.2969 host_ms=0.3388 err_el=0 err_q0=0 err_q1=0
GGML_OP_PROFILE op=mul_mat name=ffn_out-18 ne=5120x128x1x1 type_src0=16 rows=128 cols=17408 stream=0x62943398f3e0 total_ms=0.1042 host_ms=0.1373 err_el=0 err_q0=0 err_q1=0
GGML_OP_PROFILE op=mul_mat name=Qcur_full-19 ne=12288x128x1x1 type_src0=29 rows=128 cols=5120 stream=0x62943398f3e0 total_ms=0.3089 host_ms=0.3360 err_el=0 err_q0=0 err_q1=0
GGML_OP_PROFILE op=mul_mat name=Vcur-19 ne=1024x128x1x1 type_src0=23 rows=128 cols=5120 stream=0x62943398f3e0 total_ms=0.1198 host_ms=0.1385 err_el=0 err_q0=0 err_q1=0
GGML_OP_PROFILE op=mul_mat name=Kcur-19 ne=1024x128x1x1 type_src0=23 rows=128 cols=5120 stream=0x62943398f3e0 total_ms=0.0742 host_ms=0.1311 err_el=0 err_q0=0 err_q1=0
GGML_OP_PROFILE op=mul_mat name=attn_output-19 ne=5120x128x1x1 type_src0=18 rows=128 cols=6144 stream=0x62943398f3e0 total_ms=0.0540 host_ms=0.1543 err_el=0 err_q0=0 err_q1=0
GGML_OP_PROFILE op=mul_mat name=ffn_gate-19 ne=17408x128x1x1 type_src0=29 rows=128 cols=5120 stream=0x62943398f3e0 total_ms=0.2881 host_ms=0.3141 err_el=0 err_q0=0 err_q1=0
GGML_OP_PROFILE op=mul_mat name=ffn_up-19 ne=17408x128x1x1 type_src0=19 rows=128 cols=5120 stream=0x62943398f3e0 total_ms=0.1101 host_ms=0.1456 err_el=0 err_q0=0 err_q1=0
GGML_OP_PROFILE op=mul_mat name=ffn_out-19 ne=5120x128x1x1 type_src0=16 rows=128 cols=17408 stream=0x62943398f3e0 total_ms=0.0942 host_ms=0.1278 err_el=0 err_q0=0 err_q1=0
GGML_OP_PROFILE op=mul_mat name=node_1153 ne=10240x128x1x1 type_src0=10 rows=128 cols=5120 stream=0x62943398f3e0 total_ms=0.1704 host_ms=0.1923 err_el=0 err_q0=0 err_q1=0
GGML_OP_PROFILE op=mul_mat name=node_1174 ne=48x128x1x1 type_src0=8 rows=128 cols=5120 stream=0x62943398f3e0 total_ms=0.0798 host_ms=0.1061 err_el=0 err_q0=0 err_q1=0
GGML_OP_PROFILE op=mul_mat name=node_1180 ne=48x128x1x1 type_src0=8 rows=128 cols=5120 stream=0x62943398f3e0 total_ms=0.0456 host_ms=0.0933 err_el=0 err_q0=0 err_q1=0
GGML_OP_PROFILE op=mul_mat name=z-20 ne=6144x128x1x1 type_src0=22 rows=128 cols=5120 stream=0x62943398f3e0 total_ms=0.0655 host_ms=0.1795 err_el=0 err_q0=0 err_q1=0
GGML_OP_PROFILE op=mul_mat name=linear_attn_out-20 ne=5120x128x1x1 type_src0=10 rows=128 cols=6144 stream=0x62943398f3e0 total_ms=0.0804 host_ms=0.1146 err_el=0 err_q0=0 err_q1=0
GGML_OP_PROFILE op=mul_mat name=ffn_gate-20 ne=17408x128x1x1 type_src0=22 rows=128 cols=5120 stream=0x62943398f3e0 total_ms=0.1431 host_ms=0.1685 err_el=0 err_q0=0 err_q1=0
GGML_OP_PROFILE op=mul_mat name=ffn_up-20 ne=17408x128x1x1 type_src0=10 rows=128 cols=5120 stream=0x62943398f3e0 total_ms=0.1731 host_ms=0.2096 err_el=0 err_q0=0 err_q1=0
GGML_OP_PROFILE op=mul_mat name=ffn_out-20 ne=5120x128x1x1 type_src0=10 rows=128 cols=17408 stream=0x62943398f3e0 total_ms=0.1788 host_ms=0.2103 err_el=0 err_q0=0 err_q1=0
GGML_OP_PROFILE op=mul_mat name=node_1216 ne=10240x128x1x1 type_src0=22 rows=128 cols=5120 stream=0x62943398f3e0 total_ms=0.0922 host_ms=0.1341 err_el=0 err_q0=0 err_q1=0
GGML_OP_PROFILE op=mul_mat name=node_1237 ne=48x128x1x1 type_src0=8 rows=128 cols=5120 stream=0x62943398f3e0 total_ms=0.0727 host_ms=0.1529 err_el=0 err_q0=0 err_q1=0
GGML_OP_PROFILE op=mul_mat name=node_1243 ne=48x128x1x1 type_src0=8 rows=128 cols=5120 stream=0x62943398f3e0 total_ms=0.0470 host_ms=0.0729 err_el=0 err_q0=0 err_q1=0
GGML_OP_PROFILE op=mul_mat name=z-21 ne=6144x128x1x1 type_src0=10 rows=128 cols=5120 stream=0x62943398f3e0 total_ms=0.0778 host_ms=0.1952 err_el=0 err_q0=0 err_q1=0
GGML_OP_PROFILE op=mul_mat name=linear_attn_out-21 ne=5120x128x1x1 type_src0=10 rows=128 cols=6144 stream=0x62943398f3e0 total_ms=0.0793 host_ms=0.1109 err_el=0 err_q0=0 err_q1=0
GGML_OP_PROFILE op=mul_mat name=ffn_gate-21 ne=17408x128x1x1 type_src0=22 rows=128 cols=5120 stream=0x62943398f3e0 total_ms=0.1431 host_ms=0.1682 err_el=0 err_q0=0 err_q1=0
GGML_OP_PROFILE op=mul_mat name=ffn_up-21 ne=17408x128x1x1 type_src0=10 rows=128 cols=5120 stream=0x62943398f3e0 total_ms=0.1747 host_ms=0.2175 err_el=0 err_q0=0 err_q1=0
GGML_OP_PROFILE op=mul_mat name=ffn_out-21 ne=5120x128x1x1 type_src0=22 rows=128 cols=17408 stream=0x62943398f3e0 total_ms=0.1254 host_ms=0.1545 err_el=0 err_q0=0 err_q1=0
GGML_OP_PROFILE op=mul_mat name=node_1279 ne=10240x128x1x1 type_src0=22 rows=128 cols=5120 stream=0x62943398f3e0 total_ms=0.1269 host_ms=0.1475 err_el=0 err_q0=0 err_q1=0
GGML_OP_PROFILE op=mul_mat name=node_1300 ne=48x128x1x1 type_src0=8 rows=128 cols=5120 stream=0x62943398f3e0 total_ms=0.0512 host_ms=0.1169 err_el=0 err_q0=0 err_q1=0
GGML_OP_PROFILE op=mul_mat name=node_1306 ne=48x128x1x1 type_src0=8 rows=128 cols=5120 stream=0x62943398f3e0 total_ms=0.0767 host_ms=0.0960 err_el=0 err_q0=0 err_q1=0
GGML_OP_PROFILE op=mul_mat name=z-22 ne=6144x128x1x1 type_src0=22 rows=128 cols=5120 stream=0x62943398f3e0 total_ms=0.0573 host_ms=0.1673 err_el=0 err_q0=0 err_q1=0
GGML_OP_PROFILE op=mul_mat name=linear_attn_out-22 ne=5120x128x1x1 type_src0=10 rows=128 cols=6144 stream=0x62943398f3e0 total_ms=0.0868 host_ms=0.1170 err_el=0 err_q0=0 err_q1=0
GGML_OP_PROFILE op=mul_mat name=ffn_gate-22 ne=17408x128x1x1 type_src0=22 rows=128 cols=5120 stream=0x62943398f3e0 total_ms=0.4113 host_ms=0.4348 err_el=0 err_q0=0 err_q1=0
GGML_OP_PROFILE op=mul_mat name=ffn_up-22 ne=17408x128x1x1 type_src0=10 rows=128 cols=5120 stream=0x62943398f3e0 total_ms=0.2159 host_ms=0.2574 err_el=0 err_q0=0 err_q1=0
GGML_OP_PROFILE op=mul_mat name=ffn_out-22 ne=5120x128x1x1 type_src0=10 rows=128 cols=17408 stream=0x62943398f3e0 total_ms=0.2270 host_ms=0.2542 err_el=0 err_q0=0 err_q1=0
GGML_OP_PROFILE op=mul_mat name=Qcur_full-23 ne=12288x128x1x1 type_src0=18 rows=128 cols=5120 stream=0x62943398f3e0 total_ms=0.1092 host_ms=0.1351 err_el=0 err_q0=0 err_q1=0
GGML_OP_PROFILE op=mul_mat name=Vcur-23 ne=1024x128x1x1 type_src0=12 rows=128 cols=5120 stream=0x62943398f3e0 total_ms=12.4660 host_ms=12.5270 err_el=0 err_q0=0 err_q1=0
GGML_OP_PROFILE op=mul_mat name=Kcur-23 ne=1024x128x1x1 type_src0=18 rows=128 cols=5120 stream=0x62943398f3e0 total_ms=0.0466 host_ms=0.1029 err_el=0 err_q0=0 err_q1=0
GGML_OP_PROFILE op=mul_mat name=attn_output-23 ne=5120x128x1x1 type_src0=18 rows=128 cols=6144 stream=0x62943398f3e0 total_ms=0.0465 host_ms=0.1402 err_el=0 err_q0=0 err_q1=0
GGML_OP_PROFILE op=mul_mat name=ffn_gate-23 ne=17408x128x1x1 type_src0=22 rows=128 cols=5120 stream=0x62943398f3e0 total_ms=0.1325 host_ms=0.1654 err_el=0 err_q0=0 err_q1=0
GGML_OP_PROFILE op=mul_mat name=ffn_up-23 ne=17408x128x1x1 type_src0=22 rows=128 cols=5120 stream=0x62943398f3e0 total_ms=0.1281 host_ms=0.1632 err_el=0 err_q0=0 err_q1=0
GGML_OP_PROFILE op=mul_mat name=ffn_out-23 ne=5120x128x1x1 type_src0=10 rows=128 cols=17408 stream=0x62943398f3e0 total_ms=0.1851 host_ms=0.2176 err_el=0 err_q0=0 err_q1=0
GGML_OP_PROFILE op=mul_mat name=node_1381 ne=10240x128x1x1 type_src0=22 rows=128 cols=5120 stream=0x62943398f3e0 total_ms=0.0952 host_ms=0.1139 err_el=0 err_q0=0 err_q1=0
GGML_OP_PROFILE op=mul_mat name=node_1402 ne=48x128x1x1 type_src0=8 rows=128 cols=5120 stream=0x62943398f3e0 total_ms=0.0540 host_ms=0.0786 err_el=0 err_q0=0 err_q1=0
GGML_OP_PROFILE op=mul_mat name=node_1408 ne=48x128x1x1 type_src0=8 rows=128 cols=5120 stream=0x62943398f3e0 total_ms=0.0499 host_ms=0.0686 err_el=0 err_q0=0 err_q1=0
GGML_OP_PROFILE op=mul_mat name=z-24 ne=6144x128x1x1 type_src0=10 rows=128 cols=5120 stream=0x62943398f3e0 total_ms=0.0758 host_ms=0.1971 err_el=0 err_q0=0 err_q1=0
GGML_OP_PROFILE op=mul_mat name=linear_attn_out-24 ne=5120x128x1x1 type_src0=22 rows=128 cols=6144 stream=0x62943398f3e0 total_ms=0.0612 host_ms=0.0886 err_el=0 err_q0=0 err_q1=0
GGML_OP_PROFILE op=mul_mat name=ffn_gate-24 ne=17408x128x1x1 type_src0=22 rows=128 cols=5120 stream=0x62943398f3e0 total_ms=0.1216 host_ms=0.1452 err_el=0 err_q0=0 err_q1=0
GGML_OP_PROFILE op=mul_mat name=ffn_up-24 ne=17408x128x1x1 type_src0=22 rows=128 cols=5120 stream=0x62943398f3e0 total_ms=0.1305 host_ms=0.1618 err_el=0 err_q0=0 err_q1=0
GGML_OP_PROFILE op=mul_mat name=ffn_out-24 ne=5120x128x1x1 type_src0=10 rows=128 cols=17408 stream=0x62943398f3e0 total_ms=0.1807 host_ms=0.2106 err_el=0 err_q0=0 err_q1=0
GGML_OP_PROFILE op=mul_mat name=node_1444 ne=10240x128x1x1 type_src0=22 rows=128 cols=5120 stream=0x62943398f3e0 total_ms=0.1076 host_ms=0.1255 err_el=0 err_q0=0 err_q1=0
GGML_OP_PROFILE op=mul_mat name=node_1465 ne=48x128x1x1 type_src0=8 rows=128 cols=5120 stream=0x62943398f3e0 total_ms=0.0666 host_ms=0.0895 err_el=0 err_q0=0 err_q1=0
GGML_OP_PROFILE op=mul_mat name=node_1471 ne=48x128x1x1 type_src0=8 rows=128 cols=5120 stream=0x62943398f3e0 total_ms=0.0601 host_ms=0.0789 err_el=0 err_q0=0 err_q1=0
GGML_OP_PROFILE op=mul_mat name=z-25 ne=6144x128x1x1 type_src0=10 rows=128 cols=5120 stream=0x62943398f3e0 total_ms=0.0778 host_ms=0.1943 err_el=0 err_q0=0 err_q1=0
GGML_OP_PROFILE op=mul_mat name=linear_attn_out-25 ne=5120x128x1x1 type_src0=18 rows=128 cols=6144 stream=0x62943398f3e0 total_ms=0.0580 host_ms=0.0937 err_el=0 err_q0=0 err_q1=0
GGML_OP_PROFILE op=mul_mat name=ffn_gate-25 ne=17408x128x1x1 type_src0=10 rows=128 cols=5120 stream=0x62943398f3e0 total_ms=0.1666 host_ms=0.1927 err_el=0 err_q0=0 err_q1=0
GGML_OP_PROFILE op=mul_mat name=ffn_up-25 ne=17408x128x1x1 type_src0=10 rows=128 cols=5120 stream=0x62943398f3e0 total_ms=0.1790 host_ms=0.2193 err_el=0 err_q0=0 err_q1=0
GGML_OP_PROFILE op=mul_mat name=ffn_out-25 ne=5120x128x1x1 type_src0=10 rows=128 cols=17408 stream=0x62943398f3e0 total_ms=0.1758 host_ms=0.2088 err_el=0 err_q0=0 err_q1=0
GGML_OP_PROFILE op=mul_mat name=node_1507 ne=10240x128x1x1 type_src0=10 rows=128 cols=5120 stream=0x62943398f3e0 total_ms=0.1217 host_ms=0.1418 err_el=0 err_q0=0 err_q1=0
GGML_OP_PROFILE op=mul_mat name=node_1528 ne=48x128x1x1 type_src0=8 rows=128 cols=5120 stream=0x62943398f3e0 total_ms=0.0511 host_ms=0.0753 err_el=0 err_q0=0 err_q1=0
GGML_OP_PROFILE op=mul_mat name=node_1534 ne=48x128x1x1 type_src0=8 rows=128 cols=5120 stream=0x62943398f3e0 total_ms=0.0640 host_ms=0.0815 err_el=0 err_q0=0 err_q1=0
GGML_OP_PROFILE op=mul_mat name=z-26 ne=6144x128x1x1 type_src0=22 rows=128 cols=5120 stream=0x62943398f3e0 total_ms=0.0655 host_ms=0.1836 err_el=0 err_q0=0 err_q1=0
GGML_OP_PROFILE op=mul_mat name=linear_attn_out-26 ne=5120x128x1x1 type_src0=10 rows=128 cols=6144 stream=0x62943398f3e0 total_ms=0.0820 host_ms=0.1104 err_el=0 err_q0=0 err_q1=0
GGML_OP_PROFILE op=mul_mat name=ffn_gate-26 ne=17408x128x1x1 type_src0=10 rows=128 cols=5120 stream=0x62943398f3e0 total_ms=0.1666 host_ms=0.1937 err_el=0 err_q0=0 err_q1=0
GGML_OP_PROFILE op=mul_mat name=ffn_up-26 ne=17408x128x1x1 type_src0=10 rows=128 cols=5120 stream=0x62943398f3e0 total_ms=0.1793 host_ms=0.2212 err_el=0 err_q0=0 err_q1=0
GGML_OP_PROFILE op=mul_mat name=ffn_out-26 ne=5120x128x1x1 type_src0=22 rows=128 cols=17408 stream=0x62943398f3e0 total_ms=0.1323 host_ms=0.1678 err_el=0 err_q0=0 err_q1=0
GGML_OP_PROFILE op=mul_mat name=Qcur_full-27 ne=12288x128x1x1 type_src0=18 rows=128 cols=5120 stream=0x62943398f3e0 total_ms=0.0898 host_ms=0.1128 err_el=0 err_q0=0 err_q1=0
GGML_OP_PROFILE op=mul_mat name=Vcur-27 ne=1024x128x1x1 type_src0=12 rows=128 cols=5120 stream=0x62943398f3e0 total_ms=0.0606 host_ms=0.0815 err_el=0 err_q0=0 err_q1=0
GGML_OP_PROFILE op=mul_mat name=Kcur-27 ne=1024x128x1x1 type_src0=21 rows=128 cols=5120 stream=0x62943398f3e0 total_ms=0.0681 host_ms=0.1042 err_el=0 err_q0=0 err_q1=0
GGML_OP_PROFILE op=mul_mat name=attn_output-27 ne=5120x128x1x1 type_src0=21 rows=128 cols=6144 stream=0x62943398f3e0 total_ms=0.0476 host_ms=0.1005 err_el=0 err_q0=0 err_q1=0
GGML_OP_PROFILE op=mul_mat name=ffn_gate-27 ne=17408x128x1x1 type_src0=22 rows=128 cols=5120 stream=0x62943398f3e0 total_ms=0.1335 host_ms=0.1594 err_el=0 err_q0=0 err_q1=0
GGML_OP_PROFILE op=mul_mat name=ffn_up-27 ne=17408x128x1x1 type_src0=10 rows=128 cols=5120 stream=0x62943398f3e0 total_ms=0.1738 host_ms=0.2097 err_el=0 err_q0=0 err_q1=0
GGML_OP_PROFILE op=mul_mat name=ffn_out-27 ne=5120x128x1x1 type_src0=10 rows=128 cols=17408 stream=0x62943398f3e0 total_ms=0.1779 host_ms=0.2091 err_el=0 err_q0=0 err_q1=0
GGML_OP_PROFILE op=mul_mat name=node_1609 ne=10240x128x1x1 type_src0=10 rows=128 cols=5120 stream=0x62943398f3e0 total_ms=0.1170 host_ms=0.1451 err_el=0 err_q0=0 err_q1=0
GGML_OP_PROFILE op=mul_mat name=node_1630 ne=48x128x1x1 type_src0=8 rows=128 cols=5120 stream=0x62943398f3e0 total_ms=0.1798 host_ms=0.2314 err_el=0 err_q0=0 err_q1=0
GGML_OP_PROFILE op=mul_mat name=node_1636 ne=48x128x1x1 type_src0=8 rows=128 cols=5120 stream=0x62943398f3e0 total_ms=0.1649 host_ms=0.1839 err_el=0 err_q0=0 err_q1=0
GGML_OP_PROFILE op=mul_mat name=z-28 ne=6144x128x1x1 type_src0=10 rows=128 cols=5120 stream=0x62943398f3e0 total_ms=0.0778 host_ms=0.1991 err_el=0 err_q0=0 err_q1=0
GGML_OP_PROFILE op=mul_mat name=linear_attn_out-28 ne=5120x128x1x1 type_src0=10 rows=128 cols=6144 stream=0x62943398f3e0 total_ms=0.0815 host_ms=0.1190 err_el=0 err_q0=0 err_q1=0
GGML_OP_PROFILE op=mul_mat name=ffn_gate-28 ne=17408x128x1x1 type_src0=22 rows=128 cols=5120 stream=0x62943398f3e0 total_ms=0.1959 host_ms=0.2934 err_el=0 err_q0=0 err_q1=0
GGML_OP_PROFILE op=mul_mat name=ffn_up-28 ne=17408x128x1x1 type_src0=22 rows=128 cols=5120 stream=0x62943398f3e0 total_ms=0.1266 host_ms=0.1911 err_el=0 err_q0=0 err_q1=0
GGML_OP_PROFILE op=mul_mat name=ffn_out-28 ne=5120x128x1x1 type_src0=22 rows=128 cols=17408 stream=0x62943398f3e0 total_ms=0.1223 host_ms=0.1944 err_el=0 err_q0=0 err_q1=0
GGML_OP_PROFILE op=mul_mat name=node_1672 ne=10240x128x1x1 type_src0=10 rows=128 cols=5120 stream=0x62943398f3e0 total_ms=0.1186 host_ms=0.1501 err_el=0 err_q0=0 err_q1=0
GGML_OP_PROFILE op=mul_mat name=node_1693 ne=48x128x1x1 type_src0=8 rows=128 cols=5120 stream=0x62943398f3e0 total_ms=0.0514 host_ms=0.1441 err_el=0 err_q0=0 err_q1=0
GGML_OP_PROFILE op=mul_mat name=node_1699 ne=48x128x1x1 type_src0=8 rows=128 cols=5120 stream=0x62943398f3e0 total_ms=0.0761 host_ms=0.0951 err_el=0 err_q0=0 err_q1=0
GGML_OP_PROFILE op=mul_mat name=z-29 ne=6144x128x1x1 type_src0=10 rows=128 cols=5120 stream=0x62943398f3e0 total_ms=0.0778 host_ms=0.2094 err_el=0 err_q0=0 err_q1=0
GGML_OP_PROFILE op=mul_mat name=linear_attn_out-29 ne=5120x128x1x1 type_src0=22 rows=128 cols=6144 stream=0x62943398f3e0 total_ms=0.0663 host_ms=0.0953 err_el=0 err_q0=0 err_q1=0
GGML_OP_PROFILE op=mul_mat name=ffn_gate-29 ne=17408x128x1x1 type_src0=22 rows=128 cols=5120 stream=0x62943398f3e0 total_ms=0.1595 host_ms=0.1858 err_el=0 err_q0=0 err_q1=0
GGML_OP_PROFILE op=mul_mat name=ffn_up-29 ne=17408x128x1x1 type_src0=16 rows=128 cols=5120 stream=0x62943398f3e0 total_ms=0.1443 host_ms=0.1799 err_el=0 err_q0=0 err_q1=0
GGML_OP_PROFILE op=mul_mat name=ffn_out-29 ne=5120x128x1x1 type_src0=22 rows=128 cols=17408 stream=0x62943398f3e0 total_ms=0.1226 host_ms=0.1538 err_el=0 err_q0=0 err_q1=0
GGML_OP_PROFILE op=mul_mat name=node_1735 ne=10240x128x1x1 type_src0=22 rows=128 cols=5120 stream=0x62943398f3e0 total_ms=0.0828 host_ms=0.1286 err_el=0 err_q0=0 err_q1=0
GGML_OP_PROFILE op=mul_mat name=node_1756 ne=48x128x1x1 type_src0=8 rows=128 cols=5120 stream=0x62943398f3e0 total_ms=0.0483 host_ms=0.1226 err_el=0 err_q0=0 err_q1=0
GGML_OP_PROFILE op=mul_mat name=node_1762 ne=48x128x1x1 type_src0=8 rows=128 cols=5120 stream=0x62943398f3e0 total_ms=0.0787 host_ms=0.0981 err_el=0 err_q0=0 err_q1=0
GGML_OP_PROFILE op=mul_mat name=z-30 ne=6144x128x1x1 type_src0=10 rows=128 cols=5120 stream=0x62943398f3e0 total_ms=0.0840 host_ms=0.2188 err_el=0 err_q0=0 err_q1=0
GGML_OP_PROFILE op=mul_mat name=linear_attn_out-30 ne=5120x128x1x1 type_src0=10 rows=128 cols=6144 stream=0x62943398f3e0 total_ms=0.0814 host_ms=0.1113 err_el=0 err_q0=0 err_q1=0
GGML_OP_PROFILE op=mul_mat name=ffn_gate-30 ne=17408x128x1x1 type_src0=29 rows=128 cols=5120 stream=0x62943398f3e0 total_ms=0.2926 host_ms=0.3229 err_el=0 err_q0=0 err_q1=0
GGML_OP_PROFILE op=mul_mat name=ffn_up-30 ne=17408x128x1x1 type_src0=22 rows=128 cols=5120 stream=0x62943398f3e0 total_ms=0.1381 host_ms=0.1799 err_el=0 err_q0=0 err_q1=0
GGML_OP_PROFILE op=mul_mat name=ffn_out-30 ne=5120x128x1x1 type_src0=22 rows=128 cols=17408 stream=0x62943398f3e0 total_ms=0.1236 host_ms=0.1570 err_el=0 err_q0=0 err_q1=0
GGML_OP_PROFILE op=mul_mat name=Qcur_full-31 ne=12288x128x1x1 type_src0=10 rows=128 cols=5120 stream=0x62943398f3e0 total_ms=0.1369 host_ms=0.1649 err_el=0 err_q0=0 err_q1=0
GGML_OP_PROFILE op=mul_mat name=Vcur-31 ne=1024x128x1x1 type_src0=12 rows=128 cols=5120 stream=0x62943398f3e0 total_ms=0.1085 host_ms=0.1347 err_el=0 err_q0=0 err_q1=0
GGML_OP_PROFILE op=mul_mat name=Kcur-31 ne=1024x128x1x1 type_src0=23 rows=128 cols=5120 stream=0x62943398f3e0 total_ms=0.0970 host_ms=0.1351 err_el=0 err_q0=0 err_q1=0
GGML_OP_PROFILE op=mul_mat name=attn_output-31 ne=5120x128x1x1 type_src0=21 rows=128 cols=6144 stream=0x62943398f3e0 total_ms=0.0550 host_ms=0.1212 err_el=0 err_q0=0 err_q1=0
GGML_OP_PROFILE op=mul_mat name=ffn_gate-31 ne=17408x128x1x1 type_src0=16 rows=128 cols=5120 stream=0x62943398f3e0 total_ms=0.1193 host_ms=0.1446 err_el=0 err_q0=0 err_q1=0
GGML_OP_PROFILE op=mul_mat name=ffn_up-31 ne=17408x128x1x1 type_src0=22 rows=128 cols=5120 stream=0x62943398f3e0 total_ms=0.1336 host_ms=0.1714 err_el=0 err_q0=0 err_q1=0
GGML_OP_PROFILE op=mul_mat name=ffn_out-31 ne=5120x128x1x1 type_src0=16 rows=128 cols=17408 stream=0x62943398f3e0 total_ms=0.0932 host_ms=0.1250 err_el=0 err_q0=0 err_q1=0
GGML_OP_PROFILE op=mul_mat name=node_1837 ne=10240x128x1x1 type_src0=18 rows=128 cols=5120 stream=0x62943398f3e0 total_ms=0.1371 host_ms=0.1574 err_el=0 err_q0=0 err_q1=0
GGML_OP_PROFILE op=mul_mat name=node_1858 ne=48x128x1x1 type_src0=8 rows=128 cols=5120 stream=0x62943398f3e0 total_ms=0.0467 host_ms=0.1018 err_el=0 err_q0=0 err_q1=0
GGML_OP_PROFILE op=mul_mat name=node_1864 ne=48x128x1x1 type_src0=8 rows=128 cols=5120 stream=0x62943398f3e0 total_ms=0.1136 host_ms=0.1312 err_el=0 err_q0=0 err_q1=0
GGML_OP_PROFILE op=mul_mat name=z-32 ne=6144x128x1x1 type_src0=10 rows=128 cols=5120 stream=0x62943398f3e0 total_ms=0.0840 host_ms=0.2973 err_el=0 err_q0=0 err_q1=0
GGML_OP_PROFILE op=mul_mat name=linear_attn_out-32 ne=5120x128x1x1 type_src0=18 rows=128 cols=6144 stream=0x62943398f3e0 total_ms=0.2655 host_ms=0.3326 err_el=0 err_q0=0 err_q1=0
GGML_OP_PROFILE op=mul_mat name=ffn_gate-32 ne=17408x128x1x1 type_src0=17 rows=128 cols=5120 stream=0x62943398f3e0 total_ms=0.1740 host_ms=0.2027 err_el=0 err_q0=0 err_q1=0
GGML_OP_PROFILE op=mul_mat name=ffn_up-32 ne=17408x128x1x1 type_src0=10 rows=128 cols=5120 stream=0x62943398f3e0 total_ms=0.1738 host_ms=0.2117 err_el=0 err_q0=0 err_q1=0
GGML_OP_PROFILE op=mul_mat name=ffn_out-32 ne=5120x128x1x1 type_src0=10 rows=128 cols=17408 stream=0x62943398f3e0 total_ms=0.1793 host_ms=0.2117 err_el=0 err_q0=0 err_q1=0
GGML_OP_PROFILE op=mul_mat name=node_1900 ne=10240x128x1x1 type_src0=18 rows=128 cols=5120 stream=0x62943398f3e0 total_ms=0.1267 host_ms=0.1502 err_el=0 err_q0=0 err_q1=0
GGML_OP_PROFILE op=mul_mat name=node_1921 ne=48x128x1x1 type_src0=8 rows=128 cols=5120 stream=0x62943398f3e0 total_ms=0.0503 host_ms=0.1298 err_el=0 err_q0=0 err_q1=0
GGML_OP_PROFILE op=mul_mat name=node_1927 ne=48x128x1x1 type_src0=8 rows=128 cols=5120 stream=0x62943398f3e0 total_ms=0.1190 host_ms=0.1774 err_el=0 err_q0=0 err_q1=0
GGML_OP_PROFILE op=mul_mat name=z-33 ne=6144x128x1x1 type_src0=10 rows=128 cols=5120 stream=0x62943398f3e0 total_ms=0.0778 host_ms=0.1996 err_el=0 err_q0=0 err_q1=0
GGML_OP_PROFILE op=mul_mat name=linear_attn_out-33 ne=5120x128x1x1 type_src0=18 rows=128 cols=6144 stream=0x62943398f3e0 total_ms=0.0561 host_ms=0.0893 err_el=0 err_q0=0 err_q1=0
GGML_OP_PROFILE op=mul_mat name=ffn_gate-33 ne=17408x128x1x1 type_src0=17 rows=128 cols=5120 stream=0x62943398f3e0 total_ms=0.1267 host_ms=0.1573 err_el=0 err_q0=0 err_q1=0
GGML_OP_PROFILE op=mul_mat name=ffn_up-33 ne=17408x128x1x1 type_src0=10 rows=128 cols=5120 stream=0x62943398f3e0 total_ms=0.2177 host_ms=0.2487 err_el=0 err_q0=0 err_q1=0
GGML_OP_PROFILE op=mul_mat name=ffn_out-33 ne=5120x128x1x1 type_src0=17 rows=128 cols=17408 stream=0x62943398f3e0 total_ms=0.1267 host_ms=0.1604 err_el=0 err_q0=0 err_q1=0
GGML_OP_PROFILE op=mul_mat name=node_1963 ne=10240x128x1x1 type_src0=18 rows=128 cols=5120 stream=0x62943398f3e0 total_ms=0.0740 host_ms=0.1211 err_el=0 err_q0=0 err_q1=0
GGML_OP_PROFILE op=mul_mat name=node_1984 ne=48x128x1x1 type_src0=8 rows=128 cols=5120 stream=0x62943398f3e0 total_ms=0.0524 host_ms=0.1192 err_el=0 err_q0=0 err_q1=0
GGML_OP_PROFILE op=mul_mat name=node_1990 ne=48x128x1x1 type_src0=8 rows=128 cols=5120 stream=0x62943398f3e0 total_ms=0.0767 host_ms=0.0970 err_el=0 err_q0=0 err_q1=0
GGML_OP_PROFILE op=mul_mat name=z-34 ne=6144x128x1x1 type_src0=10 rows=128 cols=5120 stream=0x62943398f3e0 total_ms=0.0840 host_ms=0.2082 err_el=0 err_q0=0 err_q1=0
GGML_OP_PROFILE op=mul_mat name=linear_attn_out-34 ne=5120x128x1x1 type_src0=18 rows=128 cols=6144 stream=0x62943398f3e0 total_ms=0.0519 host_ms=0.0794 err_el=0 err_q0=0 err_q1=0
GGML_OP_PROFILE op=mul_mat name=ffn_gate-34 ne=17408x128x1x1 type_src0=10 rows=128 cols=5120 stream=0x62943398f3e0 total_ms=0.1647 host_ms=0.1959 err_el=0 err_q0=0 err_q1=0
GGML_OP_PROFILE op=mul_mat name=ffn_up-34 ne=17408x128x1x1 type_src0=10 rows=128 cols=5120 stream=0x62943398f3e0 total_ms=0.1763 host_ms=0.2112 err_el=0 err_q0=0 err_q1=0
GGML_OP_PROFILE op=mul_mat name=ffn_out-34 ne=5120x128x1x1 type_src0=18 rows=128 cols=17408 stream=0x62943398f3e0 total_ms=0.1072 host_ms=0.1422 err_el=0 err_q0=0 err_q1=0
GGML_OP_PROFILE op=mul_mat name=Qcur_full-35 ne=12288x128x1x1 type_src0=10 rows=128 cols=5120 stream=0x62943398f3e0 total_ms=0.1288 host_ms=0.1583 err_el=0 err_q0=0 err_q1=0
GGML_OP_PROFILE op=mul_mat name=Vcur-35 ne=1024x128x1x1 type_src0=12 rows=128 cols=5120 stream=0x62943398f3e0 total_ms=0.0519 host_ms=0.0815 err_el=0 err_q0=0 err_q1=0
GGML_OP_PROFILE op=mul_mat name=Kcur-35 ne=1024x128x1x1 type_src0=23 rows=128 cols=5120 stream=0x62943398f3e0 total_ms=0.1011 host_ms=0.1365 err_el=0 err_q0=0 err_q1=0
GGML_OP_PROFILE op=mul_mat name=attn_output-35 ne=5120x128x1x1 type_src0=21 rows=128 cols=6144 stream=0x62943398f3e0 total_ms=0.0530 host_ms=0.1197 err_el=0 err_q0=0 err_q1=0
GGML_OP_PROFILE op=mul_mat name=ffn_gate-35 ne=17408x128x1x1 type_src0=17 rows=128 cols=5120 stream=0x62943398f3e0 total_ms=0.1238 host_ms=0.1544 err_el=0 err_q0=0 err_q1=0
GGML_OP_PROFILE op=mul_mat name=ffn_up-35 ne=17408x128x1x1 type_src0=10 rows=128 cols=5120 stream=0x62943398f3e0 total_ms=0.1767 host_ms=0.2158 err_el=0 err_q0=0 err_q1=0
GGML_OP_PROFILE op=mul_mat name=ffn_out-35 ne=5120x128x1x1 type_src0=18 rows=128 cols=17408 stream=0x62943398f3e0 total_ms=0.1080 host_ms=0.1433 err_el=0 err_q0=0 err_q1=0
GGML_OP_PROFILE op=mul_mat name=node_2065 ne=10240x128x1x1 type_src0=10 rows=128 cols=5120 stream=0x62943398f3e0 total_ms=0.1508 host_ms=0.1666 err_el=0 err_q0=0 err_q1=0
GGML_OP_PROFILE op=mul_mat name=node_2086 ne=48x128x1x1 type_src0=8 rows=128 cols=5120 stream=0x62943398f3e0 total_ms=0.0544 host_ms=0.1478 err_el=0 err_q0=0 err_q1=0
GGML_OP_PROFILE op=mul_mat name=node_2092 ne=48x128x1x1 type_src0=8 rows=128 cols=5120 stream=0x62943398f3e0 total_ms=0.0944 host_ms=0.1145 err_el=0 err_q0=0 err_q1=0
GGML_OP_PROFILE op=mul_mat name=z-36 ne=6144x128x1x1 type_src0=10 rows=128 cols=5120 stream=0x62943398f3e0 total_ms=0.0758 host_ms=0.1974 err_el=0 err_q0=0 err_q1=0
GGML_OP_PROFILE op=mul_mat name=linear_attn_out-36 ne=5120x128x1x1 type_src0=18 rows=128 cols=6144 stream=0x62943398f3e0 total_ms=0.0581 host_ms=0.0861 err_el=0 err_q0=0 err_q1=0
GGML_OP_PROFILE op=mul_mat name=ffn_gate-36 ne=17408x128x1x1 type_src0=10 rows=128 cols=5120 stream=0x62943398f3e0 total_ms=0.1639 host_ms=0.3873 err_el=0 err_q0=0 err_q1=0
GGML_OP_PROFILE op=mul_mat name=ffn_up-36 ne=17408x128x1x1 type_src0=10 rows=128 cols=5120 stream=0x62943398f3e0 total_ms=0.2348 host_ms=0.3066 err_el=0 err_q0=0 err_q1=0
GGML_OP_PROFILE op=mul_mat name=ffn_out-36 ne=5120x128x1x1 type_src0=18 rows=128 cols=17408 stream=0x62943398f3e0 total_ms=0.1062 host_ms=0.1658 err_el=0 err_q0=0 err_q1=0
GGML_OP_PROFILE op=mul_mat name=node_2128 ne=10240x128x1x1 type_src0=10 rows=128 cols=5120 stream=0x62943398f3e0 total_ms=0.1784 host_ms=0.2703 err_el=0 err_q0=0 err_q1=0
GGML_OP_PROFILE op=mul_mat name=node_2149 ne=48x128x1x1 type_src0=8 rows=128 cols=5120 stream=0x62943398f3e0 total_ms=0.1860 host_ms=0.2397 err_el=0 err_q0=0 err_q1=0
GGML_OP_PROFILE op=mul_mat name=node_2155 ne=48x128x1x1 type_src0=8 rows=128 cols=5120 stream=0x62943398f3e0 total_ms=0.1543 host_ms=0.1729 err_el=0 err_q0=0 err_q1=0
GGML_OP_PROFILE op=mul_mat name=z-37 ne=6144x128x1x1 type_src0=10 rows=128 cols=5120 stream=0x62943398f3e0 total_ms=0.0786 host_ms=0.1619 err_el=0 err_q0=0 err_q1=0
GGML_OP_PROFILE op=mul_mat name=linear_attn_out-37 ne=5120x128x1x1 type_src0=18 rows=128 cols=6144 stream=0x62943398f3e0 total_ms=0.1692 host_ms=0.2185 err_el=0 err_q0=0 err_q1=0
GGML_OP_PROFILE op=mul_mat name=ffn_gate-37 ne=17408x128x1x1 type_src0=10 rows=128 cols=5120 stream=0x62943398f3e0 total_ms=0.2374 host_ms=0.2918 err_el=0 err_q0=0 err_q1=0
GGML_OP_PROFILE op=mul_mat name=ffn_up-37 ne=17408x128x1x1 type_src0=10 rows=128 cols=5120 stream=0x62943398f3e0 total_ms=0.2515 host_ms=0.3117 err_el=0 err_q0=0 err_q1=0
GGML_OP_PROFILE op=mul_mat name=ffn_out-37 ne=5120x128x1x1 type_src0=18 rows=128 cols=17408 stream=0x62943398f3e0 total_ms=0.1492 host_ms=0.1799 err_el=0 err_q0=0 err_q1=0
GGML_OP_PROFILE op=mul_mat name=node_2191 ne=10240x128x1x1 type_src0=17 rows=128 cols=5120 stream=0x62943398f3e0 total_ms=0.0966 host_ms=0.2091 err_el=0 err_q0=0 err_q1=0
GGML_OP_PROFILE op=mul_mat name=node_2212 ne=48x128x1x1 type_src0=8 rows=128 cols=5120 stream=0x62943398f3e0 total_ms=0.0462 host_ms=0.1118 err_el=0 err_q0=0 err_q1=0
GGML_OP_PROFILE op=mul_mat name=node_2218 ne=48x128x1x1 type_src0=8 rows=128 cols=5120 stream=0x62943398f3e0 total_ms=0.2550 host_ms=0.3174 err_el=0 err_q0=0 err_q1=0
GGML_OP_PROFILE op=mul_mat name=z-38 ne=6144x128x1x1 type_src0=10 rows=128 cols=5120 stream=0x62943398f3e0 total_ms=0.0837 host_ms=0.1971 err_el=0 err_q0=0 err_q1=0
GGML_OP_PROFILE op=mul_mat name=linear_attn_out-38 ne=5120x128x1x1 type_src0=10 rows=128 cols=6144 stream=0x62943398f3e0 total_ms=0.1257 host_ms=0.1518 err_el=0 err_q0=0 err_q1=0
GGML_OP_PROFILE op=mul_mat name=ffn_gate-38 ne=17408x128x1x1 type_src0=10 rows=128 cols=5120 stream=0x62943398f3e0 total_ms=0.2033 host_ms=0.2276 err_el=0 err_q0=0 err_q1=0
GGML_OP_PROFILE op=mul_mat name=ffn_up-38 ne=17408x128x1x1 type_src0=18 rows=128 cols=5120 stream=0x62943398f3e0 total_ms=0.1102 host_ms=0.1526 err_el=0 err_q0=0 err_q1=0
GGML_OP_PROFILE op=mul_mat name=ffn_out-38 ne=5120x128x1x1 type_src0=18 rows=128 cols=17408 stream=0x62943398f3e0 total_ms=0.1431 host_ms=0.1743 err_el=0 err_q0=0 err_q1=0
GGML_OP_PROFILE op=mul_mat name=Qcur_full-39 ne=12288x128x1x1 type_src0=10 rows=128 cols=5120 stream=0x62943398f3e0 total_ms=0.1400 host_ms=0.1656 err_el=0 err_q0=0 err_q1=0
GGML_OP_PROFILE op=mul_mat name=Vcur-39 ne=1024x128x1x1 type_src0=23 rows=128 cols=5120 stream=0x62943398f3e0 total_ms=0.0970 host_ms=0.1244 err_el=0 err_q0=0 err_q1=0
GGML_OP_PROFILE op=mul_mat name=Kcur-39 ne=1024x128x1x1 type_src0=18 rows=128 cols=5120 stream=0x62943398f3e0 total_ms=0.0508 host_ms=0.0890 err_el=0 err_q0=0 err_q1=0
GGML_OP_PROFILE op=mul_mat name=attn_output-39 ne=5120x128x1x1 type_src0=21 rows=128 cols=6144 stream=0x62943398f3e0 total_ms=0.0847 host_ms=0.1228 err_el=0 err_q0=0 err_q1=0
GGML_OP_PROFILE op=mul_mat name=ffn_gate-39 ne=17408x128x1x1 type_src0=10 rows=128 cols=5120 stream=0x62943398f3e0 total_ms=0.1666 host_ms=0.1992 err_el=0 err_q0=0 err_q1=0
GGML_OP_PROFILE op=mul_mat name=ffn_up-39 ne=17408x128x1x1 type_src0=18 rows=128 cols=5120 stream=0x62943398f3e0 total_ms=0.1010 host_ms=0.1364 err_el=0 err_q0=0 err_q1=0
GGML_OP_PROFILE op=mul_mat name=ffn_out-39 ne=5120x128x1x1 type_src0=18 rows=128 cols=17408 stream=0x62943398f3e0 total_ms=0.0963 host_ms=0.1278 err_el=0 err_q0=0 err_q1=0
GGML_OP_PROFILE op=mul_mat name=node_2293 ne=10240x128x1x1 type_src0=10 rows=128 cols=5120 stream=0x62943398f3e0 total_ms=0.1212 host_ms=0.1459 err_el=0 err_q0=0 err_q1=0
GGML_OP_PROFILE op=mul_mat name=node_2314 ne=48x128x1x1 type_src0=8 rows=128 cols=5120 stream=0x62943398f3e0 total_ms=0.0468 host_ms=0.1095 err_el=0 err_q0=0 err_q1=0
GGML_OP_PROFILE op=mul_mat name=node_2320 ne=48x128x1x1 type_src0=8 rows=128 cols=5120 stream=0x62943398f3e0 total_ms=0.0736 host_ms=0.0960 err_el=0 err_q0=0 err_q1=0
GGML_OP_PROFILE op=mul_mat name=z-40 ne=6144x128x1x1 type_src0=10 rows=128 cols=5120 stream=0x62943398f3e0 total_ms=0.0778 host_ms=0.3355 err_el=0 err_q0=0 err_q1=0
GGML_OP_PROFILE op=mul_mat name=linear_attn_out-40 ne=5120x128x1x1 type_src0=18 rows=128 cols=6144 stream=0x62943398f3e0 total_ms=0.0578 host_ms=0.0841 err_el=0 err_q0=0 err_q1=0
GGML_OP_PROFILE op=mul_mat name=ffn_gate-40 ne=17408x128x1x1 type_src0=10 rows=128 cols=5120 stream=0x62943398f3e0 total_ms=0.1679 host_ms=0.1922 err_el=0 err_q0=0 err_q1=0
GGML_OP_PROFILE op=mul_mat name=ffn_up-40 ne=17408x128x1x1 type_src0=18 rows=128 cols=5120 stream=0x62943398f3e0 total_ms=0.1037 host_ms=0.1396 err_el=0 err_q0=0 err_q1=0
GGML_OP_PROFILE op=mul_mat name=ffn_out-40 ne=5120x128x1x1 type_src0=18 rows=128 cols=17408 stream=0x62943398f3e0 total_ms=0.1031 host_ms=0.1358 err_el=0 err_q0=0 err_q1=0
GGML_OP_PROFILE op=mul_mat name=node_2356 ne=10240x128x1x1 type_src0=10 rows=128 cols=5120 stream=0x62943398f3e0 total_ms=0.1402 host_ms=0.1661 err_el=0 err_q0=0 err_q1=0
GGML_OP_PROFILE op=mul_mat name=node_2377 ne=48x128x1x1 type_src0=8 rows=128 cols=5120 stream=0x62943398f3e0 total_ms=0.1770 host_ms=0.2048 err_el=0 err_q0=0 err_q1=0
GGML_OP_PROFILE op=mul_mat name=node_2383 ne=48x128x1x1 type_src0=8 rows=128 cols=5120 stream=0x62943398f3e0 total_ms=0.0604 host_ms=0.0820 err_el=0 err_q0=0 err_q1=0
GGML_OP_PROFILE op=mul_mat name=z-41 ne=6144x128x1x1 type_src0=10 rows=128 cols=5120 stream=0x62943398f3e0 total_ms=0.0758 host_ms=0.1966 err_el=0 err_q0=0 err_q1=0
GGML_OP_PROFILE op=mul_mat name=linear_attn_out-41 ne=5120x128x1x1 type_src0=18 rows=128 cols=6144 stream=0x62943398f3e0 total_ms=0.0601 host_ms=0.0921 err_el=0 err_q0=0 err_q1=0
GGML_OP_PROFILE op=mul_mat name=ffn_gate-41 ne=17408x128x1x1 type_src0=18 rows=128 cols=5120 stream=0x62943398f3e0 total_ms=0.2418 host_ms=0.3559 err_el=0 err_q0=0 err_q1=0
GGML_OP_PROFILE op=mul_mat name=ffn_up-41 ne=17408x128x1x1 type_src0=18 rows=128 cols=5120 stream=0x62943398f3e0 total_ms=0.1078 host_ms=0.1506 err_el=0 err_q0=0 err_q1=0
GGML_OP_PROFILE op=mul_mat name=ffn_out-41 ne=5120x128x1x1 type_src0=18 rows=128 cols=17408 stream=0x62943398f3e0 total_ms=0.1718 host_ms=0.2283 err_el=0 err_q0=0 err_q1=0
GGML_OP_PROFILE op=mul_mat name=node_2419 ne=10240x128x1x1 type_src0=10 rows=128 cols=5120 stream=0x62943398f3e0 total_ms=0.2711 host_ms=0.3798 err_el=0 err_q0=0 err_q1=0
GGML_OP_PROFILE op=mul_mat name=node_2440 ne=48x128x1x1 type_src0=8 rows=128 cols=5120 stream=0x62943398f3e0 total_ms=0.0476 host_ms=0.1111 err_el=0 err_q0=0 err_q1=0
GGML_OP_PROFILE op=mul_mat name=node_2446 ne=48x128x1x1 type_src0=8 rows=128 cols=5120 stream=0x62943398f3e0 total_ms=0.0591 host_ms=0.0816 err_el=0 err_q0=0 err_q1=0
GGML_OP_PROFILE op=mul_mat name=z-42 ne=6144x128x1x1 type_src0=10 rows=128 cols=5120 stream=0x62943398f3e0 total_ms=0.0957 host_ms=0.1718 err_el=0 err_q0=0 err_q1=0
GGML_OP_PROFILE op=mul_mat name=linear_attn_out-42 ne=5120x128x1x1 type_src0=18 rows=128 cols=6144 stream=0x62943398f3e0 total_ms=0.0619 host_ms=0.0880 err_el=0 err_q0=0 err_q1=0
GGML_OP_PROFILE op=mul_mat name=ffn_gate-42 ne=17408x128x1x1 type_src0=10 rows=128 cols=5120 stream=0x62943398f3e0 total_ms=0.2260 host_ms=0.2521 err_el=0 err_q0=0 err_q1=0
GGML_OP_PROFILE op=mul_mat name=ffn_up-42 ne=17408x128x1x1 type_src0=18 rows=128 cols=5120 stream=0x62943398f3e0 total_ms=0.1560 host_ms=0.2087 err_el=0 err_q0=0 err_q1=0
GGML_OP_PROFILE op=mul_mat name=ffn_out-42 ne=5120x128x1x1 type_src0=10 rows=128 cols=17408 stream=0x62943398f3e0 total_ms=0.1776 host_ms=0.2130 err_el=0 err_q0=0 err_q1=0
GGML_OP_PROFILE op=mul_mat name=Qcur_full-43 ne=12288x128x1x1 type_src0=18 rows=128 cols=5120 stream=0x62943398f3e0 total_ms=0.0796 host_ms=0.1182 err_el=0 err_q0=0 err_q1=0
GGML_OP_PROFILE op=mul_mat name=Vcur-43 ne=1024x128x1x1 type_src0=23 rows=128 cols=5120 stream=0x62943398f3e0 total_ms=0.1033 host_ms=0.1330 err_el=0 err_q0=0 err_q1=0
GGML_OP_PROFILE op=mul_mat name=Kcur-43 ne=1024x128x1x1 type_src0=23 rows=128 cols=5120 stream=0x62943398f3e0 total_ms=0.0948 host_ms=0.1301 err_el=0 err_q0=0 err_q1=0
GGML_OP_PROFILE op=mul_mat name=attn_output-43 ne=5120x128x1x1 type_src0=23 rows=128 cols=6144 stream=0x62943398f3e0 total_ms=0.0471 host_ms=0.1386 err_el=0 err_q0=0 err_q1=0
GGML_OP_PROFILE op=mul_mat name=ffn_gate-43 ne=17408x128x1x1 type_src0=10 rows=128 cols=5120 stream=0x62943398f3e0 total_ms=0.1736 host_ms=0.2000 err_el=0 err_q0=0 err_q1=0
GGML_OP_PROFILE op=mul_mat name=ffn_up-43 ne=17408x128x1x1 type_src0=18 rows=128 cols=5120 stream=0x62943398f3e0 total_ms=0.1062 host_ms=0.1539 err_el=0 err_q0=0 err_q1=0
GGML_OP_PROFILE op=mul_mat name=ffn_out-43 ne=5120x128x1x1 type_src0=10 rows=128 cols=17408 stream=0x62943398f3e0 total_ms=0.1777 host_ms=0.2279 err_el=0 err_q0=0 err_q1=0
GGML_OP_PROFILE op=mul_mat name=node_2521 ne=10240x128x1x1 type_src0=10 rows=128 cols=5120 stream=0x62943398f3e0 total_ms=0.1104 host_ms=0.1540 err_el=0 err_q0=0 err_q1=0
GGML_OP_PROFILE op=mul_mat name=node_2542 ne=48x128x1x1 type_src0=8 rows=128 cols=5120 stream=0x62943398f3e0 total_ms=0.0471 host_ms=0.1599 err_el=0 err_q0=0 err_q1=0
GGML_OP_PROFILE op=mul_mat name=node_2548 ne=48x128x1x1 type_src0=8 rows=128 cols=5120 stream=0x62943398f3e0 total_ms=0.0431 host_ms=0.0667 err_el=0 err_q0=0 err_q1=0
GGML_OP_PROFILE op=mul_mat name=z-44 ne=6144x128x1x1 type_src0=10 rows=128 cols=5120 stream=0x62943398f3e0 total_ms=0.0758 host_ms=0.1936 err_el=0 err_q0=0 err_q1=0
GGML_OP_PROFILE op=mul_mat name=linear_attn_out-44 ne=5120x128x1x1 type_src0=18 rows=128 cols=6144 stream=0x62943398f3e0 total_ms=0.0694 host_ms=0.0989 err_el=0 err_q0=0 err_q1=0
GGML_OP_PROFILE op=mul_mat name=ffn_gate-44 ne=17408x128x1x1 type_src0=10 rows=128 cols=5120 stream=0x62943398f3e0 total_ms=0.1686 host_ms=0.1954 err_el=0 err_q0=0 err_q1=0
GGML_OP_PROFILE op=mul_mat name=ffn_up-44 ne=17408x128x1x1 type_src0=10 rows=128 cols=5120 stream=0x62943398f3e0 total_ms=0.1752 host_ms=0.2114 err_el=0 err_q0=0 err_q1=0
GGML_OP_PROFILE op=mul_mat name=ffn_out-44 ne=5120x128x1x1 type_src0=10 rows=128 cols=17408 stream=0x62943398f3e0 total_ms=0.2209 host_ms=0.2524 err_el=0 err_q0=0 err_q1=0
GGML_OP_PROFILE op=mul_mat name=node_2584 ne=10240x128x1x1 type_src0=18 rows=128 cols=5120 stream=0x62943398f3e0 total_ms=0.1018 host_ms=0.1272 err_el=0 err_q0=0 err_q1=0
GGML_OP_PROFILE op=mul_mat name=node_2605 ne=48x128x1x1 type_src0=8 rows=128 cols=5120 stream=0x62943398f3e0 total_ms=0.1013 host_ms=0.1300 err_el=0 err_q0=0 err_q1=0
GGML_OP_PROFILE op=mul_mat name=node_2611 ne=48x128x1x1 type_src0=8 rows=128 cols=5120 stream=0x62943398f3e0 total_ms=0.0939 host_ms=0.1201 err_el=0 err_q0=0 err_q1=0
GGML_OP_PROFILE op=mul_mat name=z-45 ne=6144x128x1x1 type_src0=17 rows=128 cols=5120 stream=0x62943398f3e0 total_ms=0.0655 host_ms=0.1807 err_el=0 err_q0=0 err_q1=0
GGML_OP_PROFILE op=mul_mat name=linear_attn_out-45 ne=5120x128x1x1 type_src0=10 rows=128 cols=6144 stream=0x62943398f3e0 total_ms=0.0837 host_ms=0.1103 err_el=0 err_q0=0 err_q1=0
GGML_OP_PROFILE op=mul_mat name=ffn_gate-45 ne=17408x128x1x1 type_src0=10 rows=128 cols=5120 stream=0x62943398f3e0 total_ms=0.1666 host_ms=0.1918 err_el=0 err_q0=0 err_q1=0
GGML_OP_PROFILE op=mul_mat name=ffn_up-45 ne=17408x128x1x1 type_src0=10 rows=128 cols=5120 stream=0x62943398f3e0 total_ms=0.1953 host_ms=0.2300 err_el=0 err_q0=0 err_q1=0
GGML_OP_PROFILE op=mul_mat name=ffn_out-45 ne=5120x128x1x1 type_src0=10 rows=128 cols=17408 stream=0x62943398f3e0 total_ms=0.1778 host_ms=0.2141 err_el=0 err_q0=0 err_q1=0
GGML_OP_PROFILE op=mul_mat name=node_2647 ne=10240x128x1x1 type_src0=18 rows=128 cols=5120 stream=0x62943398f3e0 total_ms=0.1258 host_ms=0.1517 err_el=0 err_q0=0 err_q1=0
GGML_OP_PROFILE op=mul_mat name=node_2668 ne=48x128x1x1 type_src0=8 rows=128 cols=5120 stream=0x62943398f3e0 total_ms=0.1275 host_ms=0.1547 err_el=0 err_q0=0 err_q1=0
GGML_OP_PROFILE op=mul_mat name=node_2674 ne=48x128x1x1 type_src0=8 rows=128 cols=5120 stream=0x62943398f3e0 total_ms=0.0905 host_ms=0.1140 err_el=0 err_q0=0 err_q1=0
GGML_OP_PROFILE op=mul_mat name=z-46 ne=6144x128x1x1 type_src0=10 rows=128 cols=5120 stream=0x62943398f3e0 total_ms=0.0778 host_ms=0.2023 err_el=0 err_q0=0 err_q1=0
GGML_OP_PROFILE op=mul_mat name=linear_attn_out-46 ne=5120x128x1x1 type_src0=18 rows=128 cols=6144 stream=0x62943398f3e0 total_ms=0.0527 host_ms=0.0794 err_el=0 err_q0=0 err_q1=0
GGML_OP_PROFILE op=mul_mat name=ffn_gate-46 ne=17408x128x1x1 type_src0=17 rows=128 cols=5120 stream=0x62943398f3e0 total_ms=0.1502 host_ms=0.1762 err_el=0 err_q0=0 err_q1=0
GGML_OP_PROFILE op=mul_mat name=ffn_up-46 ne=17408x128x1x1 type_src0=10 rows=128 cols=5120 stream=0x62943398f3e0 total_ms=0.1721 host_ms=0.2102 err_el=0 err_q0=0 err_q1=0
GGML_OP_PROFILE op=mul_mat name=ffn_out-46 ne=5120x128x1x1 type_src0=10 rows=128 cols=17408 stream=0x62943398f3e0 total_ms=0.1792 host_ms=0.2110 err_el=0 err_q0=0 err_q1=0
GGML_OP_PROFILE op=mul_mat name=Qcur_full-47 ne=12288x128x1x1 type_src0=10 rows=128 cols=5120 stream=0x62943398f3e0 total_ms=0.1269 host_ms=0.1552 err_el=0 err_q0=0 err_q1=0
GGML_OP_PROFILE op=mul_mat name=Vcur-47 ne=1024x128x1x1 type_src0=23 rows=128 cols=5120 stream=0x62943398f3e0 total_ms=0.0841 host_ms=0.1159 err_el=0 err_q0=0 err_q1=0
GGML_OP_PROFILE op=mul_mat name=Kcur-47 ne=1024x128x1x1 type_src0=23 rows=128 cols=5120 stream=0x62943398f3e0 total_ms=0.0932 host_ms=0.1335 err_el=0 err_q0=0 err_q1=0
GGML_OP_PROFILE op=mul_mat name=attn_output-47 ne=5120x128x1x1 type_src0=18 rows=128 cols=6144 stream=0x62943398f3e0 total_ms=0.0526 host_ms=0.1077 err_el=0 err_q0=0 err_q1=0
GGML_OP_PROFILE op=mul_mat name=ffn_gate-47 ne=17408x128x1x1 type_src0=10 rows=128 cols=5120 stream=0x62943398f3e0 total_ms=0.1685 host_ms=0.1983 err_el=0 err_q0=0 err_q1=0
GGML_OP_PROFILE op=mul_mat name=ffn_up-47 ne=17408x128x1x1 type_src0=10 rows=128 cols=5120 stream=0x62943398f3e0 total_ms=0.1702 host_ms=0.2060 err_el=0 err_q0=0 err_q1=0
GGML_OP_PROFILE op=mul_mat name=ffn_out-47 ne=5120x128x1x1 type_src0=10 rows=128 cols=17408 stream=0x62943398f3e0 total_ms=0.1779 host_ms=0.2103 err_el=0 err_q0=0 err_q1=0
GGML_OP_PROFILE op=mul_mat name=node_2749 ne=10240x128x1x1 type_src0=18 rows=128 cols=5120 stream=0x62943398f3e0 total_ms=0.1217 host_ms=0.1429 err_el=0 err_q0=0 err_q1=0
GGML_OP_PROFILE op=mul_mat name=node_2770 ne=48x128x1x1 type_src0=8 rows=128 cols=5120 stream=0x62943398f3e0 total_ms=0.0501 host_ms=0.1318 err_el=0 err_q0=0 err_q1=0
GGML_OP_PROFILE op=mul_mat name=node_2776 ne=48x128x1x1 type_src0=8 rows=128 cols=5120 stream=0x62943398f3e0 total_ms=0.0785 host_ms=0.0991 err_el=0 err_q0=0 err_q1=0
GGML_OP_PROFILE op=mul_mat name=z-48 ne=6144x128x1x1 type_src0=17 rows=128 cols=5120 stream=0x62943398f3e0 total_ms=0.0655 host_ms=0.1724 err_el=0 err_q0=0 err_q1=0
GGML_OP_PROFILE op=mul_mat name=linear_attn_out-48 ne=5120x128x1x1 type_src0=18 rows=128 cols=6144 stream=0x62943398f3e0 total_ms=0.0960 host_ms=0.1234 err_el=0 err_q0=0 err_q1=0
GGML_OP_PROFILE op=mul_mat name=ffn_gate-48 ne=17408x128x1x1 type_src0=10 rows=128 cols=5120 stream=0x62943398f3e0 total_ms=0.1922 host_ms=0.2114 err_el=0 err_q0=0 err_q1=0
GGML_OP_PROFILE op=mul_mat name=ffn_up-48 ne=17408x128x1x1 type_src0=10 rows=128 cols=5120 stream=0x62943398f3e0 total_ms=0.1766 host_ms=0.2192 err_el=0 err_q0=0 err_q1=0
GGML_OP_PROFILE op=mul_mat name=ffn_out-48 ne=5120x128x1x1 type_src0=10 rows=128 cols=17408 stream=0x62943398f3e0 total_ms=0.1780 host_ms=0.2116 err_el=0 err_q0=0 err_q1=0
GGML_OP_PROFILE op=mul_mat name=node_2812 ne=10240x128x1x1 type_src0=18 rows=128 cols=5120 stream=0x62943398f3e0 total_ms=0.0696 host_ms=0.2107 err_el=0 err_q0=0 err_q1=0
GGML_OP_PROFILE op=mul_mat name=node_2833 ne=48x128x1x1 type_src0=8 rows=128 cols=5120 stream=0x62943398f3e0 total_ms=0.2100 host_ms=0.2653 err_el=0 err_q0=0 err_q1=0
GGML_OP_PROFILE op=mul_mat name=node_2839 ne=48x128x1x1 type_src0=8 rows=128 cols=5120 stream=0x62943398f3e0 total_ms=0.1197 host_ms=0.1449 err_el=0 err_q0=0 err_q1=0
GGML_OP_PROFILE op=mul_mat name=z-49 ne=6144x128x1x1 type_src0=22 rows=128 cols=5120 stream=0x62943398f3e0 total_ms=0.0655 host_ms=0.1919 err_el=0 err_q0=0 err_q1=0
GGML_OP_PROFILE op=mul_mat name=linear_attn_out-49 ne=5120x128x1x1 type_src0=18 rows=128 cols=6144 stream=0x62943398f3e0 total_ms=0.0726 host_ms=0.1075 err_el=0 err_q0=0 err_q1=0
GGML_OP_PROFILE op=mul_mat name=ffn_gate-49 ne=17408x128x1x1 type_src0=10 rows=128 cols=5120 stream=0x62943398f3e0 total_ms=0.1768 host_ms=0.2018 err_el=0 err_q0=0 err_q1=0
GGML_OP_PROFILE op=mul_mat name=ffn_up-49 ne=17408x128x1x1 type_src0=18 rows=128 cols=5120 stream=0x62943398f3e0 total_ms=0.1488 host_ms=0.1893 err_el=0 err_q0=0 err_q1=0
GGML_OP_PROFILE op=mul_mat name=ffn_out-49 ne=5120x128x1x1 type_src0=18 rows=128 cols=17408 stream=0x62943398f3e0 total_ms=0.1554 host_ms=0.1895 err_el=0 err_q0=0 err_q1=0
GGML_OP_PROFILE op=mul_mat name=node_2875 ne=10240x128x1x1 type_src0=10 rows=128 cols=5120 stream=0x62943398f3e0 total_ms=0.1777 host_ms=0.2019 err_el=0 err_q0=0 err_q1=0
GGML_OP_PROFILE op=mul_mat name=node_2896 ne=48x128x1x1 type_src0=8 rows=128 cols=5120 stream=0x62943398f3e0 total_ms=0.0493 host_ms=0.1011 err_el=0 err_q0=0 err_q1=0
GGML_OP_PROFILE op=mul_mat name=node_2902 ne=48x128x1x1 type_src0=8 rows=128 cols=5120 stream=0x62943398f3e0 total_ms=0.0855 host_ms=0.0988 err_el=0 err_q0=0 err_q1=0
GGML_OP_PROFILE op=mul_mat name=z-50 ne=6144x128x1x1 type_src0=10 rows=128 cols=5120 stream=0x62943398f3e0 total_ms=0.0752 host_ms=0.2035 err_el=0 err_q0=0 err_q1=0
GGML_OP_PROFILE op=mul_mat name=linear_attn_out-50 ne=5120x128x1x1 type_src0=21 rows=128 cols=6144 stream=0x62943398f3e0 total_ms=0.0918 host_ms=0.1240 err_el=0 err_q0=0 err_q1=0
GGML_OP_PROFILE op=mul_mat name=ffn_gate-50 ne=17408x128x1x1 type_src0=10 rows=128 cols=5120 stream=0x62943398f3e0 total_ms=0.1860 host_ms=0.2113 err_el=0 err_q0=0 err_q1=0
GGML_OP_PROFILE op=mul_mat name=ffn_up-50 ne=17408x128x1x1 type_src0=10 rows=128 cols=5120 stream=0x62943398f3e0 total_ms=0.1724 host_ms=0.2152 err_el=0 err_q0=0 err_q1=0
GGML_OP_PROFILE op=mul_mat name=ffn_out-50 ne=5120x128x1x1 type_src0=18 rows=128 cols=17408 stream=0x62943398f3e0 total_ms=0.1062 host_ms=0.1376 err_el=0 err_q0=0 err_q1=0
GGML_OP_PROFILE op=mul_mat name=Qcur_full-51 ne=12288x128x1x1 type_src0=18 rows=128 cols=5120 stream=0x62943398f3e0 total_ms=0.1164 host_ms=0.1438 err_el=0 err_q0=0 err_q1=0
GGML_OP_PROFILE op=mul_mat name=Vcur-51 ne=1024x128x1x1 type_src0=12 rows=128 cols=5120 stream=0x62943398f3e0 total_ms=0.1003 host_ms=0.1350 err_el=0 err_q0=0 err_q1=0
GGML_OP_PROFILE op=mul_mat name=Kcur-51 ne=1024x128x1x1 type_src0=23 rows=128 cols=5120 stream=0x62943398f3e0 total_ms=0.1091 host_ms=0.1483 err_el=0 err_q0=0 err_q1=0
GGML_OP_PROFILE op=mul_mat name=attn_output-51 ne=5120x128x1x1 type_src0=21 rows=128 cols=6144 stream=0x62943398f3e0 total_ms=0.0809 host_ms=0.1542 err_el=0 err_q0=0 err_q1=0
GGML_OP_PROFILE op=mul_mat name=ffn_gate-51 ne=17408x128x1x1 type_src0=10 rows=128 cols=5120 stream=0x62943398f3e0 total_ms=0.2188 host_ms=0.2439 err_el=0 err_q0=0 err_q1=0
GGML_OP_PROFILE op=mul_mat name=ffn_up-51 ne=17408x128x1x1 type_src0=18 rows=128 cols=5120 stream=0x62943398f3e0 total_ms=0.1047 host_ms=0.1400 err_el=0 err_q0=0 err_q1=0
GGML_OP_PROFILE op=mul_mat name=ffn_out-51 ne=5120x128x1x1 type_src0=18 rows=128 cols=17408 stream=0x62943398f3e0 total_ms=0.1001 host_ms=0.1314 err_el=0 err_q0=0 err_q1=0
GGML_OP_PROFILE op=mul_mat name=node_2977 ne=10240x128x1x1 type_src0=10 rows=128 cols=5120 stream=0x62943398f3e0 total_ms=0.1493 host_ms=0.1688 err_el=0 err_q0=0 err_q1=0
GGML_OP_PROFILE op=mul_mat name=node_2998 ne=48x128x1x1 type_src0=8 rows=128 cols=5120 stream=0x62943398f3e0 total_ms=0.0492 host_ms=0.1152 err_el=0 err_q0=0 err_q1=0
GGML_OP_PROFILE op=mul_mat name=node_3004 ne=48x128x1x1 type_src0=8 rows=128 cols=5120 stream=0x62943398f3e0 total_ms=0.0876 host_ms=0.1101 err_el=0 err_q0=0 err_q1=0
GGML_OP_PROFILE op=mul_mat name=z-52 ne=6144x128x1x1 type_src0=10 rows=128 cols=5120 stream=0x62943398f3e0 total_ms=0.0758 host_ms=0.1980 err_el=0 err_q0=0 err_q1=0
GGML_OP_PROFILE op=mul_mat name=linear_attn_out-52 ne=5120x128x1x1 type_src0=21 rows=128 cols=6144 stream=0x62943398f3e0 total_ms=0.0999 host_ms=0.1259 err_el=0 err_q0=0 err_q1=0
GGML_OP_PROFILE op=mul_mat name=ffn_gate-52 ne=17408x128x1x1 type_src0=10 rows=128 cols=5120 stream=0x62943398f3e0 total_ms=0.1673 host_ms=0.1935 err_el=0 err_q0=0 err_q1=0
GGML_OP_PROFILE op=mul_mat name=ffn_up-52 ne=17408x128x1x1 type_src0=18 rows=128 cols=5120 stream=0x62943398f3e0 total_ms=0.1052 host_ms=0.1407 err_el=0 err_q0=0 err_q1=0
GGML_OP_PROFILE op=mul_mat name=ffn_out-52 ne=5120x128x1x1 type_src0=18 rows=128 cols=17408 stream=0x62943398f3e0 total_ms=0.1471 host_ms=0.1786 err_el=0 err_q0=0 err_q1=0
GGML_OP_PROFILE op=mul_mat name=node_3040 ne=10240x128x1x1 type_src0=10 rows=128 cols=5120 stream=0x62943398f3e0 total_ms=0.1750 host_ms=0.1946 err_el=0 err_q0=0 err_q1=0
GGML_OP_PROFILE op=mul_mat name=node_3061 ne=48x128x1x1 type_src0=8 rows=128 cols=5120 stream=0x62943398f3e0 total_ms=0.0471 host_ms=0.2258 err_el=0 err_q0=0 err_q1=0
GGML_OP_PROFILE op=mul_mat name=node_3067 ne=48x128x1x1 type_src0=8 rows=128 cols=5120 stream=0x62943398f3e0 total_ms=0.1209 host_ms=0.1486 err_el=0 err_q0=0 err_q1=0
GGML_OP_PROFILE op=mul_mat name=z-53 ne=6144x128x1x1 type_src0=10 rows=128 cols=5120 stream=0x62943398f3e0 total_ms=0.0758 host_ms=0.1851 err_el=0 err_q0=0 err_q1=0
GGML_OP_PROFILE op=mul_mat name=linear_attn_out-53 ne=5120x128x1x1 type_src0=21 rows=128 cols=6144 stream=0x62943398f3e0 total_ms=0.1123 host_ms=0.1284 err_el=0 err_q0=0 err_q1=0
GGML_OP_PROFILE op=mul_mat name=ffn_gate-53 ne=17408x128x1x1 type_src0=10 rows=128 cols=5120 stream=0x62943398f3e0 total_ms=0.2263 host_ms=0.2565 err_el=0 err_q0=0 err_q1=0
GGML_OP_PROFILE op=mul_mat name=ffn_up-53 ne=17408x128x1x1 type_src0=18 rows=128 cols=5120 stream=0x62943398f3e0 total_ms=0.1061 host_ms=0.1474 err_el=0 err_q0=0 err_q1=0
GGML_OP_PROFILE op=mul_mat name=ffn_out-53 ne=5120x128x1x1 type_src0=18 rows=128 cols=17408 stream=0x62943398f3e0 total_ms=0.0980 host_ms=0.1364 err_el=0 err_q0=0 err_q1=0
GGML_OP_PROFILE op=mul_mat name=node_3103 ne=10240x128x1x1 type_src0=10 rows=128 cols=5120 stream=0x62943398f3e0 total_ms=0.1735 host_ms=0.1970 err_el=0 err_q0=0 err_q1=0
GGML_OP_PROFILE op=mul_mat name=node_3124 ne=48x128x1x1 type_src0=8 rows=128 cols=5120 stream=0x62943398f3e0 total_ms=0.1129 host_ms=0.1405 err_el=0 err_q0=0 err_q1=0
GGML_OP_PROFILE op=mul_mat name=node_3130 ne=48x128x1x1 type_src0=8 rows=128 cols=5120 stream=0x62943398f3e0 total_ms=0.0437 host_ms=0.0993 err_el=0 err_q0=0 err_q1=0
GGML_OP_PROFILE op=mul_mat name=z-54 ne=6144x128x1x1 type_src0=10 rows=128 cols=5120 stream=0x62943398f3e0 total_ms=0.0778 host_ms=0.1963 err_el=0 err_q0=0 err_q1=0
GGML_OP_PROFILE op=mul_mat name=linear_attn_out-54 ne=5120x128x1x1 type_src0=18 rows=128 cols=6144 stream=0x62943398f3e0 total_ms=0.0607 host_ms=0.0864 err_el=0 err_q0=0 err_q1=0
GGML_OP_PROFILE op=mul_mat name=ffn_gate-54 ne=17408x128x1x1 type_src0=18 rows=128 cols=5120 stream=0x62943398f3e0 total_ms=0.1542 host_ms=0.1842 err_el=0 err_q0=0 err_q1=0
GGML_OP_PROFILE op=mul_mat name=ffn_up-54 ne=17408x128x1x1 type_src0=18 rows=128 cols=5120 stream=0x62943398f3e0 total_ms=0.1452 host_ms=0.1804 err_el=0 err_q0=0 err_q1=0
GGML_OP_PROFILE op=mul_mat name=ffn_out-54 ne=5120x128x1x1 type_src0=21 rows=128 cols=17408 stream=0x62943398f3e0 total_ms=0.1052 host_ms=0.1393 err_el=0 err_q0=0 err_q1=0
GGML_OP_PROFILE op=mul_mat name=Qcur_full-55 ne=12288x128x1x1 type_src0=10 rows=128 cols=5120 stream=0x62943398f3e0 total_ms=0.1951 host_ms=0.2198 err_el=0 err_q0=0 err_q1=0
GGML_OP_PROFILE op=mul_mat name=Vcur-55 ne=1024x128x1x1 type_src0=23 rows=128 cols=5120 stream=0x62943398f3e0 total_ms=0.0475 host_ms=0.1089 err_el=0 err_q0=0 err_q1=0
GGML_OP_PROFILE op=mul_mat name=Kcur-55 ne=1024x128x1x1 type_src0=23 rows=128 cols=5120 stream=0x62943398f3e0 total_ms=0.0908 host_ms=0.1323 err_el=0 err_q0=0 err_q1=0
GGML_OP_PROFILE op=mul_mat name=attn_output-55 ne=5120x128x1x1 type_src0=21 rows=128 cols=6144 stream=0x62943398f3e0 total_ms=0.1206 host_ms=0.1465 err_el=0 err_q0=0 err_q1=0
GGML_OP_PROFILE op=mul_mat name=ffn_gate-55 ne=17408x128x1x1 type_src0=10 rows=128 cols=5120 stream=0x62943398f3e0 total_ms=0.1938 host_ms=0.2483 err_el=0 err_q0=0 err_q1=0
GGML_OP_PROFILE op=mul_mat name=ffn_up-55 ne=17408x128x1x1 type_src0=18 rows=128 cols=5120 stream=0x62943398f3e0 total_ms=0.1044 host_ms=0.1440 err_el=0 err_q0=0 err_q1=0
GGML_OP_PROFILE op=mul_mat name=ffn_out-55 ne=5120x128x1x1 type_src0=21 rows=128 cols=17408 stream=0x62943398f3e0 total_ms=0.1588 host_ms=0.1948 err_el=0 err_q0=0 err_q1=0
GGML_OP_PROFILE op=mul_mat name=node_3205 ne=10240x128x1x1 type_src0=21 rows=128 cols=5120 stream=0x62943398f3e0 total_ms=0.0719 host_ms=0.0987 err_el=0 err_q0=0 err_q1=0
GGML_OP_PROFILE op=mul_mat name=node_3226 ne=48x128x1x1 type_src0=8 rows=128 cols=5120 stream=0x62943398f3e0 total_ms=0.1385 host_ms=0.1695 err_el=0 err_q0=0 err_q1=0
GGML_OP_PROFILE op=mul_mat name=node_3232 ne=48x128x1x1 type_src0=8 rows=128 cols=5120 stream=0x62943398f3e0 total_ms=0.1201 host_ms=0.1432 err_el=0 err_q0=0 err_q1=0
GGML_OP_PROFILE op=mul_mat name=z-56 ne=6144x128x1x1 type_src0=21 rows=128 cols=5120 stream=0x62943398f3e0 total_ms=0.0492 host_ms=0.1647 err_el=0 err_q0=0 err_q1=0
GGML_OP_PROFILE op=mul_mat name=linear_attn_out-56 ne=5120x128x1x1 type_src0=23 rows=128 cols=6144 stream=0x62943398f3e0 total_ms=0.1355 host_ms=0.1535 err_el=0 err_q0=0 err_q1=0
GGML_OP_PROFILE op=mul_mat name=ffn_gate-56 ne=17408x128x1x1 type_src0=21 rows=128 cols=5120 stream=0x62943398f3e0 total_ms=0.1409 host_ms=0.1846 err_el=0 err_q0=0 err_q1=0
GGML_OP_PROFILE op=mul_mat name=ffn_up-56 ne=17408x128x1x1 type_src0=23 rows=128 cols=5120 stream=0x62943398f3e0 total_ms=0.1181 host_ms=0.1615 err_el=0 err_q0=0 err_q1=0
GGML_OP_PROFILE op=mul_mat name=ffn_out-56 ne=5120x128x1x1 type_src0=23 rows=128 cols=17408 stream=0x62943398f3e0 total_ms=0.0940 host_ms=0.1286 err_el=0 err_q0=0 err_q1=0
GGML_OP_PROFILE op=mul_mat name=node_3268 ne=10240x128x1x1 type_src0=18 rows=128 cols=5120 stream=0x62943398f3e0 total_ms=0.1294 host_ms=0.1527 err_el=0 err_q0=0 err_q1=0
GGML_OP_PROFILE op=mul_mat name=node_3289 ne=48x128x1x1 type_src0=8 rows=128 cols=5120 stream=0x62943398f3e0 total_ms=0.1437 host_ms=0.1682 err_el=0 err_q0=0 err_q1=0
GGML_OP_PROFILE op=mul_mat name=node_3295 ne=48x128x1x1 type_src0=8 rows=128 cols=5120 stream=0x62943398f3e0 total_ms=0.0404 host_ms=0.1017 err_el=0 err_q0=0 err_q1=0
GGML_OP_PROFILE op=mul_mat name=z-57 ne=6144x128x1x1 type_src0=21 rows=128 cols=5120 stream=0x62943398f3e0 total_ms=0.0532 host_ms=0.1707 err_el=0 err_q0=0 err_q1=0
GGML_OP_PROFILE op=mul_mat name=linear_attn_out-57 ne=5120x128x1x1 type_src0=23 rows=128 cols=6144 stream=0x62943398f3e0 total_ms=0.1049 host_ms=0.1220 err_el=0 err_q0=0 err_q1=0
GGML_OP_PROFILE op=mul_mat name=ffn_gate-57 ne=17408x128x1x1 type_src0=23 rows=128 cols=5120 stream=0x62943398f3e0 total_ms=0.1689 host_ms=0.1930 err_el=0 err_q0=0 err_q1=0
GGML_OP_PROFILE op=mul_mat name=ffn_up-57 ne=17408x128x1x1 type_src0=23 rows=128 cols=5120 stream=0x62943398f3e0 total_ms=0.1202 host_ms=0.1591 err_el=0 err_q0=0 err_q1=0
GGML_OP_PROFILE op=mul_mat name=ffn_out-57 ne=5120x128x1x1 type_src0=23 rows=128 cols=17408 stream=0x62943398f3e0 total_ms=0.1298 host_ms=0.1604 err_el=0 err_q0=0 err_q1=0
GGML_OP_PROFILE op=mul_mat name=node_3331 ne=10240x128x1x1 type_src0=21 rows=128 cols=5120 stream=0x62943398f3e0 total_ms=0.1342 host_ms=0.1580 err_el=0 err_q0=0 err_q1=0
GGML_OP_PROFILE op=mul_mat name=node_3352 ne=48x128x1x1 type_src0=8 rows=128 cols=5120 stream=0x62943398f3e0 total_ms=0.0748 host_ms=0.1164 err_el=0 err_q0=0 err_q1=0
GGML_OP_PROFILE op=mul_mat name=node_3358 ne=48x128x1x1 type_src0=8 rows=128 cols=5120 stream=0x62943398f3e0 total_ms=0.0800 host_ms=0.0985 err_el=0 err_q0=0 err_q1=0
GGML_OP_PROFILE op=mul_mat name=z-58 ne=6144x128x1x1 type_src0=21 rows=128 cols=5120 stream=0x62943398f3e0 total_ms=0.0492 host_ms=0.1679 err_el=0 err_q0=0 err_q1=0
GGML_OP_PROFILE op=mul_mat name=linear_attn_out-58 ne=5120x128x1x1 type_src0=23 rows=128 cols=6144 stream=0x62943398f3e0 total_ms=0.0560 host_ms=0.0838 err_el=0 err_q0=0 err_q1=0
GGML_OP_PROFILE op=mul_mat name=ffn_gate-58 ne=17408x128x1x1 type_src0=23 rows=128 cols=5120 stream=0x62943398f3e0 total_ms=0.1287 host_ms=0.1535 err_el=0 err_q0=0 err_q1=0
GGML_OP_PROFILE op=mul_mat name=ffn_up-58 ne=17408x128x1x1 type_src0=23 rows=128 cols=5120 stream=0x62943398f3e0 total_ms=0.1503 host_ms=0.1925 err_el=0 err_q0=0 err_q1=0
GGML_OP_PROFILE op=mul_mat name=ffn_out-58 ne=5120x128x1x1 type_src0=23 rows=128 cols=17408 stream=0x62943398f3e0 total_ms=0.0917 host_ms=0.1255 err_el=0 err_q0=0 err_q1=0
GGML_OP_PROFILE op=mul_mat name=Qcur_full-59 ne=12288x128x1x1 type_src0=18 rows=128 cols=5120 stream=0x62943398f3e0 total_ms=0.0867 host_ms=0.1153 err_el=0 err_q0=0 err_q1=0
GGML_OP_PROFILE op=mul_mat name=Vcur-59 ne=1024x128x1x1 type_src0=13 rows=128 cols=5120 stream=0x62943398f3e0 total_ms=12.6179 host_ms=12.6453 err_el=0 err_q0=0 err_q1=0
GGML_OP_PROFILE op=mul_mat name=Kcur-59 ne=1024x128x1x1 type_src0=12 rows=128 cols=5120 stream=0x62943398f3e0 total_ms=0.1118 host_ms=0.1625 err_el=0 err_q0=0 err_q1=0
GGML_OP_PROFILE op=mul_mat name=attn_output-59 ne=5120x128x1x1 type_src0=23 rows=128 cols=6144 stream=0x62943398f3e0 total_ms=0.0973 host_ms=0.1476 err_el=0 err_q0=0 err_q1=0
GGML_OP_PROFILE op=mul_mat name=ffn_gate-59 ne=17408x128x1x1 type_src0=23 rows=128 cols=5120 stream=0x62943398f3e0 total_ms=0.0906 host_ms=0.1207 err_el=0 err_q0=0 err_q1=0
GGML_OP_PROFILE op=mul_mat name=ffn_up-59 ne=17408x128x1x1 type_src0=23 rows=128 cols=5120 stream=0x62943398f3e0 total_ms=0.0978 host_ms=0.1362 err_el=0 err_q0=0 err_q1=0
GGML_OP_PROFILE op=mul_mat name=ffn_out-59 ne=5120x128x1x1 type_src0=23 rows=128 cols=17408 stream=0x62943398f3e0 total_ms=0.0931 host_ms=0.1289 err_el=0 err_q0=0 err_q1=0
GGML_OP_PROFILE op=mul_mat name=node_3433 ne=10240x128x1x1 type_src0=21 rows=128 cols=5120 stream=0x62943398f3e0 total_ms=0.1224 host_ms=0.1409 err_el=0 err_q0=0 err_q1=0
GGML_OP_PROFILE op=mul_mat name=node_3454 ne=48x128x1x1 type_src0=8 rows=128 cols=5120 stream=0x62943398f3e0 total_ms=0.1095 host_ms=0.1300 err_el=0 err_q0=0 err_q1=0
GGML_OP_PROFILE op=mul_mat name=node_3460 ne=48x128x1x1 type_src0=8 rows=128 cols=5120 stream=0x62943398f3e0 total_ms=0.0448 host_ms=0.0679 err_el=0 err_q0=0 err_q1=0
GGML_OP_PROFILE op=mul_mat name=z-60 ne=6144x128x1x1 type_src0=21 rows=128 cols=5120 stream=0x62943398f3e0 total_ms=0.0492 host_ms=0.1664 err_el=0 err_q0=0 err_q1=0
GGML_OP_PROFILE op=mul_mat name=linear_attn_out-60 ne=5120x128x1x1 type_src0=23 rows=128 cols=6144 stream=0x62943398f3e0 total_ms=0.0586 host_ms=0.0879 err_el=0 err_q0=0 err_q1=0
GGML_OP_PROFILE op=mul_mat name=ffn_gate-60 ne=17408x128x1x1 type_src0=23 rows=128 cols=5120 stream=0x62943398f3e0 total_ms=0.0847 host_ms=0.1185 err_el=0 err_q0=0 err_q1=0
GGML_OP_PROFILE op=mul_mat name=ffn_up-60 ne=17408x128x1x1 type_src0=23 rows=128 cols=5120 stream=0x62943398f3e0 total_ms=0.0925 host_ms=0.1279 err_el=0 err_q0=0 err_q1=0
GGML_OP_PROFILE op=mul_mat name=ffn_out-60 ne=5120x128x1x1 type_src0=23 rows=128 cols=17408 stream=0x62943398f3e0 total_ms=0.0883 host_ms=0.1206 err_el=0 err_q0=0 err_q1=0
GGML_OP_PROFILE op=mul_mat name=node_3496 ne=10240x128x1x1 type_src0=21 rows=128 cols=5120 stream=0x62943398f3e0 total_ms=0.1134 host_ms=0.1414 err_el=0 err_q0=0 err_q1=0
GGML_OP_PROFILE op=mul_mat name=node_3517 ne=48x128x1x1 type_src0=8 rows=128 cols=5120 stream=0x62943398f3e0 total_ms=0.0990 host_ms=0.1359 err_el=0 err_q0=0 err_q1=0
GGML_OP_PROFILE op=mul_mat name=node_3523 ne=48x128x1x1 type_src0=8 rows=128 cols=5120 stream=0x62943398f3e0 total_ms=0.0882 host_ms=0.1071 err_el=0 err_q0=0 err_q1=0
GGML_OP_PROFILE op=mul_mat name=z-61 ne=6144x128x1x1 type_src0=21 rows=128 cols=5120 stream=0x62943398f3e0 total_ms=0.0492 host_ms=0.1645 err_el=0 err_q0=0 err_q1=0
GGML_OP_PROFILE op=mul_mat name=linear_attn_out-61 ne=5120x128x1x1 type_src0=21 rows=128 cols=6144 stream=0x62943398f3e0 total_ms=0.0540 host_ms=0.0863 err_el=0 err_q0=0 err_q1=0
GGML_OP_PROFILE op=mul_mat name=ffn_gate-61 ne=17408x128x1x1 type_src0=23 rows=128 cols=5120 stream=0x62943398f3e0 total_ms=0.1185 host_ms=0.1445 err_el=0 err_q0=0 err_q1=0
GGML_OP_PROFILE op=mul_mat name=ffn_up-61 ne=17408x128x1x1 type_src0=23 rows=128 cols=5120 stream=0x62943398f3e0 total_ms=0.0919 host_ms=0.1260 err_el=0 err_q0=0 err_q1=0
GGML_OP_PROFILE op=mul_mat name=ffn_out-61 ne=5120x128x1x1 type_src0=23 rows=128 cols=17408 stream=0x62943398f3e0 total_ms=0.0900 host_ms=0.1289 err_el=0 err_q0=0 err_q1=0
GGML_OP_PROFILE op=mul_mat name=node_3559 ne=10240x128x1x1 type_src0=21 rows=128 cols=5120 stream=0x62943398f3e0 total_ms=0.1268 host_ms=0.1493 err_el=0 err_q0=0 err_q1=0
GGML_OP_PROFILE op=mul_mat name=node_3580 ne=48x128x1x1 type_src0=8 rows=128 cols=5120 stream=0x62943398f3e0 total_ms=0.0465 host_ms=0.1073 err_el=0 err_q0=0 err_q1=0
GGML_OP_PROFILE op=mul_mat name=node_3586 ne=48x128x1x1 type_src0=8 rows=128 cols=5120 stream=0x62943398f3e0 total_ms=0.0447 host_ms=0.0724 err_el=0 err_q0=0 err_q1=0
GGML_OP_PROFILE op=mul_mat name=z-62 ne=6144x128x1x1 type_src0=18 rows=128 cols=5120 stream=0x62943398f3e0 total_ms=0.0532 host_ms=0.1744 err_el=0 err_q0=0 err_q1=0
GGML_OP_PROFILE op=mul_mat name=linear_attn_out-62 ne=5120x128x1x1 type_src0=23 rows=128 cols=6144 stream=0x62943398f3e0 total_ms=0.1032 host_ms=0.1256 err_el=0 err_q0=0 err_q1=0
GGML_OP_PROFILE op=mul_mat name=ffn_gate-62 ne=17408x128x1x1 type_src0=23 rows=128 cols=5120 stream=0x62943398f3e0 total_ms=0.3907 host_ms=0.4249 err_el=0 err_q0=0 err_q1=0
GGML_OP_PROFILE op=mul_mat name=ffn_up-62 ne=17408x128x1x1 type_src0=23 rows=128 cols=5120 stream=0x62943398f3e0 total_ms=0.0965 host_ms=0.1403 err_el=0 err_q0=0 err_q1=0
GGML_OP_PROFILE op=mul_mat name=ffn_out-62 ne=5120x128x1x1 type_src0=21 rows=128 cols=17408 stream=0x62943398f3e0 total_ms=0.1042 host_ms=0.1393 err_el=0 err_q0=0 err_q1=0
GGML_OP_PROFILE op=mul_mat name=Qcur_full-63 ne=12288x128x1x1 type_src0=23 rows=128 cols=5120 stream=0x62943398f3e0 total_ms=0.0827 host_ms=0.1115 err_el=0 err_q0=0 err_q1=0
GGML_OP_PROFILE op=mul_mat name=Vcur-63 ne=1024x128x1x1 type_src0=13 rows=128 cols=5120 stream=0x62943398f3e0 total_ms=0.1134 host_ms=0.1388 err_el=0 err_q0=0 err_q1=0
GGML_OP_PROFILE op=mul_mat name=Kcur-63 ne=1024x128x1x1 type_src0=12 rows=128 cols=5120 stream=0x62943398f3e0 total_ms=0.1004 host_ms=0.1450 err_el=0 err_q0=0 err_q1=0
GGML_OP_PROFILE op=mul_mat name=attn_output-63 ne=5120x128x1x1 type_src0=23 rows=128 cols=6144 stream=0x62943398f3e0 total_ms=0.0465 host_ms=0.0971 err_el=0 err_q0=0 err_q1=0
GGML_OP_PROFILE op=mul_mat name=ffn_gate-63 ne=17408x128x1x1 type_src0=23 rows=128 cols=5120 stream=0x62943398f3e0 total_ms=0.1185 host_ms=0.1439 err_el=0 err_q0=0 err_q1=0
GGML_OP_PROFILE op=mul_mat name=ffn_up-63 ne=17408x128x1x1 type_src0=12 rows=128 cols=5120 stream=0x62943398f3e0 total_ms=0.1096 host_ms=0.1513 err_el=0 err_q0=0 err_q1=0
GGML_OP_PROFILE op=mul_mat name=ffn_out-63 ne=5120x128x1x1 type_src0=12 rows=128 cols=17408 stream=0x62943398f3e0 total_ms=0.0968 host_ms=0.1294 err_el=0 err_q0=0 err_q1=0
GGML_OP_PROFILE op=mul_mat name=result_output ne=248320x1x1x1 type_src0=12 rows=1 cols=5120 stream=0x62943398f3e0 total_ms=25.0471 host_ms=25.0717 err_el=0 err_q0=0 err_q1=0
GGML_OP_PROFILE op=mul_mat name=node_13 ne=10240x128x1x1 type_src0=18 rows=128 cols=5120 stream=0x62943398f3e0 total_ms=0.1103 host_ms=0.1811 err_el=0 err_q0=0 err_q1=0
GGML_OP_PROFILE op=mul_mat name=node_34 ne=48x128x1x1 type_src0=8 rows=128 cols=5120 stream=0x62943398f3e0 total_ms=0.0471 host_ms=0.2228 err_el=0 err_q0=0 err_q1=0
GGML_OP_PROFILE op=mul_mat name=node_40 ne=48x128x1x1 type_src0=8 rows=128 cols=5120 stream=0x62943398f3e0 total_ms=0.1010 host_ms=0.1427 err_el=0 err_q0=0 err_q1=0
GGML_OP_PROFILE op=mul_mat name=z-0 ne=6144x128x1x1 type_src0=18 rows=128 cols=5120 stream=0x62943398f3e0 total_ms=0.0471 host_ms=0.1626 err_el=0 err_q0=0 err_q1=0
GGML_OP_PROFILE op=mul_mat name=linear_attn_out-0 ne=5120x128x1x1 type_src0=21 rows=128 cols=6144 stream=0x62943398f3e0 total_ms=0.0837 host_ms=0.1163 err_el=0 err_q0=0 err_q1=0
GGML_OP_PROFILE op=mul_mat name=ffn_gate-0 ne=17408x128x1x1 type_src0=19 rows=128 cols=5120 stream=0x62943398f3e0 total_ms=0.1171 host_ms=0.1401 err_el=0 err_q0=0 err_q1=0
GGML_OP_PROFILE op=mul_mat name=ffn_up-0 ne=17408x128x1x1 type_src0=19 rows=128 cols=5120 stream=0x62943398f3e0 total_ms=0.1325 host_ms=0.1751 err_el=0 err_q0=0 err_q1=0
GGML_OP_PROFILE op=mul_mat name=ffn_out-0 ne=5120x128x1x1 type_src0=29 rows=128 cols=17408 stream=0x62943398f3e0 total_ms=0.3128 host_ms=0.3488 err_el=0 err_q0=0 err_q1=0
GGML_OP_PROFILE op=mul_mat name=node_76 ne=10240x128x1x1 type_src0=16 rows=128 cols=5120 stream=0x62943398f3e0 total_ms=0.0667 host_ms=0.1398 err_el=0 err_q0=0 err_q1=0
GGML_OP_PROFILE op=mul_mat name=node_97 ne=48x128x1x1 type_src0=8 rows=128 cols=5120 stream=0x62943398f3e0 total_ms=0.0500 host_ms=0.1093 err_el=0 err_q0=0 err_q1=0
GGML_OP_PROFILE op=mul_mat name=node_103 ne=48x128x1x1 type_src0=8 rows=128 cols=5120 stream=0x62943398f3e0 total_ms=0.0464 host_ms=0.0678 err_el=0 err_q0=0 err_q1=0
GGML_OP_PROFILE op=mul_mat name=z-1 ne=6144x128x1x1 type_src0=22 rows=128 cols=5120 stream=0x62943398f3e0 total_ms=0.0649 host_ms=0.1811 err_el=0 err_q0=0 err_q1=0
GGML_OP_PROFILE op=mul_mat name=linear_attn_out-1 ne=5120x128x1x1 type_src0=21 rows=128 cols=6144 stream=0x62943398f3e0 total_ms=0.0727 host_ms=0.1024 err_el=0 err_q0=0 err_q1=0
GGML_OP_PROFILE op=mul_mat name=ffn_gate-1 ne=17408x128x1x1 type_src0=19 rows=128 cols=5120 stream=0x62943398f3e0 total_ms=0.0971 host_ms=0.2103 err_el=0 err_q0=0 err_q1=0
GGML_OP_PROFILE op=mul_mat name=ffn_up-1 ne=17408x128x1x1 type_src0=19 rows=128 cols=5120 stream=0x62943398f3e0 total_ms=0.1572 host_ms=0.1938 err_el=0 err_q0=0 err_q1=0
GGML_OP_PROFILE op=mul_mat name=ffn_out-1 ne=5120x128x1x1 type_src0=22 rows=128 cols=17408 stream=0x62943398f3e0 total_ms=0.1328 host_ms=0.1720 err_el=0 err_q0=0 err_q1=0
GGML_OP_PROFILE op=mul_mat name=node_139 ne=10240x128x1x1 type_src0=22 rows=128 cols=5120 stream=0x62943398f3e0 total_ms=0.0796 host_ms=0.1371 err_el=0 err_q0=0 err_q1=0
GGML_OP_PROFILE op=mul_mat name=node_160 ne=48x128x1x1 type_src0=8 rows=128 cols=5120 stream=0x62943398f3e0 total_ms=0.1179 host_ms=0.1422 err_el=0 err_q0=0 err_q1=0
GGML_OP_PROFILE op=mul_mat name=node_166 ne=48x128x1x1 type_src0=8 rows=128 cols=5120 stream=0x62943398f3e0 total_ms=0.0450 host_ms=0.1030 err_el=0 err_q0=0 err_q1=0
GGML_OP_PROFILE op=mul_mat name=z-2 ne=6144x128x1x1 type_src0=22 rows=128 cols=5120 stream=0x62943398f3e0 total_ms=0.0573 host_ms=0.1806 err_el=0 err_q0=0 err_q1=0
GGML_OP_PROFILE op=mul_mat name=linear_attn_out-2 ne=5120x128x1x1 type_src0=18 rows=128 cols=6144 stream=0x62943398f3e0 total_ms=0.0604 host_ms=0.0920 err_el=0 err_q0=0 err_q1=0
GGML_OP_PROFILE op=mul_mat name=ffn_gate-2 ne=17408x128x1x1 type_src0=16 rows=128 cols=5120 stream=0x62943398f3e0 total_ms=0.1380 host_ms=0.1579 err_el=0 err_q0=0 err_q1=0
GGML_OP_PROFILE op=mul_mat name=ffn_up-2 ne=17408x128x1x1 type_src0=16 rows=128 cols=5120 stream=0x62943398f3e0 total_ms=0.1167 host_ms=0.1580 err_el=0 err_q0=0 err_q1=0
GGML_OP_PROFILE op=mul_mat name=ffn_out-2 ne=5120x128x1x1 type_src0=10 rows=128 cols=17408 stream=0x62943398f3e0 total_ms=0.1900 host_ms=0.2241 err_el=0 err_q0=0 err_q1=0
GGML_OP_PROFILE op=mul_mat name=Qcur_full-3 ne=12288x128x1x1 type_src0=22 rows=128 cols=5120 stream=0x62943398f3e0 total_ms=0.1512 host_ms=0.1716 err_el=0 err_q0=0 err_q1=0
GGML_OP_PROFILE op=mul_mat name=Vcur-3 ne=1024x128x1x1 type_src0=23 rows=128 cols=5120 stream=0x62943398f3e0 total_ms=0.0648 host_ms=0.0866 err_el=0 err_q0=0 err_q1=0
GGML_OP_PROFILE op=mul_mat name=Kcur-3 ne=1024x128x1x1 type_src0=23 rows=128 cols=5120 stream=0x62943398f3e0 total_ms=0.0458 host_ms=0.0915 err_el=0 err_q0=0 err_q1=0
GGML_OP_PROFILE op=mul_mat name=attn_output-3 ne=5120x128x1x1 type_src0=23 rows=128 cols=6144 stream=0x62943398f3e0 total_ms=0.0488 host_ms=0.0984 err_el=0 err_q0=0 err_q1=0
GGML_OP_PROFILE op=mul_mat name=ffn_gate-3 ne=17408x128x1x1 type_src0=16 rows=128 cols=5120 stream=0x62943398f3e0 total_ms=0.1478 host_ms=0.1720 err_el=0 err_q0=0 err_q1=0
GGML_OP_PROFILE op=mul_mat name=ffn_up-3 ne=17408x128x1x1 type_src0=16 rows=128 cols=5120 stream=0x62943398f3e0 total_ms=0.1117 host_ms=0.1505 err_el=0 err_q0=0 err_q1=0
GGML_OP_PROFILE op=mul_mat name=ffn_out-3 ne=5120x128x1x1 type_src0=22 rows=128 cols=17408 stream=0x62943398f3e0 total_ms=0.1871 host_ms=0.2214 err_el=0 err_q0=0 err_q1=0
GGML_OP_PROFILE op=mul_mat name=node_241 ne=10240x128x1x1 type_src0=16 rows=128 cols=5120 stream=0x62943398f3e0 total_ms=0.1237 host_ms=0.1462 err_el=0 err_q0=0 err_q1=0
GGML_OP_PROFILE op=mul_mat name=node_262 ne=48x128x1x1 type_src0=8 rows=128 cols=5120 stream=0x62943398f3e0 total_ms=0.0469 host_ms=0.0751 err_el=0 err_q0=0 err_q1=0
GGML_OP_PROFILE op=mul_mat name=node_268 ne=48x128x1x1 type_src0=8 rows=128 cols=5120 stream=0x62943398f3e0 total_ms=0.1845 host_ms=0.2086 err_el=0 err_q0=0 err_q1=0
GGML_OP_PROFILE op=mul_mat name=z-4 ne=6144x128x1x1 type_src0=10 rows=128 cols=5120 stream=0x62943398f3e0 total_ms=0.0839 host_ms=0.2823 err_el=0 err_q0=0 err_q1=0
GGML_OP_PROFILE op=mul_mat name=linear_attn_out-4 ne=5120x128x1x1 type_src0=10 rows=128 cols=6144 stream=0x62943398f3e0 total_ms=0.0810 host_ms=0.1142 err_el=0 err_q0=0 err_q1=0
GGML_OP_PROFILE op=mul_mat name=ffn_gate-4 ne=17408x128x1x1 type_src0=16 rows=128 cols=5120 stream=0x62943398f3e0 total_ms=0.1447 host_ms=0.1682 err_el=0 err_q0=0 err_q1=0
GGML_OP_PROFILE op=mul_mat name=ffn_up-4 ne=17408x128x1x1 type_src0=16 rows=128 cols=5120 stream=0x62943398f3e0 total_ms=0.1178 host_ms=0.1578 err_el=0 err_q0=0 err_q1=0
GGML_OP_PROFILE op=mul_mat name=ffn_out-4 ne=5120x128x1x1 type_src0=16 rows=128 cols=17408 stream=0x62943398f3e0 total_ms=0.1372 host_ms=0.1713 err_el=0 err_q0=0 err_q1=0
GGML_OP_PROFILE op=mul_mat name=node_304 ne=10240x128x1x1 type_src0=22 rows=128 cols=5120 stream=0x62943398f3e0 total_ms=0.1180 host_ms=0.1325 err_el=0 err_q0=0 err_q1=0
GGML_OP_PROFILE op=mul_mat name=node_325 ne=48x128x1x1 type_src0=8 rows=128 cols=5120 stream=0x62943398f3e0 total_ms=0.1310 host_ms=0.1641 err_el=0 err_q0=0 err_q1=0
GGML_OP_PROFILE op=mul_mat name=node_331 ne=48x128x1x1 type_src0=8 rows=128 cols=5120 stream=0x62943398f3e0 total_ms=0.1386 host_ms=0.1630 err_el=0 err_q0=0 err_q1=0
GGML_OP_PROFILE op=mul_mat name=z-5 ne=6144x128x1x1 type_src0=10 rows=128 cols=5120 stream=0x62943398f3e0 total_ms=0.0845 host_ms=0.1716 err_el=0 err_q0=0 err_q1=0
GGML_OP_PROFILE op=mul_mat name=linear_attn_out-5 ne=5120x128x1x1 type_src0=18 rows=128 cols=6144 stream=0x62943398f3e0 total_ms=0.0632 host_ms=0.0957 err_el=0 err_q0=0 err_q1=0
GGML_OP_PROFILE op=mul_mat name=ffn_gate-5 ne=17408x128x1x1 type_src0=16 rows=128 cols=5120 stream=0x62943398f3e0 total_ms=0.0915 host_ms=0.1572 err_el=0 err_q0=0 err_q1=0
GGML_OP_PROFILE op=mul_mat name=ffn_up-5 ne=17408x128x1x1 type_src0=22 rows=128 cols=5120 stream=0x62943398f3e0 total_ms=0.1923 host_ms=0.2309 err_el=0 err_q0=0 err_q1=0
GGML_OP_PROFILE op=mul_mat name=ffn_out-5 ne=5120x128x1x1 type_src0=16 rows=128 cols=17408 stream=0x62943398f3e0 total_ms=0.0900 host_ms=0.1271 err_el=0 err_q0=0 err_q1=0
GGML_OP_PROFILE op=mul_mat name=node_367 ne=10240x128x1x1 type_src0=22 rows=128 cols=5120 stream=0x62943398f3e0 total_ms=0.1477 host_ms=0.1833 err_el=0 err_q0=0 err_q1=0
GGML_OP_PROFILE op=mul_mat name=node_388 ne=48x128x1x1 type_src0=8 rows=128 cols=5120 stream=0x62943398f3e0 total_ms=0.0518 host_ms=0.1093 err_el=0 err_q0=0 err_q1=0
GGML_OP_PROFILE op=mul_mat name=node_394 ne=48x128x1x1 type_src0=8 rows=128 cols=5120 stream=0x62943398f3e0 total_ms=0.0442 host_ms=0.1043 err_el=0 err_q0=0 err_q1=0
GGML_OP_PROFILE op=mul_mat name=z-6 ne=6144x128x1x1 type_src0=22 rows=128 cols=5120 stream=0x62943398f3e0 total_ms=0.0571 host_ms=0.1761 err_el=0 err_q0=0 err_q1=0
GGML_OP_PROFILE op=mul_mat name=linear_attn_out-6 ne=5120x128x1x1 type_src0=10 rows=128 cols=6144 stream=0x62943398f3e0 total_ms=0.0878 host_ms=0.1179 err_el=0 err_q0=0 err_q1=0
GGML_OP_PROFILE op=mul_mat name=ffn_gate-6 ne=17408x128x1x1 type_src0=16 rows=128 cols=5120 stream=0x62943398f3e0 total_ms=0.1318 host_ms=0.1537 err_el=0 err_q0=0 err_q1=0
GGML_OP_PROFILE op=mul_mat name=ffn_up-6 ne=17408x128x1x1 type_src0=29 rows=128 cols=5120 stream=0x62943398f3e0 total_ms=0.2943 host_ms=0.3332 err_el=0 err_q0=0 err_q1=0
GGML_OP_PROFILE op=mul_mat name=ffn_out-6 ne=5120x128x1x1 type_src0=16 rows=128 cols=17408 stream=0x62943398f3e0 total_ms=0.0917 host_ms=0.1283 err_el=0 err_q0=0 err_q1=0
GGML_OP_PROFILE op=mul_mat name=Qcur_full-7 ne=12288x128x1x1 type_src0=22 rows=128 cols=5120 stream=0x62943398f3e0 total_ms=0.1615 host_ms=0.1851 err_el=0 err_q0=0 err_q1=0
GGML_OP_PROFILE op=mul_mat name=Vcur-7 ne=1024x128x1x1 type_src0=23 rows=128 cols=5120 stream=0x62943398f3e0 total_ms=0.0941 host_ms=0.1168 err_el=0 err_q0=0 err_q1=0
GGML_OP_PROFILE op=mul_mat name=Kcur-7 ne=1024x128x1x1 type_src0=18 rows=128 cols=5120 stream=0x62943398f3e0 total_ms=0.1324 host_ms=0.1774 err_el=0 err_q0=0 err_q1=0
GGML_OP_PROFILE op=mul_mat name=attn_output-7 ne=5120x128x1x1 type_src0=10 rows=128 cols=6144 stream=0x62943398f3e0 total_ms=0.1369 host_ms=0.1633 err_el=0 err_q0=0 err_q1=0
GGML_OP_PROFILE op=mul_mat name=ffn_gate-7 ne=17408x128x1x1 type_src0=16 rows=128 cols=5120 stream=0x62943398f3e0 total_ms=0.0895 host_ms=0.1193 err_el=0 err_q0=0 err_q1=0
GGML_OP_PROFILE op=mul_mat name=ffn_up-7 ne=17408x128x1x1 type_src0=16 rows=128 cols=5120 stream=0x62943398f3e0 total_ms=0.1160 host_ms=0.1579 err_el=0 err_q0=0 err_q1=0
GGML_OP_PROFILE op=mul_mat name=ffn_out-7 ne=5120x128x1x1 type_src0=17 rows=128 cols=17408 stream=0x62943398f3e0 total_ms=0.1752 host_ms=0.2085 err_el=0 err_q0=0 err_q1=0
GGML_OP_PROFILE op=mul_mat name=node_469 ne=10240x128x1x1 type_src0=19 rows=128 cols=5120 stream=0x62943398f3e0 total_ms=0.1318 host_ms=0.1557 err_el=0 err_q0=0 err_q1=0
GGML_OP_PROFILE op=mul_mat name=node_490 ne=48x128x1x1 type_src0=8 rows=128 cols=5120 stream=0x62943398f3e0 total_ms=0.1344 host_ms=0.1608 err_el=0 err_q0=0 err_q1=0
GGML_OP_PROFILE op=mul_mat name=node_496 ne=48x128x1x1 type_src0=8 rows=128 cols=5120 stream=0x62943398f3e0 total_ms=0.1446 host_ms=0.1792 err_el=0 err_q0=0 err_q1=0
GGML_OP_PROFILE op=mul_mat name=z-8 ne=6144x128x1x1 type_src0=22 rows=128 cols=5120 stream=0x62943398f3e0 total_ms=0.0655 host_ms=0.2177 err_el=0 err_q0=0 err_q1=0
GGML_OP_PROFILE op=mul_mat name=linear_attn_out-8 ne=5120x128x1x1 type_src0=10 rows=128 cols=6144 stream=0x62943398f3e0 total_ms=0.0876 host_ms=0.1188 err_el=0 err_q0=0 err_q1=0
GGML_OP_PROFILE op=mul_mat name=ffn_gate-8 ne=17408x128x1x1 type_src0=16 rows=128 cols=5120 stream=0x62943398f3e0 total_ms=0.4444 host_ms=0.4969 err_el=0 err_q0=0 err_q1=0
GGML_OP_PROFILE op=mul_mat name=ffn_up-8 ne=17408x128x1x1 type_src0=16 rows=128 cols=5120 stream=0x62943398f3e0 total_ms=0.1079 host_ms=0.1550 err_el=0 err_q0=0 err_q1=0
GGML_OP_PROFILE op=mul_mat name=ffn_out-8 ne=5120x128x1x1 type_src0=19 rows=128 cols=17408 stream=0x62943398f3e0 total_ms=0.1588 host_ms=0.1896 err_el=0 err_q0=0 err_q1=0
GGML_OP_PROFILE op=mul_mat name=node_532 ne=10240x128x1x1 type_src0=19 rows=128 cols=5120 stream=0x62943398f3e0 total_ms=0.0676 host_ms=0.1268 err_el=0 err_q0=0 err_q1=0
GGML_OP_PROFILE op=mul_mat name=node_553 ne=48x128x1x1 type_src0=8 rows=128 cols=5120 stream=0x62943398f3e0 total_ms=0.0489 host_ms=0.1042 err_el=0 err_q0=0 err_q1=0
GGML_OP_PROFILE op=mul_mat name=node_559 ne=48x128x1x1 type_src0=8 rows=128 cols=5120 stream=0x62943398f3e0 total_ms=0.2074 host_ms=0.2260 err_el=0 err_q0=0 err_q1=0
GGML_OP_PROFILE op=mul_mat name=z-9 ne=6144x128x1x1 type_src0=16 rows=128 cols=5120 stream=0x62943398f3e0 total_ms=0.0492 host_ms=0.1568 err_el=0 err_q0=0 err_q1=0
GGML_OP_PROFILE op=mul_mat name=linear_attn_out-9 ne=5120x128x1x1 type_src0=10 rows=128 cols=6144 stream=0x62943398f3e0 total_ms=0.1327 host_ms=0.1512 err_el=0 err_q0=0 err_q1=0
GGML_OP_PROFILE op=mul_mat name=ffn_gate-9 ne=17408x128x1x1 type_src0=29 rows=128 cols=5120 stream=0x62943398f3e0 total_ms=0.3238 host_ms=0.3483 err_el=0 err_q0=0 err_q1=0
GGML_OP_PROFILE op=mul_mat name=ffn_up-9 ne=17408x128x1x1 type_src0=19 rows=128 cols=5120 stream=0x62943398f3e0 total_ms=0.1112 host_ms=0.1520 err_el=0 err_q0=0 err_q1=0
GGML_OP_PROFILE op=mul_mat name=ffn_out-9 ne=5120x128x1x1 type_src0=29 rows=128 cols=17408 stream=0x62943398f3e0 total_ms=0.2905 host_ms=0.3231 err_el=0 err_q0=0 err_q1=0
GGML_OP_PROFILE op=mul_mat name=node_595 ne=10240x128x1x1 type_src0=22 rows=128 cols=5120 stream=0x62943398f3e0 total_ms=0.1489 host_ms=0.1772 err_el=0 err_q0=0 err_q1=0
GGML_OP_PROFILE op=mul_mat name=node_616 ne=48x128x1x1 type_src0=8 rows=128 cols=5120 stream=0x62943398f3e0 total_ms=0.0468 host_ms=0.1021 err_el=0 err_q0=0 err_q1=0
GGML_OP_PROFILE op=mul_mat name=node_622 ne=48x128x1x1 type_src0=8 rows=128 cols=5120 stream=0x62943398f3e0 total_ms=0.1206 host_ms=0.1446 err_el=0 err_q0=0 err_q1=0
GGML_OP_PROFILE op=mul_mat name=z-10 ne=6144x128x1x1 type_src0=16 rows=128 cols=5120 stream=0x62943398f3e0 total_ms=0.0754 host_ms=0.1614 err_el=0 err_q0=0 err_q1=0
GGML_OP_PROFILE op=mul_mat name=linear_attn_out-10 ne=5120x128x1x1 type_src0=10 rows=128 cols=6144 stream=0x62943398f3e0 total_ms=0.0908 host_ms=0.1220 err_el=0 err_q0=0 err_q1=0
GGML_OP_PROFILE op=mul_mat name=ffn_gate-10 ne=17408x128x1x1 type_src0=29 rows=128 cols=5120 stream=0x62943398f3e0 total_ms=0.3534 host_ms=0.3868 err_el=0 err_q0=0 err_q1=0
GGML_OP_PROFILE op=mul_mat name=ffn_up-10 ne=17408x128x1x1 type_src0=19 rows=128 cols=5120 stream=0x62943398f3e0 total_ms=0.1665 host_ms=0.2039 err_el=0 err_q0=0 err_q1=0
GGML_OP_PROFILE op=mul_mat name=ffn_out-10 ne=5120x128x1x1 type_src0=29 rows=128 cols=17408 stream=0x62943398f3e0 total_ms=0.2946 host_ms=0.3293 err_el=0 err_q0=0 err_q1=0
GGML_OP_PROFILE op=mul_mat name=Qcur_full-11 ne=12288x128x1x1 type_src0=22 rows=128 cols=5120 stream=0x62943398f3e0 total_ms=0.1748 host_ms=0.2011 err_el=0 err_q0=0 err_q1=0
GGML_OP_PROFILE op=mul_mat name=Vcur-11 ne=1024x128x1x1 type_src0=23 rows=128 cols=5120 stream=0x62943398f3e0 total_ms=0.1157 host_ms=0.1364 err_el=0 err_q0=0 err_q1=0
GGML_OP_PROFILE op=mul_mat name=Kcur-11 ne=1024x128x1x1 type_src0=18 rows=128 cols=5120 stream=0x62943398f3e0 total_ms=0.0850 host_ms=0.1221 err_el=0 err_q0=0 err_q1=0
GGML_OP_PROFILE op=mul_mat name=attn_output-11 ne=5120x128x1x1 type_src0=10 rows=128 cols=6144 stream=0x62943398f3e0 total_ms=0.0845 host_ms=0.1304 err_el=0 err_q0=0 err_q1=0
GGML_OP_PROFILE op=mul_mat name=ffn_gate-11 ne=17408x128x1x1 type_src0=19 rows=128 cols=5120 stream=0x62943398f3e0 total_ms=0.1757 host_ms=0.2012 err_el=0 err_q0=0 err_q1=0
GGML_OP_PROFILE op=mul_mat name=ffn_up-11 ne=17408x128x1x1 type_src0=19 rows=128 cols=5120 stream=0x62943398f3e0 total_ms=0.1046 host_ms=0.1451 err_el=0 err_q0=0 err_q1=0
GGML_OP_PROFILE op=mul_mat name=ffn_out-11 ne=5120x128x1x1 type_src0=19 rows=128 cols=17408 stream=0x62943398f3e0 total_ms=0.1587 host_ms=0.1863 err_el=0 err_q0=0 err_q1=0
GGML_OP_PROFILE op=mul_mat name=node_697 ne=10240x128x1x1 type_src0=19 rows=128 cols=5120 stream=0x62943398f3e0 total_ms=0.1245 host_ms=0.1482 err_el=0 err_q0=0 err_q1=0
GGML_OP_PROFILE op=mul_mat name=node_718 ne=48x128x1x1 type_src0=8 rows=128 cols=5120 stream=0x62943398f3e0 total_ms=0.1094 host_ms=0.1420 err_el=0 err_q0=0 err_q1=0
GGML_OP_PROFILE op=mul_mat name=node_724 ne=48x128x1x1 type_src0=8 rows=128 cols=5120 stream=0x62943398f3e0 total_ms=0.0747 host_ms=0.0928 err_el=0 err_q0=0 err_q1=0
GGML_OP_PROFILE op=mul_mat name=z-12 ne=6144x128x1x1 type_src0=22 rows=128 cols=5120 stream=0x62943398f3e0 total_ms=0.0655 host_ms=0.2217 err_el=0 err_q0=0 err_q1=0
GGML_OP_PROFILE op=mul_mat name=linear_attn_out-12 ne=5120x128x1x1 type_src0=22 rows=128 cols=6144 stream=0x62943398f3e0 total_ms=0.1185 host_ms=0.1386 err_el=0 err_q0=0 err_q1=0
GGML_OP_PROFILE op=mul_mat name=ffn_gate-12 ne=17408x128x1x1 type_src0=29 rows=128 cols=5120 stream=0x62943398f3e0 total_ms=0.2908 host_ms=0.4291 err_el=0 err_q0=0 err_q1=0
GGML_OP_PROFILE op=mul_mat name=ffn_up-12 ne=17408x128x1x1 type_src0=19 rows=128 cols=5120 stream=0x62943398f3e0 total_ms=0.1273 host_ms=0.1709 err_el=0 err_q0=0 err_q1=0
GGML_OP_PROFILE op=mul_mat name=ffn_out-12 ne=5120x128x1x1 type_src0=19 rows=128 cols=17408 stream=0x62943398f3e0 total_ms=0.1400 host_ms=0.1751 err_el=0 err_q0=0 err_q1=0
GGML_OP_PROFILE op=mul_mat name=node_760 ne=10240x128x1x1 type_src0=19 rows=128 cols=5120 stream=0x62943398f3e0 total_ms=0.1134 host_ms=0.1502 err_el=0 err_q0=0 err_q1=0
GGML_OP_PROFILE op=mul_mat name=node_781 ne=48x128x1x1 type_src0=8 rows=128 cols=5120 stream=0x62943398f3e0 total_ms=0.0468 host_ms=0.1082 err_el=0 err_q0=0 err_q1=0
GGML_OP_PROFILE op=mul_mat name=node_787 ne=48x128x1x1 type_src0=8 rows=128 cols=5120 stream=0x62943398f3e0 total_ms=0.1359 host_ms=0.1604 err_el=0 err_q0=0 err_q1=0
GGML_OP_PROFILE op=mul_mat name=z-13 ne=6144x128x1x1 type_src0=16 rows=128 cols=5120 stream=0x62943398f3e0 total_ms=0.0486 host_ms=0.1371 err_el=0 err_q0=0 err_q1=0
GGML_OP_PROFILE op=mul_mat name=linear_attn_out-13 ne=5120x128x1x1 type_src0=22 rows=128 cols=6144 stream=0x62943398f3e0 total_ms=0.0693 host_ms=0.0959 err_el=0 err_q0=0 err_q1=0
GGML_OP_PROFILE op=mul_mat name=ffn_gate-13 ne=17408x128x1x1 type_src0=19 rows=128 cols=5120 stream=0x62943398f3e0 total_ms=0.0970 host_ms=0.1227 err_el=0 err_q0=0 err_q1=0
GGML_OP_PROFILE op=mul_mat name=ffn_up-13 ne=17408x128x1x1 type_src0=19 rows=128 cols=5120 stream=0x62943398f3e0 total_ms=0.1006 host_ms=0.1380 err_el=0 err_q0=0 err_q1=0
GGML_OP_PROFILE op=mul_mat name=ffn_out-13 ne=5120x128x1x1 type_src0=19 rows=128 cols=17408 stream=0x62943398f3e0 total_ms=0.1455 host_ms=0.1807 err_el=0 err_q0=0 err_q1=0
GGML_OP_PROFILE op=mul_mat name=node_823 ne=10240x128x1x1 type_src0=17 rows=128 cols=5120 stream=0x62943398f3e0 total_ms=0.0962 host_ms=0.1262 err_el=0 err_q0=0 err_q1=0
GGML_OP_PROFILE op=mul_mat name=node_844 ne=48x128x1x1 type_src0=8 rows=128 cols=5120 stream=0x62943398f3e0 total_ms=0.0480 host_ms=0.0873 err_el=0 err_q0=0 err_q1=0
GGML_OP_PROFILE op=mul_mat name=node_850 ne=48x128x1x1 type_src0=8 rows=128 cols=5120 stream=0x62943398f3e0 total_ms=0.0489 host_ms=0.0765 err_el=0 err_q0=0 err_q1=0
GGML_OP_PROFILE op=mul_mat name=z-14 ne=6144x128x1x1 type_src0=19 rows=128 cols=5120 stream=0x62943398f3e0 total_ms=0.0512 host_ms=0.1733 err_el=0 err_q0=0 err_q1=0
GGML_OP_PROFILE op=mul_mat name=linear_attn_out-14 ne=5120x128x1x1 type_src0=22 rows=128 cols=6144 stream=0x62943398f3e0 total_ms=0.0748 host_ms=0.1090 err_el=0 err_q0=0 err_q1=0
GGML_OP_PROFILE op=mul_mat name=ffn_gate-14 ne=17408x128x1x1 type_src0=19 rows=128 cols=5120 stream=0x62943398f3e0 total_ms=0.0980 host_ms=0.1287 err_el=0 err_q0=0 err_q1=0
GGML_OP_PROFILE op=mul_mat name=ffn_up-14 ne=17408x128x1x1 type_src0=19 rows=128 cols=5120 stream=0x62943398f3e0 total_ms=0.1039 host_ms=0.1411 err_el=0 err_q0=0 err_q1=0
GGML_OP_PROFILE op=mul_mat name=ffn_out-14 ne=5120x128x1x1 type_src0=19 rows=128 cols=17408 stream=0x62943398f3e0 total_ms=0.0971 host_ms=0.1319 err_el=0 err_q0=0 err_q1=0
GGML_OP_PROFILE op=mul_mat name=Qcur_full-15 ne=12288x128x1x1 type_src0=22 rows=128 cols=5120 stream=0x62943398f3e0 total_ms=0.1042 host_ms=0.1357 err_el=0 err_q0=0 err_q1=0
GGML_OP_PROFILE op=mul_mat name=Vcur-15 ne=1024x128x1x1 type_src0=23 rows=128 cols=5120 stream=0x62943398f3e0 total_ms=0.0480 host_ms=0.0796 err_el=0 err_q0=0 err_q1=0
GGML_OP_PROFILE op=mul_mat name=Kcur-15 ne=1024x128x1x1 type_src0=18 rows=128 cols=5120 stream=0x62943398f3e0 total_ms=0.0553 host_ms=0.0926 err_el=0 err_q0=0 err_q1=0
GGML_OP_PROFILE op=mul_mat name=attn_output-15 ne=5120x128x1x1 type_src0=29 rows=128 cols=6144 stream=0x62943398f3e0 total_ms=0.1079 host_ms=0.1495 err_el=0 err_q0=0 err_q1=0
GGML_OP_PROFILE op=mul_mat name=ffn_gate-15 ne=17408x128x1x1 type_src0=19 rows=128 cols=5120 stream=0x62943398f3e0 total_ms=0.1543 host_ms=0.1870 err_el=0 err_q0=0 err_q1=0
GGML_OP_PROFILE op=mul_mat name=ffn_up-15 ne=17408x128x1x1 type_src0=19 rows=128 cols=5120 stream=0x62943398f3e0 total_ms=0.1021 host_ms=0.1445 err_el=0 err_q0=0 err_q1=0
GGML_OP_PROFILE op=mul_mat name=ffn_out-15 ne=5120x128x1x1 type_src0=19 rows=128 cols=17408 stream=0x62943398f3e0 total_ms=0.1034 host_ms=0.1391 err_el=0 err_q0=0 err_q1=0
GGML_OP_PROFILE op=mul_mat name=node_925 ne=10240x128x1x1 type_src0=10 rows=128 cols=5120 stream=0x62943398f3e0 total_ms=0.1236 host_ms=0.1497 err_el=0 err_q0=0 err_q1=0
GGML_OP_PROFILE op=mul_mat name=node_946 ne=48x128x1x1 type_src0=8 rows=128 cols=5120 stream=0x62943398f3e0 total_ms=0.0740 host_ms=0.1039 err_el=0 err_q0=0 err_q1=0
GGML_OP_PROFILE op=mul_mat name=node_952 ne=48x128x1x1 type_src0=8 rows=128 cols=5120 stream=0x62943398f3e0 total_ms=0.0471 host_ms=0.0739 err_el=0 err_q0=0 err_q1=0
GGML_OP_PROFILE op=mul_mat name=z-16 ne=6144x128x1x1 type_src0=16 rows=128 cols=5120 stream=0x62943398f3e0 total_ms=0.0492 host_ms=0.1805 err_el=0 err_q0=0 err_q1=0
GGML_OP_PROFILE op=mul_mat name=linear_attn_out-16 ne=5120x128x1x1 type_src0=16 rows=128 cols=6144 stream=0x62943398f3e0 total_ms=0.0541 host_ms=0.0866 err_el=0 err_q0=0 err_q1=0
GGML_OP_PROFILE op=mul_mat name=ffn_gate-16 ne=17408x128x1x1 type_src0=19 rows=128 cols=5120 stream=0x62943398f3e0 total_ms=0.1020 host_ms=0.1327 err_el=0 err_q0=0 err_q1=0
GGML_OP_PROFILE op=mul_mat name=ffn_up-16 ne=17408x128x1x1 type_src0=19 rows=128 cols=5120 stream=0x62943398f3e0 total_ms=0.1023 host_ms=0.1404 err_el=0 err_q0=0 err_q1=0
GGML_OP_PROFILE op=mul_mat name=ffn_out-16 ne=5120x128x1x1 type_src0=29 rows=128 cols=17408 stream=0x62943398f3e0 total_ms=0.2916 host_ms=0.3195 err_el=0 err_q0=0 err_q1=0
GGML_OP_PROFILE op=mul_mat name=node_988 ne=10240x128x1x1 type_src0=22 rows=128 cols=5120 stream=0x62943398f3e0 total_ms=0.0960 host_ms=0.1699 err_el=0 err_q0=0 err_q1=0
GGML_OP_PROFILE op=mul_mat name=node_1009 ne=48x128x1x1 type_src0=8 rows=128 cols=5120 stream=0x62943398f3e0 total_ms=0.0486 host_ms=0.1304 err_el=0 err_q0=0 err_q1=0
GGML_OP_PROFILE op=mul_mat name=node_1015 ne=48x128x1x1 type_src0=8 rows=128 cols=5120 stream=0x62943398f3e0 total_ms=0.0932 host_ms=0.1288 err_el=0 err_q0=0 err_q1=0
GGML_OP_PROFILE op=mul_mat name=z-17 ne=6144x128x1x1 type_src0=29 rows=128 cols=5120 stream=0x62943398f3e0 total_ms=0.1042 host_ms=0.2102 err_el=0 err_q0=0 err_q1=0
GGML_OP_PROFILE op=mul_mat name=linear_attn_out-17 ne=5120x128x1x1 type_src0=10 rows=128 cols=6144 stream=0x62943398f3e0 total_ms=0.0888 host_ms=0.1183 err_el=0 err_q0=0 err_q1=0
GGML_OP_PROFILE op=mul_mat name=ffn_gate-17 ne=17408x128x1x1 type_src0=19 rows=128 cols=5120 stream=0x62943398f3e0 total_ms=0.1052 host_ms=0.1314 err_el=0 err_q0=0 err_q1=0
GGML_OP_PROFILE op=mul_mat name=ffn_up-17 ne=17408x128x1x1 type_src0=19 rows=128 cols=5120 stream=0x62943398f3e0 total_ms=0.1014 host_ms=0.1361 err_el=0 err_q0=0 err_q1=0
GGML_OP_PROFILE op=mul_mat name=ffn_out-17 ne=5120x128x1x1 type_src0=19 rows=128 cols=17408 stream=0x62943398f3e0 total_ms=0.0983 host_ms=0.1306 err_el=0 err_q0=0 err_q1=0
GGML_OP_PROFILE op=mul_mat name=node_1051 ne=10240x128x1x1 type_src0=17 rows=128 cols=5120 stream=0x62943398f3e0 total_ms=0.0926 host_ms=0.1200 err_el=0 err_q0=0 err_q1=0
GGML_OP_PROFILE op=mul_mat name=node_1072 ne=48x128x1x1 type_src0=8 rows=128 cols=5120 stream=0x62943398f3e0 total_ms=0.0590 host_ms=0.0986 err_el=0 err_q0=0 err_q1=0
GGML_OP_PROFILE op=mul_mat name=node_1078 ne=48x128x1x1 type_src0=8 rows=128 cols=5120 stream=0x62943398f3e0 total_ms=0.0471 host_ms=0.0743 err_el=0 err_q0=0 err_q1=0
GGML_OP_PROFILE op=mul_mat name=z-18 ne=6144x128x1x1 type_src0=17 rows=128 cols=5120 stream=0x62943398f3e0 total_ms=0.0573 host_ms=0.1862 err_el=0 err_q0=0 err_q1=0
GGML_OP_PROFILE op=mul_mat name=linear_attn_out-18 ne=5120x128x1x1 type_src0=22 rows=128 cols=6144 stream=0x62943398f3e0 total_ms=0.0704 host_ms=0.0969 err_el=0 err_q0=0 err_q1=0
GGML_OP_PROFILE op=mul_mat name=ffn_gate-18 ne=17408x128x1x1 type_src0=19 rows=128 cols=5120 stream=0x62943398f3e0 total_ms=0.1004 host_ms=0.1284 err_el=0 err_q0=0 err_q1=0
GGML_OP_PROFILE op=mul_mat name=ffn_up-18 ne=17408x128x1x1 type_src0=29 rows=128 cols=5120 stream=0x62943398f3e0 total_ms=0.2982 host_ms=0.3301 err_el=0 err_q0=0 err_q1=0
GGML_OP_PROFILE op=mul_mat name=ffn_out-18 ne=5120x128x1x1 type_src0=16 rows=128 cols=17408 stream=0x62943398f3e0 total_ms=0.0929 host_ms=0.1279 err_el=0 err_q0=0 err_q1=0
GGML_OP_PROFILE op=mul_mat name=Qcur_full-19 ne=12288x128x1x1 type_src0=29 rows=128 cols=5120 stream=0x62943398f3e0 total_ms=0.2247 host_ms=0.2531 err_el=0 err_q0=0 err_q1=0
GGML_OP_PROFILE op=mul_mat name=Vcur-19 ne=1024x128x1x1 type_src0=23 rows=128 cols=5120 stream=0x62943398f3e0 total_ms=0.0959 host_ms=0.1193 err_el=0 err_q0=0 err_q1=0
GGML_OP_PROFILE op=mul_mat name=Kcur-19 ne=1024x128x1x1 type_src0=23 rows=128 cols=5120 stream=0x62943398f3e0 total_ms=0.0436 host_ms=0.0805 err_el=0 err_q0=0 err_q1=0
GGML_OP_PROFILE op=mul_mat name=attn_output-19 ne=5120x128x1x1 type_src0=18 rows=128 cols=6144 stream=0x62943398f3e0 total_ms=0.1009 host_ms=0.1464 err_el=0 err_q0=0 err_q1=0
GGML_OP_PROFILE op=mul_mat name=ffn_gate-19 ne=17408x128x1x1 type_src0=29 rows=128 cols=5120 stream=0x62943398f3e0 total_ms=0.2926 host_ms=0.3258 err_el=0 err_q0=0 err_q1=0
GGML_OP_PROFILE op=mul_mat name=ffn_up-19 ne=17408x128x1x1 type_src0=19 rows=128 cols=5120 stream=0x62943398f3e0 total_ms=0.1133 host_ms=0.1508 err_el=0 err_q0=0 err_q1=0
GGML_OP_PROFILE op=mul_mat name=ffn_out-19 ne=5120x128x1x1 type_src0=16 rows=128 cols=17408 stream=0x62943398f3e0 total_ms=0.0939 host_ms=0.1262 err_el=0 err_q0=0 err_q1=0
GGML_OP_PROFILE op=mul_mat name=node_1153 ne=10240x128x1x1 type_src0=10 rows=128 cols=5120 stream=0x62943398f3e0 total_ms=0.1220 host_ms=0.1490 err_el=0 err_q0=0 err_q1=0
GGML_OP_PROFILE op=mul_mat name=node_1174 ne=48x128x1x1 type_src0=8 rows=128 cols=5120 stream=0x62943398f3e0 total_ms=0.0468 host_ms=0.0827 err_el=0 err_q0=0 err_q1=0
GGML_OP_PROFILE op=mul_mat name=node_1180 ne=48x128x1x1 type_src0=8 rows=128 cols=5120 stream=0x62943398f3e0 total_ms=0.1224 host_ms=0.1511 err_el=0 err_q0=0 err_q1=0
GGML_OP_PROFILE op=mul_mat name=z-20 ne=6144x128x1x1 type_src0=22 rows=128 cols=5120 stream=0x62943398f3e0 total_ms=0.0655 host_ms=0.1908 err_el=0 err_q0=0 err_q1=0
GGML_OP_PROFILE op=mul_mat name=linear_attn_out-20 ne=5120x128x1x1 type_src0=10 rows=128 cols=6144 stream=0x62943398f3e0 total_ms=0.0827 host_ms=0.1125 err_el=0 err_q0=0 err_q1=0
GGML_OP_PROFILE op=mul_mat name=ffn_gate-20 ne=17408x128x1x1 type_src0=22 rows=128 cols=5120 stream=0x62943398f3e0 total_ms=0.1175 host_ms=0.1452 err_el=0 err_q0=0 err_q1=0
GGML_OP_PROFILE op=mul_mat name=ffn_up-20 ne=17408x128x1x1 type_src0=10 rows=128 cols=5120 stream=0x62943398f3e0 total_ms=0.1749 host_ms=0.2096 err_el=0 err_q0=0 err_q1=0
GGML_OP_PROFILE op=mul_mat name=ffn_out-20 ne=5120x128x1x1 type_src0=10 rows=128 cols=17408 stream=0x62943398f3e0 total_ms=0.1777 host_ms=0.2129 err_el=0 err_q0=0 err_q1=0
GGML_OP_PROFILE op=mul_mat name=node_1216 ne=10240x128x1x1 type_src0=22 rows=128 cols=5120 stream=0x62943398f3e0 total_ms=0.1274 host_ms=0.1505 err_el=0 err_q0=0 err_q1=0
GGML_OP_PROFILE op=mul_mat name=node_1237 ne=48x128x1x1 type_src0=8 rows=128 cols=5120 stream=0x62943398f3e0 total_ms=0.0465 host_ms=0.0798 err_el=0 err_q0=0 err_q1=0
GGML_OP_PROFILE op=mul_mat name=node_1243 ne=48x128x1x1 type_src0=8 rows=128 cols=5120 stream=0x62943398f3e0 total_ms=0.0757 host_ms=0.0907 err_el=0 err_q0=0 err_q1=0
GGML_OP_PROFILE op=mul_mat name=z-21 ne=6144x128x1x1 type_src0=10 rows=128 cols=5120 stream=0x62943398f3e0 total_ms=0.0758 host_ms=0.3840 err_el=0 err_q0=0 err_q1=0
GGML_OP_PROFILE op=mul_mat name=linear_attn_out-21 ne=5120x128x1x1 type_src0=10 rows=128 cols=6144 stream=0x62943398f3e0 total_ms=0.0796 host_ms=0.1127 err_el=0 err_q0=0 err_q1=0
GGML_OP_PROFILE op=mul_mat name=ffn_gate-21 ne=17408x128x1x1 type_src0=22 rows=128 cols=5120 stream=0x62943398f3e0 total_ms=0.1185 host_ms=0.1457 err_el=0 err_q0=0 err_q1=0
GGML_OP_PROFILE op=mul_mat name=ffn_up-21 ne=17408x128x1x1 type_src0=10 rows=128 cols=5120 stream=0x62943398f3e0 total_ms=0.1942 host_ms=0.2364 err_el=0 err_q0=0 err_q1=0
GGML_OP_PROFILE op=mul_mat name=ffn_out-21 ne=5120x128x1x1 type_src0=22 rows=128 cols=17408 stream=0x62943398f3e0 total_ms=0.1861 host_ms=0.2071 err_el=0 err_q0=0 err_q1=0
GGML_OP_PROFILE op=mul_mat name=node_1279 ne=10240x128x1x1 type_src0=22 rows=128 cols=5120 stream=0x62943398f3e0 total_ms=0.0811 host_ms=0.1352 err_el=0 err_q0=0 err_q1=0
GGML_OP_PROFILE op=mul_mat name=node_1300 ne=48x128x1x1 type_src0=8 rows=128 cols=5120 stream=0x62943398f3e0 total_ms=0.1599 host_ms=0.1872 err_el=0 err_q0=0 err_q1=0
GGML_OP_PROFILE op=mul_mat name=node_1306 ne=48x128x1x1 type_src0=8 rows=128 cols=5120 stream=0x62943398f3e0 total_ms=0.1126 host_ms=0.1325 err_el=0 err_q0=0 err_q1=0
GGML_OP_PROFILE op=mul_mat name=z-22 ne=6144x128x1x1 type_src0=22 rows=128 cols=5120 stream=0x62943398f3e0 total_ms=0.0573 host_ms=0.2095 err_el=0 err_q0=0 err_q1=0
GGML_OP_PROFILE op=mul_mat name=linear_attn_out-22 ne=5120x128x1x1 type_src0=10 rows=128 cols=6144 stream=0x62943398f3e0 total_ms=0.0857 host_ms=0.1168 err_el=0 err_q0=0 err_q1=0
GGML_OP_PROFILE op=mul_mat name=ffn_gate-22 ne=17408x128x1x1 type_src0=22 rows=128 cols=5120 stream=0x62943398f3e0 total_ms=0.1207 host_ms=0.1829 err_el=0 err_q0=0 err_q1=0
GGML_OP_PROFILE op=mul_mat name=ffn_up-22 ne=17408x128x1x1 type_src0=10 rows=128 cols=5120 stream=0x62943398f3e0 total_ms=0.1930 host_ms=0.2349 err_el=0 err_q0=0 err_q1=0
GGML_OP_PROFILE op=mul_mat name=ffn_out-22 ne=5120x128x1x1 type_src0=10 rows=128 cols=17408 stream=0x62943398f3e0 total_ms=0.1810 host_ms=0.2164 err_el=0 err_q0=0 err_q1=0
GGML_OP_PROFILE op=mul_mat name=Qcur_full-23 ne=12288x128x1x1 type_src0=18 rows=128 cols=5120 stream=0x62943398f3e0 total_ms=0.0815 host_ms=0.1089 err_el=0 err_q0=0 err_q1=0
GGML_OP_PROFILE op=mul_mat name=Vcur-23 ne=1024x128x1x1 type_src0=12 rows=128 cols=5120 stream=0x62943398f3e0 total_ms=0.0986 host_ms=0.1247 err_el=0 err_q0=0 err_q1=0
GGML_OP_PROFILE op=mul_mat name=Kcur-23 ne=1024x128x1x1 type_src0=18 rows=128 cols=5120 stream=0x62943398f3e0 total_ms=0.0795 host_ms=0.1209 err_el=0 err_q0=0 err_q1=0
GGML_OP_PROFILE op=mul_mat name=attn_output-23 ne=5120x128x1x1 type_src0=18 rows=128 cols=6144 stream=0x62943398f3e0 total_ms=0.0465 host_ms=0.1128 err_el=0 err_q0=0 err_q1=0
GGML_OP_PROFILE op=mul_mat name=ffn_gate-23 ne=17408x128x1x1 type_src0=22 rows=128 cols=5120 stream=0x62943398f3e0 total_ms=0.1875 host_ms=0.2112 err_el=0 err_q0=0 err_q1=0
GGML_OP_PROFILE op=mul_mat name=ffn_up-23 ne=17408x128x1x1 type_src0=22 rows=128 cols=5120 stream=0x62943398f3e0 total_ms=0.1498 host_ms=0.1913 err_el=0 err_q0=0 err_q1=0
GGML_OP_PROFILE op=mul_mat name=ffn_out-23 ne=5120x128x1x1 type_src0=10 rows=128 cols=17408 stream=0x62943398f3e0 total_ms=0.1851 host_ms=0.2149 err_el=0 err_q0=0 err_q1=0
GGML_OP_PROFILE op=mul_mat name=node_1381 ne=10240x128x1x1 type_src0=22 rows=128 cols=5120 stream=0x62943398f3e0 total_ms=0.1428 host_ms=0.1664 err_el=0 err_q0=0 err_q1=0
GGML_OP_PROFILE op=mul_mat name=node_1402 ne=48x128x1x1 type_src0=8 rows=128 cols=5120 stream=0x62943398f3e0 total_ms=0.1157 host_ms=0.1401 err_el=0 err_q0=0 err_q1=0
GGML_OP_PROFILE op=mul_mat name=node_1408 ne=48x128x1x1 type_src0=8 rows=128 cols=5120 stream=0x62943398f3e0 total_ms=0.0460 host_ms=0.0993 err_el=0 err_q0=0 err_q1=0
GGML_OP_PROFILE op=mul_mat name=z-24 ne=6144x128x1x1 type_src0=10 rows=128 cols=5120 stream=0x62943398f3e0 total_ms=0.0758 host_ms=0.2298 err_el=0 err_q0=0 err_q1=0
GGML_OP_PROFILE op=mul_mat name=linear_attn_out-24 ne=5120x128x1x1 type_src0=22 rows=128 cols=6144 stream=0x62943398f3e0 total_ms=0.0748 host_ms=0.1036 err_el=0 err_q0=0 err_q1=0
GGML_OP_PROFILE op=mul_mat name=ffn_gate-24 ne=17408x128x1x1 type_src0=22 rows=128 cols=5120 stream=0x62943398f3e0 total_ms=0.1246 host_ms=0.1550 err_el=0 err_q0=0 err_q1=0
GGML_OP_PROFILE op=mul_mat name=ffn_up-24 ne=17408x128x1x1 type_src0=22 rows=128 cols=5120 stream=0x62943398f3e0 total_ms=0.1278 host_ms=0.1640 err_el=0 err_q0=0 err_q1=0
GGML_OP_PROFILE op=mul_mat name=ffn_out-24 ne=5120x128x1x1 type_src0=10 rows=128 cols=17408 stream=0x62943398f3e0 total_ms=0.2253 host_ms=0.2612 err_el=0 err_q0=0 err_q1=0
GGML_OP_PROFILE op=mul_mat name=node_1444 ne=10240x128x1x1 type_src0=22 rows=128 cols=5120 stream=0x62943398f3e0 total_ms=0.1435 host_ms=0.1702 err_el=0 err_q0=0 err_q1=0
GGML_OP_PROFILE op=mul_mat name=node_1465 ne=48x128x1x1 type_src0=8 rows=128 cols=5120 stream=0x62943398f3e0 total_ms=0.1452 host_ms=0.1675 err_el=0 err_q0=0 err_q1=0
GGML_OP_PROFILE op=mul_mat name=node_1471 ne=48x128x1x1 type_src0=8 rows=128 cols=5120 stream=0x62943398f3e0 total_ms=0.1172 host_ms=0.1335 err_el=0 err_q0=0 err_q1=0
GGML_OP_PROFILE op=mul_mat name=z-25 ne=6144x128x1x1 type_src0=10 rows=128 cols=5120 stream=0x62943398f3e0 total_ms=0.0762 host_ms=0.1628 err_el=0 err_q0=0 err_q1=0
GGML_OP_PROFILE op=mul_mat name=linear_attn_out-25 ne=5120x128x1x1 type_src0=18 rows=128 cols=6144 stream=0x62943398f3e0 total_ms=0.0572 host_ms=0.0885 err_el=0 err_q0=0 err_q1=0
GGML_OP_PROFILE op=mul_mat name=ffn_gate-25 ne=17408x128x1x1 type_src0=10 rows=128 cols=5120 stream=0x62943398f3e0 total_ms=0.1638 host_ms=0.3220 err_el=0 err_q0=0 err_q1=0
GGML_OP_PROFILE op=mul_mat name=ffn_up-25 ne=17408x128x1x1 type_src0=10 rows=128 cols=5120 stream=0x62943398f3e0 total_ms=0.1816 host_ms=0.2202 err_el=0 err_q0=0 err_q1=0
GGML_OP_PROFILE op=mul_mat name=ffn_out-25 ne=5120x128x1x1 type_src0=10 rows=128 cols=17408 stream=0x62943398f3e0 total_ms=0.1800 host_ms=0.2128 err_el=0 err_q0=0 err_q1=0
GGML_OP_PROFILE op=mul_mat name=node_1507 ne=10240x128x1x1 type_src0=10 rows=128 cols=5120 stream=0x62943398f3e0 total_ms=0.1135 host_ms=0.1385 err_el=0 err_q0=0 err_q1=0
GGML_OP_PROFILE op=mul_mat name=node_1528 ne=48x128x1x1 type_src0=8 rows=128 cols=5120 stream=0x62943398f3e0 total_ms=0.0891 host_ms=0.1162 err_el=0 err_q0=0 err_q1=0
GGML_OP_PROFILE op=mul_mat name=node_1534 ne=48x128x1x1 type_src0=8 rows=128 cols=5120 stream=0x62943398f3e0 total_ms=0.0454 host_ms=0.0666 err_el=0 err_q0=0 err_q1=0
GGML_OP_PROFILE op=mul_mat name=z-26 ne=6144x128x1x1 type_src0=22 rows=128 cols=5120 stream=0x62943398f3e0 total_ms=0.0655 host_ms=0.1967 err_el=0 err_q0=0 err_q1=0
GGML_OP_PROFILE op=mul_mat name=linear_attn_out-26 ne=5120x128x1x1 type_src0=10 rows=128 cols=6144 stream=0x62943398f3e0 total_ms=0.0867 host_ms=0.1191 err_el=0 err_q0=0 err_q1=0
GGML_OP_PROFILE op=mul_mat name=ffn_gate-26 ne=17408x128x1x1 type_src0=10 rows=128 cols=5120 stream=0x62943398f3e0 total_ms=0.1717 host_ms=0.2013 err_el=0 err_q0=0 err_q1=0
GGML_OP_PROFILE op=mul_mat name=ffn_up-26 ne=17408x128x1x1 type_src0=10 rows=128 cols=5120 stream=0x62943398f3e0 total_ms=0.1906 host_ms=0.2343 err_el=0 err_q0=0 err_q1=0
GGML_OP_PROFILE op=mul_mat name=ffn_out-26 ne=5120x128x1x1 type_src0=22 rows=128 cols=17408 stream=0x62943398f3e0 total_ms=0.1329 host_ms=0.1676 err_el=0 err_q0=0 err_q1=0
GGML_OP_PROFILE op=mul_mat name=Qcur_full-27 ne=12288x128x1x1 type_src0=18 rows=128 cols=5120 stream=0x62943398f3e0 total_ms=0.0800 host_ms=0.1477 err_el=0 err_q0=0 err_q1=0
GGML_OP_PROFILE op=mul_mat name=Vcur-27 ne=1024x128x1x1 type_src0=12 rows=128 cols=5120 stream=0x62943398f3e0 total_ms=0.0929 host_ms=0.1185 err_el=0 err_q0=0 err_q1=0
GGML_OP_PROFILE op=mul_mat name=Kcur-27 ne=1024x128x1x1 type_src0=21 rows=128 cols=5120 stream=0x62943398f3e0 total_ms=0.0907 host_ms=0.1296 err_el=0 err_q0=0 err_q1=0
GGML_OP_PROFILE op=mul_mat name=attn_output-27 ne=5120x128x1x1 type_src0=21 rows=128 cols=6144 stream=0x62943398f3e0 total_ms=0.0615 host_ms=0.1276 err_el=0 err_q0=0 err_q1=0
GGML_OP_PROFILE op=mul_mat name=ffn_gate-27 ne=17408x128x1x1 type_src0=22 rows=128 cols=5120 stream=0x62943398f3e0 total_ms=0.1266 host_ms=0.1896 err_el=0 err_q0=0 err_q1=0
GGML_OP_PROFILE op=mul_mat name=ffn_up-27 ne=17408x128x1x1 type_src0=10 rows=128 cols=5120 stream=0x62943398f3e0 total_ms=0.1966 host_ms=0.2352 err_el=0 err_q0=0 err_q1=0
GGML_OP_PROFILE op=mul_mat name=ffn_out-27 ne=5120x128x1x1 type_src0=10 rows=128 cols=17408 stream=0x62943398f3e0 total_ms=0.1776 host_ms=0.2132 err_el=0 err_q0=0 err_q1=0
GGML_OP_PROFILE op=mul_mat name=node_1609 ne=10240x128x1x1 type_src0=10 rows=128 cols=5120 stream=0x62943398f3e0 total_ms=0.1157 host_ms=0.1368 err_el=0 err_q0=0 err_q1=0
GGML_OP_PROFILE op=mul_mat name=node_1630 ne=48x128x1x1 type_src0=8 rows=128 cols=5120 stream=0x62943398f3e0 total_ms=0.1199 host_ms=0.1412 err_el=0 err_q0=0 err_q1=0
GGML_OP_PROFILE op=mul_mat name=node_1636 ne=48x128x1x1 type_src0=8 rows=128 cols=5120 stream=0x62943398f3e0 total_ms=0.1040 host_ms=0.1529 err_el=0 err_q0=0 err_q1=0
GGML_OP_PROFILE op=mul_mat name=z-28 ne=6144x128x1x1 type_src0=10 rows=128 cols=5120 stream=0x62943398f3e0 total_ms=0.0756 host_ms=0.1918 err_el=0 err_q0=0 err_q1=0
GGML_OP_PROFILE op=mul_mat name=linear_attn_out-28 ne=5120x128x1x1 type_src0=10 rows=128 cols=6144 stream=0x62943398f3e0 total_ms=0.0827 host_ms=0.1119 err_el=0 err_q0=0 err_q1=0
GGML_OP_PROFILE op=mul_mat name=ffn_gate-28 ne=17408x128x1x1 type_src0=22 rows=128 cols=5120 stream=0x62943398f3e0 total_ms=0.1836 host_ms=0.2079 err_el=0 err_q0=0 err_q1=0
GGML_OP_PROFILE op=mul_mat name=ffn_up-28 ne=17408x128x1x1 type_src0=22 rows=128 cols=5120 stream=0x62943398f3e0 total_ms=0.1540 host_ms=0.1935 err_el=0 err_q0=0 err_q1=0
GGML_OP_PROFILE op=mul_mat name=ffn_out-28 ne=5120x128x1x1 type_src0=22 rows=128 cols=17408 stream=0x62943398f3e0 total_ms=0.1817 host_ms=0.2103 err_el=0 err_q0=0 err_q1=0
GGML_OP_PROFILE op=mul_mat name=node_1672 ne=10240x128x1x1 type_src0=10 rows=128 cols=5120 stream=0x62943398f3e0 total_ms=0.1728 host_ms=0.1963 err_el=0 err_q0=0 err_q1=0
GGML_OP_PROFILE op=mul_mat name=node_1693 ne=48x128x1x1 type_src0=8 rows=128 cols=5120 stream=0x62943398f3e0 total_ms=0.0478 host_ms=0.1168 err_el=0 err_q0=0 err_q1=0
GGML_OP_PROFILE op=mul_mat name=node_1699 ne=48x128x1x1 type_src0=8 rows=128 cols=5120 stream=0x62943398f3e0 total_ms=0.1198 host_ms=0.1449 err_el=0 err_q0=0 err_q1=0
GGML_OP_PROFILE op=mul_mat name=z-29 ne=6144x128x1x1 type_src0=10 rows=128 cols=5120 stream=0x62943398f3e0 total_ms=0.0774 host_ms=0.1642 err_el=0 err_q0=0 err_q1=0
GGML_OP_PROFILE op=mul_mat name=linear_attn_out-29 ne=5120x128x1x1 type_src0=22 rows=128 cols=6144 stream=0x62943398f3e0 total_ms=0.0632 host_ms=0.0935 err_el=0 err_q0=0 err_q1=0
GGML_OP_PROFILE op=mul_mat name=ffn_gate-29 ne=17408x128x1x1 type_src0=22 rows=128 cols=5120 stream=0x62943398f3e0 total_ms=0.1771 host_ms=0.2027 err_el=0 err_q0=0 err_q1=0
GGML_OP_PROFILE op=mul_mat name=ffn_up-29 ne=17408x128x1x1 type_src0=16 rows=128 cols=5120 stream=0x62943398f3e0 total_ms=0.1220 host_ms=0.1620 err_el=0 err_q0=0 err_q1=0
GGML_OP_PROFILE op=mul_mat name=ffn_out-29 ne=5120x128x1x1 type_src0=22 rows=128 cols=17408 stream=0x62943398f3e0 total_ms=0.1270 host_ms=0.2399 err_el=0 err_q0=0 err_q1=0
GGML_OP_PROFILE op=mul_mat name=node_1735 ne=10240x128x1x1 type_src0=22 rows=128 cols=5120 stream=0x62943398f3e0 total_ms=0.1107 host_ms=0.1316 err_el=0 err_q0=0 err_q1=0
GGML_OP_PROFILE op=mul_mat name=node_1756 ne=48x128x1x1 type_src0=8 rows=128 cols=5120 stream=0x62943398f3e0 total_ms=0.1207 host_ms=0.1460 err_el=0 err_q0=0 err_q1=0
GGML_OP_PROFILE op=mul_mat name=node_1762 ne=48x128x1x1 type_src0=8 rows=128 cols=5120 stream=0x62943398f3e0 total_ms=0.1520 host_ms=0.1769 err_el=0 err_q0=0 err_q1=0
GGML_OP_PROFILE op=mul_mat name=z-30 ne=6144x128x1x1 type_src0=10 rows=128 cols=5120 stream=0x62943398f3e0 total_ms=0.0840 host_ms=0.2000 err_el=0 err_q0=0 err_q1=0
GGML_OP_PROFILE op=mul_mat name=linear_attn_out-30 ne=5120x128x1x1 type_src0=10 rows=128 cols=6144 stream=0x62943398f3e0 total_ms=0.0816 host_ms=0.1089 err_el=0 err_q0=0 err_q1=0
GGML_OP_PROFILE op=mul_mat name=ffn_gate-30 ne=17408x128x1x1 type_src0=29 rows=128 cols=5120 stream=0x62943398f3e0 total_ms=0.2895 host_ms=0.3524 err_el=0 err_q0=0 err_q1=0
GGML_OP_PROFILE op=mul_mat name=ffn_up-30 ne=17408x128x1x1 type_src0=22 rows=128 cols=5120 stream=0x62943398f3e0 total_ms=0.1612 host_ms=0.1995 err_el=0 err_q0=0 err_q1=0
GGML_OP_PROFILE op=mul_mat name=ffn_out-30 ne=5120x128x1x1 type_src0=22 rows=128 cols=17408 stream=0x62943398f3e0 total_ms=0.1234 host_ms=0.1570 err_el=0 err_q0=0 err_q1=0
GGML_OP_PROFILE op=mul_mat name=Qcur_full-31 ne=12288x128x1x1 type_src0=10 rows=128 cols=5120 stream=0x62943398f3e0 total_ms=0.1403 host_ms=0.2089 err_el=0 err_q0=0 err_q1=0
GGML_OP_PROFILE op=mul_mat name=Vcur-31 ne=1024x128x1x1 type_src0=12 rows=128 cols=5120 stream=0x62943398f3e0 total_ms=0.1024 host_ms=0.1230 err_el=0 err_q0=0 err_q1=0
GGML_OP_PROFILE op=mul_mat name=Kcur-31 ne=1024x128x1x1 type_src0=23 rows=128 cols=5120 stream=0x62943398f3e0 total_ms=0.0889 host_ms=0.1324 err_el=0 err_q0=0 err_q1=0
GGML_OP_PROFILE op=mul_mat name=attn_output-31 ne=5120x128x1x1 type_src0=21 rows=128 cols=6144 stream=0x62943398f3e0 total_ms=0.0546 host_ms=0.0969 err_el=0 err_q0=0 err_q1=0
GGML_OP_PROFILE op=mul_mat name=ffn_gate-31 ne=17408x128x1x1 type_src0=16 rows=128 cols=5120 stream=0x62943398f3e0 total_ms=0.0917 host_ms=0.1567 err_el=0 err_q0=0 err_q1=0
GGML_OP_PROFILE op=mul_mat name=ffn_up-31 ne=17408x128x1x1 type_src0=22 rows=128 cols=5120 stream=0x62943398f3e0 total_ms=0.1340 host_ms=0.1720 err_el=0 err_q0=0 err_q1=0
GGML_OP_PROFILE op=mul_mat name=ffn_out-31 ne=5120x128x1x1 type_src0=16 rows=128 cols=17408 stream=0x62943398f3e0 total_ms=0.1435 host_ms=0.1642 err_el=0 err_q0=0 err_q1=0
GGML_OP_PROFILE op=mul_mat name=node_1837 ne=10240x128x1x1 type_src0=18 rows=128 cols=5120 stream=0x62943398f3e0 total_ms=0.0721 host_ms=0.1243 err_el=0 err_q0=0 err_q1=0
GGML_OP_PROFILE op=mul_mat name=node_1858 ne=48x128x1x1 type_src0=8 rows=128 cols=5120 stream=0x62943398f3e0 total_ms=0.1300 host_ms=0.1573 err_el=0 err_q0=0 err_q1=0
GGML_OP_PROFILE op=mul_mat name=node_1864 ne=48x128x1x1 type_src0=8 rows=128 cols=5120 stream=0x62943398f3e0 total_ms=0.1343 host_ms=0.1612 err_el=0 err_q0=0 err_q1=0
GGML_OP_PROFILE op=mul_mat name=z-32 ne=6144x128x1x1 type_src0=10 rows=128 cols=5120 stream=0x62943398f3e0 total_ms=0.0840 host_ms=0.2016 err_el=0 err_q0=0 err_q1=0
GGML_OP_PROFILE op=mul_mat name=linear_attn_out-32 ne=5120x128x1x1 type_src0=18 rows=128 cols=6144 stream=0x62943398f3e0 total_ms=0.0724 host_ms=0.1023 err_el=0 err_q0=0 err_q1=0
GGML_OP_PROFILE op=mul_mat name=ffn_gate-32 ne=17408x128x1x1 type_src0=17 rows=128 cols=5120 stream=0x62943398f3e0 total_ms=0.1888 host_ms=0.2122 err_el=0 err_q0=0 err_q1=0
GGML_OP_PROFILE op=mul_mat name=ffn_up-32 ne=17408x128x1x1 type_src0=10 rows=128 cols=5120 stream=0x62943398f3e0 total_ms=0.2189 host_ms=0.2562 err_el=0 err_q0=0 err_q1=0
GGML_OP_PROFILE op=mul_mat name=ffn_out-32 ne=5120x128x1x1 type_src0=10 rows=128 cols=17408 stream=0x62943398f3e0 total_ms=0.1768 host_ms=0.2147 err_el=0 err_q0=0 err_q1=0
GGML_OP_PROFILE op=mul_mat name=node_1900 ne=10240x128x1x1 type_src0=18 rows=128 cols=5120 stream=0x62943398f3e0 total_ms=0.1277 host_ms=0.1536 err_el=0 err_q0=0 err_q1=0
GGML_OP_PROFILE op=mul_mat name=node_1921 ne=48x128x1x1 type_src0=8 rows=128 cols=5120 stream=0x62943398f3e0 total_ms=0.0615 host_ms=0.0877 err_el=0 err_q0=0 err_q1=0
GGML_OP_PROFILE op=mul_mat name=node_1927 ne=48x128x1x1 type_src0=8 rows=128 cols=5120 stream=0x62943398f3e0 total_ms=0.0410 host_ms=0.1424 err_el=0 err_q0=0 err_q1=0
GGML_OP_PROFILE op=mul_mat name=z-33 ne=6144x128x1x1 type_src0=10 rows=128 cols=5120 stream=0x62943398f3e0 total_ms=0.0758 host_ms=0.1986 err_el=0 err_q0=0 err_q1=0
GGML_OP_PROFILE op=mul_mat name=linear_attn_out-33 ne=5120x128x1x1 type_src0=18 rows=128 cols=6144 stream=0x62943398f3e0 total_ms=0.0525 host_ms=0.0854 err_el=0 err_q0=0 err_q1=0
GGML_OP_PROFILE op=mul_mat name=ffn_gate-33 ne=17408x128x1x1 type_src0=17 rows=128 cols=5120 stream=0x62943398f3e0 total_ms=0.1581 host_ms=0.1849 err_el=0 err_q0=0 err_q1=0
GGML_OP_PROFILE op=mul_mat name=ffn_up-33 ne=17408x128x1x1 type_src0=10 rows=128 cols=5120 stream=0x62943398f3e0 total_ms=0.1933 host_ms=0.2349 err_el=0 err_q0=0 err_q1=0
GGML_OP_PROFILE op=mul_mat name=ffn_out-33 ne=5120x128x1x1 type_src0=17 rows=128 cols=17408 stream=0x62943398f3e0 total_ms=0.1283 host_ms=0.1637 err_el=0 err_q0=0 err_q1=0
GGML_OP_PROFILE op=mul_mat name=node_1963 ne=10240x128x1x1 type_src0=18 rows=128 cols=5120 stream=0x62943398f3e0 total_ms=0.0732 host_ms=0.1331 err_el=0 err_q0=0 err_q1=0
GGML_OP_PROFILE op=mul_mat name=node_1984 ne=48x128x1x1 type_src0=8 rows=128 cols=5120 stream=0x62943398f3e0 total_ms=0.0794 host_ms=0.1171 err_el=0 err_q0=0 err_q1=0
GGML_OP_PROFILE op=mul_mat name=node_1990 ne=48x128x1x1 type_src0=8 rows=128 cols=5120 stream=0x62943398f3e0 total_ms=0.0439 host_ms=0.1002 err_el=0 err_q0=0 err_q1=0
GGML_OP_PROFILE op=mul_mat name=z-34 ne=6144x128x1x1 type_src0=10 rows=128 cols=5120 stream=0x62943398f3e0 total_ms=0.0845 host_ms=0.1720 err_el=0 err_q0=0 err_q1=0
GGML_OP_PROFILE op=mul_mat name=linear_attn_out-34 ne=5120x128x1x1 type_src0=18 rows=128 cols=6144 stream=0x62943398f3e0 total_ms=0.0509 host_ms=0.0798 err_el=0 err_q0=0 err_q1=0
GGML_OP_PROFILE op=mul_mat name=ffn_gate-34 ne=17408x128x1x1 type_src0=10 rows=128 cols=5120 stream=0x62943398f3e0 total_ms=0.1656 host_ms=0.1907 err_el=0 err_q0=0 err_q1=0
GGML_OP_PROFILE op=mul_mat name=ffn_up-34 ne=17408x128x1x1 type_src0=10 rows=128 cols=5120 stream=0x62943398f3e0 total_ms=0.1744 host_ms=0.2225 err_el=0 err_q0=0 err_q1=0
GGML_OP_PROFILE op=mul_mat name=ffn_out-34 ne=5120x128x1x1 type_src0=18 rows=128 cols=17408 stream=0x62943398f3e0 total_ms=0.1086 host_ms=0.1457 err_el=0 err_q0=0 err_q1=0
GGML_OP_PROFILE op=mul_mat name=Qcur_full-35 ne=12288x128x1x1 type_src0=10 rows=128 cols=5120 stream=0x62943398f3e0 total_ms=0.1359 host_ms=0.1674 err_el=0 err_q0=0 err_q1=0
GGML_OP_PROFILE op=mul_mat name=Vcur-35 ne=1024x128x1x1 type_src0=12 rows=128 cols=5120 stream=0x62943398f3e0 total_ms=0.0487 host_ms=0.0815 err_el=0 err_q0=0 err_q1=0
GGML_OP_PROFILE op=mul_mat name=Kcur-35 ne=1024x128x1x1 type_src0=23 rows=128 cols=5120 stream=0x62943398f3e0 total_ms=0.0545 host_ms=0.0943 err_el=0 err_q0=0 err_q1=0
GGML_OP_PROFILE op=mul_mat name=attn_output-35 ne=5120x128x1x1 type_src0=21 rows=128 cols=6144 stream=0x62943398f3e0 total_ms=0.0543 host_ms=0.1370 err_el=0 err_q0=0 err_q1=0
GGML_OP_PROFILE op=mul_mat name=ffn_gate-35 ne=17408x128x1x1 type_src0=17 rows=128 cols=5120 stream=0x62943398f3e0 total_ms=0.1268 host_ms=0.1554 err_el=0 err_q0=0 err_q1=0
GGML_OP_PROFILE op=mul_mat name=ffn_up-35 ne=17408x128x1x1 type_src0=10 rows=128 cols=5120 stream=0x62943398f3e0 total_ms=0.1795 host_ms=0.2180 err_el=0 err_q0=0 err_q1=0
GGML_OP_PROFILE op=mul_mat name=ffn_out-35 ne=5120x128x1x1 type_src0=18 rows=128 cols=17408 stream=0x62943398f3e0 total_ms=0.1076 host_ms=0.1487 err_el=0 err_q0=0 err_q1=0
GGML_OP_PROFILE op=mul_mat name=node_2065 ne=10240x128x1x1 type_src0=10 rows=128 cols=5120 stream=0x62943398f3e0 total_ms=0.1179 host_ms=0.1534 err_el=0 err_q0=0 err_q1=0
GGML_OP_PROFILE op=mul_mat name=node_2086 ne=48x128x1x1 type_src0=8 rows=128 cols=5120 stream=0x62943398f3e0 total_ms=0.0468 host_ms=0.0846 err_el=0 err_q0=0 err_q1=0
GGML_OP_PROFILE op=mul_mat name=node_2092 ne=48x128x1x1 type_src0=8 rows=128 cols=5120 stream=0x62943398f3e0 total_ms=0.0437 host_ms=0.0669 err_el=0 err_q0=0 err_q1=0
GGML_OP_PROFILE op=mul_mat name=z-36 ne=6144x128x1x1 type_src0=10 rows=128 cols=5120 stream=0x62943398f3e0 total_ms=0.0758 host_ms=0.1975 err_el=0 err_q0=0 err_q1=0
GGML_OP_PROFILE op=mul_mat name=linear_attn_out-36 ne=5120x128x1x1 type_src0=18 rows=128 cols=6144 stream=0x62943398f3e0 total_ms=0.0570 host_ms=0.0853 err_el=0 err_q0=0 err_q1=0
GGML_OP_PROFILE op=mul_mat name=ffn_gate-36 ne=17408x128x1x1 type_src0=10 rows=128 cols=5120 stream=0x62943398f3e0 total_ms=0.1676 host_ms=0.1933 err_el=0 err_q0=0 err_q1=0
GGML_OP_PROFILE op=mul_mat name=ffn_up-36 ne=17408x128x1x1 type_src0=10 rows=128 cols=5120 stream=0x62943398f3e0 total_ms=0.1712 host_ms=0.2081 err_el=0 err_q0=0 err_q1=0
GGML_OP_PROFILE op=mul_mat name=ffn_out-36 ne=5120x128x1x1 type_src0=18 rows=128 cols=17408 stream=0x62943398f3e0 total_ms=0.1483 host_ms=0.1809 err_el=0 err_q0=0 err_q1=0
GGML_OP_PROFILE op=mul_mat name=node_2128 ne=10240x128x1x1 type_src0=10 rows=128 cols=5120 stream=0x62943398f3e0 total_ms=0.1111 host_ms=0.1394 err_el=0 err_q0=0 err_q1=0
GGML_OP_PROFILE op=mul_mat name=node_2149 ne=48x128x1x1 type_src0=8 rows=128 cols=5120 stream=0x62943398f3e0 total_ms=0.0470 host_ms=0.0979 err_el=0 err_q0=0 err_q1=0
GGML_OP_PROFILE op=mul_mat name=node_2155 ne=48x128x1x1 type_src0=8 rows=128 cols=5120 stream=0x62943398f3e0 total_ms=0.0655 host_ms=0.0876 err_el=0 err_q0=0 err_q1=0
GGML_OP_PROFILE op=mul_mat name=z-37 ne=6144x128x1x1 type_src0=10 rows=128 cols=5120 stream=0x62943398f3e0 total_ms=0.0758 host_ms=0.1996 err_el=0 err_q0=0 err_q1=0
GGML_OP_PROFILE op=mul_mat name=linear_attn_out-37 ne=5120x128x1x1 type_src0=18 rows=128 cols=6144 stream=0x62943398f3e0 total_ms=0.0642 host_ms=0.0952 err_el=0 err_q0=0 err_q1=0
GGML_OP_PROFILE op=mul_mat name=ffn_gate-37 ne=17408x128x1x1 type_src0=10 rows=128 cols=5120 stream=0x62943398f3e0 total_ms=0.1680 host_ms=0.1943 err_el=0 err_q0=0 err_q1=0
GGML_OP_PROFILE op=mul_mat name=ffn_up-37 ne=17408x128x1x1 type_src0=10 rows=128 cols=5120 stream=0x62943398f3e0 total_ms=0.2281 host_ms=0.2628 err_el=0 err_q0=0 err_q1=0
GGML_OP_PROFILE op=mul_mat name=ffn_out-37 ne=5120x128x1x1 type_src0=18 rows=128 cols=17408 stream=0x62943398f3e0 total_ms=0.1067 host_ms=0.1429 err_el=0 err_q0=0 err_q1=0
GGML_OP_PROFILE op=mul_mat name=node_2191 ne=10240x128x1x1 type_src0=17 rows=128 cols=5120 stream=0x62943398f3e0 total_ms=0.0965 host_ms=0.1246 err_el=0 err_q0=0 err_q1=0
GGML_OP_PROFILE op=mul_mat name=node_2212 ne=48x128x1x1 type_src0=8 rows=128 cols=5120 stream=0x62943398f3e0 total_ms=0.0493 host_ms=0.0866 err_el=0 err_q0=0 err_q1=0
GGML_OP_PROFILE op=mul_mat name=node_2218 ne=48x128x1x1 type_src0=8 rows=128 cols=5120 stream=0x62943398f3e0 total_ms=0.0471 host_ms=0.0694 err_el=0 err_q0=0 err_q1=0
GGML_OP_PROFILE op=mul_mat name=z-38 ne=6144x128x1x1 type_src0=10 rows=128 cols=5120 stream=0x62943398f3e0 total_ms=0.0840 host_ms=0.2076 err_el=0 err_q0=0 err_q1=0
GGML_OP_PROFILE op=mul_mat name=linear_attn_out-38 ne=5120x128x1x1 type_src0=10 rows=128 cols=6144 stream=0x62943398f3e0 total_ms=0.0796 host_ms=0.1092 err_el=0 err_q0=0 err_q1=0
GGML_OP_PROFILE op=mul_mat name=ffn_gate-38 ne=17408x128x1x1 type_src0=10 rows=128 cols=5120 stream=0x62943398f3e0 total_ms=0.1666 host_ms=0.1916 err_el=0 err_q0=0 err_q1=0
GGML_OP_PROFILE op=mul_mat name=ffn_up-38 ne=17408x128x1x1 type_src0=18 rows=128 cols=5120 stream=0x62943398f3e0 total_ms=0.1133 host_ms=0.1511 err_el=0 err_q0=0 err_q1=0
GGML_OP_PROFILE op=mul_mat name=ffn_out-38 ne=5120x128x1x1 type_src0=18 rows=128 cols=17408 stream=0x62943398f3e0 total_ms=0.0984 host_ms=0.2266 err_el=0 err_q0=0 err_q1=0
GGML_OP_PROFILE op=mul_mat name=Qcur_full-39 ne=12288x128x1x1 type_src0=10 rows=128 cols=5120 stream=0x62943398f3e0 total_ms=0.1370 host_ms=0.1679 err_el=0 err_q0=0 err_q1=0
GGML_OP_PROFILE op=mul_mat name=Vcur-39 ne=1024x128x1x1 type_src0=23 rows=128 cols=5120 stream=0x62943398f3e0 total_ms=0.0491 host_ms=0.0785 err_el=0 err_q0=0 err_q1=0
GGML_OP_PROFILE op=mul_mat name=Kcur-39 ne=1024x128x1x1 type_src0=18 rows=128 cols=5120 stream=0x62943398f3e0 total_ms=0.0551 host_ms=0.0931 err_el=0 err_q0=0 err_q1=0
GGML_OP_PROFILE op=mul_mat name=attn_output-39 ne=5120x128x1x1 type_src0=21 rows=128 cols=6144 stream=0x62943398f3e0 total_ms=0.1096 host_ms=0.1581 err_el=0 err_q0=0 err_q1=0
GGML_OP_PROFILE op=mul_mat name=ffn_gate-39 ne=17408x128x1x1 type_src0=10 rows=128 cols=5120 stream=0x62943398f3e0 total_ms=0.1697 host_ms=0.2004 err_el=0 err_q0=0 err_q1=0
GGML_OP_PROFILE op=mul_mat name=ffn_up-39 ne=17408x128x1x1 type_src0=18 rows=128 cols=5120 stream=0x62943398f3e0 total_ms=0.1432 host_ms=0.1831 err_el=0 err_q0=0 err_q1=0
GGML_OP_PROFILE op=mul_mat name=ffn_out-39 ne=5120x128x1x1 type_src0=18 rows=128 cols=17408 stream=0x62943398f3e0 total_ms=0.1014 host_ms=0.1406 err_el=0 err_q0=0 err_q1=0
GGML_OP_PROFILE op=mul_mat name=node_2293 ne=10240x128x1x1 type_src0=10 rows=128 cols=5120 stream=0x62943398f3e0 total_ms=0.1215 host_ms=0.1468 err_el=0 err_q0=0 err_q1=0
GGML_OP_PROFILE op=mul_mat name=node_2314 ne=48x128x1x1 type_src0=8 rows=128 cols=5120 stream=0x62943398f3e0 total_ms=0.0492 host_ms=0.1250 err_el=0 err_q0=0 err_q1=0
GGML_OP_PROFILE op=mul_mat name=node_2320 ne=48x128x1x1 type_src0=8 rows=128 cols=5120 stream=0x62943398f3e0 total_ms=0.0460 host_ms=0.0728 err_el=0 err_q0=0 err_q1=0
GGML_OP_PROFILE op=mul_mat name=z-40 ne=6144x128x1x1 type_src0=10 rows=128 cols=5120 stream=0x62943398f3e0 total_ms=0.0778 host_ms=0.2021 err_el=0 err_q0=0 err_q1=0
GGML_OP_PROFILE op=mul_mat name=linear_attn_out-40 ne=5120x128x1x1 type_src0=18 rows=128 cols=6144 stream=0x62943398f3e0 total_ms=0.0622 host_ms=0.0927 err_el=0 err_q0=0 err_q1=0
GGML_OP_PROFILE op=mul_mat name=ffn_gate-40 ne=17408x128x1x1 type_src0=10 rows=128 cols=5120 stream=0x62943398f3e0 total_ms=0.1707 host_ms=0.2040 err_el=0 err_q0=0 err_q1=0
GGML_OP_PROFILE op=mul_mat name=ffn_up-40 ne=17408x128x1x1 type_src0=18 rows=128 cols=5120 stream=0x62943398f3e0 total_ms=0.1046 host_ms=0.1413 err_el=0 err_q0=0 err_q1=0
GGML_OP_PROFILE op=mul_mat name=ffn_out-40 ne=5120x128x1x1 type_src0=18 rows=128 cols=17408 stream=0x62943398f3e0 total_ms=0.1029 host_ms=0.1364 err_el=0 err_q0=0 err_q1=0
GGML_OP_PROFILE op=mul_mat name=node_2356 ne=10240x128x1x1 type_src0=10 rows=128 cols=5120 stream=0x62943398f3e0 total_ms=0.1216 host_ms=0.1530 err_el=0 err_q0=0 err_q1=0
GGML_OP_PROFILE op=mul_mat name=node_2377 ne=48x128x1x1 type_src0=8 rows=128 cols=5120 stream=0x62943398f3e0 total_ms=0.0675 host_ms=0.0972 err_el=0 err_q0=0 err_q1=0
GGML_OP_PROFILE op=mul_mat name=node_2383 ne=48x128x1x1 type_src0=8 rows=128 cols=5120 stream=0x62943398f3e0 total_ms=0.0480 host_ms=0.0735 err_el=0 err_q0=0 err_q1=0
GGML_OP_PROFILE op=mul_mat name=z-41 ne=6144x128x1x1 type_src0=10 rows=128 cols=5120 stream=0x62943398f3e0 total_ms=0.0758 host_ms=0.2000 err_el=0 err_q0=0 err_q1=0
GGML_OP_PROFILE op=mul_mat name=linear_attn_out-41 ne=5120x128x1x1 type_src0=18 rows=128 cols=6144 stream=0x62943398f3e0 total_ms=0.0622 host_ms=0.0911 err_el=0 err_q0=0 err_q1=0
GGML_OP_PROFILE op=mul_mat name=ffn_gate-41 ne=17408x128x1x1 type_src0=18 rows=128 cols=5120 stream=0x62943398f3e0 total_ms=0.0988 host_ms=0.1250 err_el=0 err_q0=0 err_q1=0
GGML_OP_PROFILE op=mul_mat name=ffn_up-41 ne=17408x128x1x1 type_src0=18 rows=128 cols=5120 stream=0x62943398f3e0 total_ms=0.1023 host_ms=0.1357 err_el=0 err_q0=0 err_q1=0
GGML_OP_PROFILE op=mul_mat name=ffn_out-41 ne=5120x128x1x1 type_src0=18 rows=128 cols=17408 stream=0x62943398f3e0 total_ms=0.1062 host_ms=0.1371 err_el=0 err_q0=0 err_q1=0
GGML_OP_PROFILE op=mul_mat name=node_2419 ne=10240x128x1x1 type_src0=10 rows=128 cols=5120 stream=0x62943398f3e0 total_ms=0.1226 host_ms=0.1479 err_el=0 err_q0=0 err_q1=0
GGML_OP_PROFILE op=mul_mat name=node_2440 ne=48x128x1x1 type_src0=8 rows=128 cols=5120 stream=0x62943398f3e0 total_ms=0.0855 host_ms=0.1156 err_el=0 err_q0=0 err_q1=0
GGML_OP_PROFILE op=mul_mat name=node_2446 ne=48x128x1x1 type_src0=8 rows=128 cols=5120 stream=0x62943398f3e0 total_ms=0.0481 host_ms=0.0723 err_el=0 err_q0=0 err_q1=0
GGML_OP_PROFILE op=mul_mat name=z-42 ne=6144x128x1x1 type_src0=10 rows=128 cols=5120 stream=0x62943398f3e0 total_ms=0.0778 host_ms=0.2002 err_el=0 err_q0=0 err_q1=0
GGML_OP_PROFILE op=mul_mat name=linear_attn_out-42 ne=5120x128x1x1 type_src0=18 rows=128 cols=6144 stream=0x62943398f3e0 total_ms=0.0608 host_ms=0.0974 err_el=0 err_q0=0 err_q1=0
GGML_OP_PROFILE op=mul_mat name=ffn_gate-42 ne=17408x128x1x1 type_src0=10 rows=128 cols=5120 stream=0x62943398f3e0 total_ms=0.2004 host_ms=0.2281 err_el=0 err_q0=0 err_q1=0
GGML_OP_PROFILE op=mul_mat name=ffn_up-42 ne=17408x128x1x1 type_src0=18 rows=128 cols=5120 stream=0x62943398f3e0 total_ms=0.1028 host_ms=0.1536 err_el=0 err_q0=0 err_q1=0
GGML_OP_PROFILE op=mul_mat name=ffn_out-42 ne=5120x128x1x1 type_src0=10 rows=128 cols=17408 stream=0x62943398f3e0 total_ms=0.1759 host_ms=0.2081 err_el=0 err_q0=0 err_q1=0
GGML_OP_PROFILE op=mul_mat name=Qcur_full-43 ne=12288x128x1x1 type_src0=18 rows=128 cols=5120 stream=0x62943398f3e0 total_ms=0.1226 host_ms=0.1497 err_el=0 err_q0=0 err_q1=0
GGML_OP_PROFILE op=mul_mat name=Vcur-43 ne=1024x128x1x1 type_src0=23 rows=128 cols=5120 stream=0x62943398f3e0 total_ms=0.3541 host_ms=0.3862 err_el=0 err_q0=0 err_q1=0
GGML_OP_PROFILE op=mul_mat name=Kcur-43 ne=1024x128x1x1 type_src0=23 rows=128 cols=5120 stream=0x62943398f3e0 total_ms=0.0457 host_ms=0.0911 err_el=0 err_q0=0 err_q1=0
GGML_OP_PROFILE op=mul_mat name=attn_output-43 ne=5120x128x1x1 type_src0=23 rows=128 cols=6144 stream=0x62943398f3e0 total_ms=0.0527 host_ms=0.0904 err_el=0 err_q0=0 err_q1=0
GGML_OP_PROFILE op=mul_mat name=ffn_gate-43 ne=17408x128x1x1 type_src0=10 rows=128 cols=5120 stream=0x62943398f3e0 total_ms=0.1797 host_ms=0.2054 err_el=0 err_q0=0 err_q1=0
GGML_OP_PROFILE op=mul_mat name=ffn_up-43 ne=17408x128x1x1 type_src0=18 rows=128 cols=5120 stream=0x62943398f3e0 total_ms=0.1104 host_ms=0.1458 err_el=0 err_q0=0 err_q1=0
GGML_OP_PROFILE op=mul_mat name=ffn_out-43 ne=5120x128x1x1 type_src0=10 rows=128 cols=17408 stream=0x62943398f3e0 total_ms=0.1810 host_ms=0.2151 err_el=0 err_q0=0 err_q1=0
GGML_OP_PROFILE op=mul_mat name=node_2521 ne=10240x128x1x1 type_src0=10 rows=128 cols=5120 stream=0x62943398f3e0 total_ms=0.1136 host_ms=0.1361 err_el=0 err_q0=0 err_q1=0
GGML_OP_PROFILE op=mul_mat name=node_2542 ne=48x128x1x1 type_src0=8 rows=128 cols=5120 stream=0x62943398f3e0 total_ms=0.0943 host_ms=0.1181 err_el=0 err_q0=0 err_q1=0
GGML_OP_PROFILE op=mul_mat name=node_2548 ne=48x128x1x1 type_src0=8 rows=128 cols=5120 stream=0x62943398f3e0 total_ms=0.0845 host_ms=0.1127 err_el=0 err_q0=0 err_q1=0
GGML_OP_PROFILE op=mul_mat name=z-44 ne=6144x128x1x1 type_src0=10 rows=128 cols=5120 stream=0x62943398f3e0 total_ms=0.0778 host_ms=0.2083 err_el=0 err_q0=0 err_q1=0
GGML_OP_PROFILE op=mul_mat name=linear_attn_out-44 ne=5120x128x1x1 type_src0=18 rows=128 cols=6144 stream=0x62943398f3e0 total_ms=0.0578 host_ms=0.0855 err_el=0 err_q0=0 err_q1=0
GGML_OP_PROFILE op=mul_mat name=ffn_gate-44 ne=17408x128x1x1 type_src0=10 rows=128 cols=5120 stream=0x62943398f3e0 total_ms=0.2113 host_ms=0.2370 err_el=0 err_q0=0 err_q1=0
GGML_OP_PROFILE op=mul_mat name=ffn_up-44 ne=17408x128x1x1 type_src0=10 rows=128 cols=5120 stream=0x62943398f3e0 total_ms=0.1722 host_ms=0.2092 err_el=0 err_q0=0 err_q1=0
GGML_OP_PROFILE op=mul_mat name=ffn_out-44 ne=5120x128x1x1 type_src0=10 rows=128 cols=17408 stream=0x62943398f3e0 total_ms=0.1757 host_ms=0.2134 err_el=0 err_q0=0 err_q1=0
GGML_OP_PROFILE op=mul_mat name=node_2584 ne=10240x128x1x1 type_src0=18 rows=128 cols=5120 stream=0x62943398f3e0 total_ms=0.1253 host_ms=0.1462 err_el=0 err_q0=0 err_q1=0
GGML_OP_PROFILE op=mul_mat name=node_2605 ne=48x128x1x1 type_src0=8 rows=128 cols=5120 stream=0x62943398f3e0 total_ms=0.0509 host_ms=0.1297 err_el=0 err_q0=0 err_q1=0
GGML_OP_PROFILE op=mul_mat name=node_2611 ne=48x128x1x1 type_src0=8 rows=128 cols=5120 stream=0x62943398f3e0 total_ms=0.0845 host_ms=0.1059 err_el=0 err_q0=0 err_q1=0
GGML_OP_PROFILE op=mul_mat name=z-45 ne=6144x128x1x1 type_src0=17 rows=128 cols=5120 stream=0x62943398f3e0 total_ms=0.0655 host_ms=0.1830 err_el=0 err_q0=0 err_q1=0
GGML_OP_PROFILE op=mul_mat name=linear_attn_out-45 ne=5120x128x1x1 type_src0=10 rows=128 cols=6144 stream=0x62943398f3e0 total_ms=0.0835 host_ms=0.1106 err_el=0 err_q0=0 err_q1=0
GGML_OP_PROFILE op=mul_mat name=ffn_gate-45 ne=17408x128x1x1 type_src0=10 rows=128 cols=5120 stream=0x62943398f3e0 total_ms=0.1664 host_ms=0.2067 err_el=0 err_q0=0 err_q1=0
GGML_OP_PROFILE op=mul_mat name=ffn_up-45 ne=17408x128x1x1 type_src0=10 rows=128 cols=5120 stream=0x62943398f3e0 total_ms=0.1744 host_ms=0.2094 err_el=0 err_q0=0 err_q1=0
GGML_OP_PROFILE op=mul_mat name=ffn_out-45 ne=5120x128x1x1 type_src0=10 rows=128 cols=17408 stream=0x62943398f3e0 total_ms=0.1792 host_ms=0.2109 err_el=0 err_q0=0 err_q1=0
GGML_OP_PROFILE op=mul_mat name=node_2647 ne=10240x128x1x1 type_src0=18 rows=128 cols=5120 stream=0x62943398f3e0 total_ms=0.1115 host_ms=0.1333 err_el=0 err_q0=0 err_q1=0
GGML_OP_PROFILE op=mul_mat name=node_2668 ne=48x128x1x1 type_src0=8 rows=128 cols=5120 stream=0x62943398f3e0 total_ms=0.0504 host_ms=0.1248 err_el=0 err_q0=0 err_q1=0
GGML_OP_PROFILE op=mul_mat name=node_2674 ne=48x128x1x1 type_src0=8 rows=128 cols=5120 stream=0x62943398f3e0 total_ms=0.0829 host_ms=0.1039 err_el=0 err_q0=0 err_q1=0
GGML_OP_PROFILE op=mul_mat name=z-46 ne=6144x128x1x1 type_src0=10 rows=128 cols=5120 stream=0x62943398f3e0 total_ms=0.0775 host_ms=0.1961 err_el=0 err_q0=0 err_q1=0
GGML_OP_PROFILE op=mul_mat name=linear_attn_out-46 ne=5120x128x1x1 type_src0=18 rows=128 cols=6144 stream=0x62943398f3e0 total_ms=0.0519 host_ms=0.0802 err_el=0 err_q0=0 err_q1=0
GGML_OP_PROFILE op=mul_mat name=ffn_gate-46 ne=17408x128x1x1 type_src0=17 rows=128 cols=5120 stream=0x62943398f3e0 total_ms=0.1605 host_ms=0.1835 err_el=0 err_q0=0 err_q1=0
GGML_OP_PROFILE op=mul_mat name=ffn_up-46 ne=17408x128x1x1 type_src0=10 rows=128 cols=5120 stream=0x62943398f3e0 total_ms=0.1757 host_ms=0.2112 err_el=0 err_q0=0 err_q1=0
GGML_OP_PROFILE op=mul_mat name=ffn_out-46 ne=5120x128x1x1 type_src0=10 rows=128 cols=17408 stream=0x62943398f3e0 total_ms=0.1782 host_ms=0.2111 err_el=0 err_q0=0 err_q1=0
GGML_OP_PROFILE op=mul_mat name=Qcur_full-47 ne=12288x128x1x1 type_src0=10 rows=128 cols=5120 stream=0x62943398f3e0 total_ms=0.1295 host_ms=0.1571 err_el=0 err_q0=0 err_q1=0
GGML_OP_PROFILE op=mul_mat name=Vcur-47 ne=1024x128x1x1 type_src0=23 rows=128 cols=5120 stream=0x62943398f3e0 total_ms=0.0768 host_ms=0.0985 err_el=0 err_q0=0 err_q1=0
GGML_OP_PROFILE op=mul_mat name=Kcur-47 ne=1024x128x1x1 type_src0=23 rows=128 cols=5120 stream=0x62943398f3e0 total_ms=0.0458 host_ms=0.0897 err_el=0 err_q0=0 err_q1=0
GGML_OP_PROFILE op=mul_mat name=attn_output-47 ne=5120x128x1x1 type_src0=18 rows=128 cols=6144 stream=0x62943398f3e0 total_ms=0.2759 host_ms=0.3075 err_el=0 err_q0=0 err_q1=0
GGML_OP_PROFILE op=mul_mat name=ffn_gate-47 ne=17408x128x1x1 type_src0=10 rows=128 cols=5120 stream=0x62943398f3e0 total_ms=0.1686 host_ms=0.1922 err_el=0 err_q0=0 err_q1=0
GGML_OP_PROFILE op=mul_mat name=ffn_up-47 ne=17408x128x1x1 type_src0=10 rows=128 cols=5120 stream=0x62943398f3e0 total_ms=0.2162 host_ms=0.2552 err_el=0 err_q0=0 err_q1=0
GGML_OP_PROFILE op=mul_mat name=ffn_out-47 ne=5120x128x1x1 type_src0=10 rows=128 cols=17408 stream=0x62943398f3e0 total_ms=0.2270 host_ms=0.2616 err_el=0 err_q0=0 err_q1=0
GGML_OP_PROFILE op=mul_mat name=node_2749 ne=10240x128x1x1 type_src0=18 rows=128 cols=5120 stream=0x62943398f3e0 total_ms=0.0734 host_ms=0.1019 err_el=0 err_q0=0 err_q1=0
GGML_OP_PROFILE op=mul_mat name=node_2770 ne=48x128x1x1 type_src0=8 rows=128 cols=5120 stream=0x62943398f3e0 total_ms=0.1149 host_ms=0.1404 err_el=0 err_q0=0 err_q1=0
GGML_OP_PROFILE op=mul_mat name=node_2776 ne=48x128x1x1 type_src0=8 rows=128 cols=5120 stream=0x62943398f3e0 total_ms=0.0483 host_ms=0.0861 err_el=0 err_q0=0 err_q1=0
GGML_OP_PROFILE op=mul_mat name=z-48 ne=6144x128x1x1 type_src0=17 rows=128 cols=5120 stream=0x62943398f3e0 total_ms=0.0655 host_ms=0.1845 err_el=0 err_q0=0 err_q1=0
GGML_OP_PROFILE op=mul_mat name=linear_attn_out-48 ne=5120x128x1x1 type_src0=18 rows=128 cols=6144 stream=0x62943398f3e0 total_ms=0.0560 host_ms=0.0882 err_el=0 err_q0=0 err_q1=0
GGML_OP_PROFILE op=mul_mat name=ffn_gate-48 ne=17408x128x1x1 type_src0=10 rows=128 cols=5120 stream=0x62943398f3e0 total_ms=0.1635 host_ms=0.1896 err_el=0 err_q0=0 err_q1=0
GGML_OP_PROFILE op=mul_mat name=ffn_up-48 ne=17408x128x1x1 type_src0=10 rows=128 cols=5120 stream=0x62943398f3e0 total_ms=0.1717 host_ms=0.2100 err_el=0 err_q0=0 err_q1=0
GGML_OP_PROFILE op=mul_mat name=ffn_out-48 ne=5120x128x1x1 type_src0=10 rows=128 cols=17408 stream=0x62943398f3e0 total_ms=0.1772 host_ms=0.2108 err_el=0 err_q0=0 err_q1=0
GGML_OP_PROFILE op=mul_mat name=node_2812 ne=10240x128x1x1 type_src0=18 rows=128 cols=5120 stream=0x62943398f3e0 total_ms=0.1063 host_ms=0.1300 err_el=0 err_q0=0 err_q1=0
GGML_OP_PROFILE op=mul_mat name=node_2833 ne=48x128x1x1 type_src0=8 rows=128 cols=5120 stream=0x62943398f3e0 total_ms=0.0503 host_ms=0.1267 err_el=0 err_q0=0 err_q1=0
GGML_OP_PROFILE op=mul_mat name=node_2839 ne=48x128x1x1 type_src0=8 rows=128 cols=5120 stream=0x62943398f3e0 total_ms=0.0465 host_ms=0.0718 err_el=0 err_q0=0 err_q1=0
GGML_OP_PROFILE op=mul_mat name=z-49 ne=6144x128x1x1 type_src0=22 rows=128 cols=5120 stream=0x62943398f3e0 total_ms=0.0655 host_ms=0.1886 err_el=0 err_q0=0 err_q1=0
GGML_OP_PROFILE op=mul_mat name=linear_attn_out-49 ne=5120x128x1x1 type_src0=18 rows=128 cols=6144 stream=0x62943398f3e0 total_ms=0.0507 host_ms=0.0800 err_el=0 err_q0=0 err_q1=0
GGML_OP_PROFILE op=mul_mat name=ffn_gate-49 ne=17408x128x1x1 type_src0=10 rows=128 cols=5120 stream=0x62943398f3e0 total_ms=0.2086 host_ms=0.2347 err_el=0 err_q0=0 err_q1=0
GGML_OP_PROFILE op=mul_mat name=ffn_up-49 ne=17408x128x1x1 type_src0=18 rows=128 cols=5120 stream=0x62943398f3e0 total_ms=0.1067 host_ms=0.1469 err_el=0 err_q0=0 err_q1=0
GGML_OP_PROFILE op=mul_mat name=ffn_out-49 ne=5120x128x1x1 type_src0=18 rows=128 cols=17408 stream=0x62943398f3e0 total_ms=0.1014 host_ms=0.1352 err_el=0 err_q0=0 err_q1=0
GGML_OP_PROFILE op=mul_mat name=node_2875 ne=10240x128x1x1 type_src0=10 rows=128 cols=5120 stream=0x62943398f3e0 total_ms=0.1474 host_ms=0.1675 err_el=0 err_q0=0 err_q1=0
GGML_OP_PROFILE op=mul_mat name=node_2896 ne=48x128x1x1 type_src0=8 rows=128 cols=5120 stream=0x62943398f3e0 total_ms=0.0468 host_ms=0.0766 err_el=0 err_q0=0 err_q1=0
GGML_OP_PROFILE op=mul_mat name=node_2902 ne=48x128x1x1 type_src0=8 rows=128 cols=5120 stream=0x62943398f3e0 total_ms=0.1100 host_ms=0.1320 err_el=0 err_q0=0 err_q1=0
GGML_OP_PROFILE op=mul_mat name=z-50 ne=6144x128x1x1 type_src0=10 rows=128 cols=5120 stream=0x62943398f3e0 total_ms=0.0778 host_ms=0.2009 err_el=0 err_q0=0 err_q1=0
GGML_OP_PROFILE op=mul_mat name=linear_attn_out-50 ne=5120x128x1x1 type_src0=21 rows=128 cols=6144 stream=0x62943398f3e0 total_ms=0.0620 host_ms=0.0936 err_el=0 err_q0=0 err_q1=0
GGML_OP_PROFILE op=mul_mat name=ffn_gate-50 ne=17408x128x1x1 type_src0=10 rows=128 cols=5120 stream=0x62943398f3e0 total_ms=0.1673 host_ms=0.1972 err_el=0 err_q0=0 err_q1=0
GGML_OP_PROFILE op=mul_mat name=ffn_up-50 ne=17408x128x1x1 type_src0=10 rows=128 cols=5120 stream=0x62943398f3e0 total_ms=0.1740 host_ms=0.2136 err_el=0 err_q0=0 err_q1=0
GGML_OP_PROFILE op=mul_mat name=ffn_out-50 ne=5120x128x1x1 type_src0=18 rows=128 cols=17408 stream=0x62943398f3e0 total_ms=0.1073 host_ms=0.1422 err_el=0 err_q0=0 err_q1=0
GGML_OP_PROFILE op=mul_mat name=Qcur_full-51 ne=12288x128x1x1 type_src0=18 rows=128 cols=5120 stream=0x62943398f3e0 total_ms=0.0795 host_ms=0.1110 err_el=0 err_q0=0 err_q1=0
GGML_OP_PROFILE op=mul_mat name=Vcur-51 ne=1024x128x1x1 type_src0=12 rows=128 cols=5120 stream=0x62943398f3e0 total_ms=0.0530 host_ms=0.0834 err_el=0 err_q0=0 err_q1=0
GGML_OP_PROFILE op=mul_mat name=Kcur-51 ne=1024x128x1x1 type_src0=23 rows=128 cols=5120 stream=0x62943398f3e0 total_ms=0.0539 host_ms=0.0912 err_el=0 err_q0=0 err_q1=0
GGML_OP_PROFILE op=mul_mat name=attn_output-51 ne=5120x128x1x1 type_src0=21 rows=128 cols=6144 stream=0x62943398f3e0 total_ms=0.0547 host_ms=0.1142 err_el=0 err_q0=0 err_q1=0
GGML_OP_PROFILE op=mul_mat name=ffn_gate-51 ne=17408x128x1x1 type_src0=10 rows=128 cols=5120 stream=0x62943398f3e0 total_ms=0.1679 host_ms=0.2840 err_el=0 err_q0=0 err_q1=0
GGML_OP_PROFILE op=mul_mat name=ffn_up-51 ne=17408x128x1x1 type_src0=18 rows=128 cols=5120 stream=0x62943398f3e0 total_ms=0.1148 host_ms=0.1528 err_el=0 err_q0=0 err_q1=0
GGML_OP_PROFILE op=mul_mat name=ffn_out-51 ne=5120x128x1x1 type_src0=18 rows=128 cols=17408 stream=0x62943398f3e0 total_ms=0.1574 host_ms=0.1788 err_el=0 err_q0=0 err_q1=0
GGML_OP_PROFILE op=mul_mat name=node_2977 ne=10240x128x1x1 type_src0=10 rows=128 cols=5120 stream=0x62943398f3e0 total_ms=0.1246 host_ms=0.1785 err_el=0 err_q0=0 err_q1=0
GGML_OP_PROFILE op=mul_mat name=node_2998 ne=48x128x1x1 type_src0=8 rows=128 cols=5120 stream=0x62943398f3e0 total_ms=0.1182 host_ms=0.1431 err_el=0 err_q0=0 err_q1=0
GGML_OP_PROFILE op=mul_mat name=node_3004 ne=48x128x1x1 type_src0=8 rows=128 cols=5120 stream=0x62943398f3e0 total_ms=0.1196 host_ms=0.1475 err_el=0 err_q0=0 err_q1=0
GGML_OP_PROFILE op=mul_mat name=z-52 ne=6144x128x1x1 type_src0=10 rows=128 cols=5120 stream=0x62943398f3e0 total_ms=0.0776 host_ms=0.1679 err_el=0 err_q0=0 err_q1=0
GGML_OP_PROFILE op=mul_mat name=linear_attn_out-52 ne=5120x128x1x1 type_src0=21 rows=128 cols=6144 stream=0x62943398f3e0 total_ms=0.0622 host_ms=0.0966 err_el=0 err_q0=0 err_q1=0
GGML_OP_PROFILE op=mul_mat name=ffn_gate-52 ne=17408x128x1x1 type_src0=10 rows=128 cols=5120 stream=0x62943398f3e0 total_ms=0.2137 host_ms=0.2327 err_el=0 err_q0=0 err_q1=0
GGML_OP_PROFILE op=mul_mat name=ffn_up-52 ne=17408x128x1x1 type_src0=18 rows=128 cols=5120 stream=0x62943398f3e0 total_ms=0.1291 host_ms=0.1709 err_el=0 err_q0=0 err_q1=0
GGML_OP_PROFILE op=mul_mat name=ffn_out-52 ne=5120x128x1x1 type_src0=18 rows=128 cols=17408 stream=0x62943398f3e0 total_ms=0.0980 host_ms=0.1344 err_el=0 err_q0=0 err_q1=0
GGML_OP_PROFILE op=mul_mat name=node_3040 ne=10240x128x1x1 type_src0=10 rows=128 cols=5120 stream=0x62943398f3e0 total_ms=0.1215 host_ms=0.1799 err_el=0 err_q0=0 err_q1=0
GGML_OP_PROFILE op=mul_mat name=node_3061 ne=48x128x1x1 type_src0=8 rows=128 cols=5120 stream=0x62943398f3e0 total_ms=0.1202 host_ms=0.1440 err_el=0 err_q0=0 err_q1=0
GGML_OP_PROFILE op=mul_mat name=node_3067 ne=48x128x1x1 type_src0=8 rows=128 cols=5120 stream=0x62943398f3e0 total_ms=0.1238 host_ms=0.1528 err_el=0 err_q0=0 err_q1=0
GGML_OP_PROFILE op=mul_mat name=z-53 ne=6144x128x1x1 type_src0=10 rows=128 cols=5120 stream=0x62943398f3e0 total_ms=0.0776 host_ms=0.1679 err_el=0 err_q0=0 err_q1=0
GGML_OP_PROFILE op=mul_mat name=linear_attn_out-53 ne=5120x128x1x1 type_src0=21 rows=128 cols=6144 stream=0x62943398f3e0 total_ms=0.0643 host_ms=0.0959 err_el=0 err_q0=0 err_q1=0
GGML_OP_PROFILE op=mul_mat name=ffn_gate-53 ne=17408x128x1x1 type_src0=10 rows=128 cols=5120 stream=0x62943398f3e0 total_ms=0.2268 host_ms=0.2473 err_el=0 err_q0=0 err_q1=0
GGML_OP_PROFILE op=mul_mat name=ffn_up-53 ne=17408x128x1x1 type_src0=18 rows=128 cols=5120 stream=0x62943398f3e0 total_ms=0.1286 host_ms=0.1695 err_el=0 err_q0=0 err_q1=0
GGML_OP_PROFILE op=mul_mat name=ffn_out-53 ne=5120x128x1x1 type_src0=18 rows=128 cols=17408 stream=0x62943398f3e0 total_ms=0.1012 host_ms=0.1388 err_el=0 err_q0=0 err_q1=0
GGML_OP_PROFILE op=mul_mat name=node_3103 ne=10240x128x1x1 type_src0=10 rows=128 cols=5120 stream=0x62943398f3e0 total_ms=0.1216 host_ms=0.1753 err_el=0 err_q0=0 err_q1=0
GGML_OP_PROFILE op=mul_mat name=node_3124 ne=48x128x1x1 type_src0=8 rows=128 cols=5120 stream=0x62943398f3e0 total_ms=0.0517 host_ms=0.1082 err_el=0 err_q0=0 err_q1=0
GGML_OP_PROFILE op=mul_mat name=node_3130 ne=48x128x1x1 type_src0=8 rows=128 cols=5120 stream=0x62943398f3e0 total_ms=0.0472 host_ms=0.0856 err_el=0 err_q0=0 err_q1=0
GGML_OP_PROFILE op=mul_mat name=z-54 ne=6144x128x1x1 type_src0=10 rows=128 cols=5120 stream=0x62943398f3e0 total_ms=0.0778 host_ms=0.1987 err_el=0 err_q0=0 err_q1=0
GGML_OP_PROFILE op=mul_mat name=linear_attn_out-54 ne=5120x128x1x1 type_src0=18 rows=128 cols=6144 stream=0x62943398f3e0 total_ms=0.0614 host_ms=0.0957 err_el=0 err_q0=0 err_q1=0
GGML_OP_PROFILE op=mul_mat name=ffn_gate-54 ne=17408x128x1x1 type_src0=18 rows=128 cols=5120 stream=0x62943398f3e0 total_ms=0.1498 host_ms=0.1750 err_el=0 err_q0=0 err_q1=0
GGML_OP_PROFILE op=mul_mat name=ffn_up-54 ne=17408x128x1x1 type_src0=18 rows=128 cols=5120 stream=0x62943398f3e0 total_ms=0.1507 host_ms=0.1875 err_el=0 err_q0=0 err_q1=0
GGML_OP_PROFILE op=mul_mat name=ffn_out-54 ne=5120x128x1x1 type_src0=21 rows=128 cols=17408 stream=0x62943398f3e0 total_ms=0.1689 host_ms=0.1941 err_el=0 err_q0=0 err_q1=0
GGML_OP_PROFILE op=mul_mat name=Qcur_full-55 ne=12288x128x1x1 type_src0=10 rows=128 cols=5120 stream=0x62943398f3e0 total_ms=0.1887 host_ms=0.2136 err_el=0 err_q0=0 err_q1=0
GGML_OP_PROFILE op=mul_mat name=Vcur-55 ne=1024x128x1x1 type_src0=23 rows=128 cols=5120 stream=0x62943398f3e0 total_ms=0.0497 host_ms=0.1201 err_el=0 err_q0=0 err_q1=0
GGML_OP_PROFILE op=mul_mat name=Kcur-55 ne=1024x128x1x1 type_src0=23 rows=128 cols=5120 stream=0x62943398f3e0 total_ms=0.0510 host_ms=0.0874 err_el=0 err_q0=0 err_q1=0
GGML_OP_PROFILE op=mul_mat name=attn_output-55 ne=5120x128x1x1 type_src0=21 rows=128 cols=6144 stream=0x62943398f3e0 total_ms=0.0540 host_ms=0.1333 err_el=0 err_q0=0 err_q1=0
GGML_OP_PROFILE op=mul_mat name=ffn_gate-55 ne=17408x128x1x1 type_src0=10 rows=128 cols=5120 stream=0x62943398f3e0 total_ms=0.1673 host_ms=0.2309 err_el=0 err_q0=0 err_q1=0
GGML_OP_PROFILE op=mul_mat name=ffn_up-55 ne=17408x128x1x1 type_src0=18 rows=128 cols=5120 stream=0x62943398f3e0 total_ms=0.1667 host_ms=0.2043 err_el=0 err_q0=0 err_q1=0
GGML_OP_PROFILE op=mul_mat name=ffn_out-55 ne=5120x128x1x1 type_src0=21 rows=128 cols=17408 stream=0x62943398f3e0 total_ms=0.1086 host_ms=0.2246 err_el=0 err_q0=0 err_q1=0
GGML_OP_PROFILE op=mul_mat name=node_3205 ne=10240x128x1x1 type_src0=21 rows=128 cols=5120 stream=0x62943398f3e0 total_ms=0.0865 host_ms=0.1033 err_el=0 err_q0=0 err_q1=0
GGML_OP_PROFILE op=mul_mat name=node_3226 ne=48x128x1x1 type_src0=8 rows=128 cols=5120 stream=0x62943398f3e0 total_ms=0.0676 host_ms=0.1166 err_el=0 err_q0=0 err_q1=0
GGML_OP_PROFILE op=mul_mat name=node_3232 ne=48x128x1x1 type_src0=8 rows=128 cols=5120 stream=0x62943398f3e0 total_ms=0.1195 host_ms=0.1470 err_el=0 err_q0=0 err_q1=0
GGML_OP_PROFILE op=mul_mat name=z-56 ne=6144x128x1x1 type_src0=21 rows=128 cols=5120 stream=0x62943398f3e0 total_ms=0.0489 host_ms=0.1658 err_el=0 err_q0=0 err_q1=0
GGML_OP_PROFILE op=mul_mat name=linear_attn_out-56 ne=5120x128x1x1 type_src0=23 rows=128 cols=6144 stream=0x62943398f3e0 total_ms=0.1057 host_ms=0.1356 err_el=0 err_q0=0 err_q1=0
GGML_OP_PROFILE op=mul_mat name=ffn_gate-56 ne=17408x128x1x1 type_src0=21 rows=128 cols=5120 stream=0x62943398f3e0 total_ms=0.1570 host_ms=0.1819 err_el=0 err_q0=0 err_q1=0
GGML_OP_PROFILE op=mul_mat name=ffn_up-56 ne=17408x128x1x1 type_src0=23 rows=128 cols=5120 stream=0x62943398f3e0 total_ms=0.1564 host_ms=0.1935 err_el=0 err_q0=0 err_q1=0
GGML_OP_PROFILE op=mul_mat name=ffn_out-56 ne=5120x128x1x1 type_src0=23 rows=128 cols=17408 stream=0x62943398f3e0 total_ms=0.0991 host_ms=0.1285 err_el=0 err_q0=0 err_q1=0
GGML_OP_PROFILE op=mul_mat name=node_3268 ne=10240x128x1x1 type_src0=18 rows=128 cols=5120 stream=0x62943398f3e0 total_ms=0.1436 host_ms=0.1661 err_el=0 err_q0=0 err_q1=0
GGML_OP_PROFILE op=mul_mat name=node_3289 ne=48x128x1x1 type_src0=8 rows=128 cols=5120 stream=0x62943398f3e0 total_ms=0.0509 host_ms=0.1104 err_el=0 err_q0=0 err_q1=0
GGML_OP_PROFILE op=mul_mat name=node_3295 ne=48x128x1x1 type_src0=8 rows=128 cols=5120 stream=0x62943398f3e0 total_ms=0.1165 host_ms=0.1435 err_el=0 err_q0=0 err_q1=0
GGML_OP_PROFILE op=mul_mat name=z-57 ne=6144x128x1x1 type_src0=21 rows=128 cols=5120 stream=0x62943398f3e0 total_ms=0.0550 host_ms=0.1714 err_el=0 err_q0=0 err_q1=0
GGML_OP_PROFILE op=mul_mat name=linear_attn_out-57 ne=5120x128x1x1 type_src0=23 rows=128 cols=6144 stream=0x62943398f3e0 total_ms=0.0778 host_ms=0.1079 err_el=0 err_q0=0 err_q1=0
GGML_OP_PROFILE op=mul_mat name=ffn_gate-57 ne=17408x128x1x1 type_src0=23 rows=128 cols=5120 stream=0x62943398f3e0 total_ms=0.1491 host_ms=0.1798 err_el=0 err_q0=0 err_q1=0
GGML_OP_PROFILE op=mul_mat name=ffn_up-57 ne=17408x128x1x1 type_src0=23 rows=128 cols=5120 stream=0x62943398f3e0 total_ms=0.1367 host_ms=0.1740 err_el=0 err_q0=0 err_q1=0
GGML_OP_PROFILE op=mul_mat name=ffn_out-57 ne=5120x128x1x1 type_src0=23 rows=128 cols=17408 stream=0x62943398f3e0 total_ms=0.0910 host_ms=0.1300 err_el=0 err_q0=0 err_q1=0
GGML_OP_PROFILE op=mul_mat name=node_3331 ne=10240x128x1x1 type_src0=21 rows=128 cols=5120 stream=0x62943398f3e0 total_ms=0.1364 host_ms=0.1602 err_el=0 err_q0=0 err_q1=0
GGML_OP_PROFILE op=mul_mat name=node_3352 ne=48x128x1x1 type_src0=8 rows=128 cols=5120 stream=0x62943398f3e0 total_ms=0.1157 host_ms=0.1418 err_el=0 err_q0=0 err_q1=0
GGML_OP_PROFILE op=mul_mat name=node_3358 ne=48x128x1x1 type_src0=8 rows=128 cols=5120 stream=0x62943398f3e0 total_ms=0.1212 host_ms=0.1479 err_el=0 err_q0=0 err_q1=0
GGML_OP_PROFILE op=mul_mat name=z-58 ne=6144x128x1x1 type_src0=21 rows=128 cols=5120 stream=0x62943398f3e0 total_ms=0.0492 host_ms=0.1683 err_el=0 err_q0=0 err_q1=0
GGML_OP_PROFILE op=mul_mat name=linear_attn_out-58 ne=5120x128x1x1 type_src0=23 rows=128 cols=6144 stream=0x62943398f3e0 total_ms=0.0573 host_ms=0.0879 err_el=0 err_q0=0 err_q1=0
GGML_OP_PROFILE op=mul_mat name=ffn_gate-58 ne=17408x128x1x1 type_src0=23 rows=128 cols=5120 stream=0x62943398f3e0 total_ms=0.0899 host_ms=0.1152 err_el=0 err_q0=0 err_q1=0
GGML_OP_PROFILE op=mul_mat name=ffn_up-58 ne=17408x128x1x1 type_src0=23 rows=128 cols=5120 stream=0x62943398f3e0 total_ms=0.0940 host_ms=0.1357 err_el=0 err_q0=0 err_q1=0
GGML_OP_PROFILE op=mul_mat name=ffn_out-58 ne=5120x128x1x1 type_src0=23 rows=128 cols=17408 stream=0x62943398f3e0 total_ms=0.1441 host_ms=0.1839 err_el=0 err_q0=0 err_q1=0
GGML_OP_PROFILE op=mul_mat name=Qcur_full-59 ne=12288x128x1x1 type_src0=18 rows=128 cols=5120 stream=0x62943398f3e0 total_ms=0.0841 host_ms=0.1489 err_el=0 err_q0=0 err_q1=0
GGML_OP_PROFILE op=mul_mat name=Vcur-59 ne=1024x128x1x1 type_src0=13 rows=128 cols=5120 stream=0x62943398f3e0 total_ms=0.0519 host_ms=0.1136 err_el=0 err_q0=0 err_q1=0
GGML_OP_PROFILE op=mul_mat name=Kcur-59 ne=1024x128x1x1 type_src0=12 rows=128 cols=5120 stream=0x62943398f3e0 total_ms=0.0738 host_ms=0.1147 err_el=0 err_q0=0 err_q1=0
GGML_OP_PROFILE op=mul_mat name=attn_output-59 ne=5120x128x1x1 type_src0=23 rows=128 cols=6144 stream=0x62943398f3e0 total_ms=0.1156 host_ms=0.1389 err_el=0 err_q0=0 err_q1=0
GGML_OP_PROFILE op=mul_mat name=ffn_gate-59 ne=17408x128x1x1 type_src0=23 rows=128 cols=5120 stream=0x62943398f3e0 total_ms=0.1464 host_ms=0.1705 err_el=0 err_q0=0 err_q1=0
GGML_OP_PROFILE op=mul_mat name=ffn_up-59 ne=17408x128x1x1 type_src0=23 rows=128 cols=5120 stream=0x62943398f3e0 total_ms=0.1164 host_ms=0.1551 err_el=0 err_q0=0 err_q1=0
GGML_OP_PROFILE op=mul_mat name=ffn_out-59 ne=5120x128x1x1 type_src0=23 rows=128 cols=17408 stream=0x62943398f3e0 total_ms=0.1349 host_ms=0.1638 err_el=0 err_q0=0 err_q1=0
GGML_OP_PROFILE op=mul_mat name=node_3433 ne=10240x128x1x1 type_src0=21 rows=128 cols=5120 stream=0x62943398f3e0 total_ms=0.1368 host_ms=0.1606 err_el=0 err_q0=0 err_q1=0
GGML_OP_PROFILE op=mul_mat name=node_3454 ne=48x128x1x1 type_src0=8 rows=128 cols=5120 stream=0x62943398f3e0 total_ms=0.0471 host_ms=0.2358 err_el=0 err_q0=0 err_q1=0
GGML_OP_PROFILE op=mul_mat name=node_3460 ne=48x128x1x1 type_src0=8 rows=128 cols=5120 stream=0x62943398f3e0 total_ms=0.1207 host_ms=0.1482 err_el=0 err_q0=0 err_q1=0
GGML_OP_PROFILE op=mul_mat name=z-60 ne=6144x128x1x1 type_src0=21 rows=128 cols=5120 stream=0x62943398f3e0 total_ms=0.0729 host_ms=0.1605 err_el=0 err_q0=0 err_q1=0
GGML_OP_PROFILE op=mul_mat name=linear_attn_out-60 ne=5120x128x1x1 type_src0=23 rows=128 cols=6144 stream=0x62943398f3e0 total_ms=0.0676 host_ms=0.0968 err_el=0 err_q0=0 err_q1=0
GGML_OP_PROFILE op=mul_mat name=ffn_gate-60 ne=17408x128x1x1 type_src0=23 rows=128 cols=5120 stream=0x62943398f3e0 total_ms=0.1460 host_ms=0.1699 err_el=0 err_q0=0 err_q1=0
GGML_OP_PROFILE op=mul_mat name=ffn_up-60 ne=17408x128x1x1 type_src0=23 rows=128 cols=5120 stream=0x62943398f3e0 total_ms=0.1343 host_ms=0.1740 err_el=0 err_q0=0 err_q1=0
GGML_OP_PROFILE op=mul_mat name=ffn_out-60 ne=5120x128x1x1 type_src0=23 rows=128 cols=17408 stream=0x62943398f3e0 total_ms=0.0991 host_ms=0.1331 err_el=0 err_q0=0 err_q1=0
GGML_OP_PROFILE op=mul_mat name=node_3496 ne=10240x128x1x1 type_src0=21 rows=128 cols=5120 stream=0x62943398f3e0 total_ms=0.1338 host_ms=0.1576 err_el=0 err_q0=0 err_q1=0
GGML_OP_PROFILE op=mul_mat name=node_3517 ne=48x128x1x1 type_src0=8 rows=128 cols=5120 stream=0x62943398f3e0 total_ms=0.1176 host_ms=0.1407 err_el=0 err_q0=0 err_q1=0
GGML_OP_PROFILE op=mul_mat name=node_3523 ne=48x128x1x1 type_src0=8 rows=128 cols=5120 stream=0x62943398f3e0 total_ms=0.1106 host_ms=0.1432 err_el=0 err_q0=0 err_q1=0
GGML_OP_PROFILE op=mul_mat name=z-61 ne=6144x128x1x1 type_src0=21 rows=128 cols=5120 stream=0x62943398f3e0 total_ms=0.0499 host_ms=0.1341 err_el=0 err_q0=0 err_q1=0
GGML_OP_PROFILE op=mul_mat name=linear_attn_out-61 ne=5120x128x1x1 type_src0=21 rows=128 cols=6144 stream=0x62943398f3e0 total_ms=0.0835 host_ms=0.1124 err_el=0 err_q0=0 err_q1=0
GGML_OP_PROFILE op=mul_mat name=ffn_gate-61 ne=17408x128x1x1 type_src0=23 rows=128 cols=5120 stream=0x62943398f3e0 total_ms=0.1519 host_ms=0.1752 err_el=0 err_q0=0 err_q1=0
GGML_OP_PROFILE op=mul_mat name=ffn_up-61 ne=17408x128x1x1 type_src0=23 rows=128 cols=5120 stream=0x62943398f3e0 total_ms=0.1184 host_ms=0.1570 err_el=0 err_q0=0 err_q1=0
GGML_OP_PROFILE op=mul_mat name=ffn_out-61 ne=5120x128x1x1 type_src0=23 rows=128 cols=17408 stream=0x62943398f3e0 total_ms=0.0899 host_ms=0.1250 err_el=0 err_q0=0 err_q1=0
GGML_OP_PROFILE op=mul_mat name=node_3559 ne=10240x128x1x1 type_src0=21 rows=128 cols=5120 stream=0x62943398f3e0 total_ms=0.0751 host_ms=0.1387 err_el=0 err_q0=0 err_q1=0
GGML_OP_PROFILE op=mul_mat name=node_3580 ne=48x128x1x1 type_src0=8 rows=128 cols=5120 stream=0x62943398f3e0 total_ms=0.0717 host_ms=0.1145 err_el=0 err_q0=0 err_q1=0
GGML_OP_PROFILE op=mul_mat name=node_3586 ne=48x128x1x1 type_src0=8 rows=128 cols=5120 stream=0x62943398f3e0 total_ms=0.1188 host_ms=0.1467 err_el=0 err_q0=0 err_q1=0
GGML_OP_PROFILE op=mul_mat name=z-62 ne=6144x128x1x1 type_src0=18 rows=128 cols=5120 stream=0x62943398f3e0 total_ms=0.0532 host_ms=0.1770 err_el=0 err_q0=0 err_q1=0
GGML_OP_PROFILE op=mul_mat name=linear_attn_out-62 ne=5120x128x1x1 type_src0=23 rows=128 cols=6144 stream=0x62943398f3e0 total_ms=0.0612 host_ms=0.0940 err_el=0 err_q0=0 err_q1=0
GGML_OP_PROFILE op=mul_mat name=ffn_gate-62 ne=17408x128x1x1 type_src0=23 rows=128 cols=5120 stream=0x62943398f3e0 total_ms=0.0854 host_ms=0.1445 err_el=0 err_q0=0 err_q1=0
GGML_OP_PROFILE op=mul_mat name=ffn_up-62 ne=17408x128x1x1 type_src0=23 rows=128 cols=5120 stream=0x62943398f3e0 total_ms=0.1320 host_ms=0.1785 err_el=0 err_q0=0 err_q1=0
GGML_OP_PROFILE op=mul_mat name=ffn_out-62 ne=5120x128x1x1 type_src0=21 rows=128 cols=17408 stream=0x62943398f3e0 total_ms=0.1068 host_ms=0.1481 err_el=0 err_q0=0 err_q1=0
GGML_OP_PROFILE op=mul_mat name=Qcur_full-63 ne=12288x128x1x1 type_src0=23 rows=128 cols=5120 stream=0x62943398f3e0 total_ms=0.0796 host_ms=0.1477 err_el=0 err_q0=0 err_q1=0
GGML_OP_PROFILE op=mul_mat name=Vcur-63 ne=1024x128x1x1 type_src0=13 rows=128 cols=5120 stream=0x62943398f3e0 total_ms=0.1574 host_ms=0.1797 err_el=0 err_q0=0 err_q1=0
GGML_OP_PROFILE op=mul_mat name=Kcur-63 ne=1024x128x1x1 type_src0=12 rows=128 cols=5120 stream=0x62943398f3e0 total_ms=0.0844 host_ms=0.1263 err_el=0 err_q0=0 err_q1=0
GGML_OP_PROFILE op=mul_mat name=attn_output-63 ne=5120x128x1x1 type_src0=23 rows=128 cols=6144 stream=0x62943398f3e0 total_ms=0.1196 host_ms=0.1716 err_el=0 err_q0=0 err_q1=0
GGML_OP_PROFILE op=mul_mat name=ffn_gate-63 ne=17408x128x1x1 type_src0=23 rows=128 cols=5120 stream=0x62943398f3e0 total_ms=0.1042 host_ms=0.1272 err_el=0 err_q0=0 err_q1=0
GGML_OP_PROFILE op=mul_mat name=ffn_up-63 ne=17408x128x1x1 type_src0=12 rows=128 cols=5120 stream=0x62943398f3e0 total_ms=0.1618 host_ms=0.2033 err_el=0 err_q0=0 err_q1=0
GGML_OP_PROFILE op=mul_mat name=ffn_out-63 ne=5120x128x1x1 type_src0=12 rows=128 cols=17408 stream=0x62943398f3e0 total_ms=0.0986 host_ms=0.1360 err_el=0 err_q0=0 err_q1=0
GGML_OP_PROFILE op=mul_mat name=result_output ne=248320x1x1x1 type_src0=12 rows=1 cols=5120 stream=0x62943398f3e0 total_ms=0.5044 host_ms=0.5285 err_el=0 err_q0=0 err_q1=0
  {
    "build_commit": "be6bf478d",
    "build_number": 11313,
    "cpu_info": "AMD Ryzen 7 7800X3D 8-Core Processor",
    "gpu_info": "NVIDIA GeForce RTX 5090",
    "backends": "CUDA",
    "model_filename": "/mnt/d/CODEX WORKSPACE/beellama-release/models/Qwen3.8-27B-LowGPU-NoMTP-IQ3XXXS.gguf",
    "model_type": "qwen35 27B IQ1_S - 1.5625 bpw",
    "model_size": 9559668736,
    "model_n_params": 26895998464,
    "n_batch": 2048,
    "n_ubatch": 2048,
    "n_threads": 8,
    "cpu_mask": "0x0",
    "cpu_strict": false,
    "poll": 50,
    "type_k": "f16",
    "type_v": "f16",
    "kv_tail_tokens": 0,
    "kv_tail_tokens_effective": 0,
    "kv_tail_type": "f16",
    "kvarn_route_split": 0,
    "kvarn_route_vector": 0,
    "kvarn_route_generic": 0,
    "kvarn_route_prefill": 0,
    "kvarn_route_families": 15,
    "kvarn_route_portable": 0,
    "kvarn_route_amd_generic": 0,
    "kvarn_route_amd_split": 0,
    "kvarn_route_amd_vector": 0,
    "kvarn_route_materialize": 0,
    "kvarn_route_split_reduce": 0,
    "kvarn_route_direct": 0,
    "kvarn_route_compact_tail": 0,
    "kvarn_route_generic_rejected": 0,
    "kv_k_payload_bytes": 0,
    "kv_v_payload_bytes": 0,
    "kv_exact_tail_bytes": 0,
    "kv_exact_history_bytes": 0,
    "kv_exact_overlay_bytes": 0,
    "kv_native_exact_bytes": 0,
    "kv_rollback_reserve_bytes": 0,
    "kv_transient_estimate_bytes": 0,
    "kv_staging_bytes": 0,
    "kv_metadata_bytes": 0,
    "kv_padding_bytes": 0,
    "kv_resident_bytes": 0,
    "kv_global_resident_bytes": 0,
    "kv_swa_resident_bytes": 0,
    "kv_allocated_capacity_tokens": 0,
    "kv_live_tokens": 0,
    "kv_descriptor_bytes": 0,
    "kv_tail_native_bodyless_layers": 0,
    "kv_tail_native_mixed_layers": 0,
    "kv_tail_device_fallback_layers": 0,
    "kv_tail_cpu_layers": 0,
    "kv_partial_output_bytes": 0,
    "kv_partial_meta_bytes": 0,
    "kv_tail_body_meta_bytes": 0,
    "kv_tail_exact_meta_bytes": 0,
    "kv_tail_pack_bytes": 0,
    "kv_tail_body_output_bytes": 0,
    "kv_tail_exact_output_bytes": 0,
    "kv_tail_plan_input_bytes": 0,
    "kv_transient_bytes": 0,
    "kv_peak_bytes": 0,
    "cuda_used_model_bytes": 0,
    "cuda_used_context_bytes": 0,
    "cuda_used_prefill_bytes": 0,
    "cuda_used_peak_bytes": 0,
    "cuda_used_after_context_bytes": 0,
    "cuda_total_bytes": 0,
    "cuda_context_buffer_bytes": 0,
    "cuda_non_kv_context_buffer_bytes": 0,
    "cuda_compute_buffer_bytes": 0,
    "cuda_context_delta_bytes": 0,
    "cuda_peak_delta_bytes": 0,
    "cuda_reconciliation_delta_bytes": 0,
    "cuda_runtime_overhead_bytes": 0,
    "cuda_teardown_delta_bytes": 0,
    "n_gpu_layers": 99,
    "n_cpu_moe": 0,
    "split_mode": "layer",
    "main_gpu": 0,
    "no_kv_offload": false,
    "flash_attn": 1,
    "devices": "auto",
    "tensor_split": "0.00",
    "tensor_buft_overrides": "none",
    "load_mode": "auto",
    "embeddings": false,
    "no_op_offload": 0,
    "no_host": false,
    "fit_target": 0,
    "fit_min_ctx": 0,
    "n_prompt": 128,
    "n_gen": 0,
    "n_depth": 0,
    "test_time": "2026-09-02T03:47:40Z",
    "avg_ns": 235255871,
    "stddev_ns": 0,
    "avg_ts": 544.088441,
    "stddev_ts": 0.000000,
    "samples_ns": [ 235255871 ],
    "planner_ns": [ 0 ],
    "samples_ts": [ 544.088 ]
  }
]
