ggml_cuda_init: found 1 CUDA devices (Total VRAM: 32606 MiB):
  Device 0: NVIDIA GeForce RTX 5090, compute capability 12.0, VMM: yes, VRAM: 32606 MiB
[
GGML_OP_PROFILE op=mul_mat name=node_13 ne=10240x1024x1x1 type_src0=18 rows=1024 cols=5120 stream=0x62b8b3902440 total_ms=28.2896 host_ms=28.3330 err_el=0 err_q0=0 err_q1=0
GGML_OP_PROFILE op=mul_mat name=node_34 ne=48x1024x1x1 type_src0=8 rows=1024 cols=5120 stream=0x62b8b3902440 total_ms=12.3169 host_ms=12.5345 err_el=0 err_q0=0 err_q1=0
GGML_OP_PROFILE op=mul_mat name=node_40 ne=48x1024x1x1 type_src0=8 rows=1024 cols=5120 stream=0x62b8b3902440 total_ms=0.0584 host_ms=0.0759 err_el=0 err_q0=0 err_q1=0
GGML_OP_PROFILE op=mul_mat name=z-0 ne=6144x1024x1x1 type_src0=18 rows=1024 cols=5120 stream=0x62b8b3902440 total_ms=0.3195 host_ms=1.1859 err_el=0 err_q0=0 err_q1=0
GGML_OP_PROFILE op=mul_mat name=linear_attn_out-0 ne=5120x1024x1x1 type_src0=21 rows=1024 cols=6144 stream=0x62b8b3902440 total_ms=11.8440 host_ms=11.8900 err_el=0 err_q0=0 err_q1=0
GGML_OP_PROFILE op=mul_mat name=ffn_gate-0 ne=17408x1024x1x1 type_src0=19 rows=1024 cols=5120 stream=0x62b8b3902440 total_ms=13.5286 host_ms=13.5738 err_el=0 err_q0=0 err_q1=0
GGML_OP_PROFILE op=mul_mat name=ffn_up-0 ne=17408x1024x1x1 type_src0=19 rows=1024 cols=5120 stream=0x62b8b3902440 total_ms=0.6792 host_ms=0.7199 err_el=0 err_q0=0 err_q1=0
GGML_OP_PROFILE op=mul_mat name=ffn_out-0 ne=5120x1024x1x1 type_src0=29 rows=1024 cols=17408 stream=0x62b8b3902440 total_ms=59.5338 host_ms=59.6685 err_el=0 err_q0=0 err_q1=0
GGML_OP_PROFILE op=mul_mat name=node_76 ne=10240x1024x1x1 type_src0=16 rows=1024 cols=5120 stream=0x62b8b3902440 total_ms=12.1475 host_ms=12.2166 err_el=0 err_q0=0 err_q1=0
GGML_OP_PROFILE op=mul_mat name=node_97 ne=48x1024x1x1 type_src0=8 rows=1024 cols=5120 stream=0x62b8b3902440 total_ms=0.1447 host_ms=0.2846 err_el=0 err_q0=0 err_q1=0
GGML_OP_PROFILE op=mul_mat name=node_103 ne=48x1024x1x1 type_src0=8 rows=1024 cols=5120 stream=0x62b8b3902440 total_ms=0.1756 host_ms=0.2324 err_el=0 err_q0=0 err_q1=0
GGML_OP_PROFILE op=mul_mat name=z-1 ne=6144x1024x1x1 type_src0=22 rows=1024 cols=5120 stream=0x62b8b3902440 total_ms=12.8632 host_ms=13.6618 err_el=0 err_q0=0 err_q1=0
GGML_OP_PROFILE op=mul_mat name=linear_attn_out-1 ne=5120x1024x1x1 type_src0=21 rows=1024 cols=6144 stream=0x62b8b3902440 total_ms=0.2264 host_ms=0.2813 err_el=0 err_q0=0 err_q1=0
GGML_OP_PROFILE op=mul_mat name=ffn_gate-1 ne=17408x1024x1x1 type_src0=19 rows=1024 cols=5120 stream=0x62b8b3902440 total_ms=0.7086 host_ms=0.7497 err_el=0 err_q0=0 err_q1=0
GGML_OP_PROFILE op=mul_mat name=ffn_up-1 ne=17408x1024x1x1 type_src0=19 rows=1024 cols=5120 stream=0x62b8b3902440 total_ms=0.7126 host_ms=0.7550 err_el=0 err_q0=0 err_q1=0
GGML_OP_PROFILE op=mul_mat name=ffn_out-1 ne=5120x1024x1x1 type_src0=22 rows=1024 cols=17408 stream=0x62b8b3902440 total_ms=0.8020 host_ms=0.9342 err_el=0 err_q0=0 err_q1=0
GGML_OP_PROFILE op=mul_mat name=node_139 ne=10240x1024x1x1 type_src0=22 rows=1024 cols=5120 stream=0x62b8b3902440 total_ms=0.5868 host_ms=0.6164 err_el=0 err_q0=0 err_q1=0
GGML_OP_PROFILE op=mul_mat name=node_160 ne=48x1024x1x1 type_src0=8 rows=1024 cols=5120 stream=0x62b8b3902440 total_ms=0.1067 host_ms=0.2357 err_el=0 err_q0=0 err_q1=0
GGML_OP_PROFILE op=mul_mat name=node_166 ne=48x1024x1x1 type_src0=8 rows=1024 cols=5120 stream=0x62b8b3902440 total_ms=0.1620 host_ms=0.2195 err_el=0 err_q0=0 err_q1=0
GGML_OP_PROFILE op=mul_mat name=z-2 ne=6144x1024x1x1 type_src0=22 rows=1024 cols=5120 stream=0x62b8b3902440 total_ms=0.2990 host_ms=1.0971 err_el=0 err_q0=0 err_q1=0
GGML_OP_PROFILE op=mul_mat name=linear_attn_out-2 ne=5120x1024x1x1 type_src0=18 rows=1024 cols=6144 stream=0x62b8b3902440 total_ms=0.2186 host_ms=0.2722 err_el=0 err_q0=0 err_q1=0
GGML_OP_PROFILE op=mul_mat name=ffn_gate-2 ne=17408x1024x1x1 type_src0=16 rows=1024 cols=5120 stream=0x62b8b3902440 total_ms=0.6636 host_ms=0.7095 err_el=0 err_q0=0 err_q1=0
GGML_OP_PROFILE op=mul_mat name=ffn_up-2 ne=17408x1024x1x1 type_src0=16 rows=1024 cols=5120 stream=0x62b8b3902440 total_ms=0.6875 host_ms=0.7272 err_el=0 err_q0=0 err_q1=0
GGML_OP_PROFILE op=mul_mat name=ffn_out-2 ne=5120x1024x1x1 type_src0=10 rows=1024 cols=17408 stream=0x62b8b3902440 total_ms=16.2646 host_ms=16.4017 err_el=0 err_q0=0 err_q1=0
GGML_OP_PROFILE op=mul_mat name=Qcur_full-3 ne=12288x1024x1x1 type_src0=22 rows=1024 cols=5120 stream=0x62b8b3902440 total_ms=0.5998 host_ms=0.6491 err_el=0 err_q0=0 err_q1=0
GGML_OP_PROFILE op=mul_mat name=Vcur-3 ne=1024x1024x1x1 type_src0=23 rows=1024 cols=5120 stream=0x62b8b3902440 total_ms=11.5130 host_ms=11.5558 err_el=0 err_q0=0 err_q1=0
GGML_OP_PROFILE op=mul_mat name=Kcur-3 ne=1024x1024x1x1 type_src0=23 rows=1024 cols=5120 stream=0x62b8b3902440 total_ms=0.0601 host_ms=0.0986 err_el=0 err_q0=0 err_q1=0
GGML_OP_PROFILE op=mul_mat name=attn_output-3 ne=5120x1024x1x1 type_src0=23 rows=1024 cols=6144 stream=0x62b8b3902440 total_ms=0.2040 host_ms=0.6755 err_el=0 err_q0=0 err_q1=0
GGML_OP_PROFILE op=mul_mat name=ffn_gate-3 ne=17408x1024x1x1 type_src0=16 rows=1024 cols=5120 stream=0x62b8b3902440 total_ms=0.6320 host_ms=0.6792 err_el=0 err_q0=0 err_q1=0
GGML_OP_PROFILE op=mul_mat name=ffn_up-3 ne=17408x1024x1x1 type_src0=16 rows=1024 cols=5120 stream=0x62b8b3902440 total_ms=0.6448 host_ms=0.6740 err_el=0 err_q0=0 err_q1=0
GGML_OP_PROFILE op=mul_mat name=ffn_out-3 ne=5120x1024x1x1 type_src0=22 rows=1024 cols=17408 stream=0x62b8b3902440 total_ms=0.8048 host_ms=1.0541 err_el=0 err_q0=0 err_q1=0
GGML_OP_PROFILE op=mul_mat name=node_241 ne=10240x1024x1x1 type_src0=16 rows=1024 cols=5120 stream=0x62b8b3902440 total_ms=0.3850 host_ms=0.4271 err_el=0 err_q0=0 err_q1=0
GGML_OP_PROFILE op=mul_mat name=node_262 ne=48x1024x1x1 type_src0=8 rows=1024 cols=5120 stream=0x62b8b3902440 total_ms=0.0573 host_ms=0.2132 err_el=0 err_q0=0 err_q1=0
GGML_OP_PROFILE op=mul_mat name=node_268 ne=48x1024x1x1 type_src0=8 rows=1024 cols=5120 stream=0x62b8b3902440 total_ms=0.0691 host_ms=0.0813 err_el=0 err_q0=0 err_q1=0
GGML_OP_PROFILE op=mul_mat name=z-4 ne=6144x1024x1x1 type_src0=10 rows=1024 cols=5120 stream=0x62b8b3902440 total_ms=0.4751 host_ms=1.2953 err_el=0 err_q0=0 err_q1=0
GGML_OP_PROFILE op=mul_mat name=linear_attn_out-4 ne=5120x1024x1x1 type_src0=10 rows=1024 cols=6144 stream=0x62b8b3902440 total_ms=0.3432 host_ms=0.3917 err_el=0 err_q0=0 err_q1=0
GGML_OP_PROFILE op=mul_mat name=ffn_gate-4 ne=17408x1024x1x1 type_src0=16 rows=1024 cols=5120 stream=0x62b8b3902440 total_ms=0.5913 host_ms=0.6455 err_el=0 err_q0=0 err_q1=0
GGML_OP_PROFILE op=mul_mat name=ffn_up-4 ne=17408x1024x1x1 type_src0=16 rows=1024 cols=5120 stream=0x62b8b3902440 total_ms=0.6059 host_ms=0.6463 err_el=0 err_q0=0 err_q1=0
GGML_OP_PROFILE op=mul_mat name=ffn_out-4 ne=5120x1024x1x1 type_src0=16 rows=1024 cols=17408 stream=0x62b8b3902440 total_ms=0.5763 host_ms=0.7019 err_el=0 err_q0=0 err_q1=0
GGML_OP_PROFILE op=mul_mat name=node_304 ne=10240x1024x1x1 type_src0=22 rows=1024 cols=5120 stream=0x62b8b3902440 total_ms=0.4830 host_ms=0.5344 err_el=0 err_q0=0 err_q1=0
GGML_OP_PROFILE op=mul_mat name=node_325 ne=48x1024x1x1 type_src0=8 rows=1024 cols=5120 stream=0x62b8b3902440 total_ms=0.0573 host_ms=0.2226 err_el=0 err_q0=0 err_q1=0
GGML_OP_PROFILE op=mul_mat name=node_331 ne=48x1024x1x1 type_src0=8 rows=1024 cols=5120 stream=0x62b8b3902440 total_ms=0.0807 host_ms=0.1008 err_el=0 err_q0=0 err_q1=0
GGML_OP_PROFILE op=mul_mat name=z-5 ne=6144x1024x1x1 type_src0=10 rows=1024 cols=5120 stream=0x62b8b3902440 total_ms=0.3850 host_ms=1.2176 err_el=0 err_q0=0 err_q1=0
GGML_OP_PROFILE op=mul_mat name=linear_attn_out-5 ne=5120x1024x1x1 type_src0=18 rows=1024 cols=6144 stream=0x62b8b3902440 total_ms=0.2206 host_ms=0.2699 err_el=0 err_q0=0 err_q1=0
GGML_OP_PROFILE op=mul_mat name=ffn_gate-5 ne=17408x1024x1x1 type_src0=16 rows=1024 cols=5120 stream=0x62b8b3902440 total_ms=0.5926 host_ms=0.6435 err_el=0 err_q0=0 err_q1=0
GGML_OP_PROFILE op=mul_mat name=ffn_up-5 ne=17408x1024x1x1 type_src0=22 rows=1024 cols=5120 stream=0x62b8b3902440 total_ms=0.8841 host_ms=0.9270 err_el=0 err_q0=0 err_q1=0
GGML_OP_PROFILE op=mul_mat name=ffn_out-5 ne=5120x1024x1x1 type_src0=16 rows=1024 cols=17408 stream=0x62b8b3902440 total_ms=0.5764 host_ms=0.7076 err_el=0 err_q0=0 err_q1=0
GGML_OP_PROFILE op=mul_mat name=node_367 ne=10240x1024x1x1 type_src0=22 rows=1024 cols=5120 stream=0x62b8b3902440 total_ms=0.5332 host_ms=0.5821 err_el=0 err_q0=0 err_q1=0
GGML_OP_PROFILE op=mul_mat name=node_388 ne=48x1024x1x1 type_src0=8 rows=1024 cols=5120 stream=0x62b8b3902440 total_ms=0.0553 host_ms=0.3965 err_el=0 err_q0=0 err_q1=0
GGML_OP_PROFILE op=mul_mat name=node_394 ne=48x1024x1x1 type_src0=8 rows=1024 cols=5120 stream=0x62b8b3902440 total_ms=0.0389 host_ms=0.1409 err_el=0 err_q0=0 err_q1=0
GGML_OP_PROFILE op=mul_mat name=z-6 ne=6144x1024x1x1 type_src0=22 rows=1024 cols=5120 stream=0x62b8b3902440 total_ms=0.3011 host_ms=1.1246 err_el=0 err_q0=0 err_q1=0
GGML_OP_PROFILE op=mul_mat name=linear_attn_out-6 ne=5120x1024x1x1 type_src0=10 rows=1024 cols=6144 stream=0x62b8b3902440 total_ms=0.3491 host_ms=0.4010 err_el=0 err_q0=0 err_q1=0
GGML_OP_PROFILE op=mul_mat name=ffn_gate-6 ne=17408x1024x1x1 type_src0=16 rows=1024 cols=5120 stream=0x62b8b3902440 total_ms=0.5892 host_ms=0.6473 err_el=0 err_q0=0 err_q1=0
GGML_OP_PROFILE op=mul_mat name=ffn_up-6 ne=17408x1024x1x1 type_src0=29 rows=1024 cols=5120 stream=0x62b8b3902440 total_ms=0.8039 host_ms=0.8357 err_el=0 err_q0=0 err_q1=0
GGML_OP_PROFILE op=mul_mat name=ffn_out-6 ne=5120x1024x1x1 type_src0=16 rows=1024 cols=17408 stream=0x62b8b3902440 total_ms=0.5763 host_ms=0.7139 err_el=0 err_q0=0 err_q1=0
GGML_OP_PROFILE op=mul_mat name=Qcur_full-7 ne=12288x1024x1x1 type_src0=22 rows=1024 cols=5120 stream=0x62b8b3902440 total_ms=0.5993 host_ms=0.6528 err_el=0 err_q0=0 err_q1=0
GGML_OP_PROFILE op=mul_mat name=Vcur-7 ne=1024x1024x1x1 type_src0=23 rows=1024 cols=5120 stream=0x62b8b3902440 total_ms=0.0690 host_ms=0.1287 err_el=0 err_q0=0 err_q1=0
GGML_OP_PROFILE op=mul_mat name=Kcur-7 ne=1024x1024x1x1 type_src0=18 rows=1024 cols=5120 stream=0x62b8b3902440 total_ms=0.1082 host_ms=0.1368 err_el=0 err_q0=0 err_q1=0
GGML_OP_PROFILE op=mul_mat name=attn_output-7 ne=5120x1024x1x1 type_src0=10 rows=1024 cols=6144 stream=0x62b8b3902440 total_ms=0.3482 host_ms=0.6320 err_el=0 err_q0=0 err_q1=0
GGML_OP_PROFILE op=mul_mat name=ffn_gate-7 ne=17408x1024x1x1 type_src0=16 rows=1024 cols=5120 stream=0x62b8b3902440 total_ms=0.5933 host_ms=0.6416 err_el=0 err_q0=0 err_q1=0
GGML_OP_PROFILE op=mul_mat name=ffn_up-7 ne=17408x1024x1x1 type_src0=16 rows=1024 cols=5120 stream=0x62b8b3902440 total_ms=0.6396 host_ms=0.6684 err_el=0 err_q0=0 err_q1=0
GGML_OP_PROFILE op=mul_mat name=ffn_out-7 ne=5120x1024x1x1 type_src0=17 rows=1024 cols=17408 stream=0x62b8b3902440 total_ms=12.7182 host_ms=12.8470 err_el=0 err_q0=0 err_q1=0
GGML_OP_PROFILE op=mul_mat name=node_469 ne=10240x1024x1x1 type_src0=19 rows=1024 cols=5120 stream=0x62b8b3902440 total_ms=0.4484 host_ms=0.4899 err_el=0 err_q0=0 err_q1=0
GGML_OP_PROFILE op=mul_mat name=node_490 ne=48x1024x1x1 type_src0=8 rows=1024 cols=5120 stream=0x62b8b3902440 total_ms=0.0573 host_ms=0.2067 err_el=0 err_q0=0 err_q1=0
GGML_OP_PROFILE op=mul_mat name=node_496 ne=48x1024x1x1 type_src0=8 rows=1024 cols=5120 stream=0x62b8b3902440 total_ms=0.0436 host_ms=0.0773 err_el=0 err_q0=0 err_q1=0
GGML_OP_PROFILE op=mul_mat name=z-8 ne=6144x1024x1x1 type_src0=22 rows=1024 cols=5120 stream=0x62b8b3902440 total_ms=0.2990 host_ms=1.1156 err_el=0 err_q0=0 err_q1=0
GGML_OP_PROFILE op=mul_mat name=linear_attn_out-8 ne=5120x1024x1x1 type_src0=10 rows=1024 cols=6144 stream=0x62b8b3902440 total_ms=0.3496 host_ms=0.3997 err_el=0 err_q0=0 err_q1=0
GGML_OP_PROFILE op=mul_mat name=ffn_gate-8 ne=17408x1024x1x1 type_src0=16 rows=1024 cols=5120 stream=0x62b8b3902440 total_ms=0.5912 host_ms=0.6448 err_el=0 err_q0=0 err_q1=0
GGML_OP_PROFILE op=mul_mat name=ffn_up-8 ne=17408x1024x1x1 type_src0=16 rows=1024 cols=5120 stream=0x62b8b3902440 total_ms=0.6415 host_ms=0.6728 err_el=0 err_q0=0 err_q1=0
GGML_OP_PROFILE op=mul_mat name=ffn_out-8 ne=5120x1024x1x1 type_src0=19 rows=1024 cols=17408 stream=0x62b8b3902440 total_ms=0.6340 host_ms=0.7674 err_el=0 err_q0=0 err_q1=0
GGML_OP_PROFILE op=mul_mat name=node_532 ne=10240x1024x1x1 type_src0=19 rows=1024 cols=5120 stream=0x62b8b3902440 total_ms=0.4242 host_ms=0.4700 err_el=0 err_q0=0 err_q1=0
GGML_OP_PROFILE op=mul_mat name=node_553 ne=48x1024x1x1 type_src0=8 rows=1024 cols=5120 stream=0x62b8b3902440 total_ms=0.0573 host_ms=0.2198 err_el=0 err_q0=0 err_q1=0
GGML_OP_PROFILE op=mul_mat name=node_559 ne=48x1024x1x1 type_src0=8 rows=1024 cols=5120 stream=0x62b8b3902440 total_ms=0.0982 host_ms=0.1216 err_el=0 err_q0=0 err_q1=0
GGML_OP_PROFILE op=mul_mat name=z-9 ne=6144x1024x1x1 type_src0=16 rows=1024 cols=5120 stream=0x62b8b3902440 total_ms=0.3045 host_ms=1.3675 err_el=0 err_q0=0 err_q1=0
GGML_OP_PROFILE op=mul_mat name=linear_attn_out-9 ne=5120x1024x1x1 type_src0=10 rows=1024 cols=6144 stream=0x62b8b3902440 total_ms=0.3492 host_ms=0.4040 err_el=0 err_q0=0 err_q1=0
GGML_OP_PROFILE op=mul_mat name=ffn_gate-9 ne=17408x1024x1x1 type_src0=29 rows=1024 cols=5120 stream=0x62b8b3902440 total_ms=0.7964 host_ms=0.8460 err_el=0 err_q0=0 err_q1=0
GGML_OP_PROFILE op=mul_mat name=ffn_up-9 ne=17408x1024x1x1 type_src0=19 rows=1024 cols=5120 stream=0x62b8b3902440 total_ms=0.7251 host_ms=0.7568 err_el=0 err_q0=0 err_q1=0
GGML_OP_PROFILE op=mul_mat name=ffn_out-9 ne=5120x1024x1x1 type_src0=29 rows=1024 cols=17408 stream=0x62b8b3902440 total_ms=0.7812 host_ms=0.9077 err_el=0 err_q0=0 err_q1=0
GGML_OP_PROFILE op=mul_mat name=node_595 ne=10240x1024x1x1 type_src0=22 rows=1024 cols=5120 stream=0x62b8b3902440 total_ms=0.5265 host_ms=0.5735 err_el=0 err_q0=0 err_q1=0
GGML_OP_PROFILE op=mul_mat name=node_616 ne=48x1024x1x1 type_src0=8 rows=1024 cols=5120 stream=0x62b8b3902440 total_ms=0.0573 host_ms=0.2270 err_el=0 err_q0=0 err_q1=0
GGML_OP_PROFILE op=mul_mat name=node_622 ne=48x1024x1x1 type_src0=8 rows=1024 cols=5120 stream=0x62b8b3902440 total_ms=0.1214 host_ms=0.1431 err_el=0 err_q0=0 err_q1=0
GGML_OP_PROFILE op=mul_mat name=z-10 ne=6144x1024x1x1 type_src0=16 rows=1024 cols=5120 stream=0x62b8b3902440 total_ms=0.2171 host_ms=1.0327 err_el=0 err_q0=0 err_q1=0
GGML_OP_PROFILE op=mul_mat name=linear_attn_out-10 ne=5120x1024x1x1 type_src0=10 rows=1024 cols=6144 stream=0x62b8b3902440 total_ms=0.3473 host_ms=0.3934 err_el=0 err_q0=0 err_q1=0
GGML_OP_PROFILE op=mul_mat name=ffn_gate-10 ne=17408x1024x1x1 type_src0=29 rows=1024 cols=5120 stream=0x62b8b3902440 total_ms=0.7937 host_ms=0.8399 err_el=0 err_q0=0 err_q1=0
GGML_OP_PROFILE op=mul_mat name=ffn_up-10 ne=17408x1024x1x1 type_src0=19 rows=1024 cols=5120 stream=0x62b8b3902440 total_ms=0.7183 host_ms=0.7501 err_el=0 err_q0=0 err_q1=0
GGML_OP_PROFILE op=mul_mat name=ffn_out-10 ne=5120x1024x1x1 type_src0=29 rows=1024 cols=17408 stream=0x62b8b3902440 total_ms=0.7790 host_ms=0.9038 err_el=0 err_q0=0 err_q1=0
GGML_OP_PROFILE op=mul_mat name=Qcur_full-11 ne=12288x1024x1x1 type_src0=22 rows=1024 cols=5120 stream=0x62b8b3902440 total_ms=0.6015 host_ms=0.6542 err_el=0 err_q0=0 err_q1=0
GGML_OP_PROFILE op=mul_mat name=Vcur-11 ne=1024x1024x1x1 type_src0=23 rows=1024 cols=5120 stream=0x62b8b3902440 total_ms=0.0691 host_ms=0.1260 err_el=0 err_q0=0 err_q1=0
GGML_OP_PROFILE op=mul_mat name=Kcur-11 ne=1024x1024x1x1 type_src0=18 rows=1024 cols=5120 stream=0x62b8b3902440 total_ms=0.1153 host_ms=0.1484 err_el=0 err_q0=0 err_q1=0
GGML_OP_PROFILE op=mul_mat name=attn_output-11 ne=5120x1024x1x1 type_src0=10 rows=1024 cols=6144 stream=0x62b8b3902440 total_ms=0.3482 host_ms=0.6844 err_el=0 err_q0=0 err_q1=0
GGML_OP_PROFILE op=mul_mat name=ffn_gate-11 ne=17408x1024x1x1 type_src0=19 rows=1024 cols=5120 stream=0x62b8b3902440 total_ms=0.6545 host_ms=0.7090 err_el=0 err_q0=0 err_q1=0
GGML_OP_PROFILE op=mul_mat name=ffn_up-11 ne=17408x1024x1x1 type_src0=19 rows=1024 cols=5120 stream=0x62b8b3902440 total_ms=0.6686 host_ms=0.7020 err_el=0 err_q0=0 err_q1=0
GGML_OP_PROFILE op=mul_mat name=ffn_out-11 ne=5120x1024x1x1 type_src0=19 rows=1024 cols=17408 stream=0x62b8b3902440 total_ms=0.6369 host_ms=0.9004 err_el=0 err_q0=0 err_q1=0
GGML_OP_PROFILE op=mul_mat name=node_697 ne=10240x1024x1x1 type_src0=19 rows=1024 cols=5120 stream=0x62b8b3902440 total_ms=0.4221 host_ms=0.4635 err_el=0 err_q0=0 err_q1=0
GGML_OP_PROFILE op=mul_mat name=node_718 ne=48x1024x1x1 type_src0=8 rows=1024 cols=5120 stream=0x62b8b3902440 total_ms=0.0573 host_ms=0.2245 err_el=0 err_q0=0 err_q1=0
GGML_OP_PROFILE op=mul_mat name=node_724 ne=48x1024x1x1 type_src0=8 rows=1024 cols=5120 stream=0x62b8b3902440 total_ms=0.0810 host_ms=0.1015 err_el=0 err_q0=0 err_q1=0
GGML_OP_PROFILE op=mul_mat name=z-12 ne=6144x1024x1x1 type_src0=22 rows=1024 cols=5120 stream=0x62b8b3902440 total_ms=0.3011 host_ms=1.1391 err_el=0 err_q0=0 err_q1=0
GGML_OP_PROFILE op=mul_mat name=linear_attn_out-12 ne=5120x1024x1x1 type_src0=22 rows=1024 cols=6144 stream=0x62b8b3902440 total_ms=0.2920 host_ms=0.3488 err_el=0 err_q0=0 err_q1=0
GGML_OP_PROFILE op=mul_mat name=ffn_gate-12 ne=17408x1024x1x1 type_src0=29 rows=1024 cols=5120 stream=0x62b8b3902440 total_ms=0.8005 host_ms=0.8495 err_el=0 err_q0=0 err_q1=0
GGML_OP_PROFILE op=mul_mat name=ffn_up-12 ne=17408x1024x1x1 type_src0=19 rows=1024 cols=5120 stream=0x62b8b3902440 total_ms=0.6935 host_ms=0.7337 err_el=0 err_q0=0 err_q1=0
GGML_OP_PROFILE op=mul_mat name=ffn_out-12 ne=5120x1024x1x1 type_src0=19 rows=1024 cols=17408 stream=0x62b8b3902440 total_ms=0.6358 host_ms=0.7690 err_el=0 err_q0=0 err_q1=0
GGML_OP_PROFILE op=mul_mat name=node_760 ne=10240x1024x1x1 type_src0=19 rows=1024 cols=5120 stream=0x62b8b3902440 total_ms=0.3766 host_ms=0.4343 err_el=0 err_q0=0 err_q1=0
GGML_OP_PROFILE op=mul_mat name=node_781 ne=48x1024x1x1 type_src0=8 rows=1024 cols=5120 stream=0x62b8b3902440 total_ms=0.0573 host_ms=0.2304 err_el=0 err_q0=0 err_q1=0
GGML_OP_PROFILE op=mul_mat name=node_787 ne=48x1024x1x1 type_src0=8 rows=1024 cols=5120 stream=0x62b8b3902440 total_ms=0.0922 host_ms=0.1136 err_el=0 err_q0=0 err_q1=0
GGML_OP_PROFILE op=mul_mat name=z-13 ne=6144x1024x1x1 type_src0=16 rows=1024 cols=5120 stream=0x62b8b3902440 total_ms=0.2192 host_ms=1.0510 err_el=0 err_q0=0 err_q1=0
GGML_OP_PROFILE op=mul_mat name=linear_attn_out-13 ne=5120x1024x1x1 type_src0=22 rows=1024 cols=6144 stream=0x62b8b3902440 total_ms=0.2978 host_ms=0.3526 err_el=0 err_q0=0 err_q1=0
GGML_OP_PROFILE op=mul_mat name=ffn_gate-13 ne=17408x1024x1x1 type_src0=19 rows=1024 cols=5120 stream=0x62b8b3902440 total_ms=0.6551 host_ms=0.7125 err_el=0 err_q0=0 err_q1=0
GGML_OP_PROFILE op=mul_mat name=ffn_up-13 ne=17408x1024x1x1 type_src0=19 rows=1024 cols=5120 stream=0x62b8b3902440 total_ms=0.6684 host_ms=0.7067 err_el=0 err_q0=0 err_q1=0
GGML_OP_PROFILE op=mul_mat name=ffn_out-13 ne=5120x1024x1x1 type_src0=19 rows=1024 cols=17408 stream=0x62b8b3902440 total_ms=0.6397 host_ms=0.7667 err_el=0 err_q0=0 err_q1=0
GGML_OP_PROFILE op=mul_mat name=node_823 ne=10240x1024x1x1 type_src0=17 rows=1024 cols=5120 stream=0x62b8b3902440 total_ms=0.8394 host_ms=0.8965 err_el=0 err_q0=0 err_q1=0
GGML_OP_PROFILE op=mul_mat name=node_844 ne=48x1024x1x1 type_src0=8 rows=1024 cols=5120 stream=0x62b8b3902440 total_ms=0.1311 host_ms=0.2175 err_el=0 err_q0=0 err_q1=0
GGML_OP_PROFILE op=mul_mat name=node_850 ne=48x1024x1x1 type_src0=8 rows=1024 cols=5120 stream=0x62b8b3902440 total_ms=0.0880 host_ms=0.1134 err_el=0 err_q0=0 err_q1=0
GGML_OP_PROFILE op=mul_mat name=z-14 ne=6144x1024x1x1 type_src0=19 rows=1024 cols=5120 stream=0x62b8b3902440 total_ms=0.3287 host_ms=1.0997 err_el=0 err_q0=0 err_q1=0
GGML_OP_PROFILE op=mul_mat name=linear_attn_out-14 ne=5120x1024x1x1 type_src0=22 rows=1024 cols=6144 stream=0x62b8b3902440 total_ms=0.2958 host_ms=0.3486 err_el=0 err_q0=0 err_q1=0
GGML_OP_PROFILE op=mul_mat name=ffn_gate-14 ne=17408x1024x1x1 type_src0=19 rows=1024 cols=5120 stream=0x62b8b3902440 total_ms=0.7268 host_ms=0.7754 err_el=0 err_q0=0 err_q1=0
GGML_OP_PROFILE op=mul_mat name=ffn_up-14 ne=17408x1024x1x1 type_src0=19 rows=1024 cols=5120 stream=0x62b8b3902440 total_ms=0.7138 host_ms=0.7553 err_el=0 err_q0=0 err_q1=0
GGML_OP_PROFILE op=mul_mat name=ffn_out-14 ne=5120x1024x1x1 type_src0=19 rows=1024 cols=17408 stream=0x62b8b3902440 total_ms=0.6378 host_ms=0.7566 err_el=0 err_q0=0 err_q1=0
GGML_OP_PROFILE op=mul_mat name=Qcur_full-15 ne=12288x1024x1x1 type_src0=22 rows=1024 cols=5120 stream=0x62b8b3902440 total_ms=0.6748 host_ms=0.7204 err_el=0 err_q0=0 err_q1=0
GGML_OP_PROFILE op=mul_mat name=Vcur-15 ne=1024x1024x1x1 type_src0=23 rows=1024 cols=5120 stream=0x62b8b3902440 total_ms=0.1390 host_ms=0.2203 err_el=0 err_q0=0 err_q1=0
GGML_OP_PROFILE op=mul_mat name=Kcur-15 ne=1024x1024x1x1 type_src0=18 rows=1024 cols=5120 stream=0x62b8b3902440 total_ms=0.1289 host_ms=0.1982 err_el=0 err_q0=0 err_q1=0
GGML_OP_PROFILE op=mul_mat name=attn_output-15 ne=5120x1024x1x1 type_src0=29 rows=1024 cols=6144 stream=0x62b8b3902440 total_ms=0.4301 host_ms=0.7128 err_el=0 err_q0=0 err_q1=0
GGML_OP_PROFILE op=mul_mat name=ffn_gate-15 ne=17408x1024x1x1 type_src0=19 rows=1024 cols=5120 stream=0x62b8b3902440 total_ms=0.6914 host_ms=0.7396 err_el=0 err_q0=0 err_q1=0
GGML_OP_PROFILE op=mul_mat name=ffn_up-15 ne=17408x1024x1x1 type_src0=19 rows=1024 cols=5120 stream=0x62b8b3902440 total_ms=0.7956 host_ms=0.8377 err_el=0 err_q0=0 err_q1=0
GGML_OP_PROFILE op=mul_mat name=ffn_out-15 ne=5120x1024x1x1 type_src0=19 rows=1024 cols=17408 stream=0x62b8b3902440 total_ms=0.6397 host_ms=0.7635 err_el=0 err_q0=0 err_q1=0
GGML_OP_PROFILE op=mul_mat name=node_925 ne=10240x1024x1x1 type_src0=10 rows=1024 cols=5120 stream=0x62b8b3902440 total_ms=0.6050 host_ms=0.6511 err_el=0 err_q0=0 err_q1=0
GGML_OP_PROFILE op=mul_mat name=node_946 ne=48x1024x1x1 type_src0=8 rows=1024 cols=5120 stream=0x62b8b3902440 total_ms=0.1121 host_ms=0.2855 err_el=0 err_q0=0 err_q1=0
GGML_OP_PROFILE op=mul_mat name=node_952 ne=48x1024x1x1 type_src0=8 rows=1024 cols=5120 stream=0x62b8b3902440 total_ms=0.0386 host_ms=0.1207 err_el=0 err_q0=0 err_q1=0
GGML_OP_PROFILE op=mul_mat name=z-16 ne=6144x1024x1x1 type_src0=16 rows=1024 cols=5120 stream=0x62b8b3902440 total_ms=0.2192 host_ms=1.0443 err_el=0 err_q0=0 err_q1=0
GGML_OP_PROFILE op=mul_mat name=linear_attn_out-16 ne=5120x1024x1x1 type_src0=16 rows=1024 cols=6144 stream=0x62b8b3902440 total_ms=0.2104 host_ms=0.2576 err_el=0 err_q0=0 err_q1=0
GGML_OP_PROFILE op=mul_mat name=ffn_gate-16 ne=17408x1024x1x1 type_src0=19 rows=1024 cols=5120 stream=0x62b8b3902440 total_ms=0.6548 host_ms=0.7122 err_el=0 err_q0=0 err_q1=0
GGML_OP_PROFILE op=mul_mat name=ffn_up-16 ne=17408x1024x1x1 type_src0=19 rows=1024 cols=5120 stream=0x62b8b3902440 total_ms=0.6938 host_ms=0.7319 err_el=0 err_q0=0 err_q1=0
GGML_OP_PROFILE op=mul_mat name=ffn_out-16 ne=5120x1024x1x1 type_src0=29 rows=1024 cols=17408 stream=0x62b8b3902440 total_ms=0.7832 host_ms=0.9166 err_el=0 err_q0=0 err_q1=0
GGML_OP_PROFILE op=mul_mat name=node_988 ne=10240x1024x1x1 type_src0=22 rows=1024 cols=5120 stream=0x62b8b3902440 total_ms=0.5373 host_ms=0.5898 err_el=0 err_q0=0 err_q1=0
GGML_OP_PROFILE op=mul_mat name=node_1009 ne=48x1024x1x1 type_src0=8 rows=1024 cols=5120 stream=0x62b8b3902440 total_ms=0.0573 host_ms=0.2259 err_el=0 err_q0=0 err_q1=0
GGML_OP_PROFILE op=mul_mat name=node_1015 ne=48x1024x1x1 type_src0=8 rows=1024 cols=5120 stream=0x62b8b3902440 total_ms=0.0433 host_ms=0.0690 err_el=0 err_q0=0 err_q1=0
GGML_OP_PROFILE op=mul_mat name=z-17 ne=6144x1024x1x1 type_src0=29 rows=1024 cols=5120 stream=0x62b8b3902440 total_ms=0.3031 host_ms=1.1433 err_el=0 err_q0=0 err_q1=0
GGML_OP_PROFILE op=mul_mat name=linear_attn_out-17 ne=5120x1024x1x1 type_src0=10 rows=1024 cols=6144 stream=0x62b8b3902440 total_ms=0.3489 host_ms=0.4021 err_el=0 err_q0=0 err_q1=0
GGML_OP_PROFILE op=mul_mat name=ffn_gate-17 ne=17408x1024x1x1 type_src0=19 rows=1024 cols=5120 stream=0x62b8b3902440 total_ms=0.6548 host_ms=0.7108 err_el=0 err_q0=0 err_q1=0
GGML_OP_PROFILE op=mul_mat name=ffn_up-17 ne=17408x1024x1x1 type_src0=19 rows=1024 cols=5120 stream=0x62b8b3902440 total_ms=0.6669 host_ms=0.7066 err_el=0 err_q0=0 err_q1=0
GGML_OP_PROFILE op=mul_mat name=ffn_out-17 ne=5120x1024x1x1 type_src0=19 rows=1024 cols=17408 stream=0x62b8b3902440 total_ms=0.6370 host_ms=0.7712 err_el=0 err_q0=0 err_q1=0
GGML_OP_PROFILE op=mul_mat name=node_1051 ne=10240x1024x1x1 type_src0=17 rows=1024 cols=5120 stream=0x62b8b3902440 total_ms=0.5525 host_ms=0.6035 err_el=0 err_q0=0 err_q1=0
GGML_OP_PROFILE op=mul_mat name=node_1072 ne=48x1024x1x1 type_src0=8 rows=1024 cols=5120 stream=0x62b8b3902440 total_ms=0.0573 host_ms=0.2288 err_el=0 err_q0=0 err_q1=0
GGML_OP_PROFILE op=mul_mat name=node_1078 ne=48x1024x1x1 type_src0=8 rows=1024 cols=5120 stream=0x62b8b3902440 total_ms=0.0408 host_ms=0.0708 err_el=0 err_q0=0 err_q1=0
GGML_OP_PROFILE op=mul_mat name=z-18 ne=6144x1024x1x1 type_src0=17 rows=1024 cols=5120 stream=0x62b8b3902440 total_ms=0.3922 host_ms=1.2375 err_el=0 err_q0=0 err_q1=0
GGML_OP_PROFILE op=mul_mat name=linear_attn_out-18 ne=5120x1024x1x1 type_src0=22 rows=1024 cols=6144 stream=0x62b8b3902440 total_ms=0.2970 host_ms=0.4205 err_el=0 err_q0=0 err_q1=0
GGML_OP_PROFILE op=mul_mat name=ffn_gate-18 ne=17408x1024x1x1 type_src0=19 rows=1024 cols=5120 stream=0x62b8b3902440 total_ms=0.7041 host_ms=0.7590 err_el=0 err_q0=0 err_q1=0
GGML_OP_PROFILE op=mul_mat name=ffn_up-18 ne=17408x1024x1x1 type_src0=29 rows=1024 cols=5120 stream=0x62b8b3902440 total_ms=0.8025 host_ms=0.8417 err_el=0 err_q0=0 err_q1=0
GGML_OP_PROFILE op=mul_mat name=ffn_out-18 ne=5120x1024x1x1 type_src0=16 rows=1024 cols=17408 stream=0x62b8b3902440 total_ms=0.5807 host_ms=0.7202 err_el=0 err_q0=0 err_q1=0
GGML_OP_PROFILE op=mul_mat name=Qcur_full-19 ne=12288x1024x1x1 type_src0=29 rows=1024 cols=5120 stream=0x62b8b3902440 total_ms=0.6439 host_ms=0.6991 err_el=0 err_q0=0 err_q1=0
GGML_OP_PROFILE op=mul_mat name=Vcur-19 ne=1024x1024x1x1 type_src0=23 rows=1024 cols=5120 stream=0x62b8b3902440 total_ms=0.0732 host_ms=0.1338 err_el=0 err_q0=0 err_q1=0
GGML_OP_PROFILE op=mul_mat name=Kcur-19 ne=1024x1024x1x1 type_src0=23 rows=1024 cols=5120 stream=0x62b8b3902440 total_ms=0.0646 host_ms=0.1025 err_el=0 err_q0=0 err_q1=0
GGML_OP_PROFILE op=mul_mat name=attn_output-19 ne=5120x1024x1x1 type_src0=18 rows=1024 cols=6144 stream=0x62b8b3902440 total_ms=0.2192 host_ms=0.5314 err_el=0 err_q0=0 err_q1=0
GGML_OP_PROFILE op=mul_mat name=ffn_gate-19 ne=17408x1024x1x1 type_src0=29 rows=1024 cols=5120 stream=0x62b8b3902440 total_ms=0.7964 host_ms=0.8526 err_el=0 err_q0=0 err_q1=0
GGML_OP_PROFILE op=mul_mat name=ffn_up-19 ne=17408x1024x1x1 type_src0=19 rows=1024 cols=5120 stream=0x62b8b3902440 total_ms=0.6719 host_ms=0.7128 err_el=0 err_q0=0 err_q1=0
GGML_OP_PROFILE op=mul_mat name=ffn_out-19 ne=5120x1024x1x1 type_src0=16 rows=1024 cols=17408 stream=0x62b8b3902440 total_ms=0.5916 host_ms=0.8943 err_el=0 err_q0=0 err_q1=0
GGML_OP_PROFILE op=mul_mat name=node_1153 ne=10240x1024x1x1 type_src0=10 rows=1024 cols=5120 stream=0x62b8b3902440 total_ms=0.6238 host_ms=0.6695 err_el=0 err_q0=0 err_q1=0
GGML_OP_PROFILE op=mul_mat name=node_1174 ne=48x1024x1x1 type_src0=8 rows=1024 cols=5120 stream=0x62b8b3902440 total_ms=0.0573 host_ms=0.2285 err_el=0 err_q0=0 err_q1=0
GGML_OP_PROFILE op=mul_mat name=node_1180 ne=48x1024x1x1 type_src0=8 rows=1024 cols=5120 stream=0x62b8b3902440 total_ms=0.0450 host_ms=0.1052 err_el=0 err_q0=0 err_q1=0
GGML_OP_PROFILE op=mul_mat name=z-20 ne=6144x1024x1x1 type_src0=22 rows=1024 cols=5120 stream=0x62b8b3902440 total_ms=0.3028 host_ms=1.1319 err_el=0 err_q0=0 err_q1=0
GGML_OP_PROFILE op=mul_mat name=linear_attn_out-20 ne=5120x1024x1x1 type_src0=10 rows=1024 cols=6144 stream=0x62b8b3902440 total_ms=0.3494 host_ms=0.4044 err_el=0 err_q0=0 err_q1=0
GGML_OP_PROFILE op=mul_mat name=ffn_gate-20 ne=17408x1024x1x1 type_src0=22 rows=1024 cols=5120 stream=0x62b8b3902440 total_ms=0.8391 host_ms=0.8978 err_el=0 err_q0=0 err_q1=0
GGML_OP_PROFILE op=mul_mat name=ffn_up-20 ne=17408x1024x1x1 type_src0=10 rows=1024 cols=5120 stream=0x62b8b3902440 total_ms=0.9946 host_ms=1.0375 err_el=0 err_q0=0 err_q1=0
GGML_OP_PROFILE op=mul_mat name=ffn_out-20 ne=5120x1024x1x1 type_src0=10 rows=1024 cols=17408 stream=0x62b8b3902440 total_ms=0.9497 host_ms=1.0771 err_el=0 err_q0=0 err_q1=0
GGML_OP_PROFILE op=mul_mat name=node_1216 ne=10240x1024x1x1 type_src0=22 rows=1024 cols=5120 stream=0x62b8b3902440 total_ms=0.5332 host_ms=0.5855 err_el=0 err_q0=0 err_q1=0
GGML_OP_PROFILE op=mul_mat name=node_1237 ne=48x1024x1x1 type_src0=8 rows=1024 cols=5120 stream=0x62b8b3902440 total_ms=0.0573 host_ms=0.2246 err_el=0 err_q0=0 err_q1=0
GGML_OP_PROFILE op=mul_mat name=node_1243 ne=48x1024x1x1 type_src0=8 rows=1024 cols=5120 stream=0x62b8b3902440 total_ms=0.0850 host_ms=0.1111 err_el=0 err_q0=0 err_q1=0
GGML_OP_PROFILE op=mul_mat name=z-21 ne=6144x1024x1x1 type_src0=10 rows=1024 cols=5120 stream=0x62b8b3902440 total_ms=0.3850 host_ms=1.2157 err_el=0 err_q0=0 err_q1=0
GGML_OP_PROFILE op=mul_mat name=linear_attn_out-21 ne=5120x1024x1x1 type_src0=10 rows=1024 cols=6144 stream=0x62b8b3902440 total_ms=0.3431 host_ms=0.3983 err_el=0 err_q0=0 err_q1=0
GGML_OP_PROFILE op=mul_mat name=ffn_gate-21 ne=17408x1024x1x1 type_src0=22 rows=1024 cols=5120 stream=0x62b8b3902440 total_ms=0.8374 host_ms=0.8981 err_el=0 err_q0=0 err_q1=0
GGML_OP_PROFILE op=mul_mat name=ffn_up-21 ne=17408x1024x1x1 type_src0=10 rows=1024 cols=5120 stream=0x62b8b3902440 total_ms=0.9972 host_ms=1.0413 err_el=0 err_q0=0 err_q1=0
GGML_OP_PROFILE op=mul_mat name=ffn_out-21 ne=5120x1024x1x1 type_src0=22 rows=1024 cols=17408 stream=0x62b8b3902440 total_ms=0.8121 host_ms=0.9447 err_el=0 err_q0=0 err_q1=0
GGML_OP_PROFILE op=mul_mat name=node_1279 ne=10240x1024x1x1 type_src0=22 rows=1024 cols=5120 stream=0x62b8b3902440 total_ms=0.4830 host_ms=0.5327 err_el=0 err_q0=0 err_q1=0
GGML_OP_PROFILE op=mul_mat name=node_1300 ne=48x1024x1x1 type_src0=8 rows=1024 cols=5120 stream=0x62b8b3902440 total_ms=0.0573 host_ms=0.2266 err_el=0 err_q0=0 err_q1=0
GGML_OP_PROFILE op=mul_mat name=node_1306 ne=48x1024x1x1 type_src0=8 rows=1024 cols=5120 stream=0x62b8b3902440 total_ms=0.0999 host_ms=0.1227 err_el=0 err_q0=0 err_q1=0
GGML_OP_PROFILE op=mul_mat name=z-22 ne=6144x1024x1x1 type_src0=22 rows=1024 cols=5120 stream=0x62b8b3902440 total_ms=0.3011 host_ms=1.1348 err_el=0 err_q0=0 err_q1=0
GGML_OP_PROFILE op=mul_mat name=linear_attn_out-22 ne=5120x1024x1x1 type_src0=10 rows=1024 cols=6144 stream=0x62b8b3902440 total_ms=0.3490 host_ms=0.4056 err_el=0 err_q0=0 err_q1=0
GGML_OP_PROFILE op=mul_mat name=ffn_gate-22 ne=17408x1024x1x1 type_src0=22 rows=1024 cols=5120 stream=0x62b8b3902440 total_ms=1.1514 host_ms=1.2141 err_el=0 err_q0=0 err_q1=0
GGML_OP_PROFILE op=mul_mat name=ffn_up-22 ne=17408x1024x1x1 type_src0=10 rows=1024 cols=5120 stream=0x62b8b3902440 total_ms=1.0266 host_ms=1.0784 err_el=0 err_q0=0 err_q1=0
GGML_OP_PROFILE op=mul_mat name=ffn_out-22 ne=5120x1024x1x1 type_src0=10 rows=1024 cols=17408 stream=0x62b8b3902440 total_ms=0.9514 host_ms=1.0797 err_el=0 err_q0=0 err_q1=0
GGML_OP_PROFILE op=mul_mat name=Qcur_full-23 ne=12288x1024x1x1 type_src0=18 rows=1024 cols=5120 stream=0x62b8b3902440 total_ms=0.4479 host_ms=0.5053 err_el=0 err_q0=0 err_q1=0
GGML_OP_PROFILE op=mul_mat name=Vcur-23 ne=1024x1024x1x1 type_src0=12 rows=1024 cols=5120 stream=0x62b8b3902440 total_ms=14.1278 host_ms=14.1891 err_el=0 err_q0=0 err_q1=0
GGML_OP_PROFILE op=mul_mat name=Kcur-23 ne=1024x1024x1x1 type_src0=18 rows=1024 cols=5120 stream=0x62b8b3902440 total_ms=0.1158 host_ms=0.1602 err_el=0 err_q0=0 err_q1=0
GGML_OP_PROFILE op=mul_mat name=attn_output-23 ne=5120x1024x1x1 type_src0=18 rows=1024 cols=6144 stream=0x62b8b3902440 total_ms=0.2192 host_ms=0.5286 err_el=0 err_q0=0 err_q1=0
GGML_OP_PROFILE op=mul_mat name=ffn_gate-23 ne=17408x1024x1x1 type_src0=22 rows=1024 cols=5120 stream=0x62b8b3902440 total_ms=0.8374 host_ms=0.8998 err_el=0 err_q0=0 err_q1=0
GGML_OP_PROFILE op=mul_mat name=ffn_up-23 ne=17408x1024x1x1 type_src0=22 rows=1024 cols=5120 stream=0x62b8b3902440 total_ms=0.8522 host_ms=0.8901 err_el=0 err_q0=0 err_q1=0
GGML_OP_PROFILE op=mul_mat name=ffn_out-23 ne=5120x1024x1x1 type_src0=10 rows=1024 cols=17408 stream=0x62b8b3902440 total_ms=0.9509 host_ms=1.0796 err_el=0 err_q0=0 err_q1=0
GGML_OP_PROFILE op=mul_mat name=node_1381 ne=10240x1024x1x1 type_src0=22 rows=1024 cols=5120 stream=0x62b8b3902440 total_ms=0.4830 host_ms=0.5364 err_el=0 err_q0=0 err_q1=0
GGML_OP_PROFILE op=mul_mat name=node_1402 ne=48x1024x1x1 type_src0=8 rows=1024 cols=5120 stream=0x62b8b3902440 total_ms=0.0573 host_ms=0.2174 err_el=0 err_q0=0 err_q1=0
GGML_OP_PROFILE op=mul_mat name=node_1408 ne=48x1024x1x1 type_src0=8 rows=1024 cols=5120 stream=0x62b8b3902440 total_ms=0.0466 host_ms=0.0682 err_el=0 err_q0=0 err_q1=0
GGML_OP_PROFILE op=mul_mat name=z-24 ne=6144x1024x1x1 type_src0=10 rows=1024 cols=5120 stream=0x62b8b3902440 total_ms=0.3871 host_ms=1.2168 err_el=0 err_q0=0 err_q1=0
GGML_OP_PROFILE op=mul_mat name=linear_attn_out-24 ne=5120x1024x1x1 type_src0=22 rows=1024 cols=6144 stream=0x62b8b3902440 total_ms=0.2980 host_ms=0.3670 err_el=0 err_q0=0 err_q1=0
GGML_OP_PROFILE op=mul_mat name=ffn_gate-24 ne=17408x1024x1x1 type_src0=22 rows=1024 cols=5120 stream=0x62b8b3902440 total_ms=0.8353 host_ms=0.8922 err_el=0 err_q0=0 err_q1=0
GGML_OP_PROFILE op=mul_mat name=ffn_up-24 ne=17408x1024x1x1 type_src0=22 rows=1024 cols=5120 stream=0x62b8b3902440 total_ms=0.8892 host_ms=0.9335 err_el=0 err_q0=0 err_q1=0
GGML_OP_PROFILE op=mul_mat name=ffn_out-24 ne=5120x1024x1x1 type_src0=10 rows=1024 cols=17408 stream=0x62b8b3902440 total_ms=1.2533 host_ms=1.3888 err_el=0 err_q0=0 err_q1=0
GGML_OP_PROFILE op=mul_mat name=node_1444 ne=10240x1024x1x1 type_src0=22 rows=1024 cols=5120 stream=0x62b8b3902440 total_ms=0.5572 host_ms=0.6514 err_el=0 err_q0=0 err_q1=0
GGML_OP_PROFILE op=mul_mat name=node_1465 ne=48x1024x1x1 type_src0=8 rows=1024 cols=5120 stream=0x62b8b3902440 total_ms=0.0573 host_ms=0.2363 err_el=0 err_q0=0 err_q1=0
GGML_OP_PROFILE op=mul_mat name=node_1471 ne=48x1024x1x1 type_src0=8 rows=1024 cols=5120 stream=0x62b8b3902440 total_ms=0.0990 host_ms=0.1152 err_el=0 err_q0=0 err_q1=0
GGML_OP_PROFILE op=mul_mat name=z-25 ne=6144x1024x1x1 type_src0=10 rows=1024 cols=5120 stream=0x62b8b3902440 total_ms=0.3891 host_ms=1.2153 err_el=0 err_q0=0 err_q1=0
GGML_OP_PROFILE op=mul_mat name=linear_attn_out-25 ne=5120x1024x1x1 type_src0=18 rows=1024 cols=6144 stream=0x62b8b3902440 total_ms=0.2199 host_ms=0.2822 err_el=0 err_q0=0 err_q1=0
GGML_OP_PROFILE op=mul_mat name=ffn_gate-25 ne=17408x1024x1x1 type_src0=10 rows=1024 cols=5120 stream=0x62b8b3902440 total_ms=0.9783 host_ms=1.0352 err_el=0 err_q0=0 err_q1=0
GGML_OP_PROFILE op=mul_mat name=ffn_up-25 ne=17408x1024x1x1 type_src0=10 rows=1024 cols=5120 stream=0x62b8b3902440 total_ms=1.0260 host_ms=1.0662 err_el=0 err_q0=0 err_q1=0
GGML_OP_PROFILE op=mul_mat name=ffn_out-25 ne=5120x1024x1x1 type_src0=10 rows=1024 cols=17408 stream=0x62b8b3902440 total_ms=0.9491 host_ms=1.0793 err_el=0 err_q0=0 err_q1=0
GGML_OP_PROFILE op=mul_mat name=node_1507 ne=10240x1024x1x1 type_src0=10 rows=1024 cols=5120 stream=0x62b8b3902440 total_ms=0.6228 host_ms=0.6688 err_el=0 err_q0=0 err_q1=0
GGML_OP_PROFILE op=mul_mat name=node_1528 ne=48x1024x1x1 type_src0=8 rows=1024 cols=5120 stream=0x62b8b3902440 total_ms=0.0573 host_ms=0.2261 err_el=0 err_q0=0 err_q1=0
GGML_OP_PROFILE op=mul_mat name=node_1534 ne=48x1024x1x1 type_src0=8 rows=1024 cols=5120 stream=0x62b8b3902440 total_ms=0.0418 host_ms=0.0676 err_el=0 err_q0=0 err_q1=0
GGML_OP_PROFILE op=mul_mat name=z-26 ne=6144x1024x1x1 type_src0=22 rows=1024 cols=5120 stream=0x62b8b3902440 total_ms=0.3072 host_ms=1.4283 err_el=0 err_q0=0 err_q1=0
GGML_OP_PROFILE op=mul_mat name=linear_attn_out-26 ne=5120x1024x1x1 type_src0=10 rows=1024 cols=6144 stream=0x62b8b3902440 total_ms=0.3494 host_ms=0.4078 err_el=0 err_q0=0 err_q1=0
GGML_OP_PROFILE op=mul_mat name=ffn_gate-26 ne=17408x1024x1x1 type_src0=10 rows=1024 cols=5120 stream=0x62b8b3902440 total_ms=0.9725 host_ms=1.0296 err_el=0 err_q0=0 err_q1=0
GGML_OP_PROFILE op=mul_mat name=ffn_up-26 ne=17408x1024x1x1 type_src0=10 rows=1024 cols=5120 stream=0x62b8b3902440 total_ms=0.9934 host_ms=1.0728 err_el=0 err_q0=0 err_q1=0
GGML_OP_PROFILE op=mul_mat name=ffn_out-26 ne=5120x1024x1x1 type_src0=22 rows=1024 cols=17408 stream=0x62b8b3902440 total_ms=0.8163 host_ms=0.9443 err_el=0 err_q0=0 err_q1=0
GGML_OP_PROFILE op=mul_mat name=Qcur_full-27 ne=12288x1024x1x1 type_src0=18 rows=1024 cols=5120 stream=0x62b8b3902440 total_ms=0.5249 host_ms=0.5703 err_el=0 err_q0=0 err_q1=0
GGML_OP_PROFILE op=mul_mat name=Vcur-27 ne=1024x1024x1x1 type_src0=12 rows=1024 cols=5120 stream=0x62b8b3902440 total_ms=0.1356 host_ms=0.2177 err_el=0 err_q0=0 err_q1=0
GGML_OP_PROFILE op=mul_mat name=Kcur-27 ne=1024x1024x1x1 type_src0=21 rows=1024 cols=5120 stream=0x62b8b3902440 total_ms=0.1650 host_ms=0.2018 err_el=0 err_q0=0 err_q1=0
GGML_OP_PROFILE op=mul_mat name=attn_output-27 ne=5120x1024x1x1 type_src0=21 rows=1024 cols=6144 stream=0x62b8b3902440 total_ms=0.2294 host_ms=0.5198 err_el=0 err_q0=0 err_q1=0
GGML_OP_PROFILE op=mul_mat name=ffn_gate-27 ne=17408x1024x1x1 type_src0=22 rows=1024 cols=5120 stream=0x62b8b3902440 total_ms=0.9406 host_ms=0.9985 err_el=0 err_q0=0 err_q1=0
GGML_OP_PROFILE op=mul_mat name=ffn_up-27 ne=17408x1024x1x1 type_src0=10 rows=1024 cols=5120 stream=0x62b8b3902440 total_ms=1.0348 host_ms=1.0767 err_el=0 err_q0=0 err_q1=0
GGML_OP_PROFILE op=mul_mat name=ffn_out-27 ne=5120x1024x1x1 type_src0=10 rows=1024 cols=17408 stream=0x62b8b3902440 total_ms=0.9488 host_ms=1.0802 err_el=0 err_q0=0 err_q1=0
GGML_OP_PROFILE op=mul_mat name=node_1609 ne=10240x1024x1x1 type_src0=10 rows=1024 cols=5120 stream=0x62b8b3902440 total_ms=0.5974 host_ms=0.6534 err_el=0 err_q0=0 err_q1=0
GGML_OP_PROFILE op=mul_mat name=node_1630 ne=48x1024x1x1 type_src0=8 rows=1024 cols=5120 stream=0x62b8b3902440 total_ms=0.0573 host_ms=0.2281 err_el=0 err_q0=0 err_q1=0
GGML_OP_PROFILE op=mul_mat name=node_1636 ne=48x1024x1x1 type_src0=8 rows=1024 cols=5120 stream=0x62b8b3902440 total_ms=0.0425 host_ms=0.0684 err_el=0 err_q0=0 err_q1=0
GGML_OP_PROFILE op=mul_mat name=z-28 ne=6144x1024x1x1 type_src0=10 rows=1024 cols=5120 stream=0x62b8b3902440 total_ms=0.3870 host_ms=1.2184 err_el=0 err_q0=0 err_q1=0
GGML_OP_PROFILE op=mul_mat name=linear_attn_out-28 ne=5120x1024x1x1 type_src0=10 rows=1024 cols=6144 stream=0x62b8b3902440 total_ms=0.3461 host_ms=0.3990 err_el=0 err_q0=0 err_q1=0
GGML_OP_PROFILE op=mul_mat name=ffn_gate-28 ne=17408x1024x1x1 type_src0=22 rows=1024 cols=5120 stream=0x62b8b3902440 total_ms=0.8415 host_ms=0.8989 err_el=0 err_q0=0 err_q1=0
GGML_OP_PROFILE op=mul_mat name=ffn_up-28 ne=17408x1024x1x1 type_src0=22 rows=1024 cols=5120 stream=0x62b8b3902440 total_ms=0.8585 host_ms=0.8985 err_el=0 err_q0=0 err_q1=0
GGML_OP_PROFILE op=mul_mat name=ffn_out-28 ne=5120x1024x1x1 type_src0=22 rows=1024 cols=17408 stream=0x62b8b3902440 total_ms=1.1287 host_ms=1.2678 err_el=0 err_q0=0 err_q1=0
GGML_OP_PROFILE op=mul_mat name=node_1672 ne=10240x1024x1x1 type_src0=10 rows=1024 cols=5120 stream=0x62b8b3902440 total_ms=0.6354 host_ms=0.6829 err_el=0 err_q0=0 err_q1=0
GGML_OP_PROFILE op=mul_mat name=node_1693 ne=48x1024x1x1 type_src0=8 rows=1024 cols=5120 stream=0x62b8b3902440 total_ms=0.1195 host_ms=0.2606 err_el=0 err_q0=0 err_q1=0
GGML_OP_PROFILE op=mul_mat name=node_1699 ne=48x1024x1x1 type_src0=8 rows=1024 cols=5120 stream=0x62b8b3902440 total_ms=0.1915 host_ms=0.2166 err_el=0 err_q0=0 err_q1=0
GGML_OP_PROFILE op=mul_mat name=z-29 ne=6144x1024x1x1 type_src0=10 rows=1024 cols=5120 stream=0x62b8b3902440 total_ms=0.3871 host_ms=1.2336 err_el=0 err_q0=0 err_q1=0
GGML_OP_PROFILE op=mul_mat name=linear_attn_out-29 ne=5120x1024x1x1 type_src0=22 rows=1024 cols=6144 stream=0x62b8b3902440 total_ms=0.2972 host_ms=0.4064 err_el=0 err_q0=0 err_q1=0
GGML_OP_PROFILE op=mul_mat name=ffn_gate-29 ne=17408x1024x1x1 type_src0=22 rows=1024 cols=5120 stream=0x62b8b3902440 total_ms=0.9652 host_ms=1.0131 err_el=0 err_q0=0 err_q1=0
GGML_OP_PROFILE op=mul_mat name=ffn_up-29 ne=17408x1024x1x1 type_src0=16 rows=1024 cols=5120 stream=0x62b8b3902440 total_ms=0.6691 host_ms=0.7131 err_el=0 err_q0=0 err_q1=0
GGML_OP_PROFILE op=mul_mat name=ffn_out-29 ne=5120x1024x1x1 type_src0=22 rows=1024 cols=17408 stream=0x62b8b3902440 total_ms=0.8119 host_ms=0.9368 err_el=0 err_q0=0 err_q1=0
GGML_OP_PROFILE op=mul_mat name=node_1735 ne=10240x1024x1x1 type_src0=22 rows=1024 cols=5120 stream=0x62b8b3902440 total_ms=0.5761 host_ms=0.6048 err_el=0 err_q0=0 err_q1=0
GGML_OP_PROFILE op=mul_mat name=node_1756 ne=48x1024x1x1 type_src0=8 rows=1024 cols=5120 stream=0x62b8b3902440 total_ms=0.0573 host_ms=0.2364 err_el=0 err_q0=0 err_q1=0
GGML_OP_PROFILE op=mul_mat name=node_1762 ne=48x1024x1x1 type_src0=8 rows=1024 cols=5120 stream=0x62b8b3902440 total_ms=0.1084 host_ms=0.1586 err_el=0 err_q0=0 err_q1=0
GGML_OP_PROFILE op=mul_mat name=z-30 ne=6144x1024x1x1 type_src0=10 rows=1024 cols=5120 stream=0x62b8b3902440 total_ms=0.3871 host_ms=1.1977 err_el=0 err_q0=0 err_q1=0
GGML_OP_PROFILE op=mul_mat name=linear_attn_out-30 ne=5120x1024x1x1 type_src0=10 rows=1024 cols=6144 stream=0x62b8b3902440 total_ms=0.3461 host_ms=0.4015 err_el=0 err_q0=0 err_q1=0
GGML_OP_PROFILE op=mul_mat name=ffn_gate-30 ne=17408x1024x1x1 type_src0=29 rows=1024 cols=5120 stream=0x62b8b3902440 total_ms=0.8022 host_ms=0.8510 err_el=0 err_q0=0 err_q1=0
GGML_OP_PROFILE op=mul_mat name=ffn_up-30 ne=17408x1024x1x1 type_src0=22 rows=1024 cols=5120 stream=0x62b8b3902440 total_ms=1.1933 host_ms=1.2741 err_el=0 err_q0=0 err_q1=0
GGML_OP_PROFILE op=mul_mat name=ffn_out-30 ne=5120x1024x1x1 type_src0=22 rows=1024 cols=17408 stream=0x62b8b3902440 total_ms=0.8125 host_ms=0.9529 err_el=0 err_q0=0 err_q1=0
GGML_OP_PROFILE op=mul_mat name=Qcur_full-31 ne=12288x1024x1x1 type_src0=10 rows=1024 cols=5120 stream=0x62b8b3902440 total_ms=0.7059 host_ms=0.7665 err_el=0 err_q0=0 err_q1=0
GGML_OP_PROFILE op=mul_mat name=Vcur-31 ne=1024x1024x1x1 type_src0=12 rows=1024 cols=5120 stream=0x62b8b3902440 total_ms=0.0752 host_ms=0.1354 err_el=0 err_q0=0 err_q1=0
GGML_OP_PROFILE op=mul_mat name=Kcur-31 ne=1024x1024x1x1 type_src0=23 rows=1024 cols=5120 stream=0x62b8b3902440 total_ms=0.0739 host_ms=0.1124 err_el=0 err_q0=0 err_q1=0
GGML_OP_PROFILE op=mul_mat name=attn_output-31 ne=5120x1024x1x1 type_src0=21 rows=1024 cols=6144 stream=0x62b8b3902440 total_ms=0.2294 host_ms=0.5211 err_el=0 err_q0=0 err_q1=0
GGML_OP_PROFILE op=mul_mat name=ffn_gate-31 ne=17408x1024x1x1 type_src0=16 rows=1024 cols=5120 stream=0x62b8b3902440 total_ms=0.5954 host_ms=0.6520 err_el=0 err_q0=0 err_q1=0
GGML_OP_PROFILE op=mul_mat name=ffn_up-31 ne=17408x1024x1x1 type_src0=22 rows=1024 cols=5120 stream=0x62b8b3902440 total_ms=0.8954 host_ms=0.9304 err_el=0 err_q0=0 err_q1=0
GGML_OP_PROFILE op=mul_mat name=ffn_out-31 ne=5120x1024x1x1 type_src0=16 rows=1024 cols=17408 stream=0x62b8b3902440 total_ms=0.5849 host_ms=0.7178 err_el=0 err_q0=0 err_q1=0
GGML_OP_PROFILE op=mul_mat name=node_1837 ne=10240x1024x1x1 type_src0=18 rows=1024 cols=5120 stream=0x62b8b3902440 total_ms=0.3604 host_ms=0.4181 err_el=0 err_q0=0 err_q1=0
GGML_OP_PROFILE op=mul_mat name=node_1858 ne=48x1024x1x1 type_src0=8 rows=1024 cols=5120 stream=0x62b8b3902440 total_ms=0.0573 host_ms=0.2146 err_el=0 err_q0=0 err_q1=0
GGML_OP_PROFILE op=mul_mat name=node_1864 ne=48x1024x1x1 type_src0=8 rows=1024 cols=5120 stream=0x62b8b3902440 total_ms=0.0849 host_ms=0.1056 err_el=0 err_q0=0 err_q1=0
GGML_OP_PROFILE op=mul_mat name=z-32 ne=6144x1024x1x1 type_src0=10 rows=1024 cols=5120 stream=0x62b8b3902440 total_ms=0.3850 host_ms=1.2310 err_el=0 err_q0=0 err_q1=0
GGML_OP_PROFILE op=mul_mat name=linear_attn_out-32 ne=5120x1024x1x1 type_src0=18 rows=1024 cols=6144 stream=0x62b8b3902440 total_ms=0.2200 host_ms=0.2757 err_el=0 err_q0=0 err_q1=0
GGML_OP_PROFILE op=mul_mat name=ffn_gate-32 ne=17408x1024x1x1 type_src0=17 rows=1024 cols=5120 stream=0x62b8b3902440 total_ms=0.8514 host_ms=0.9150 err_el=0 err_q0=0 err_q1=0
GGML_OP_PROFILE op=mul_mat name=ffn_up-32 ne=17408x1024x1x1 type_src0=10 rows=1024 cols=5120 stream=0x62b8b3902440 total_ms=1.0456 host_ms=1.0966 err_el=0 err_q0=0 err_q1=0
GGML_OP_PROFILE op=mul_mat name=ffn_out-32 ne=5120x1024x1x1 type_src0=10 rows=1024 cols=17408 stream=0x62b8b3902440 total_ms=0.9536 host_ms=1.0876 err_el=0 err_q0=0 err_q1=0
GGML_OP_PROFILE op=mul_mat name=node_1900 ne=10240x1024x1x1 type_src0=18 rows=1024 cols=5120 stream=0x62b8b3902440 total_ms=0.3625 host_ms=0.4831 err_el=0 err_q0=0 err_q1=0
GGML_OP_PROFILE op=mul_mat name=node_1921 ne=48x1024x1x1 type_src0=8 rows=1024 cols=5120 stream=0x62b8b3902440 total_ms=0.0573 host_ms=0.2267 err_el=0 err_q0=0 err_q1=0
GGML_OP_PROFILE op=mul_mat name=node_1927 ne=48x1024x1x1 type_src0=8 rows=1024 cols=5120 stream=0x62b8b3902440 total_ms=0.0938 host_ms=0.1141 err_el=0 err_q0=0 err_q1=0
GGML_OP_PROFILE op=mul_mat name=z-33 ne=6144x1024x1x1 type_src0=10 rows=1024 cols=5120 stream=0x62b8b3902440 total_ms=0.3871 host_ms=1.2201 err_el=0 err_q0=0 err_q1=0
GGML_OP_PROFILE op=mul_mat name=linear_attn_out-33 ne=5120x1024x1x1 type_src0=18 rows=1024 cols=6144 stream=0x62b8b3902440 total_ms=0.2202 host_ms=0.2769 err_el=0 err_q0=0 err_q1=0
GGML_OP_PROFILE op=mul_mat name=ffn_gate-33 ne=17408x1024x1x1 type_src0=17 rows=1024 cols=5120 stream=0x62b8b3902440 total_ms=0.8493 host_ms=0.9063 err_el=0 err_q0=0 err_q1=0
GGML_OP_PROFILE op=mul_mat name=ffn_up-33 ne=17408x1024x1x1 type_src0=10 rows=1024 cols=5120 stream=0x62b8b3902440 total_ms=0.9989 host_ms=1.0416 err_el=0 err_q0=0 err_q1=0
GGML_OP_PROFILE op=mul_mat name=ffn_out-33 ne=5120x1024x1x1 type_src0=17 rows=1024 cols=17408 stream=0x62b8b3902440 total_ms=0.8306 host_ms=0.9615 err_el=0 err_q0=0 err_q1=0
GGML_OP_PROFILE op=mul_mat name=node_1963 ne=10240x1024x1x1 type_src0=18 rows=1024 cols=5120 stream=0x62b8b3902440 total_ms=0.3622 host_ms=0.4199 err_el=0 err_q0=0 err_q1=0
GGML_OP_PROFILE op=mul_mat name=node_1984 ne=48x1024x1x1 type_src0=8 rows=1024 cols=5120 stream=0x62b8b3902440 total_ms=0.0573 host_ms=0.2315 err_el=0 err_q0=0 err_q1=0
GGML_OP_PROFILE op=mul_mat name=node_1990 ne=48x1024x1x1 type_src0=8 rows=1024 cols=5120 stream=0x62b8b3902440 total_ms=0.0927 host_ms=0.1128 err_el=0 err_q0=0 err_q1=0
GGML_OP_PROFILE op=mul_mat name=z-34 ne=6144x1024x1x1 type_src0=10 rows=1024 cols=5120 stream=0x62b8b3902440 total_ms=0.3871 host_ms=1.2258 err_el=0 err_q0=0 err_q1=0
GGML_OP_PROFILE op=mul_mat name=linear_attn_out-34 ne=5120x1024x1x1 type_src0=18 rows=1024 cols=6144 stream=0x62b8b3902440 total_ms=0.2206 host_ms=0.2702 err_el=0 err_q0=0 err_q1=0
GGML_OP_PROFILE op=mul_mat name=ffn_gate-34 ne=17408x1024x1x1 type_src0=10 rows=1024 cols=5120 stream=0x62b8b3902440 total_ms=0.9824 host_ms=1.0402 err_el=0 err_q0=0 err_q1=0
GGML_OP_PROFILE op=mul_mat name=ffn_up-34 ne=17408x1024x1x1 type_src0=10 rows=1024 cols=5120 stream=0x62b8b3902440 total_ms=0.9926 host_ms=1.0309 err_el=0 err_q0=0 err_q1=0
GGML_OP_PROFILE op=mul_mat name=ffn_out-34 ne=5120x1024x1x1 type_src0=18 rows=1024 cols=17408 stream=0x62b8b3902440 total_ms=0.6194 host_ms=0.7499 err_el=0 err_q0=0 err_q1=0
GGML_OP_PROFILE op=mul_mat name=Qcur_full-35 ne=12288x1024x1x1 type_src0=10 rows=1024 cols=5120 stream=0x62b8b3902440 total_ms=0.9783 host_ms=1.0377 err_el=0 err_q0=0 err_q1=0
GGML_OP_PROFILE op=mul_mat name=Vcur-35 ne=1024x1024x1x1 type_src0=12 rows=1024 cols=5120 stream=0x62b8b3902440 total_ms=0.0749 host_ms=0.1644 err_el=0 err_q0=0 err_q1=0
GGML_OP_PROFILE op=mul_mat name=Kcur-35 ne=1024x1024x1x1 type_src0=23 rows=1024 cols=5120 stream=0x62b8b3902440 total_ms=0.1164 host_ms=0.1555 err_el=0 err_q0=0 err_q1=0
GGML_OP_PROFILE op=mul_mat name=attn_output-35 ne=5120x1024x1x1 type_src0=21 rows=1024 cols=6144 stream=0x62b8b3902440 total_ms=0.2315 host_ms=0.5266 err_el=0 err_q0=0 err_q1=0
GGML_OP_PROFILE op=mul_mat name=ffn_gate-35 ne=17408x1024x1x1 type_src0=17 rows=1024 cols=5120 stream=0x62b8b3902440 total_ms=0.8513 host_ms=0.9054 err_el=0 err_q0=0 err_q1=0
GGML_OP_PROFILE op=mul_mat name=ffn_up-35 ne=17408x1024x1x1 type_src0=10 rows=1024 cols=5120 stream=0x62b8b3902440 total_ms=1.0024 host_ms=1.0445 err_el=0 err_q0=0 err_q1=0
GGML_OP_PROFILE op=mul_mat name=ffn_out-35 ne=5120x1024x1x1 type_src0=18 rows=1024 cols=17408 stream=0x62b8b3902440 total_ms=0.6177 host_ms=0.7496 err_el=0 err_q0=0 err_q1=0
GGML_OP_PROFILE op=mul_mat name=node_2065 ne=10240x1024x1x1 type_src0=10 rows=1024 cols=5120 stream=0x62b8b3902440 total_ms=0.6128 host_ms=0.6641 err_el=0 err_q0=0 err_q1=0
GGML_OP_PROFILE op=mul_mat name=node_2086 ne=48x1024x1x1 type_src0=8 rows=1024 cols=5120 stream=0x62b8b3902440 total_ms=0.0573 host_ms=0.2246 err_el=0 err_q0=0 err_q1=0
GGML_OP_PROFILE op=mul_mat name=node_2092 ne=48x1024x1x1 type_src0=8 rows=1024 cols=5120 stream=0x62b8b3902440 total_ms=0.0420 host_ms=0.0747 err_el=0 err_q0=0 err_q1=0
GGML_OP_PROFILE op=mul_mat name=z-36 ne=6144x1024x1x1 type_src0=10 rows=1024 cols=5120 stream=0x62b8b3902440 total_ms=0.3851 host_ms=1.2219 err_el=0 err_q0=0 err_q1=0
GGML_OP_PROFILE op=mul_mat name=linear_attn_out-36 ne=5120x1024x1x1 type_src0=18 rows=1024 cols=6144 stream=0x62b8b3902440 total_ms=0.2212 host_ms=0.2749 err_el=0 err_q0=0 err_q1=0
GGML_OP_PROFILE op=mul_mat name=ffn_gate-36 ne=17408x1024x1x1 type_src0=10 rows=1024 cols=5120 stream=0x62b8b3902440 total_ms=0.9804 host_ms=1.0381 err_el=0 err_q0=0 err_q1=0
GGML_OP_PROFILE op=mul_mat name=ffn_up-36 ne=17408x1024x1x1 type_src0=10 rows=1024 cols=5120 stream=0x62b8b3902440 total_ms=0.9918 host_ms=1.0301 err_el=0 err_q0=0 err_q1=0
GGML_OP_PROFILE op=mul_mat name=ffn_out-36 ne=5120x1024x1x1 type_src0=18 rows=1024 cols=17408 stream=0x62b8b3902440 total_ms=0.6177 host_ms=0.7487 err_el=0 err_q0=0 err_q1=0
GGML_OP_PROFILE op=mul_mat name=node_2128 ne=10240x1024x1x1 type_src0=10 rows=1024 cols=5120 stream=0x62b8b3902440 total_ms=0.6193 host_ms=0.6721 err_el=0 err_q0=0 err_q1=0
GGML_OP_PROFILE op=mul_mat name=node_2149 ne=48x1024x1x1 type_src0=8 rows=1024 cols=5120 stream=0x62b8b3902440 total_ms=0.0573 host_ms=0.5523 err_el=0 err_q0=0 err_q1=0
GGML_OP_PROFILE op=mul_mat name=node_2155 ne=48x1024x1x1 type_src0=8 rows=1024 cols=5120 stream=0x62b8b3902440 total_ms=0.0435 host_ms=0.0743 err_el=0 err_q0=0 err_q1=0
GGML_OP_PROFILE op=mul_mat name=z-37 ne=6144x1024x1x1 type_src0=10 rows=1024 cols=5120 stream=0x62b8b3902440 total_ms=0.3871 host_ms=1.2266 err_el=0 err_q0=0 err_q1=0
GGML_OP_PROFILE op=mul_mat name=linear_attn_out-37 ne=5120x1024x1x1 type_src0=18 rows=1024 cols=6144 stream=0x62b8b3902440 total_ms=0.2215 host_ms=0.2853 err_el=0 err_q0=0 err_q1=0
GGML_OP_PROFILE op=mul_mat name=ffn_gate-37 ne=17408x1024x1x1 type_src0=10 rows=1024 cols=5120 stream=0x62b8b3902440 total_ms=0.9807 host_ms=1.0372 err_el=0 err_q0=0 err_q1=0
GGML_OP_PROFILE op=mul_mat name=ffn_up-37 ne=17408x1024x1x1 type_src0=10 rows=1024 cols=5120 stream=0x62b8b3902440 total_ms=0.9957 host_ms=1.0521 err_el=0 err_q0=0 err_q1=0
GGML_OP_PROFILE op=mul_mat name=ffn_out-37 ne=5120x1024x1x1 type_src0=18 rows=1024 cols=17408 stream=0x62b8b3902440 total_ms=0.6171 host_ms=0.7470 err_el=0 err_q0=0 err_q1=0
GGML_OP_PROFILE op=mul_mat name=node_2191 ne=10240x1024x1x1 type_src0=17 rows=1024 cols=5120 stream=0x62b8b3902440 total_ms=0.5371 host_ms=0.5895 err_el=0 err_q0=0 err_q1=0
GGML_OP_PROFILE op=mul_mat name=node_2212 ne=48x1024x1x1 type_src0=8 rows=1024 cols=5120 stream=0x62b8b3902440 total_ms=0.0573 host_ms=0.2224 err_el=0 err_q0=0 err_q1=0
GGML_OP_PROFILE op=mul_mat name=node_2218 ne=48x1024x1x1 type_src0=8 rows=1024 cols=5120 stream=0x62b8b3902440 total_ms=0.0440 host_ms=0.0696 err_el=0 err_q0=0 err_q1=0
GGML_OP_PROFILE op=mul_mat name=z-38 ne=6144x1024x1x1 type_src0=10 rows=1024 cols=5120 stream=0x62b8b3902440 total_ms=0.3892 host_ms=1.2272 err_el=0 err_q0=0 err_q1=0
GGML_OP_PROFILE op=mul_mat name=linear_attn_out-38 ne=5120x1024x1x1 type_src0=10 rows=1024 cols=6144 stream=0x62b8b3902440 total_ms=0.3458 host_ms=0.4017 err_el=0 err_q0=0 err_q1=0
GGML_OP_PROFILE op=mul_mat name=ffn_gate-38 ne=17408x1024x1x1 type_src0=10 rows=1024 cols=5120 stream=0x62b8b3902440 total_ms=0.9766 host_ms=1.0355 err_el=0 err_q0=0 err_q1=0
GGML_OP_PROFILE op=mul_mat name=ffn_up-38 ne=17408x1024x1x1 type_src0=18 rows=1024 cols=5120 stream=0x62b8b3902440 total_ms=0.6443 host_ms=0.6825 err_el=0 err_q0=0 err_q1=0
GGML_OP_PROFILE op=mul_mat name=ffn_out-38 ne=5120x1024x1x1 type_src0=18 rows=1024 cols=17408 stream=0x62b8b3902440 total_ms=0.6136 host_ms=0.7484 err_el=0 err_q0=0 err_q1=0
GGML_OP_PROFILE op=mul_mat name=Qcur_full-39 ne=12288x1024x1x1 type_src0=10 rows=1024 cols=5120 stream=0x62b8b3902440 total_ms=0.7084 host_ms=0.7708 err_el=0 err_q0=0 err_q1=0
GGML_OP_PROFILE op=mul_mat name=Vcur-39 ne=1024x1024x1x1 type_src0=23 rows=1024 cols=5120 stream=0x62b8b3902440 total_ms=0.0691 host_ms=0.1347 err_el=0 err_q0=0 err_q1=0
GGML_OP_PROFILE op=mul_mat name=Kcur-39 ne=1024x1024x1x1 type_src0=18 rows=1024 cols=5120 stream=0x62b8b3902440 total_ms=0.0612 host_ms=0.1811 err_el=0 err_q0=0 err_q1=0
GGML_OP_PROFILE op=mul_mat name=attn_output-39 ne=5120x1024x1x1 type_src0=21 rows=1024 cols=6144 stream=0x62b8b3902440 total_ms=0.2294 host_ms=0.5260 err_el=0 err_q0=0 err_q1=0
GGML_OP_PROFILE op=mul_mat name=ffn_gate-39 ne=17408x1024x1x1 type_src0=10 rows=1024 cols=5120 stream=0x62b8b3902440 total_ms=0.9845 host_ms=1.0371 err_el=0 err_q0=0 err_q1=0
GGML_OP_PROFILE op=mul_mat name=ffn_up-39 ne=17408x1024x1x1 type_src0=18 rows=1024 cols=5120 stream=0x62b8b3902440 total_ms=0.6460 host_ms=0.6869 err_el=0 err_q0=0 err_q1=0
GGML_OP_PROFILE op=mul_mat name=ffn_out-39 ne=5120x1024x1x1 type_src0=18 rows=1024 cols=17408 stream=0x62b8b3902440 total_ms=0.6157 host_ms=0.7554 err_el=0 err_q0=0 err_q1=0
GGML_OP_PROFILE op=mul_mat name=node_2293 ne=10240x1024x1x1 type_src0=10 rows=1024 cols=5120 stream=0x62b8b3902440 total_ms=0.6269 host_ms=0.6701 err_el=0 err_q0=0 err_q1=0
GGML_OP_PROFILE op=mul_mat name=node_2314 ne=48x1024x1x1 type_src0=8 rows=1024 cols=5120 stream=0x62b8b3902440 total_ms=0.0573 host_ms=0.2266 err_el=0 err_q0=0 err_q1=0
GGML_OP_PROFILE op=mul_mat name=node_2320 ne=48x1024x1x1 type_src0=8 rows=1024 cols=5120 stream=0x62b8b3902440 total_ms=0.0880 host_ms=0.1118 err_el=0 err_q0=0 err_q1=0
GGML_OP_PROFILE op=mul_mat name=z-40 ne=6144x1024x1x1 type_src0=10 rows=1024 cols=5120 stream=0x62b8b3902440 total_ms=0.3871 host_ms=1.2258 err_el=0 err_q0=0 err_q1=0
GGML_OP_PROFILE op=mul_mat name=linear_attn_out-40 ne=5120x1024x1x1 type_src0=18 rows=1024 cols=6144 stream=0x62b8b3902440 total_ms=0.2223 host_ms=0.2736 err_el=0 err_q0=0 err_q1=0
GGML_OP_PROFILE op=mul_mat name=ffn_gate-40 ne=17408x1024x1x1 type_src0=10 rows=1024 cols=5120 stream=0x62b8b3902440 total_ms=0.9845 host_ms=1.0419 err_el=0 err_q0=0 err_q1=0
GGML_OP_PROFILE op=mul_mat name=ffn_up-40 ne=17408x1024x1x1 type_src0=18 rows=1024 cols=5120 stream=0x62b8b3902440 total_ms=0.6822 host_ms=0.7215 err_el=0 err_q0=0 err_q1=0
GGML_OP_PROFILE op=mul_mat name=ffn_out-40 ne=5120x1024x1x1 type_src0=18 rows=1024 cols=17408 stream=0x62b8b3902440 total_ms=0.6156 host_ms=0.7515 err_el=0 err_q0=0 err_q1=0
GGML_OP_PROFILE op=mul_mat name=node_2356 ne=10240x1024x1x1 type_src0=10 rows=1024 cols=5120 stream=0x62b8b3902440 total_ms=0.5731 host_ms=0.6211 err_el=0 err_q0=0 err_q1=0
GGML_OP_PROFILE op=mul_mat name=node_2377 ne=48x1024x1x1 type_src0=8 rows=1024 cols=5120 stream=0x62b8b3902440 total_ms=0.0553 host_ms=0.2299 err_el=0 err_q0=0 err_q1=0
GGML_OP_PROFILE op=mul_mat name=node_2383 ne=48x1024x1x1 type_src0=8 rows=1024 cols=5120 stream=0x62b8b3902440 total_ms=0.0496 host_ms=0.0719 err_el=0 err_q0=0 err_q1=0
GGML_OP_PROFILE op=mul_mat name=z-41 ne=6144x1024x1x1 type_src0=10 rows=1024 cols=5120 stream=0x62b8b3902440 total_ms=0.6830 host_ms=1.5171 err_el=0 err_q0=0 err_q1=0
GGML_OP_PROFILE op=mul_mat name=linear_attn_out-41 ne=5120x1024x1x1 type_src0=18 rows=1024 cols=6144 stream=0x62b8b3902440 total_ms=0.2225 host_ms=0.2949 err_el=0 err_q0=0 err_q1=0
GGML_OP_PROFILE op=mul_mat name=ffn_gate-41 ne=17408x1024x1x1 type_src0=18 rows=1024 cols=5120 stream=0x62b8b3902440 total_ms=0.6764 host_ms=0.7243 err_el=0 err_q0=0 err_q1=0
GGML_OP_PROFILE op=mul_mat name=ffn_up-41 ne=17408x1024x1x1 type_src0=18 rows=1024 cols=5120 stream=0x62b8b3902440 total_ms=0.7169 host_ms=0.7560 err_el=0 err_q0=0 err_q1=0
GGML_OP_PROFILE op=mul_mat name=ffn_out-41 ne=5120x1024x1x1 type_src0=18 rows=1024 cols=17408 stream=0x62b8b3902440 total_ms=0.6156 host_ms=0.7442 err_el=0 err_q0=0 err_q1=0
GGML_OP_PROFILE op=mul_mat name=node_2419 ne=10240x1024x1x1 type_src0=10 rows=1024 cols=5120 stream=0x62b8b3902440 total_ms=0.6279 host_ms=0.6717 err_el=0 err_q0=0 err_q1=0
GGML_OP_PROFILE op=mul_mat name=node_2440 ne=48x1024x1x1 type_src0=8 rows=1024 cols=5120 stream=0x62b8b3902440 total_ms=0.2148 host_ms=0.3444 err_el=0 err_q0=0 err_q1=0
GGML_OP_PROFILE op=mul_mat name=node_2446 ne=48x1024x1x1 type_src0=8 rows=1024 cols=5120 stream=0x62b8b3902440 total_ms=0.0434 host_ms=0.1057 err_el=0 err_q0=0 err_q1=0
GGML_OP_PROFILE op=mul_mat name=z-42 ne=6144x1024x1x1 type_src0=10 rows=1024 cols=5120 stream=0x62b8b3902440 total_ms=0.3912 host_ms=1.2574 err_el=0 err_q0=0 err_q1=0
GGML_OP_PROFILE op=mul_mat name=linear_attn_out-42 ne=5120x1024x1x1 type_src0=18 rows=1024 cols=6144 stream=0x62b8b3902440 total_ms=0.4538 host_ms=0.4992 err_el=0 err_q0=0 err_q1=0
GGML_OP_PROFILE op=mul_mat name=ffn_gate-42 ne=17408x1024x1x1 type_src0=10 rows=1024 cols=5120 stream=0x62b8b3902440 total_ms=1.0196 host_ms=1.0699 err_el=0 err_q0=0 err_q1=0
GGML_OP_PROFILE op=mul_mat name=ffn_up-42 ne=17408x1024x1x1 type_src0=18 rows=1024 cols=5120 stream=0x62b8b3902440 total_ms=0.7032 host_ms=0.7420 err_el=0 err_q0=0 err_q1=0
GGML_OP_PROFILE op=mul_mat name=ffn_out-42 ne=5120x1024x1x1 type_src0=10 rows=1024 cols=17408 stream=0x62b8b3902440 total_ms=0.9573 host_ms=1.0927 err_el=0 err_q0=0 err_q1=0
GGML_OP_PROFILE op=mul_mat name=Qcur_full-43 ne=12288x1024x1x1 type_src0=18 rows=1024 cols=5120 stream=0x62b8b3902440 total_ms=0.4567 host_ms=0.5048 err_el=0 err_q0=0 err_q1=0
GGML_OP_PROFILE op=mul_mat name=Vcur-43 ne=1024x1024x1x1 type_src0=23 rows=1024 cols=5120 stream=0x62b8b3902440 total_ms=0.0711 host_ms=0.1245 err_el=0 err_q0=0 err_q1=0
GGML_OP_PROFILE op=mul_mat name=Kcur-43 ne=1024x1024x1x1 type_src0=23 rows=1024 cols=5120 stream=0x62b8b3902440 total_ms=0.0810 host_ms=0.1194 err_el=0 err_q0=0 err_q1=0
GGML_OP_PROFILE op=mul_mat name=attn_output-43 ne=5120x1024x1x1 type_src0=23 rows=1024 cols=6144 stream=0x62b8b3902440 total_ms=0.4885 host_ms=0.7908 err_el=0 err_q0=0 err_q1=0
GGML_OP_PROFILE op=mul_mat name=ffn_gate-43 ne=17408x1024x1x1 type_src0=10 rows=1024 cols=5120 stream=0x62b8b3902440 total_ms=0.9845 host_ms=1.0444 err_el=0 err_q0=0 err_q1=0
GGML_OP_PROFILE op=mul_mat name=ffn_up-43 ne=17408x1024x1x1 type_src0=18 rows=1024 cols=5120 stream=0x62b8b3902440 total_ms=0.6834 host_ms=0.7250 err_el=0 err_q0=0 err_q1=0
GGML_OP_PROFILE op=mul_mat name=ffn_out-43 ne=5120x1024x1x1 type_src0=10 rows=1024 cols=17408 stream=0x62b8b3902440 total_ms=0.9593 host_ms=1.0852 err_el=0 err_q0=0 err_q1=0
GGML_OP_PROFILE op=mul_mat name=node_2521 ne=10240x1024x1x1 type_src0=10 rows=1024 cols=5120 stream=0x62b8b3902440 total_ms=0.5690 host_ms=0.6131 err_el=0 err_q0=0 err_q1=0
GGML_OP_PROFILE op=mul_mat name=node_2542 ne=48x1024x1x1 type_src0=8 rows=1024 cols=5120 stream=0x62b8b3902440 total_ms=0.0573 host_ms=0.2218 err_el=0 err_q0=0 err_q1=0
GGML_OP_PROFILE op=mul_mat name=node_2548 ne=48x1024x1x1 type_src0=8 rows=1024 cols=5120 stream=0x62b8b3902440 total_ms=0.0518 host_ms=0.1075 err_el=0 err_q0=0 err_q1=0
GGML_OP_PROFILE op=mul_mat name=z-44 ne=6144x1024x1x1 type_src0=10 rows=1024 cols=5120 stream=0x62b8b3902440 total_ms=0.3891 host_ms=1.1823 err_el=0 err_q0=0 err_q1=0
GGML_OP_PROFILE op=mul_mat name=linear_attn_out-44 ne=5120x1024x1x1 type_src0=18 rows=1024 cols=6144 stream=0x62b8b3902440 total_ms=0.2200 host_ms=0.2682 err_el=0 err_q0=0 err_q1=0
GGML_OP_PROFILE op=mul_mat name=ffn_gate-44 ne=17408x1024x1x1 type_src0=10 rows=1024 cols=5120 stream=0x62b8b3902440 total_ms=0.9845 host_ms=1.0405 err_el=0 err_q0=0 err_q1=0
GGML_OP_PROFILE op=mul_mat name=ffn_up-44 ne=17408x1024x1x1 type_src0=10 rows=1024 cols=5120 stream=0x62b8b3902440 total_ms=1.0389 host_ms=1.0771 err_el=0 err_q0=0 err_q1=0
GGML_OP_PROFILE op=mul_mat name=ffn_out-44 ne=5120x1024x1x1 type_src0=10 rows=1024 cols=17408 stream=0x62b8b3902440 total_ms=0.9535 host_ms=1.0828 err_el=0 err_q0=0 err_q1=0
GGML_OP_PROFILE op=mul_mat name=node_2584 ne=10240x1024x1x1 type_src0=18 rows=1024 cols=5120 stream=0x62b8b3902440 total_ms=0.4047 host_ms=0.4514 err_el=0 err_q0=0 err_q1=0
GGML_OP_PROFILE op=mul_mat name=node_2605 ne=48x1024x1x1 type_src0=8 rows=1024 cols=5120 stream=0x62b8b3902440 total_ms=0.0573 host_ms=0.2253 err_el=0 err_q0=0 err_q1=0
GGML_OP_PROFILE op=mul_mat name=node_2611 ne=48x1024x1x1 type_src0=8 rows=1024 cols=5120 stream=0x62b8b3902440 total_ms=0.1321 host_ms=0.1529 err_el=0 err_q0=0 err_q1=0
GGML_OP_PROFILE op=mul_mat name=z-45 ne=6144x1024x1x1 type_src0=17 rows=1024 cols=5120 stream=0x62b8b3902440 total_ms=0.3052 host_ms=1.1410 err_el=0 err_q0=0 err_q1=0
GGML_OP_PROFILE op=mul_mat name=linear_attn_out-45 ne=5120x1024x1x1 type_src0=10 rows=1024 cols=6144 stream=0x62b8b3902440 total_ms=0.3502 host_ms=0.4731 err_el=0 err_q0=0 err_q1=0
GGML_OP_PROFILE op=mul_mat name=ffn_gate-45 ne=17408x1024x1x1 type_src0=10 rows=1024 cols=5120 stream=0x62b8b3902440 total_ms=0.9766 host_ms=1.0339 err_el=0 err_q0=0 err_q1=0
GGML_OP_PROFILE op=mul_mat name=ffn_up-45 ne=17408x1024x1x1 type_src0=10 rows=1024 cols=5120 stream=0x62b8b3902440 total_ms=1.0540 host_ms=1.0980 err_el=0 err_q0=0 err_q1=0
GGML_OP_PROFILE op=mul_mat name=ffn_out-45 ne=5120x1024x1x1 type_src0=10 rows=1024 cols=17408 stream=0x62b8b3902440 total_ms=0.9532 host_ms=1.0833 err_el=0 err_q0=0 err_q1=0
GGML_OP_PROFILE op=mul_mat name=node_2647 ne=10240x1024x1x1 type_src0=18 rows=1024 cols=5120 stream=0x62b8b3902440 total_ms=0.4033 host_ms=0.4529 err_el=0 err_q0=0 err_q1=0
GGML_OP_PROFILE op=mul_mat name=node_2668 ne=48x1024x1x1 type_src0=8 rows=1024 cols=5120 stream=0x62b8b3902440 total_ms=0.0573 host_ms=0.2252 err_el=0 err_q0=0 err_q1=0
GGML_OP_PROFILE op=mul_mat name=node_2674 ne=48x1024x1x1 type_src0=8 rows=1024 cols=5120 stream=0x62b8b3902440 total_ms=0.0719 host_ms=0.1041 err_el=0 err_q0=0 err_q1=0
GGML_OP_PROFILE op=mul_mat name=z-46 ne=6144x1024x1x1 type_src0=10 rows=1024 cols=5120 stream=0x62b8b3902440 total_ms=0.3850 host_ms=1.2230 err_el=0 err_q0=0 err_q1=0
GGML_OP_PROFILE op=mul_mat name=linear_attn_out-46 ne=5120x1024x1x1 type_src0=18 rows=1024 cols=6144 stream=0x62b8b3902440 total_ms=0.2201 host_ms=0.2733 err_el=0 err_q0=0 err_q1=0
GGML_OP_PROFILE op=mul_mat name=ffn_gate-46 ne=17408x1024x1x1 type_src0=17 rows=1024 cols=5120 stream=0x62b8b3902440 total_ms=0.8514 host_ms=0.9053 err_el=0 err_q0=0 err_q1=0
GGML_OP_PROFILE op=mul_mat name=ffn_up-46 ne=17408x1024x1x1 type_src0=10 rows=1024 cols=5120 stream=0x62b8b3902440 total_ms=1.0005 host_ms=1.0406 err_el=0 err_q0=0 err_q1=0
GGML_OP_PROFILE op=mul_mat name=ffn_out-46 ne=5120x1024x1x1 type_src0=10 rows=1024 cols=17408 stream=0x62b8b3902440 total_ms=0.9514 host_ms=1.0847 err_el=0 err_q0=0 err_q1=0
GGML_OP_PROFILE op=mul_mat name=Qcur_full-47 ne=12288x1024x1x1 type_src0=10 rows=1024 cols=5120 stream=0x62b8b3902440 total_ms=0.7043 host_ms=0.7665 err_el=0 err_q0=0 err_q1=0
GGML_OP_PROFILE op=mul_mat name=Vcur-47 ne=1024x1024x1x1 type_src0=23 rows=1024 cols=5120 stream=0x62b8b3902440 total_ms=0.0674 host_ms=0.1370 err_el=0 err_q0=0 err_q1=0
GGML_OP_PROFILE op=mul_mat name=Kcur-47 ne=1024x1024x1x1 type_src0=23 rows=1024 cols=5120 stream=0x62b8b3902440 total_ms=0.0613 host_ms=0.1018 err_el=0 err_q0=0 err_q1=0
GGML_OP_PROFILE op=mul_mat name=attn_output-47 ne=5120x1024x1x1 type_src0=18 rows=1024 cols=6144 stream=0x62b8b3902440 total_ms=0.2232 host_ms=0.5601 err_el=0 err_q0=0 err_q1=0
GGML_OP_PROFILE op=mul_mat name=ffn_gate-47 ne=17408x1024x1x1 type_src0=10 rows=1024 cols=5120 stream=0x62b8b3902440 total_ms=0.9831 host_ms=1.1254 err_el=0 err_q0=0 err_q1=0
GGML_OP_PROFILE op=mul_mat name=ffn_up-47 ne=17408x1024x1x1 type_src0=10 rows=1024 cols=5120 stream=0x62b8b3902440 total_ms=0.9929 host_ms=1.0359 err_el=0 err_q0=0 err_q1=0
GGML_OP_PROFILE op=mul_mat name=ffn_out-47 ne=5120x1024x1x1 type_src0=10 rows=1024 cols=17408 stream=0x62b8b3902440 total_ms=0.9515 host_ms=1.0801 err_el=0 err_q0=0 err_q1=0
GGML_OP_PROFILE op=mul_mat name=node_2749 ne=10240x1024x1x1 type_src0=18 rows=1024 cols=5120 stream=0x62b8b3902440 total_ms=0.4114 host_ms=0.4635 err_el=0 err_q0=0 err_q1=0
GGML_OP_PROFILE op=mul_mat name=node_2770 ne=48x1024x1x1 type_src0=8 rows=1024 cols=5120 stream=0x62b8b3902440 total_ms=0.0573 host_ms=0.2239 err_el=0 err_q0=0 err_q1=0
GGML_OP_PROFILE op=mul_mat name=node_2776 ne=48x1024x1x1 type_src0=8 rows=1024 cols=5120 stream=0x62b8b3902440 total_ms=0.1146 host_ms=0.1408 err_el=0 err_q0=0 err_q1=0
GGML_OP_PROFILE op=mul_mat name=z-48 ne=6144x1024x1x1 type_src0=17 rows=1024 cols=5120 stream=0x62b8b3902440 total_ms=0.3031 host_ms=1.1319 err_el=0 err_q0=0 err_q1=0
GGML_OP_PROFILE op=mul_mat name=linear_attn_out-48 ne=5120x1024x1x1 type_src0=18 rows=1024 cols=6144 stream=0x62b8b3902440 total_ms=0.2205 host_ms=0.2797 err_el=0 err_q0=0 err_q1=0
GGML_OP_PROFILE op=mul_mat name=ffn_gate-48 ne=17408x1024x1x1 type_src0=10 rows=1024 cols=5120 stream=0x62b8b3902440 total_ms=0.9843 host_ms=1.0408 err_el=0 err_q0=0 err_q1=0
GGML_OP_PROFILE op=mul_mat name=ffn_up-48 ne=17408x1024x1x1 type_src0=10 rows=1024 cols=5120 stream=0x62b8b3902440 total_ms=0.9958 host_ms=1.0368 err_el=0 err_q0=0 err_q1=0
GGML_OP_PROFILE op=mul_mat name=ffn_out-48 ne=5120x1024x1x1 type_src0=10 rows=1024 cols=17408 stream=0x62b8b3902440 total_ms=0.9535 host_ms=1.0864 err_el=0 err_q0=0 err_q1=0
GGML_OP_PROFILE op=mul_mat name=node_2812 ne=10240x1024x1x1 type_src0=18 rows=1024 cols=5120 stream=0x62b8b3902440 total_ms=0.3620 host_ms=0.4193 err_el=0 err_q0=0 err_q1=0
GGML_OP_PROFILE op=mul_mat name=node_2833 ne=48x1024x1x1 type_src0=8 rows=1024 cols=5120 stream=0x62b8b3902440 total_ms=0.0573 host_ms=0.2186 err_el=0 err_q0=0 err_q1=0
GGML_OP_PROFILE op=mul_mat name=node_2839 ne=48x1024x1x1 type_src0=8 rows=1024 cols=5120 stream=0x62b8b3902440 total_ms=0.0881 host_ms=0.1134 err_el=0 err_q0=0 err_q1=0
GGML_OP_PROFILE op=mul_mat name=z-49 ne=6144x1024x1x1 type_src0=22 rows=1024 cols=5120 stream=0x62b8b3902440 total_ms=0.4991 host_ms=1.3468 err_el=0 err_q0=0 err_q1=0
GGML_OP_PROFILE op=mul_mat name=linear_attn_out-49 ne=5120x1024x1x1 type_src0=18 rows=1024 cols=6144 stream=0x62b8b3902440 total_ms=0.2223 host_ms=0.2758 err_el=0 err_q0=0 err_q1=0
GGML_OP_PROFILE op=mul_mat name=ffn_gate-49 ne=17408x1024x1x1 type_src0=10 rows=1024 cols=5120 stream=0x62b8b3902440 total_ms=0.9824 host_ms=1.0442 err_el=0 err_q0=0 err_q1=0
GGML_OP_PROFILE op=mul_mat name=ffn_up-49 ne=17408x1024x1x1 type_src0=18 rows=1024 cols=5120 stream=0x62b8b3902440 total_ms=0.6442 host_ms=0.6821 err_el=0 err_q0=0 err_q1=0
GGML_OP_PROFILE op=mul_mat name=ffn_out-49 ne=5120x1024x1x1 type_src0=18 rows=1024 cols=17408 stream=0x62b8b3902440 total_ms=0.6156 host_ms=0.7468 err_el=0 err_q0=0 err_q1=0
GGML_OP_PROFILE op=mul_mat name=node_2875 ne=10240x1024x1x1 type_src0=10 rows=1024 cols=5120 stream=0x62b8b3902440 total_ms=0.5693 host_ms=0.6226 err_el=0 err_q0=0 err_q1=0
GGML_OP_PROFILE op=mul_mat name=node_2896 ne=48x1024x1x1 type_src0=8 rows=1024 cols=5120 stream=0x62b8b3902440 total_ms=0.0573 host_ms=0.2242 err_el=0 err_q0=0 err_q1=0
GGML_OP_PROFILE op=mul_mat name=node_2902 ne=48x1024x1x1 type_src0=8 rows=1024 cols=5120 stream=0x62b8b3902440 total_ms=0.0876 host_ms=0.1136 err_el=0 err_q0=0 err_q1=0
GGML_OP_PROFILE op=mul_mat name=z-50 ne=6144x1024x1x1 type_src0=10 rows=1024 cols=5120 stream=0x62b8b3902440 total_ms=0.3871 host_ms=1.2200 err_el=0 err_q0=0 err_q1=0
GGML_OP_PROFILE op=mul_mat name=linear_attn_out-50 ne=5120x1024x1x1 type_src0=21 rows=1024 cols=6144 stream=0x62b8b3902440 total_ms=0.2285 host_ms=0.2816 err_el=0 err_q0=0 err_q1=0
GGML_OP_PROFILE op=mul_mat name=ffn_gate-50 ne=17408x1024x1x1 type_src0=10 rows=1024 cols=5120 stream=0x62b8b3902440 total_ms=0.9801 host_ms=1.0401 err_el=0 err_q0=0 err_q1=0
GGML_OP_PROFILE op=mul_mat name=ffn_up-50 ne=17408x1024x1x1 type_src0=10 rows=1024 cols=5120 stream=0x62b8b3902440 total_ms=0.9959 host_ms=1.0345 err_el=0 err_q0=0 err_q1=0
GGML_OP_PROFILE op=mul_mat name=ffn_out-50 ne=5120x1024x1x1 type_src0=18 rows=1024 cols=17408 stream=0x62b8b3902440 total_ms=0.6162 host_ms=0.7482 err_el=0 err_q0=0 err_q1=0
GGML_OP_PROFILE op=mul_mat name=Qcur_full-51 ne=12288x1024x1x1 type_src0=18 rows=1024 cols=5120 stream=0x62b8b3902440 total_ms=0.4503 host_ms=0.5132 err_el=0 err_q0=0 err_q1=0
GGML_OP_PROFILE op=mul_mat name=Vcur-51 ne=1024x1024x1x1 type_src0=12 rows=1024 cols=5120 stream=0x62b8b3902440 total_ms=0.0733 host_ms=0.1443 err_el=0 err_q0=0 err_q1=0
GGML_OP_PROFILE op=mul_mat name=Kcur-51 ne=1024x1024x1x1 type_src0=23 rows=1024 cols=5120 stream=0x62b8b3902440 total_ms=0.0653 host_ms=0.1027 err_el=0 err_q0=0 err_q1=0
GGML_OP_PROFILE op=mul_mat name=attn_output-51 ne=5120x1024x1x1 type_src0=21 rows=1024 cols=6144 stream=0x62b8b3902440 total_ms=0.2294 host_ms=0.5112 err_el=0 err_q0=0 err_q1=0
GGML_OP_PROFILE op=mul_mat name=ffn_gate-51 ne=17408x1024x1x1 type_src0=10 rows=1024 cols=5120 stream=0x62b8b3902440 total_ms=1.2592 host_ms=1.3262 err_el=0 err_q0=0 err_q1=0
GGML_OP_PROFILE op=mul_mat name=ffn_up-51 ne=17408x1024x1x1 type_src0=18 rows=1024 cols=5120 stream=0x62b8b3902440 total_ms=0.6427 host_ms=0.6860 err_el=0 err_q0=0 err_q1=0
GGML_OP_PROFILE op=mul_mat name=ffn_out-51 ne=5120x1024x1x1 type_src0=18 rows=1024 cols=17408 stream=0x62b8b3902440 total_ms=0.6156 host_ms=0.7498 err_el=0 err_q0=0 err_q1=0
GGML_OP_PROFILE op=mul_mat name=node_2977 ne=10240x1024x1x1 type_src0=10 rows=1024 cols=5120 stream=0x62b8b3902440 total_ms=0.6183 host_ms=0.6704 err_el=0 err_q0=0 err_q1=0
GGML_OP_PROFILE op=mul_mat name=node_2998 ne=48x1024x1x1 type_src0=8 rows=1024 cols=5120 stream=0x62b8b3902440 total_ms=0.0573 host_ms=0.2284 err_el=0 err_q0=0 err_q1=0
GGML_OP_PROFILE op=mul_mat name=node_3004 ne=48x1024x1x1 type_src0=8 rows=1024 cols=5120 stream=0x62b8b3902440 total_ms=0.0766 host_ms=0.0995 err_el=0 err_q0=0 err_q1=0
GGML_OP_PROFILE op=mul_mat name=z-52 ne=6144x1024x1x1 type_src0=10 rows=1024 cols=5120 stream=0x62b8b3902440 total_ms=0.3870 host_ms=1.2205 err_el=0 err_q0=0 err_q1=0
GGML_OP_PROFILE op=mul_mat name=linear_attn_out-52 ne=5120x1024x1x1 type_src0=21 rows=1024 cols=6144 stream=0x62b8b3902440 total_ms=0.2283 host_ms=0.2790 err_el=0 err_q0=0 err_q1=0
GGML_OP_PROFILE op=mul_mat name=ffn_gate-52 ne=17408x1024x1x1 type_src0=10 rows=1024 cols=5120 stream=0x62b8b3902440 total_ms=0.9845 host_ms=1.0305 err_el=0 err_q0=0 err_q1=0
GGML_OP_PROFILE op=mul_mat name=ffn_up-52 ne=17408x1024x1x1 type_src0=18 rows=1024 cols=5120 stream=0x62b8b3902440 total_ms=0.6373 host_ms=0.7626 err_el=0 err_q0=0 err_q1=0
GGML_OP_PROFILE op=mul_mat name=ffn_out-52 ne=5120x1024x1x1 type_src0=18 rows=1024 cols=17408 stream=0x62b8b3902440 total_ms=0.6132 host_ms=0.7429 err_el=0 err_q0=0 err_q1=0
GGML_OP_PROFILE op=mul_mat name=node_3040 ne=10240x1024x1x1 type_src0=10 rows=1024 cols=5120 stream=0x62b8b3902440 total_ms=0.5982 host_ms=0.6490 err_el=0 err_q0=0 err_q1=0
GGML_OP_PROFILE op=mul_mat name=node_3061 ne=48x1024x1x1 type_src0=8 rows=1024 cols=5120 stream=0x62b8b3902440 total_ms=0.0573 host_ms=0.2259 err_el=0 err_q0=0 err_q1=0
GGML_OP_PROFILE op=mul_mat name=node_3067 ne=48x1024x1x1 type_src0=8 rows=1024 cols=5120 stream=0x62b8b3902440 total_ms=0.0949 host_ms=0.1222 err_el=0 err_q0=0 err_q1=0
GGML_OP_PROFILE op=mul_mat name=z-53 ne=6144x1024x1x1 type_src0=10 rows=1024 cols=5120 stream=0x62b8b3902440 total_ms=0.3889 host_ms=1.2256 err_el=0 err_q0=0 err_q1=0
GGML_OP_PROFILE op=mul_mat name=linear_attn_out-53 ne=5120x1024x1x1 type_src0=21 rows=1024 cols=6144 stream=0x62b8b3902440 total_ms=0.2273 host_ms=0.2848 err_el=0 err_q0=0 err_q1=0
GGML_OP_PROFILE op=mul_mat name=ffn_gate-53 ne=17408x1024x1x1 type_src0=10 rows=1024 cols=5120 stream=0x62b8b3902440 total_ms=1.3009 host_ms=1.3596 err_el=0 err_q0=0 err_q1=0
GGML_OP_PROFILE op=mul_mat name=ffn_up-53 ne=17408x1024x1x1 type_src0=18 rows=1024 cols=5120 stream=0x62b8b3902440 total_ms=0.6865 host_ms=0.7477 err_el=0 err_q0=0 err_q1=0
GGML_OP_PROFILE op=mul_mat name=ffn_out-53 ne=5120x1024x1x1 type_src0=18 rows=1024 cols=17408 stream=0x62b8b3902440 total_ms=0.6153 host_ms=0.7823 err_el=0 err_q0=0 err_q1=0
GGML_OP_PROFILE op=mul_mat name=node_3103 ne=10240x1024x1x1 type_src0=10 rows=1024 cols=5120 stream=0x62b8b3902440 total_ms=0.6589 host_ms=0.6876 err_el=0 err_q0=0 err_q1=0
GGML_OP_PROFILE op=mul_mat name=node_3124 ne=48x1024x1x1 type_src0=8 rows=1024 cols=5120 stream=0x62b8b3902440 total_ms=0.0573 host_ms=0.2355 err_el=0 err_q0=0 err_q1=0
GGML_OP_PROFILE op=mul_mat name=node_3130 ne=48x1024x1x1 type_src0=8 rows=1024 cols=5120 stream=0x62b8b3902440 total_ms=0.1482 host_ms=0.1678 err_el=0 err_q0=0 err_q1=0
GGML_OP_PROFILE op=mul_mat name=z-54 ne=6144x1024x1x1 type_src0=10 rows=1024 cols=5120 stream=0x62b8b3902440 total_ms=0.3891 host_ms=1.1823 err_el=0 err_q0=0 err_q1=0
GGML_OP_PROFILE op=mul_mat name=linear_attn_out-54 ne=5120x1024x1x1 type_src0=18 rows=1024 cols=6144 stream=0x62b8b3902440 total_ms=0.2831 host_ms=0.3187 err_el=0 err_q0=0 err_q1=0
GGML_OP_PROFILE op=mul_mat name=ffn_gate-54 ne=17408x1024x1x1 type_src0=18 rows=1024 cols=5120 stream=0x62b8b3902440 total_ms=0.7547 host_ms=0.7994 err_el=0 err_q0=0 err_q1=0
GGML_OP_PROFILE op=mul_mat name=ffn_up-54 ne=17408x1024x1x1 type_src0=18 rows=1024 cols=5120 stream=0x62b8b3902440 total_ms=0.7039 host_ms=0.7444 err_el=0 err_q0=0 err_q1=0
GGML_OP_PROFILE op=mul_mat name=ffn_out-54 ne=5120x1024x1x1 type_src0=21 rows=1024 cols=17408 stream=0x62b8b3902440 total_ms=0.6315 host_ms=0.7510 err_el=0 err_q0=0 err_q1=0
GGML_OP_PROFILE op=mul_mat name=Qcur_full-55 ne=12288x1024x1x1 type_src0=10 rows=1024 cols=5120 stream=0x62b8b3902440 total_ms=0.8297 host_ms=0.8754 err_el=0 err_q0=0 err_q1=0
GGML_OP_PROFILE op=mul_mat name=Vcur-55 ne=1024x1024x1x1 type_src0=23 rows=1024 cols=5120 stream=0x62b8b3902440 total_ms=0.1313 host_ms=0.2199 err_el=0 err_q0=0 err_q1=0
GGML_OP_PROFILE op=mul_mat name=Kcur-55 ne=1024x1024x1x1 type_src0=23 rows=1024 cols=5120 stream=0x62b8b3902440 total_ms=0.1132 host_ms=0.1792 err_el=0 err_q0=0 err_q1=0
GGML_OP_PROFILE op=mul_mat name=attn_output-55 ne=5120x1024x1x1 type_src0=21 rows=1024 cols=6144 stream=0x62b8b3902440 total_ms=0.2294 host_ms=0.4424 err_el=0 err_q0=0 err_q1=0
GGML_OP_PROFILE op=mul_mat name=ffn_gate-55 ne=17408x1024x1x1 type_src0=10 rows=1024 cols=5120 stream=0x62b8b3902440 total_ms=1.0663 host_ms=1.1136 err_el=0 err_q0=0 err_q1=0
GGML_OP_PROFILE op=mul_mat name=ffn_up-55 ne=17408x1024x1x1 type_src0=18 rows=1024 cols=5120 stream=0x62b8b3902440 total_ms=0.6877 host_ms=0.7636 err_el=0 err_q0=0 err_q1=0
GGML_OP_PROFILE op=mul_mat name=ffn_out-55 ne=5120x1024x1x1 type_src0=21 rows=1024 cols=17408 stream=0x62b8b3902440 total_ms=0.6317 host_ms=0.7641 err_el=0 err_q0=0 err_q1=0
GGML_OP_PROFILE op=mul_mat name=node_3205 ne=10240x1024x1x1 type_src0=21 rows=1024 cols=5120 stream=0x62b8b3902440 total_ms=0.4659 host_ms=0.5336 err_el=0 err_q0=0 err_q1=0
GGML_OP_PROFILE op=mul_mat name=node_3226 ne=48x1024x1x1 type_src0=8 rows=1024 cols=5120 stream=0x62b8b3902440 total_ms=0.1028 host_ms=0.2132 err_el=0 err_q0=0 err_q1=0
GGML_OP_PROFILE op=mul_mat name=node_3232 ne=48x1024x1x1 type_src0=8 rows=1024 cols=5120 stream=0x62b8b3902440 total_ms=0.1372 host_ms=0.2361 err_el=0 err_q0=0 err_q1=0
GGML_OP_PROFILE op=mul_mat name=z-56 ne=6144x1024x1x1 type_src0=21 rows=1024 cols=5120 stream=0x62b8b3902440 total_ms=0.2356 host_ms=1.0625 err_el=0 err_q0=0 err_q1=0
GGML_OP_PROFILE op=mul_mat name=linear_attn_out-56 ne=5120x1024x1x1 type_src0=23 rows=1024 cols=6144 stream=0x62b8b3902440 total_ms=0.2693 host_ms=0.3243 err_el=0 err_q0=0 err_q1=0
GGML_OP_PROFILE op=mul_mat name=ffn_gate-56 ne=17408x1024x1x1 type_src0=21 rows=1024 cols=5120 stream=0x62b8b3902440 total_ms=0.6526 host_ms=0.7101 err_el=0 err_q0=0 err_q1=0
GGML_OP_PROFILE op=mul_mat name=ffn_up-56 ne=17408x1024x1x1 type_src0=23 rows=1024 cols=5120 stream=0x62b8b3902440 total_ms=0.6612 host_ms=0.6990 err_el=0 err_q0=0 err_q1=0
GGML_OP_PROFILE op=mul_mat name=ffn_out-56 ne=5120x1024x1x1 type_src0=23 rows=1024 cols=17408 stream=0x62b8b3902440 total_ms=0.5701 host_ms=0.6868 err_el=0 err_q0=0 err_q1=0
GGML_OP_PROFILE op=mul_mat name=node_3268 ne=10240x1024x1x1 type_src0=18 rows=1024 cols=5120 stream=0x62b8b3902440 total_ms=0.4366 host_ms=0.5552 err_el=0 err_q0=0 err_q1=0
GGML_OP_PROFILE op=mul_mat name=node_3289 ne=48x1024x1x1 type_src0=8 rows=1024 cols=5120 stream=0x62b8b3902440 total_ms=0.0553 host_ms=0.2119 err_el=0 err_q0=0 err_q1=0
GGML_OP_PROFILE op=mul_mat name=node_3295 ne=48x1024x1x1 type_src0=8 rows=1024 cols=5120 stream=0x62b8b3902440 total_ms=0.1298 host_ms=0.1942 err_el=0 err_q0=0 err_q1=0
GGML_OP_PROFILE op=mul_mat name=z-57 ne=6144x1024x1x1 type_src0=21 rows=1024 cols=5120 stream=0x62b8b3902440 total_ms=0.2356 host_ms=1.0416 err_el=0 err_q0=0 err_q1=0
GGML_OP_PROFILE op=mul_mat name=linear_attn_out-57 ne=5120x1024x1x1 type_src0=23 rows=1024 cols=6144 stream=0x62b8b3902440 total_ms=0.2071 host_ms=0.2600 err_el=0 err_q0=0 err_q1=0
GGML_OP_PROFILE op=mul_mat name=ffn_gate-57 ne=17408x1024x1x1 type_src0=23 rows=1024 cols=5120 stream=0x62b8b3902440 total_ms=0.6564 host_ms=0.7293 err_el=0 err_q0=0 err_q1=0
GGML_OP_PROFILE op=mul_mat name=ffn_up-57 ne=17408x1024x1x1 type_src0=23 rows=1024 cols=5120 stream=0x62b8b3902440 total_ms=0.6380 host_ms=0.6776 err_el=0 err_q0=0 err_q1=0
GGML_OP_PROFILE op=mul_mat name=ffn_out-57 ne=5120x1024x1x1 type_src0=23 rows=1024 cols=17408 stream=0x62b8b3902440 total_ms=0.5796 host_ms=1.0348 err_el=0 err_q0=0 err_q1=0
GGML_OP_PROFILE op=mul_mat name=node_3331 ne=10240x1024x1x1 type_src0=21 rows=1024 cols=5120 stream=0x62b8b3902440 total_ms=0.4566 host_ms=0.4932 err_el=0 err_q0=0 err_q1=0
GGML_OP_PROFILE op=mul_mat name=node_3352 ne=48x1024x1x1 type_src0=8 rows=1024 cols=5120 stream=0x62b8b3902440 total_ms=0.0571 host_ms=0.2346 err_el=0 err_q0=0 err_q1=0
GGML_OP_PROFILE op=mul_mat name=node_3358 ne=48x1024x1x1 type_src0=8 rows=1024 cols=5120 stream=0x62b8b3902440 total_ms=0.1228 host_ms=0.1429 err_el=0 err_q0=0 err_q1=0
GGML_OP_PROFILE op=mul_mat name=z-58 ne=6144x1024x1x1 type_src0=21 rows=1024 cols=5120 stream=0x62b8b3902440 total_ms=0.2356 host_ms=1.0311 err_el=0 err_q0=0 err_q1=0
GGML_OP_PROFILE op=mul_mat name=linear_attn_out-58 ne=5120x1024x1x1 type_src0=23 rows=1024 cols=6144 stream=0x62b8b3902440 total_ms=0.2074 host_ms=0.2621 err_el=0 err_q0=0 err_q1=0
GGML_OP_PROFILE op=mul_mat name=ffn_gate-58 ne=17408x1024x1x1 type_src0=23 rows=1024 cols=5120 stream=0x62b8b3902440 total_ms=0.6708 host_ms=0.7140 err_el=0 err_q0=0 err_q1=0
GGML_OP_PROFILE op=mul_mat name=ffn_up-58 ne=17408x1024x1x1 type_src0=23 rows=1024 cols=5120 stream=0x62b8b3902440 total_ms=0.6433 host_ms=0.7161 err_el=0 err_q0=0 err_q1=0
GGML_OP_PROFILE op=mul_mat name=ffn_out-58 ne=5120x1024x1x1 type_src0=23 rows=1024 cols=17408 stream=0x62b8b3902440 total_ms=0.5699 host_ms=0.7063 err_el=0 err_q0=0 err_q1=0
GGML_OP_PROFILE op=mul_mat name=Qcur_full-59 ne=12288x1024x1x1 type_src0=18 rows=1024 cols=5120 stream=0x62b8b3902440 total_ms=0.5222 host_ms=0.5642 err_el=0 err_q0=0 err_q1=0
GGML_OP_PROFILE op=mul_mat name=Vcur-59 ne=1024x1024x1x1 type_src0=13 rows=1024 cols=5120 stream=0x62b8b3902440 total_ms=12.5857 host_ms=12.6754 err_el=0 err_q0=0 err_q1=0
GGML_OP_PROFILE op=mul_mat name=Kcur-59 ne=1024x1024x1x1 type_src0=12 rows=1024 cols=5120 stream=0x62b8b3902440 total_ms=0.1365 host_ms=0.2081 err_el=0 err_q0=0 err_q1=0
GGML_OP_PROFILE op=mul_mat name=attn_output-59 ne=5120x1024x1x1 type_src0=23 rows=1024 cols=6144 stream=0x62b8b3902440 total_ms=0.2048 host_ms=0.4840 err_el=0 err_q0=0 err_q1=0
GGML_OP_PROFILE op=mul_mat name=ffn_gate-59 ne=17408x1024x1x1 type_src0=23 rows=1024 cols=5120 stream=0x62b8b3902440 total_ms=0.5769 host_ms=0.6274 err_el=0 err_q0=0 err_q1=0
GGML_OP_PROFILE op=mul_mat name=ffn_up-59 ne=17408x1024x1x1 type_src0=23 rows=1024 cols=5120 stream=0x62b8b3902440 total_ms=0.6595 host_ms=0.7095 err_el=0 err_q0=0 err_q1=0
GGML_OP_PROFILE op=mul_mat name=ffn_out-59 ne=5120x1024x1x1 type_src0=23 rows=1024 cols=17408 stream=0x62b8b3902440 total_ms=0.5685 host_ms=0.7028 err_el=0 err_q0=0 err_q1=0
GGML_OP_PROFILE op=mul_mat name=node_3433 ne=10240x1024x1x1 type_src0=21 rows=1024 cols=5120 stream=0x62b8b3902440 total_ms=0.4364 host_ms=0.4815 err_el=0 err_q0=0 err_q1=0
GGML_OP_PROFILE op=mul_mat name=node_3454 ne=48x1024x1x1 type_src0=8 rows=1024 cols=5120 stream=0x62b8b3902440 total_ms=0.2273 host_ms=0.3893 err_el=0 err_q0=0 err_q1=0
GGML_OP_PROFILE op=mul_mat name=node_3460 ne=48x1024x1x1 type_src0=8 rows=1024 cols=5120 stream=0x62b8b3902440 total_ms=0.0834 host_ms=0.1022 err_el=0 err_q0=0 err_q1=0
GGML_OP_PROFILE op=mul_mat name=z-60 ne=6144x1024x1x1 type_src0=21 rows=1024 cols=5120 stream=0x62b8b3902440 total_ms=0.2355 host_ms=1.0734 err_el=0 err_q0=0 err_q1=0
GGML_OP_PROFILE op=mul_mat name=linear_attn_out-60 ne=5120x1024x1x1 type_src0=23 rows=1024 cols=6144 stream=0x62b8b3902440 total_ms=0.2038 host_ms=0.2584 err_el=0 err_q0=0 err_q1=0
GGML_OP_PROFILE op=mul_mat name=ffn_gate-60 ne=17408x1024x1x1 type_src0=23 rows=1024 cols=5120 stream=0x62b8b3902440 total_ms=0.5769 host_ms=0.6335 err_el=0 err_q0=0 err_q1=0
GGML_OP_PROFILE op=mul_mat name=ffn_up-60 ne=17408x1024x1x1 type_src0=23 rows=1024 cols=5120 stream=0x62b8b3902440 total_ms=0.5957 host_ms=0.6726 err_el=0 err_q0=0 err_q1=0
GGML_OP_PROFILE op=mul_mat name=ffn_out-60 ne=5120x1024x1x1 type_src0=23 rows=1024 cols=17408 stream=0x62b8b3902440 total_ms=0.5700 host_ms=0.7404 err_el=0 err_q0=0 err_q1=0
GGML_OP_PROFILE op=mul_mat name=node_3496 ne=10240x1024x1x1 type_src0=21 rows=1024 cols=5120 stream=0x62b8b3902440 total_ms=0.4357 host_ms=0.4798 err_el=0 err_q0=0 err_q1=0
GGML_OP_PROFILE op=mul_mat name=node_3517 ne=48x1024x1x1 type_src0=8 rows=1024 cols=5120 stream=0x62b8b3902440 total_ms=0.1439 host_ms=0.2854 err_el=0 err_q0=0 err_q1=0
GGML_OP_PROFILE op=mul_mat name=node_3523 ne=48x1024x1x1 type_src0=8 rows=1024 cols=5120 stream=0x62b8b3902440 total_ms=0.1613 host_ms=0.2245 err_el=0 err_q0=0 err_q1=0
GGML_OP_PROFILE op=mul_mat name=z-61 ne=6144x1024x1x1 type_src0=21 rows=1024 cols=5120 stream=0x62b8b3902440 total_ms=0.2356 host_ms=1.1106 err_el=0 err_q0=0 err_q1=0
GGML_OP_PROFILE op=mul_mat name=linear_attn_out-61 ne=5120x1024x1x1 type_src0=21 rows=1024 cols=6144 stream=0x62b8b3902440 total_ms=0.2272 host_ms=0.2840 err_el=0 err_q0=0 err_q1=0
GGML_OP_PROFILE op=mul_mat name=ffn_gate-61 ne=17408x1024x1x1 type_src0=23 rows=1024 cols=5120 stream=0x62b8b3902440 total_ms=0.6464 host_ms=0.6932 err_el=0 err_q0=0 err_q1=0
GGML_OP_PROFILE op=mul_mat name=ffn_up-61 ne=17408x1024x1x1 type_src0=23 rows=1024 cols=5120 stream=0x62b8b3902440 total_ms=0.6473 host_ms=0.7277 err_el=0 err_q0=0 err_q1=0
GGML_OP_PROFILE op=mul_mat name=ffn_out-61 ne=5120x1024x1x1 type_src0=23 rows=1024 cols=17408 stream=0x62b8b3902440 total_ms=0.5697 host_ms=0.7429 err_el=0 err_q0=0 err_q1=0
GGML_OP_PROFILE op=mul_mat name=node_3559 ne=10240x1024x1x1 type_src0=21 rows=1024 cols=5120 stream=0x62b8b3902440 total_ms=0.4016 host_ms=0.4410 err_el=0 err_q0=0 err_q1=0
GGML_OP_PROFILE op=mul_mat name=node_3580 ne=48x1024x1x1 type_src0=8 rows=1024 cols=5120 stream=0x62b8b3902440 total_ms=0.1404 host_ms=0.2498 err_el=0 err_q0=0 err_q1=0
GGML_OP_PROFILE op=mul_mat name=node_3586 ne=48x1024x1x1 type_src0=8 rows=1024 cols=5120 stream=0x62b8b3902440 total_ms=0.1734 host_ms=0.2007 err_el=0 err_q0=0 err_q1=0
GGML_OP_PROFILE op=mul_mat name=z-62 ne=6144x1024x1x1 type_src0=18 rows=1024 cols=5120 stream=0x62b8b3902440 total_ms=0.2253 host_ms=1.0850 err_el=0 err_q0=0 err_q1=0
GGML_OP_PROFILE op=mul_mat name=linear_attn_out-62 ne=5120x1024x1x1 type_src0=23 rows=1024 cols=6144 stream=0x62b8b3902440 total_ms=0.2034 host_ms=0.2665 err_el=0 err_q0=0 err_q1=0
GGML_OP_PROFILE op=mul_mat name=ffn_gate-62 ne=17408x1024x1x1 type_src0=23 rows=1024 cols=5120 stream=0x62b8b3902440 total_ms=0.6623 host_ms=0.7281 err_el=0 err_q0=0 err_q1=0
GGML_OP_PROFILE op=mul_mat name=ffn_up-62 ne=17408x1024x1x1 type_src0=23 rows=1024 cols=5120 stream=0x62b8b3902440 total_ms=0.6423 host_ms=0.7156 err_el=0 err_q0=0 err_q1=0
GGML_OP_PROFILE op=mul_mat name=ffn_out-62 ne=5120x1024x1x1 type_src0=21 rows=1024 cols=17408 stream=0x62b8b3902440 total_ms=0.9372 host_ms=1.0795 err_el=0 err_q0=0 err_q1=0
GGML_OP_PROFILE op=mul_mat name=Qcur_full-63 ne=12288x1024x1x1 type_src0=23 rows=1024 cols=5120 stream=0x62b8b3902440 total_ms=0.4174 host_ms=0.4734 err_el=0 err_q0=0 err_q1=0
GGML_OP_PROFILE op=mul_mat name=Vcur-63 ne=1024x1024x1x1 type_src0=13 rows=1024 cols=5120 stream=0x62b8b3902440 total_ms=0.1393 host_ms=0.2208 err_el=0 err_q0=0 err_q1=0
GGML_OP_PROFILE op=mul_mat name=Kcur-63 ne=1024x1024x1x1 type_src0=12 rows=1024 cols=5120 stream=0x62b8b3902440 total_ms=0.1542 host_ms=0.2244 err_el=0 err_q0=0 err_q1=0
GGML_OP_PROFILE op=mul_mat name=attn_output-63 ne=5120x1024x1x1 type_src0=23 rows=1024 cols=6144 stream=0x62b8b3902440 total_ms=0.2048 host_ms=0.4631 err_el=0 err_q0=0 err_q1=0
GGML_OP_PROFILE op=mul_mat name=ffn_gate-63 ne=17408x1024x1x1 type_src0=23 rows=1024 cols=5120 stream=0x62b8b3902440 total_ms=0.6443 host_ms=0.6916 err_el=0 err_q0=0 err_q1=0
GGML_OP_PROFILE op=mul_mat name=ffn_up-63 ne=17408x1024x1x1 type_src0=12 rows=1024 cols=5120 stream=0x62b8b3902440 total_ms=0.7129 host_ms=0.7555 err_el=0 err_q0=0 err_q1=0
GGML_OP_PROFILE op=mul_mat name=ffn_out-63 ne=5120x1024x1x1 type_src0=12 rows=1024 cols=17408 stream=0x62b8b3902440 total_ms=0.6276 host_ms=0.7538 err_el=0 err_q0=0 err_q1=0
GGML_OP_PROFILE op=mul_mat name=result_output ne=248320x1x1x1 type_src0=12 rows=1 cols=5120 stream=0x62b8b3902440 total_ms=27.2814 host_ms=27.3580 err_el=0 err_q0=0 err_q1=0
GGML_OP_PROFILE op=mul_mat name=node_13 ne=10240x1024x1x1 type_src0=18 rows=1024 cols=5120 stream=0x62b8b3902440 total_ms=0.4375 host_ms=0.4634 err_el=0 err_q0=0 err_q1=0
GGML_OP_PROFILE op=mul_mat name=node_34 ne=48x1024x1x1 type_src0=8 rows=1024 cols=5120 stream=0x62b8b3902440 total_ms=0.1933 host_ms=0.2850 err_el=0 err_q0=0 err_q1=0
GGML_OP_PROFILE op=mul_mat name=node_40 ne=48x1024x1x1 type_src0=8 rows=1024 cols=5120 stream=0x62b8b3902440 total_ms=0.1910 host_ms=0.2135 err_el=0 err_q0=0 err_q1=0
GGML_OP_PROFILE op=mul_mat name=z-0 ne=6144x1024x1x1 type_src0=18 rows=1024 cols=5120 stream=0x62b8b3902440 total_ms=0.2233 host_ms=1.0246 err_el=0 err_q0=0 err_q1=0
GGML_OP_PROFILE op=mul_mat name=linear_attn_out-0 ne=5120x1024x1x1 type_src0=21 rows=1024 cols=6144 stream=0x62b8b3902440 total_ms=0.5047 host_ms=0.5625 err_el=0 err_q0=0 err_q1=0
GGML_OP_PROFILE op=mul_mat name=ffn_gate-0 ne=17408x1024x1x1 type_src0=19 rows=1024 cols=5120 stream=0x62b8b3902440 total_ms=0.6533 host_ms=0.7076 err_el=0 err_q0=0 err_q1=0
GGML_OP_PROFILE op=mul_mat name=ffn_up-0 ne=17408x1024x1x1 type_src0=19 rows=1024 cols=5120 stream=0x62b8b3902440 total_ms=0.7088 host_ms=0.7559 err_el=0 err_q0=0 err_q1=0
GGML_OP_PROFILE op=mul_mat name=ffn_out-0 ne=5120x1024x1x1 type_src0=29 rows=1024 cols=17408 stream=0x62b8b3902440 total_ms=0.7853 host_ms=0.9723 err_el=0 err_q0=0 err_q1=0
GGML_OP_PROFILE op=mul_mat name=node_76 ne=10240x1024x1x1 type_src0=16 rows=1024 cols=5120 stream=0x62b8b3902440 total_ms=0.4687 host_ms=0.5073 err_el=0 err_q0=0 err_q1=0
GGML_OP_PROFILE op=mul_mat name=node_97 ne=48x1024x1x1 type_src0=8 rows=1024 cols=5120 stream=0x62b8b3902440 total_ms=0.1041 host_ms=0.2387 err_el=0 err_q0=0 err_q1=0
GGML_OP_PROFILE op=mul_mat name=node_103 ne=48x1024x1x1 type_src0=8 rows=1024 cols=5120 stream=0x62b8b3902440 total_ms=0.1603 host_ms=0.2265 err_el=0 err_q0=0 err_q1=0
GGML_OP_PROFILE op=mul_mat name=z-1 ne=6144x1024x1x1 type_src0=22 rows=1024 cols=5120 stream=0x62b8b3902440 total_ms=0.2990 host_ms=1.1607 err_el=0 err_q0=0 err_q1=0
GGML_OP_PROFILE op=mul_mat name=linear_attn_out-1 ne=5120x1024x1x1 type_src0=21 rows=1024 cols=6144 stream=0x62b8b3902440 total_ms=0.2265 host_ms=0.2823 err_el=0 err_q0=0 err_q1=0
GGML_OP_PROFILE op=mul_mat name=ffn_gate-1 ne=17408x1024x1x1 type_src0=19 rows=1024 cols=5120 stream=0x62b8b3902440 total_ms=0.7241 host_ms=0.7688 err_el=0 err_q0=0 err_q1=0
GGML_OP_PROFILE op=mul_mat name=ffn_up-1 ne=17408x1024x1x1 type_src0=19 rows=1024 cols=5120 stream=0x62b8b3902440 total_ms=0.7141 host_ms=0.7568 err_el=0 err_q0=0 err_q1=0
GGML_OP_PROFILE op=mul_mat name=ffn_out-1 ne=5120x1024x1x1 type_src0=22 rows=1024 cols=17408 stream=0x62b8b3902440 total_ms=0.8079 host_ms=0.9404 err_el=0 err_q0=0 err_q1=0
GGML_OP_PROFILE op=mul_mat name=node_139 ne=10240x1024x1x1 type_src0=22 rows=1024 cols=5120 stream=0x62b8b3902440 total_ms=0.5605 host_ms=0.5772 err_el=0 err_q0=0 err_q1=0
GGML_OP_PROFILE op=mul_mat name=node_160 ne=48x1024x1x1 type_src0=8 rows=1024 cols=5120 stream=0x62b8b3902440 total_ms=0.1068 host_ms=0.2439 err_el=0 err_q0=0 err_q1=0
GGML_OP_PROFILE op=mul_mat name=node_166 ne=48x1024x1x1 type_src0=8 rows=1024 cols=5120 stream=0x62b8b3902440 total_ms=0.1753 host_ms=0.2408 err_el=0 err_q0=0 err_q1=0
GGML_OP_PROFILE op=mul_mat name=z-2 ne=6144x1024x1x1 type_src0=22 rows=1024 cols=5120 stream=0x62b8b3902440 total_ms=0.2990 host_ms=1.3805 err_el=0 err_q0=0 err_q1=0
GGML_OP_PROFILE op=mul_mat name=linear_attn_out-2 ne=5120x1024x1x1 type_src0=18 rows=1024 cols=6144 stream=0x62b8b3902440 total_ms=0.2195 host_ms=0.2747 err_el=0 err_q0=0 err_q1=0
GGML_OP_PROFILE op=mul_mat name=ffn_gate-2 ne=17408x1024x1x1 type_src0=16 rows=1024 cols=5120 stream=0x62b8b3902440 total_ms=0.5892 host_ms=0.6465 err_el=0 err_q0=0 err_q1=0
GGML_OP_PROFILE op=mul_mat name=ffn_up-2 ne=17408x1024x1x1 type_src0=16 rows=1024 cols=5120 stream=0x62b8b3902440 total_ms=0.6150 host_ms=0.6552 err_el=0 err_q0=0 err_q1=0
GGML_OP_PROFILE op=mul_mat name=ffn_out-2 ne=5120x1024x1x1 type_src0=10 rows=1024 cols=17408 stream=0x62b8b3902440 total_ms=0.9532 host_ms=1.0805 err_el=0 err_q0=0 err_q1=0
GGML_OP_PROFILE op=mul_mat name=Qcur_full-3 ne=12288x1024x1x1 type_src0=22 rows=1024 cols=5120 stream=0x62b8b3902440 total_ms=0.6013 host_ms=0.6564 err_el=0 err_q0=0 err_q1=0
GGML_OP_PROFILE op=mul_mat name=Vcur-3 ne=1024x1024x1x1 type_src0=23 rows=1024 cols=5120 stream=0x62b8b3902440 total_ms=0.0899 host_ms=0.1485 err_el=0 err_q0=0 err_q1=0
GGML_OP_PROFILE op=mul_mat name=Kcur-3 ne=1024x1024x1x1 type_src0=23 rows=1024 cols=5120 stream=0x62b8b3902440 total_ms=0.0603 host_ms=0.0981 err_el=0 err_q0=0 err_q1=0
GGML_OP_PROFILE op=mul_mat name=attn_output-3 ne=5120x1024x1x1 type_src0=23 rows=1024 cols=6144 stream=0x62b8b3902440 total_ms=0.2027 host_ms=0.5192 err_el=0 err_q0=0 err_q1=0
GGML_OP_PROFILE op=mul_mat name=ffn_gate-3 ne=17408x1024x1x1 type_src0=16 rows=1024 cols=5120 stream=0x62b8b3902440 total_ms=0.5916 host_ms=0.6508 err_el=0 err_q0=0 err_q1=0
GGML_OP_PROFILE op=mul_mat name=ffn_up-3 ne=17408x1024x1x1 type_src0=16 rows=1024 cols=5120 stream=0x62b8b3902440 total_ms=0.6075 host_ms=0.6460 err_el=0 err_q0=0 err_q1=0
GGML_OP_PROFILE op=mul_mat name=ffn_out-3 ne=5120x1024x1x1 type_src0=22 rows=1024 cols=17408 stream=0x62b8b3902440 total_ms=0.8081 host_ms=0.9421 err_el=0 err_q0=0 err_q1=0
GGML_OP_PROFILE op=mul_mat name=node_241 ne=10240x1024x1x1 type_src0=16 rows=1024 cols=5120 stream=0x62b8b3902440 total_ms=0.3395 host_ms=0.3917 err_el=0 err_q0=0 err_q1=0
GGML_OP_PROFILE op=mul_mat name=node_262 ne=48x1024x1x1 type_src0=8 rows=1024 cols=5120 stream=0x62b8b3902440 total_ms=0.0573 host_ms=0.2305 err_el=0 err_q0=0 err_q1=0
GGML_OP_PROFILE op=mul_mat name=node_268 ne=48x1024x1x1 type_src0=8 rows=1024 cols=5120 stream=0x62b8b3902440 total_ms=0.0916 host_ms=0.1090 err_el=0 err_q0=0 err_q1=0
GGML_OP_PROFILE op=mul_mat name=z-4 ne=6144x1024x1x1 type_src0=10 rows=1024 cols=5120 stream=0x62b8b3902440 total_ms=0.3851 host_ms=1.2197 err_el=0 err_q0=0 err_q1=0
GGML_OP_PROFILE op=mul_mat name=linear_attn_out-4 ne=5120x1024x1x1 type_src0=10 rows=1024 cols=6144 stream=0x62b8b3902440 total_ms=0.3439 host_ms=0.3965 err_el=0 err_q0=0 err_q1=0
GGML_OP_PROFILE op=mul_mat name=ffn_gate-4 ne=17408x1024x1x1 type_src0=16 rows=1024 cols=5120 stream=0x62b8b3902440 total_ms=0.5913 host_ms=0.6515 err_el=0 err_q0=0 err_q1=0
GGML_OP_PROFILE op=mul_mat name=ffn_up-4 ne=17408x1024x1x1 type_src0=16 rows=1024 cols=5120 stream=0x62b8b3902440 total_ms=0.8892 host_ms=0.9348 err_el=0 err_q0=0 err_q1=0
GGML_OP_PROFILE op=mul_mat name=ffn_out-4 ne=5120x1024x1x1 type_src0=16 rows=1024 cols=17408 stream=0x62b8b3902440 total_ms=0.5782 host_ms=0.7125 err_el=0 err_q0=0 err_q1=0
GGML_OP_PROFILE op=mul_mat name=node_304 ne=10240x1024x1x1 type_src0=22 rows=1024 cols=5120 stream=0x62b8b3902440 total_ms=0.5496 host_ms=0.5998 err_el=0 err_q0=0 err_q1=0
GGML_OP_PROFILE op=mul_mat name=node_325 ne=48x1024x1x1 type_src0=8 rows=1024 cols=5120 stream=0x62b8b3902440 total_ms=0.0573 host_ms=0.2240 err_el=0 err_q0=0 err_q1=0
GGML_OP_PROFILE op=mul_mat name=node_331 ne=48x1024x1x1 type_src0=8 rows=1024 cols=5120 stream=0x62b8b3902440 total_ms=0.0450 host_ms=0.0755 err_el=0 err_q0=0 err_q1=0
GGML_OP_PROFILE op=mul_mat name=z-5 ne=6144x1024x1x1 type_src0=10 rows=1024 cols=5120 stream=0x62b8b3902440 total_ms=0.3871 host_ms=1.2209 err_el=0 err_q0=0 err_q1=0
GGML_OP_PROFILE op=mul_mat name=linear_attn_out-5 ne=5120x1024x1x1 type_src0=18 rows=1024 cols=6144 stream=0x62b8b3902440 total_ms=0.2182 host_ms=0.2750 err_el=0 err_q0=0 err_q1=0
GGML_OP_PROFILE op=mul_mat name=ffn_gate-5 ne=17408x1024x1x1 type_src0=16 rows=1024 cols=5120 stream=0x62b8b3902440 total_ms=0.5915 host_ms=0.6483 err_el=0 err_q0=0 err_q1=0
GGML_OP_PROFILE op=mul_mat name=ffn_up-5 ne=17408x1024x1x1 type_src0=22 rows=1024 cols=5120 stream=0x62b8b3902440 total_ms=0.8532 host_ms=0.8921 err_el=0 err_q0=0 err_q1=0
GGML_OP_PROFILE op=mul_mat name=ffn_out-5 ne=5120x1024x1x1 type_src0=16 rows=1024 cols=17408 stream=0x62b8b3902440 total_ms=0.5787 host_ms=0.7128 err_el=0 err_q0=0 err_q1=0
GGML_OP_PROFILE op=mul_mat name=node_367 ne=10240x1024x1x1 type_src0=22 rows=1024 cols=5120 stream=0x62b8b3902440 total_ms=0.5312 host_ms=0.5821 err_el=0 err_q0=0 err_q1=0
GGML_OP_PROFILE op=mul_mat name=node_388 ne=48x1024x1x1 type_src0=8 rows=1024 cols=5120 stream=0x62b8b3902440 total_ms=0.0573 host_ms=0.2240 err_el=0 err_q0=0 err_q1=0
GGML_OP_PROFILE op=mul_mat name=node_394 ne=48x1024x1x1 type_src0=8 rows=1024 cols=5120 stream=0x62b8b3902440 total_ms=0.0451 host_ms=0.0707 err_el=0 err_q0=0 err_q1=0
GGML_OP_PROFILE op=mul_mat name=z-6 ne=6144x1024x1x1 type_src0=22 rows=1024 cols=5120 stream=0x62b8b3902440 total_ms=0.3011 host_ms=1.1367 err_el=0 err_q0=0 err_q1=0
GGML_OP_PROFILE op=mul_mat name=linear_attn_out-6 ne=5120x1024x1x1 type_src0=10 rows=1024 cols=6144 stream=0x62b8b3902440 total_ms=0.3485 host_ms=0.4019 err_el=0 err_q0=0 err_q1=0
GGML_OP_PROFILE op=mul_mat name=ffn_gate-6 ne=17408x1024x1x1 type_src0=16 rows=1024 cols=5120 stream=0x62b8b3902440 total_ms=0.5894 host_ms=0.6530 err_el=0 err_q0=0 err_q1=0
GGML_OP_PROFILE op=mul_mat name=ffn_up-6 ne=17408x1024x1x1 type_src0=29 rows=1024 cols=5120 stream=0x62b8b3902440 total_ms=0.8082 host_ms=0.8487 err_el=0 err_q0=0 err_q1=0
GGML_OP_PROFILE op=mul_mat name=ffn_out-6 ne=5120x1024x1x1 type_src0=16 rows=1024 cols=17408 stream=0x62b8b3902440 total_ms=0.8563 host_ms=1.0059 err_el=0 err_q0=0 err_q1=0
GGML_OP_PROFILE op=mul_mat name=Qcur_full-7 ne=12288x1024x1x1 type_src0=22 rows=1024 cols=5120 stream=0x62b8b3902440 total_ms=0.6019 host_ms=0.6635 err_el=0 err_q0=0 err_q1=0
GGML_OP_PROFILE op=mul_mat name=Vcur-7 ne=1024x1024x1x1 type_src0=23 rows=1024 cols=5120 stream=0x62b8b3902440 total_ms=0.0689 host_ms=0.1312 err_el=0 err_q0=0 err_q1=0
GGML_OP_PROFILE op=mul_mat name=Kcur-7 ne=1024x1024x1x1 type_src0=18 rows=1024 cols=5120 stream=0x62b8b3902440 total_ms=0.0676 host_ms=0.1050 err_el=0 err_q0=0 err_q1=0
GGML_OP_PROFILE op=mul_mat name=attn_output-7 ne=5120x1024x1x1 type_src0=10 rows=1024 cols=6144 stream=0x62b8b3902440 total_ms=0.3482 host_ms=0.6739 err_el=0 err_q0=0 err_q1=0
GGML_OP_PROFILE op=mul_mat name=ffn_gate-7 ne=17408x1024x1x1 type_src0=16 rows=1024 cols=5120 stream=0x62b8b3902440 total_ms=0.5916 host_ms=0.6526 err_el=0 err_q0=0 err_q1=0
GGML_OP_PROFILE op=mul_mat name=ffn_up-7 ne=17408x1024x1x1 type_src0=16 rows=1024 cols=5120 stream=0x62b8b3902440 total_ms=0.6077 host_ms=0.6494 err_el=0 err_q0=0 err_q1=0
GGML_OP_PROFILE op=mul_mat name=ffn_out-7 ne=5120x1024x1x1 type_src0=17 rows=1024 cols=17408 stream=0x62b8b3902440 total_ms=0.8222 host_ms=1.0310 err_el=0 err_q0=0 err_q1=0
GGML_OP_PROFILE op=mul_mat name=node_469 ne=10240x1024x1x1 type_src0=19 rows=1024 cols=5120 stream=0x62b8b3902440 total_ms=0.4235 host_ms=0.4742 err_el=0 err_q0=0 err_q1=0
GGML_OP_PROFILE op=mul_mat name=node_490 ne=48x1024x1x1 type_src0=8 rows=1024 cols=5120 stream=0x62b8b3902440 total_ms=0.0573 host_ms=0.2243 err_el=0 err_q0=0 err_q1=0
GGML_OP_PROFILE op=mul_mat name=node_496 ne=48x1024x1x1 type_src0=8 rows=1024 cols=5120 stream=0x62b8b3902440 total_ms=0.0811 host_ms=0.1047 err_el=0 err_q0=0 err_q1=0
GGML_OP_PROFILE op=mul_mat name=z-8 ne=6144x1024x1x1 type_src0=22 rows=1024 cols=5120 stream=0x62b8b3902440 total_ms=0.3011 host_ms=1.1327 err_el=0 err_q0=0 err_q1=0
GGML_OP_PROFILE op=mul_mat name=linear_attn_out-8 ne=5120x1024x1x1 type_src0=10 rows=1024 cols=6144 stream=0x62b8b3902440 total_ms=0.3490 host_ms=0.3984 err_el=0 err_q0=0 err_q1=0
GGML_OP_PROFILE op=mul_mat name=ffn_gate-8 ne=17408x1024x1x1 type_src0=16 rows=1024 cols=5120 stream=0x62b8b3902440 total_ms=0.5937 host_ms=0.6510 err_el=0 err_q0=0 err_q1=0
GGML_OP_PROFILE op=mul_mat name=ffn_up-8 ne=17408x1024x1x1 type_src0=16 rows=1024 cols=5120 stream=0x62b8b3902440 total_ms=0.6072 host_ms=0.6457 err_el=0 err_q0=0 err_q1=0
GGML_OP_PROFILE op=mul_mat name=ffn_out-8 ne=5120x1024x1x1 type_src0=19 rows=1024 cols=17408 stream=0x62b8b3902440 total_ms=0.6381 host_ms=0.7693 err_el=0 err_q0=0 err_q1=0
GGML_OP_PROFILE op=mul_mat name=node_532 ne=10240x1024x1x1 type_src0=19 rows=1024 cols=5120 stream=0x62b8b3902440 total_ms=0.3765 host_ms=0.4275 err_el=0 err_q0=0 err_q1=0
GGML_OP_PROFILE op=mul_mat name=node_553 ne=48x1024x1x1 type_src0=8 rows=1024 cols=5120 stream=0x62b8b3902440 total_ms=0.0573 host_ms=0.2273 err_el=0 err_q0=0 err_q1=0
GGML_OP_PROFILE op=mul_mat name=node_559 ne=48x1024x1x1 type_src0=8 rows=1024 cols=5120 stream=0x62b8b3902440 total_ms=0.0857 host_ms=0.1050 err_el=0 err_q0=0 err_q1=0
GGML_OP_PROFILE op=mul_mat name=z-9 ne=6144x1024x1x1 type_src0=16 rows=1024 cols=5120 stream=0x62b8b3902440 total_ms=0.2192 host_ms=1.3641 err_el=0 err_q0=0 err_q1=0
GGML_OP_PROFILE op=mul_mat name=linear_attn_out-9 ne=5120x1024x1x1 type_src0=10 rows=1024 cols=6144 stream=0x62b8b3902440 total_ms=0.3494 host_ms=0.4052 err_el=0 err_q0=0 err_q1=0
GGML_OP_PROFILE op=mul_mat name=ffn_gate-9 ne=17408x1024x1x1 type_src0=29 rows=1024 cols=5120 stream=0x62b8b3902440 total_ms=0.7964 host_ms=0.8509 err_el=0 err_q0=0 err_q1=0
GGML_OP_PROFILE op=mul_mat name=ffn_up-9 ne=17408x1024x1x1 type_src0=19 rows=1024 cols=5120 stream=0x62b8b3902440 total_ms=0.6838 host_ms=0.7226 err_el=0 err_q0=0 err_q1=0
GGML_OP_PROFILE op=mul_mat name=ffn_out-9 ne=5120x1024x1x1 type_src0=29 rows=1024 cols=17408 stream=0x62b8b3902440 total_ms=0.7832 host_ms=0.9128 err_el=0 err_q0=0 err_q1=0
GGML_OP_PROFILE op=mul_mat name=node_595 ne=10240x1024x1x1 type_src0=22 rows=1024 cols=5120 stream=0x62b8b3902440 total_ms=0.5306 host_ms=0.5806 err_el=0 err_q0=0 err_q1=0
GGML_OP_PROFILE op=mul_mat name=node_616 ne=48x1024x1x1 type_src0=8 rows=1024 cols=5120 stream=0x62b8b3902440 total_ms=0.0573 host_ms=0.2260 err_el=0 err_q0=0 err_q1=0
GGML_OP_PROFILE op=mul_mat name=node_622 ne=48x1024x1x1 type_src0=8 rows=1024 cols=5120 stream=0x62b8b3902440 total_ms=0.0458 host_ms=0.0725 err_el=0 err_q0=0 err_q1=0
GGML_OP_PROFILE op=mul_mat name=z-10 ne=6144x1024x1x1 type_src0=16 rows=1024 cols=5120 stream=0x62b8b3902440 total_ms=0.2171 host_ms=1.0554 err_el=0 err_q0=0 err_q1=0
GGML_OP_PROFILE op=mul_mat name=linear_attn_out-10 ne=5120x1024x1x1 type_src0=10 rows=1024 cols=6144 stream=0x62b8b3902440 total_ms=0.3500 host_ms=0.4037 err_el=0 err_q0=0 err_q1=0
GGML_OP_PROFILE op=mul_mat name=ffn_gate-10 ne=17408x1024x1x1 type_src0=29 rows=1024 cols=5120 stream=0x62b8b3902440 total_ms=0.8005 host_ms=0.8566 err_el=0 err_q0=0 err_q1=0
GGML_OP_PROFILE op=mul_mat name=ffn_up-10 ne=17408x1024x1x1 type_src0=19 rows=1024 cols=5120 stream=0x62b8b3902440 total_ms=0.6690 host_ms=0.7119 err_el=0 err_q0=0 err_q1=0
GGML_OP_PROFILE op=mul_mat name=ffn_out-10 ne=5120x1024x1x1 type_src0=29 rows=1024 cols=17408 stream=0x62b8b3902440 total_ms=0.7810 host_ms=0.9089 err_el=0 err_q0=0 err_q1=0
GGML_OP_PROFILE op=mul_mat name=Qcur_full-11 ne=12288x1024x1x1 type_src0=22 rows=1024 cols=5120 stream=0x62b8b3902440 total_ms=0.6447 host_ms=0.7005 err_el=0 err_q0=0 err_q1=0
GGML_OP_PROFILE op=mul_mat name=Vcur-11 ne=1024x1024x1x1 type_src0=23 rows=1024 cols=5120 stream=0x62b8b3902440 total_ms=0.0674 host_ms=0.1400 err_el=0 err_q0=0 err_q1=0
GGML_OP_PROFILE op=mul_mat name=Kcur-11 ne=1024x1024x1x1 type_src0=18 rows=1024 cols=5120 stream=0x62b8b3902440 total_ms=0.0692 host_ms=0.1075 err_el=0 err_q0=0 err_q1=0
GGML_OP_PROFILE op=mul_mat name=attn_output-11 ne=5120x1024x1x1 type_src0=10 rows=1024 cols=6144 stream=0x62b8b3902440 total_ms=0.3502 host_ms=0.6734 err_el=0 err_q0=0 err_q1=0
GGML_OP_PROFILE op=mul_mat name=ffn_gate-11 ne=17408x1024x1x1 type_src0=19 rows=1024 cols=5120 stream=0x62b8b3902440 total_ms=0.9374 host_ms=1.0021 err_el=0 err_q0=0 err_q1=0
GGML_OP_PROFILE op=mul_mat name=ffn_up-11 ne=17408x1024x1x1 type_src0=19 rows=1024 cols=5120 stream=0x62b8b3902440 total_ms=0.6682 host_ms=0.7156 err_el=0 err_q0=0 err_q1=0
GGML_OP_PROFILE op=mul_mat name=ffn_out-11 ne=5120x1024x1x1 type_src0=19 rows=1024 cols=17408 stream=0x62b8b3902440 total_ms=0.6402 host_ms=0.7716 err_el=0 err_q0=0 err_q1=0
GGML_OP_PROFILE op=mul_mat name=node_697 ne=10240x1024x1x1 type_src0=19 rows=1024 cols=5120 stream=0x62b8b3902440 total_ms=0.3765 host_ms=0.4258 err_el=0 err_q0=0 err_q1=0
GGML_OP_PROFILE op=mul_mat name=node_718 ne=48x1024x1x1 type_src0=8 rows=1024 cols=5120 stream=0x62b8b3902440 total_ms=0.0573 host_ms=0.2254 err_el=0 err_q0=0 err_q1=0
GGML_OP_PROFILE op=mul_mat name=node_724 ne=48x1024x1x1 type_src0=8 rows=1024 cols=5120 stream=0x62b8b3902440 total_ms=0.1436 host_ms=0.1651 err_el=0 err_q0=0 err_q1=0
GGML_OP_PROFILE op=mul_mat name=z-12 ne=6144x1024x1x1 type_src0=22 rows=1024 cols=5120 stream=0x62b8b3902440 total_ms=0.3031 host_ms=1.1457 err_el=0 err_q0=0 err_q1=0
GGML_OP_PROFILE op=mul_mat name=linear_attn_out-12 ne=5120x1024x1x1 type_src0=22 rows=1024 cols=6144 stream=0x62b8b3902440 total_ms=0.2938 host_ms=0.3488 err_el=0 err_q0=0 err_q1=0
GGML_OP_PROFILE op=mul_mat name=ffn_gate-12 ne=17408x1024x1x1 type_src0=29 rows=1024 cols=5120 stream=0x62b8b3902440 total_ms=0.7985 host_ms=0.8581 err_el=0 err_q0=0 err_q1=0
GGML_OP_PROFILE op=mul_mat name=ffn_up-12 ne=17408x1024x1x1 type_src0=19 rows=1024 cols=5120 stream=0x62b8b3902440 total_ms=0.6731 host_ms=0.7125 err_el=0 err_q0=0 err_q1=0
GGML_OP_PROFILE op=mul_mat name=ffn_out-12 ne=5120x1024x1x1 type_src0=19 rows=1024 cols=17408 stream=0x62b8b3902440 total_ms=0.6417 host_ms=0.7692 err_el=0 err_q0=0 err_q1=0
GGML_OP_PROFILE op=mul_mat name=node_760 ne=10240x1024x1x1 type_src0=19 rows=1024 cols=5120 stream=0x62b8b3902440 total_ms=0.3786 host_ms=0.4313 err_el=0 err_q0=0 err_q1=0
GGML_OP_PROFILE op=mul_mat name=node_781 ne=48x1024x1x1 type_src0=8 rows=1024 cols=5120 stream=0x62b8b3902440 total_ms=0.0573 host_ms=0.2226 err_el=0 err_q0=0 err_q1=0
GGML_OP_PROFILE op=mul_mat name=node_787 ne=48x1024x1x1 type_src0=8 rows=1024 cols=5120 stream=0x62b8b3902440 total_ms=0.0849 host_ms=0.1065 err_el=0 err_q0=0 err_q1=0
GGML_OP_PROFILE op=mul_mat name=z-13 ne=6144x1024x1x1 type_src0=16 rows=1024 cols=5120 stream=0x62b8b3902440 total_ms=0.2192 host_ms=1.0536 err_el=0 err_q0=0 err_q1=0
GGML_OP_PROFILE op=mul_mat name=linear_attn_out-13 ne=5120x1024x1x1 type_src0=22 rows=1024 cols=6144 stream=0x62b8b3902440 total_ms=0.2988 host_ms=0.3521 err_el=0 err_q0=0 err_q1=0
GGML_OP_PROFILE op=mul_mat name=ffn_gate-13 ne=17408x1024x1x1 type_src0=19 rows=1024 cols=5120 stream=0x62b8b3902440 total_ms=0.6581 host_ms=0.7103 err_el=0 err_q0=0 err_q1=0
GGML_OP_PROFILE op=mul_mat name=ffn_up-13 ne=17408x1024x1x1 type_src0=19 rows=1024 cols=5120 stream=0x62b8b3902440 total_ms=0.9285 host_ms=1.0088 err_el=0 err_q0=0 err_q1=0
GGML_OP_PROFILE op=mul_mat name=ffn_out-13 ne=5120x1024x1x1 type_src0=19 rows=1024 cols=17408 stream=0x62b8b3902440 total_ms=0.6404 host_ms=0.7787 err_el=0 err_q0=0 err_q1=0
GGML_OP_PROFILE op=mul_mat name=node_823 ne=10240x1024x1x1 type_src0=17 rows=1024 cols=5120 stream=0x62b8b3902440 total_ms=0.5611 host_ms=0.5953 err_el=0 err_q0=0 err_q1=0
GGML_OP_PROFILE op=mul_mat name=node_844 ne=48x1024x1x1 type_src0=8 rows=1024 cols=5120 stream=0x62b8b3902440 total_ms=0.0553 host_ms=0.2238 err_el=0 err_q0=0 err_q1=0
GGML_OP_PROFILE op=mul_mat name=node_850 ne=48x1024x1x1 type_src0=8 rows=1024 cols=5120 stream=0x62b8b3902440 total_ms=0.0817 host_ms=0.1010 err_el=0 err_q0=0 err_q1=0
GGML_OP_PROFILE op=mul_mat name=z-14 ne=6144x1024x1x1 type_src0=19 rows=1024 cols=5120 stream=0x62b8b3902440 total_ms=0.2437 host_ms=1.0725 err_el=0 err_q0=0 err_q1=0
GGML_OP_PROFILE op=mul_mat name=linear_attn_out-14 ne=5120x1024x1x1 type_src0=22 rows=1024 cols=6144 stream=0x62b8b3902440 total_ms=0.2981 host_ms=0.3488 err_el=0 err_q0=0 err_q1=0
GGML_OP_PROFILE op=mul_mat name=ffn_gate-14 ne=17408x1024x1x1 type_src0=19 rows=1024 cols=5120 stream=0x62b8b3902440 total_ms=0.6568 host_ms=0.7125 err_el=0 err_q0=0 err_q1=0
GGML_OP_PROFILE op=mul_mat name=ffn_up-14 ne=17408x1024x1x1 type_src0=19 rows=1024 cols=5120 stream=0x62b8b3902440 total_ms=0.7011 host_ms=0.7404 err_el=0 err_q0=0 err_q1=0
GGML_OP_PROFILE op=mul_mat name=ffn_out-14 ne=5120x1024x1x1 type_src0=19 rows=1024 cols=17408 stream=0x62b8b3902440 total_ms=0.6402 host_ms=0.7687 err_el=0 err_q0=0 err_q1=0
GGML_OP_PROFILE op=mul_mat name=Qcur_full-15 ne=12288x1024x1x1 type_src0=22 rows=1024 cols=5120 stream=0x62b8b3902440 total_ms=0.6054 host_ms=0.6594 err_el=0 err_q0=0 err_q1=0
GGML_OP_PROFILE op=mul_mat name=Vcur-15 ne=1024x1024x1x1 type_src0=23 rows=1024 cols=5120 stream=0x62b8b3902440 total_ms=0.0691 host_ms=0.1323 err_el=0 err_q0=0 err_q1=0
GGML_OP_PROFILE op=mul_mat name=Kcur-15 ne=1024x1024x1x1 type_src0=18 rows=1024 cols=5120 stream=0x62b8b3902440 total_ms=0.0700 host_ms=0.1080 err_el=0 err_q0=0 err_q1=0
GGML_OP_PROFILE op=mul_mat name=attn_output-15 ne=5120x1024x1x1 type_src0=29 rows=1024 cols=6144 stream=0x62b8b3902440 total_ms=0.3072 host_ms=0.6005 err_el=0 err_q0=0 err_q1=0
GGML_OP_PROFILE op=mul_mat name=ffn_gate-15 ne=17408x1024x1x1 type_src0=19 rows=1024 cols=5120 stream=0x62b8b3902440 total_ms=0.6588 host_ms=0.7150 err_el=0 err_q0=0 err_q1=0
GGML_OP_PROFILE op=mul_mat name=ffn_up-15 ne=17408x1024x1x1 type_src0=19 rows=1024 cols=5120 stream=0x62b8b3902440 total_ms=0.6698 host_ms=0.7082 err_el=0 err_q0=0 err_q1=0
GGML_OP_PROFILE op=mul_mat name=ffn_out-15 ne=5120x1024x1x1 type_src0=19 rows=1024 cols=17408 stream=0x62b8b3902440 total_ms=0.6422 host_ms=0.7734 err_el=0 err_q0=0 err_q1=0
GGML_OP_PROFILE op=mul_mat name=node_925 ne=10240x1024x1x1 type_src0=10 rows=1024 cols=5120 stream=0x62b8b3902440 total_ms=0.5964 host_ms=0.6465 err_el=0 err_q0=0 err_q1=0
GGML_OP_PROFILE op=mul_mat name=node_946 ne=48x1024x1x1 type_src0=8 rows=1024 cols=5120 stream=0x62b8b3902440 total_ms=0.0573 host_ms=0.4584 err_el=0 err_q0=0 err_q1=0
GGML_OP_PROFILE op=mul_mat name=node_952 ne=48x1024x1x1 type_src0=8 rows=1024 cols=5120 stream=0x62b8b3902440 total_ms=0.0939 host_ms=0.1180 err_el=0 err_q0=0 err_q1=0
GGML_OP_PROFILE op=mul_mat name=z-16 ne=6144x1024x1x1 type_src0=16 rows=1024 cols=5120 stream=0x62b8b3902440 total_ms=0.2192 host_ms=1.0552 err_el=0 err_q0=0 err_q1=0
GGML_OP_PROFILE op=mul_mat name=linear_attn_out-16 ne=5120x1024x1x1 type_src0=16 rows=1024 cols=6144 stream=0x62b8b3902440 total_ms=0.2090 host_ms=0.2641 err_el=0 err_q0=0 err_q1=0
GGML_OP_PROFILE op=mul_mat name=ffn_gate-16 ne=17408x1024x1x1 type_src0=19 rows=1024 cols=5120 stream=0x62b8b3902440 total_ms=0.6568 host_ms=0.7138 err_el=0 err_q0=0 err_q1=0
GGML_OP_PROFILE op=mul_mat name=ffn_up-16 ne=17408x1024x1x1 type_src0=19 rows=1024 cols=5120 stream=0x62b8b3902440 total_ms=0.6713 host_ms=0.7108 err_el=0 err_q0=0 err_q1=0
GGML_OP_PROFILE op=mul_mat name=ffn_out-16 ne=5120x1024x1x1 type_src0=29 rows=1024 cols=17408 stream=0x62b8b3902440 total_ms=0.7832 host_ms=0.9121 err_el=0 err_q0=0 err_q1=0
GGML_OP_PROFILE op=mul_mat name=node_988 ne=10240x1024x1x1 type_src0=22 rows=1024 cols=5120 stream=0x62b8b3902440 total_ms=0.5210 host_ms=0.5715 err_el=0 err_q0=0 err_q1=0
GGML_OP_PROFILE op=mul_mat name=node_1009 ne=48x1024x1x1 type_src0=8 rows=1024 cols=5120 stream=0x62b8b3902440 total_ms=0.0573 host_ms=0.2103 err_el=0 err_q0=0 err_q1=0
GGML_OP_PROFILE op=mul_mat name=node_1015 ne=48x1024x1x1 type_src0=8 rows=1024 cols=5120 stream=0x62b8b3902440 total_ms=0.0488 host_ms=0.0748 err_el=0 err_q0=0 err_q1=0
GGML_OP_PROFILE op=mul_mat name=z-17 ne=6144x1024x1x1 type_src0=29 rows=1024 cols=5120 stream=0x62b8b3902440 total_ms=0.3031 host_ms=1.1372 err_el=0 err_q0=0 err_q1=0
GGML_OP_PROFILE op=mul_mat name=linear_attn_out-17 ne=5120x1024x1x1 type_src0=10 rows=1024 cols=6144 stream=0x62b8b3902440 total_ms=0.3490 host_ms=0.4052 err_el=0 err_q0=0 err_q1=0
GGML_OP_PROFILE op=mul_mat name=ffn_gate-17 ne=17408x1024x1x1 type_src0=19 rows=1024 cols=5120 stream=0x62b8b3902440 total_ms=0.6546 host_ms=0.7113 err_el=0 err_q0=0 err_q1=0
GGML_OP_PROFILE op=mul_mat name=ffn_up-17 ne=17408x1024x1x1 type_src0=19 rows=1024 cols=5120 stream=0x62b8b3902440 total_ms=0.6989 host_ms=0.7393 err_el=0 err_q0=0 err_q1=0
GGML_OP_PROFILE op=mul_mat name=ffn_out-17 ne=5120x1024x1x1 type_src0=19 rows=1024 cols=17408 stream=0x62b8b3902440 total_ms=0.6402 host_ms=0.7694 err_el=0 err_q0=0 err_q1=0
GGML_OP_PROFILE op=mul_mat name=node_1051 ne=10240x1024x1x1 type_src0=17 rows=1024 cols=5120 stream=0x62b8b3902440 total_ms=0.5228 host_ms=0.5730 err_el=0 err_q0=0 err_q1=0
GGML_OP_PROFILE op=mul_mat name=node_1072 ne=48x1024x1x1 type_src0=8 rows=1024 cols=5120 stream=0x62b8b3902440 total_ms=0.0573 host_ms=0.2257 err_el=0 err_q0=0 err_q1=0
GGML_OP_PROFILE op=mul_mat name=node_1078 ne=48x1024x1x1 type_src0=8 rows=1024 cols=5120 stream=0x62b8b3902440 total_ms=0.0942 host_ms=0.1169 err_el=0 err_q0=0 err_q1=0
GGML_OP_PROFILE op=mul_mat name=z-18 ne=6144x1024x1x1 type_src0=17 rows=1024 cols=5120 stream=0x62b8b3902440 total_ms=0.3052 host_ms=1.4577 err_el=0 err_q0=0 err_q1=0
GGML_OP_PROFILE op=mul_mat name=linear_attn_out-18 ne=5120x1024x1x1 type_src0=22 rows=1024 cols=6144 stream=0x62b8b3902440 total_ms=0.2981 host_ms=0.3568 err_el=0 err_q0=0 err_q1=0
GGML_OP_PROFILE op=mul_mat name=ffn_gate-18 ne=17408x1024x1x1 type_src0=19 rows=1024 cols=5120 stream=0x62b8b3902440 total_ms=0.6551 host_ms=0.7139 err_el=0 err_q0=0 err_q1=0
GGML_OP_PROFILE op=mul_mat name=ffn_up-18 ne=17408x1024x1x1 type_src0=29 rows=1024 cols=5120 stream=0x62b8b3902440 total_ms=0.8024 host_ms=0.8416 err_el=0 err_q0=0 err_q1=0
GGML_OP_PROFILE op=mul_mat name=ffn_out-18 ne=5120x1024x1x1 type_src0=16 rows=1024 cols=17408 stream=0x62b8b3902440 total_ms=0.5846 host_ms=0.7221 err_el=0 err_q0=0 err_q1=0
GGML_OP_PROFILE op=mul_mat name=Qcur_full-19 ne=12288x1024x1x1 type_src0=29 rows=1024 cols=5120 stream=0x62b8b3902440 total_ms=0.6428 host_ms=0.6953 err_el=0 err_q0=0 err_q1=0
GGML_OP_PROFILE op=mul_mat name=Vcur-19 ne=1024x1024x1x1 type_src0=23 rows=1024 cols=5120 stream=0x62b8b3902440 total_ms=0.0691 host_ms=0.1286 err_el=0 err_q0=0 err_q1=0
GGML_OP_PROFILE op=mul_mat name=Kcur-19 ne=1024x1024x1x1 type_src0=23 rows=1024 cols=5120 stream=0x62b8b3902440 total_ms=0.0686 host_ms=0.1062 err_el=0 err_q0=0 err_q1=0
GGML_OP_PROFILE op=mul_mat name=attn_output-19 ne=5120x1024x1x1 type_src0=18 rows=1024 cols=6144 stream=0x62b8b3902440 total_ms=0.2212 host_ms=0.5350 err_el=0 err_q0=0 err_q1=0
GGML_OP_PROFILE op=mul_mat name=ffn_gate-19 ne=17408x1024x1x1 type_src0=29 rows=1024 cols=5120 stream=0x62b8b3902440 total_ms=0.7985 host_ms=0.8743 err_el=0 err_q0=0 err_q1=0
GGML_OP_PROFILE op=mul_mat name=ffn_up-19 ne=17408x1024x1x1 type_src0=19 rows=1024 cols=5120 stream=0x62b8b3902440 total_ms=0.7088 host_ms=0.7479 err_el=0 err_q0=0 err_q1=0
GGML_OP_PROFILE op=mul_mat name=ffn_out-19 ne=5120x1024x1x1 type_src0=16 rows=1024 cols=17408 stream=0x62b8b3902440 total_ms=0.5837 host_ms=0.7983 err_el=0 err_q0=0 err_q1=0
GGML_OP_PROFILE op=mul_mat name=node_1153 ne=10240x1024x1x1 type_src0=10 rows=1024 cols=5120 stream=0x62b8b3902440 total_ms=0.5728 host_ms=0.6188 err_el=0 err_q0=0 err_q1=0
GGML_OP_PROFILE op=mul_mat name=node_1174 ne=48x1024x1x1 type_src0=8 rows=1024 cols=5120 stream=0x62b8b3902440 total_ms=0.0573 host_ms=0.2254 err_el=0 err_q0=0 err_q1=0
GGML_OP_PROFILE op=mul_mat name=node_1180 ne=48x1024x1x1 type_src0=8 rows=1024 cols=5120 stream=0x62b8b3902440 total_ms=0.0470 host_ms=0.0740 err_el=0 err_q0=0 err_q1=0
GGML_OP_PROFILE op=mul_mat name=z-20 ne=6144x1024x1x1 type_src0=22 rows=1024 cols=5120 stream=0x62b8b3902440 total_ms=0.3031 host_ms=1.1533 err_el=0 err_q0=0 err_q1=0
GGML_OP_PROFILE op=mul_mat name=linear_attn_out-20 ne=5120x1024x1x1 type_src0=10 rows=1024 cols=6144 stream=0x62b8b3902440 total_ms=0.3511 host_ms=0.4050 err_el=0 err_q0=0 err_q1=0
GGML_OP_PROFILE op=mul_mat name=ffn_gate-20 ne=17408x1024x1x1 type_src0=22 rows=1024 cols=5120 stream=0x62b8b3902440 total_ms=1.0878 host_ms=1.1497 err_el=0 err_q0=0 err_q1=0
GGML_OP_PROFILE op=mul_mat name=ffn_up-20 ne=17408x1024x1x1 type_src0=10 rows=1024 cols=5120 stream=0x62b8b3902440 total_ms=1.0475 host_ms=1.0856 err_el=0 err_q0=0 err_q1=0
GGML_OP_PROFILE op=mul_mat name=ffn_out-20 ne=5120x1024x1x1 type_src0=10 rows=1024 cols=17408 stream=0x62b8b3902440 total_ms=0.9515 host_ms=1.0793 err_el=0 err_q0=0 err_q1=0
GGML_OP_PROFILE op=mul_mat name=node_1216 ne=10240x1024x1x1 type_src0=22 rows=1024 cols=5120 stream=0x62b8b3902440 total_ms=0.5255 host_ms=0.5677 err_el=0 err_q0=0 err_q1=0
GGML_OP_PROFILE op=mul_mat name=node_1237 ne=48x1024x1x1 type_src0=8 rows=1024 cols=5120 stream=0x62b8b3902440 total_ms=0.0573 host_ms=0.2183 err_el=0 err_q0=0 err_q1=0
GGML_OP_PROFILE op=mul_mat name=node_1243 ne=48x1024x1x1 type_src0=8 rows=1024 cols=5120 stream=0x62b8b3902440 total_ms=0.0737 host_ms=0.0922 err_el=0 err_q0=0 err_q1=0
GGML_OP_PROFILE op=mul_mat name=z-21 ne=6144x1024x1x1 type_src0=10 rows=1024 cols=5120 stream=0x62b8b3902440 total_ms=0.3892 host_ms=1.2210 err_el=0 err_q0=0 err_q1=0
GGML_OP_PROFILE op=mul_mat name=linear_attn_out-21 ne=5120x1024x1x1 type_src0=10 rows=1024 cols=6144 stream=0x62b8b3902440 total_ms=0.3458 host_ms=0.3964 err_el=0 err_q0=0 err_q1=0
GGML_OP_PROFILE op=mul_mat name=ffn_gate-21 ne=17408x1024x1x1 type_src0=22 rows=1024 cols=5120 stream=0x62b8b3902440 total_ms=0.8597 host_ms=0.9158 err_el=0 err_q0=0 err_q1=0
GGML_OP_PROFILE op=mul_mat name=ffn_up-21 ne=17408x1024x1x1 type_src0=10 rows=1024 cols=5120 stream=0x62b8b3902440 total_ms=1.0269 host_ms=1.0636 err_el=0 err_q0=0 err_q1=0
GGML_OP_PROFILE op=mul_mat name=ffn_out-21 ne=5120x1024x1x1 type_src0=22 rows=1024 cols=17408 stream=0x62b8b3902440 total_ms=0.8143 host_ms=0.9511 err_el=0 err_q0=0 err_q1=0
GGML_OP_PROFILE op=mul_mat name=node_1279 ne=10240x1024x1x1 type_src0=22 rows=1024 cols=5120 stream=0x62b8b3902440 total_ms=0.5429 host_ms=0.5855 err_el=0 err_q0=0 err_q1=0
GGML_OP_PROFILE op=mul_mat name=node_1300 ne=48x1024x1x1 type_src0=8 rows=1024 cols=5120 stream=0x62b8b3902440 total_ms=0.0573 host_ms=0.2257 err_el=0 err_q0=0 err_q1=0
GGML_OP_PROFILE op=mul_mat name=node_1306 ne=48x1024x1x1 type_src0=8 rows=1024 cols=5120 stream=0x62b8b3902440 total_ms=0.0921 host_ms=0.1180 err_el=0 err_q0=0 err_q1=0
GGML_OP_PROFILE op=mul_mat name=z-22 ne=6144x1024x1x1 type_src0=22 rows=1024 cols=5120 stream=0x62b8b3902440 total_ms=0.3031 host_ms=1.1394 err_el=0 err_q0=0 err_q1=0
GGML_OP_PROFILE op=mul_mat name=linear_attn_out-22 ne=5120x1024x1x1 type_src0=10 rows=1024 cols=6144 stream=0x62b8b3902440 total_ms=0.3522 host_ms=0.4062 err_el=0 err_q0=0 err_q1=0
GGML_OP_PROFILE op=mul_mat name=ffn_gate-22 ne=17408x1024x1x1 type_src0=22 rows=1024 cols=5120 stream=0x62b8b3902440 total_ms=1.1360 host_ms=1.1997 err_el=0 err_q0=0 err_q1=0
GGML_OP_PROFILE op=mul_mat name=ffn_up-22 ne=17408x1024x1x1 type_src0=10 rows=1024 cols=5120 stream=0x62b8b3902440 total_ms=1.1035 host_ms=1.1584 err_el=0 err_q0=0 err_q1=0
GGML_OP_PROFILE op=mul_mat name=ffn_out-22 ne=5120x1024x1x1 type_src0=10 rows=1024 cols=17408 stream=0x62b8b3902440 total_ms=0.9532 host_ms=1.1304 err_el=0 err_q0=0 err_q1=0
GGML_OP_PROFILE op=mul_mat name=Qcur_full-23 ne=12288x1024x1x1 type_src0=18 rows=1024 cols=5120 stream=0x62b8b3902440 total_ms=0.5118 host_ms=0.5485 err_el=0 err_q0=0 err_q1=0
GGML_OP_PROFILE op=mul_mat name=Vcur-23 ne=1024x1024x1x1 type_src0=12 rows=1024 cols=5120 stream=0x62b8b3902440 total_ms=0.1706 host_ms=0.2592 err_el=0 err_q0=0 err_q1=0
GGML_OP_PROFILE op=mul_mat name=Kcur-23 ne=1024x1024x1x1 type_src0=18 rows=1024 cols=5120 stream=0x62b8b3902440 total_ms=0.0722 host_ms=0.1219 err_el=0 err_q0=0 err_q1=0
GGML_OP_PROFILE op=mul_mat name=attn_output-23 ne=5120x1024x1x1 type_src0=18 rows=1024 cols=6144 stream=0x62b8b3902440 total_ms=0.2212 host_ms=0.4320 err_el=0 err_q0=0 err_q1=0
GGML_OP_PROFILE op=mul_mat name=ffn_gate-23 ne=17408x1024x1x1 type_src0=22 rows=1024 cols=5120 stream=0x62b8b3902440 total_ms=0.8446 host_ms=0.8953 err_el=0 err_q0=0 err_q1=0
GGML_OP_PROFILE op=mul_mat name=ffn_up-23 ne=17408x1024x1x1 type_src0=22 rows=1024 cols=5120 stream=0x62b8b3902440 total_ms=0.9135 host_ms=0.9539 err_el=0 err_q0=0 err_q1=0
GGML_OP_PROFILE op=mul_mat name=ffn_out-23 ne=5120x1024x1x1 type_src0=10 rows=1024 cols=17408 stream=0x62b8b3902440 total_ms=0.9555 host_ms=1.0941 err_el=0 err_q0=0 err_q1=0
GGML_OP_PROFILE op=mul_mat name=node_1381 ne=10240x1024x1x1 type_src0=22 rows=1024 cols=5120 stream=0x62b8b3902440 total_ms=0.5765 host_ms=0.6060 err_el=0 err_q0=0 err_q1=0
GGML_OP_PROFILE op=mul_mat name=node_1402 ne=48x1024x1x1 type_src0=8 rows=1024 cols=5120 stream=0x62b8b3902440 total_ms=0.1423 host_ms=0.2334 err_el=0 err_q0=0 err_q1=0
GGML_OP_PROFILE op=mul_mat name=node_1408 ne=48x1024x1x1 type_src0=8 rows=1024 cols=5120 stream=0x62b8b3902440 total_ms=0.1284 host_ms=0.1833 err_el=0 err_q0=0 err_q1=0
GGML_OP_PROFILE op=mul_mat name=z-24 ne=6144x1024x1x1 type_src0=10 rows=1024 cols=5120 stream=0x62b8b3902440 total_ms=0.3871 host_ms=1.1921 err_el=0 err_q0=0 err_q1=0
GGML_OP_PROFILE op=mul_mat name=linear_attn_out-24 ne=5120x1024x1x1 type_src0=22 rows=1024 cols=6144 stream=0x62b8b3902440 total_ms=0.2979 host_ms=0.3521 err_el=0 err_q0=0 err_q1=0
GGML_OP_PROFILE op=mul_mat name=ffn_gate-24 ne=17408x1024x1x1 type_src0=22 rows=1024 cols=5120 stream=0x62b8b3902440 total_ms=0.9247 host_ms=0.9648 err_el=0 err_q0=0 err_q1=0
GGML_OP_PROFILE op=mul_mat name=ffn_up-24 ne=17408x1024x1x1 type_src0=22 rows=1024 cols=5120 stream=0x62b8b3902440 total_ms=0.9334 host_ms=0.9767 err_el=0 err_q0=0 err_q1=0
GGML_OP_PROFILE op=mul_mat name=ffn_out-24 ne=5120x1024x1x1 type_src0=10 rows=1024 cols=17408 stream=0x62b8b3902440 total_ms=0.9573 host_ms=1.0886 err_el=0 err_q0=0 err_q1=0
GGML_OP_PROFILE op=mul_mat name=node_1444 ne=10240x1024x1x1 type_src0=22 rows=1024 cols=5120 stream=0x62b8b3902440 total_ms=0.5547 host_ms=0.5901 err_el=0 err_q0=0 err_q1=0
GGML_OP_PROFILE op=mul_mat name=node_1465 ne=48x1024x1x1 type_src0=8 rows=1024 cols=5120 stream=0x62b8b3902440 total_ms=0.0573 host_ms=0.2427 err_el=0 err_q0=0 err_q1=0
GGML_OP_PROFILE op=mul_mat name=node_1471 ne=48x1024x1x1 type_src0=8 rows=1024 cols=5120 stream=0x62b8b3902440 total_ms=0.1446 host_ms=0.2075 err_el=0 err_q0=0 err_q1=0
GGML_OP_PROFILE op=mul_mat name=z-25 ne=6144x1024x1x1 type_src0=10 rows=1024 cols=5120 stream=0x62b8b3902440 total_ms=0.3892 host_ms=1.2535 err_el=0 err_q0=0 err_q1=0
GGML_OP_PROFILE op=mul_mat name=linear_attn_out-25 ne=5120x1024x1x1 type_src0=18 rows=1024 cols=6144 stream=0x62b8b3902440 total_ms=0.2210 host_ms=0.2760 err_el=0 err_q0=0 err_q1=0
GGML_OP_PROFILE op=mul_mat name=ffn_gate-25 ne=17408x1024x1x1 type_src0=10 rows=1024 cols=5120 stream=0x62b8b3902440 total_ms=1.0580 host_ms=1.1052 err_el=0 err_q0=0 err_q1=0
GGML_OP_PROFILE op=mul_mat name=ffn_up-25 ne=17408x1024x1x1 type_src0=10 rows=1024 cols=5120 stream=0x62b8b3902440 total_ms=1.0964 host_ms=1.1374 err_el=0 err_q0=0 err_q1=0
GGML_OP_PROFILE op=mul_mat name=ffn_out-25 ne=5120x1024x1x1 type_src0=10 rows=1024 cols=17408 stream=0x62b8b3902440 total_ms=0.9530 host_ms=1.0875 err_el=0 err_q0=0 err_q1=0
GGML_OP_PROFILE op=mul_mat name=node_1507 ne=10240x1024x1x1 type_src0=10 rows=1024 cols=5120 stream=0x62b8b3902440 total_ms=0.5669 host_ms=0.6279 err_el=0 err_q0=0 err_q1=0
GGML_OP_PROFILE op=mul_mat name=node_1528 ne=48x1024x1x1 type_src0=8 rows=1024 cols=5120 stream=0x62b8b3902440 total_ms=0.0573 host_ms=0.2134 err_el=0 err_q0=0 err_q1=0
GGML_OP_PROFILE op=mul_mat name=node_1534 ne=48x1024x1x1 type_src0=8 rows=1024 cols=5120 stream=0x62b8b3902440 total_ms=0.0798 host_ms=0.0995 err_el=0 err_q0=0 err_q1=0
GGML_OP_PROFILE op=mul_mat name=z-26 ne=6144x1024x1x1 type_src0=22 rows=1024 cols=5120 stream=0x62b8b3902440 total_ms=0.3011 host_ms=1.4703 err_el=0 err_q0=0 err_q1=0
GGML_OP_PROFILE op=mul_mat name=linear_attn_out-26 ne=5120x1024x1x1 type_src0=10 rows=1024 cols=6144 stream=0x62b8b3902440 total_ms=0.3496 host_ms=0.4174 err_el=0 err_q0=0 err_q1=0
GGML_OP_PROFILE op=mul_mat name=ffn_gate-26 ne=17408x1024x1x1 type_src0=10 rows=1024 cols=5120 stream=0x62b8b3902440 total_ms=1.0444 host_ms=1.0788 err_el=0 err_q0=0 err_q1=0
GGML_OP_PROFILE op=mul_mat name=ffn_up-26 ne=17408x1024x1x1 type_src0=10 rows=1024 cols=5120 stream=0x62b8b3902440 total_ms=0.9944 host_ms=1.0578 err_el=0 err_q0=0 err_q1=0
GGML_OP_PROFILE op=mul_mat name=ffn_out-26 ne=5120x1024x1x1 type_src0=22 rows=1024 cols=17408 stream=0x62b8b3902440 total_ms=0.8180 host_ms=0.9511 err_el=0 err_q0=0 err_q1=0
GGML_OP_PROFILE op=mul_mat name=Qcur_full-27 ne=12288x1024x1x1 type_src0=18 rows=1024 cols=5120 stream=0x62b8b3902440 total_ms=0.5954 host_ms=0.6398 err_el=0 err_q0=0 err_q1=0
GGML_OP_PROFILE op=mul_mat name=Vcur-27 ne=1024x1024x1x1 type_src0=12 rows=1024 cols=5120 stream=0x62b8b3902440 total_ms=0.1315 host_ms=0.2148 err_el=0 err_q0=0 err_q1=0
GGML_OP_PROFILE op=mul_mat name=Kcur-27 ne=1024x1024x1x1 type_src0=21 rows=1024 cols=5120 stream=0x62b8b3902440 total_ms=0.1351 host_ms=0.2080 err_el=0 err_q0=0 err_q1=0
GGML_OP_PROFILE op=mul_mat name=attn_output-27 ne=5120x1024x1x1 type_src0=21 rows=1024 cols=6144 stream=0x62b8b3902440 total_ms=0.2294 host_ms=0.4590 err_el=0 err_q0=0 err_q1=0
GGML_OP_PROFILE op=mul_mat name=ffn_gate-27 ne=17408x1024x1x1 type_src0=22 rows=1024 cols=5120 stream=0x62b8b3902440 total_ms=0.9138 host_ms=1.0160 err_el=0 err_q0=0 err_q1=0
GGML_OP_PROFILE op=mul_mat name=ffn_up-27 ne=17408x1024x1x1 type_src0=10 rows=1024 cols=5120 stream=0x62b8b3902440 total_ms=1.0476 host_ms=1.0888 err_el=0 err_q0=0 err_q1=0
GGML_OP_PROFILE op=mul_mat name=ffn_out-27 ne=5120x1024x1x1 type_src0=10 rows=1024 cols=17408 stream=0x62b8b3902440 total_ms=0.9535 host_ms=1.0873 err_el=0 err_q0=0 err_q1=0
GGML_OP_PROFILE op=mul_mat name=node_1609 ne=10240x1024x1x1 type_src0=10 rows=1024 cols=5120 stream=0x62b8b3902440 total_ms=0.8949 host_ms=0.9432 err_el=0 err_q0=0 err_q1=0
GGML_OP_PROFILE op=mul_mat name=node_1630 ne=48x1024x1x1 type_src0=8 rows=1024 cols=5120 stream=0x62b8b3902440 total_ms=0.0573 host_ms=0.2261 err_el=0 err_q0=0 err_q1=0
GGML_OP_PROFILE op=mul_mat name=node_1636 ne=48x1024x1x1 type_src0=8 rows=1024 cols=5120 stream=0x62b8b3902440 total_ms=0.0870 host_ms=0.1125 err_el=0 err_q0=0 err_q1=0
GGML_OP_PROFILE op=mul_mat name=z-28 ne=6144x1024x1x1 type_src0=10 rows=1024 cols=5120 stream=0x62b8b3902440 total_ms=0.3891 host_ms=1.2293 err_el=0 err_q0=0 err_q1=0
GGML_OP_PROFILE op=mul_mat name=linear_attn_out-28 ne=5120x1024x1x1 type_src0=10 rows=1024 cols=6144 stream=0x62b8b3902440 total_ms=0.3446 host_ms=0.3964 err_el=0 err_q0=0 err_q1=0
GGML_OP_PROFILE op=mul_mat name=ffn_gate-28 ne=17408x1024x1x1 type_src0=22 rows=1024 cols=5120 stream=0x62b8b3902440 total_ms=0.8772 host_ms=0.9323 err_el=0 err_q0=0 err_q1=0
GGML_OP_PROFILE op=mul_mat name=ffn_up-28 ne=17408x1024x1x1 type_src0=22 rows=1024 cols=5120 stream=0x62b8b3902440 total_ms=0.8896 host_ms=0.9287 err_el=0 err_q0=0 err_q1=0
GGML_OP_PROFILE op=mul_mat name=ffn_out-28 ne=5120x1024x1x1 type_src0=22 rows=1024 cols=17408 stream=0x62b8b3902440 total_ms=0.8163 host_ms=0.9439 err_el=0 err_q0=0 err_q1=0
GGML_OP_PROFILE op=mul_mat name=node_1672 ne=10240x1024x1x1 type_src0=10 rows=1024 cols=5120 stream=0x62b8b3902440 total_ms=0.6152 host_ms=0.6694 err_el=0 err_q0=0 err_q1=0
GGML_OP_PROFILE op=mul_mat name=node_1693 ne=48x1024x1x1 type_src0=8 rows=1024 cols=5120 stream=0x62b8b3902440 total_ms=0.0594 host_ms=0.2277 err_el=0 err_q0=0 err_q1=0
GGML_OP_PROFILE op=mul_mat name=node_1699 ne=48x1024x1x1 type_src0=8 rows=1024 cols=5120 stream=0x62b8b3902440 total_ms=0.0462 host_ms=0.0710 err_el=0 err_q0=0 err_q1=0
GGML_OP_PROFILE op=mul_mat name=z-29 ne=6144x1024x1x1 type_src0=10 rows=1024 cols=5120 stream=0x62b8b3902440 total_ms=0.3829 host_ms=1.2233 err_el=0 err_q0=0 err_q1=0
GGML_OP_PROFILE op=mul_mat name=linear_attn_out-29 ne=5120x1024x1x1 type_src0=22 rows=1024 cols=6144 stream=0x62b8b3902440 total_ms=0.2991 host_ms=0.3512 err_el=0 err_q0=0 err_q1=0
GGML_OP_PROFILE op=mul_mat name=ffn_gate-29 ne=17408x1024x1x1 type_src0=22 rows=1024 cols=5120 stream=0x62b8b3902440 total_ms=0.8394 host_ms=0.8967 err_el=0 err_q0=0 err_q1=0
GGML_OP_PROFILE op=mul_mat name=ffn_up-29 ne=17408x1024x1x1 type_src0=16 rows=1024 cols=5120 stream=0x62b8b3902440 total_ms=0.6482 host_ms=0.6887 err_el=0 err_q0=0 err_q1=0
GGML_OP_PROFILE op=mul_mat name=ffn_out-29 ne=5120x1024x1x1 type_src0=22 rows=1024 cols=17408 stream=0x62b8b3902440 total_ms=0.8203 host_ms=0.9515 err_el=0 err_q0=0 err_q1=0
GGML_OP_PROFILE op=mul_mat name=node_1735 ne=10240x1024x1x1 type_src0=22 rows=1024 cols=5120 stream=0x62b8b3902440 total_ms=0.5287 host_ms=0.5795 err_el=0 err_q0=0 err_q1=0
GGML_OP_PROFILE op=mul_mat name=node_1756 ne=48x1024x1x1 type_src0=8 rows=1024 cols=5120 stream=0x62b8b3902440 total_ms=0.0573 host_ms=0.2261 err_el=0 err_q0=0 err_q1=0
GGML_OP_PROFILE op=mul_mat name=node_1762 ne=48x1024x1x1 type_src0=8 rows=1024 cols=5120 stream=0x62b8b3902440 total_ms=0.0764 host_ms=0.0954 err_el=0 err_q0=0 err_q1=0
GGML_OP_PROFILE op=mul_mat name=z-30 ne=6144x1024x1x1 type_src0=10 rows=1024 cols=5120 stream=0x62b8b3902440 total_ms=0.3871 host_ms=1.2272 err_el=0 err_q0=0 err_q1=0
GGML_OP_PROFILE op=mul_mat name=linear_attn_out-30 ne=5120x1024x1x1 type_src0=10 rows=1024 cols=6144 stream=0x62b8b3902440 total_ms=0.3461 host_ms=0.4896 err_el=0 err_q0=0 err_q1=0
GGML_OP_PROFILE op=mul_mat name=ffn_gate-30 ne=17408x1024x1x1 type_src0=29 rows=1024 cols=5120 stream=0x62b8b3902440 total_ms=0.7985 host_ms=0.8528 err_el=0 err_q0=0 err_q1=0
GGML_OP_PROFILE op=mul_mat name=ffn_up-30 ne=17408x1024x1x1 type_src0=22 rows=1024 cols=5120 stream=0x62b8b3902440 total_ms=0.9159 host_ms=0.9519 err_el=0 err_q0=0 err_q1=0
GGML_OP_PROFILE op=mul_mat name=ffn_out-30 ne=5120x1024x1x1 type_src0=22 rows=1024 cols=17408 stream=0x62b8b3902440 total_ms=0.8139 host_ms=0.9422 err_el=0 err_q0=0 err_q1=0
GGML_OP_PROFILE op=mul_mat name=Qcur_full-31 ne=12288x1024x1x1 type_src0=10 rows=1024 cols=5120 stream=0x62b8b3902440 total_ms=0.7121 host_ms=0.7683 err_el=0 err_q0=0 err_q1=0
GGML_OP_PROFILE op=mul_mat name=Vcur-31 ne=1024x1024x1x1 type_src0=12 rows=1024 cols=5120 stream=0x62b8b3902440 total_ms=0.0752 host_ms=0.1408 err_el=0 err_q0=0 err_q1=0
GGML_OP_PROFILE op=mul_mat name=Kcur-31 ne=1024x1024x1x1 type_src0=23 rows=1024 cols=5120 stream=0x62b8b3902440 total_ms=0.1027 host_ms=0.1432 err_el=0 err_q0=0 err_q1=0
GGML_OP_PROFILE op=mul_mat name=attn_output-31 ne=5120x1024x1x1 type_src0=21 rows=1024 cols=6144 stream=0x62b8b3902440 total_ms=0.2294 host_ms=0.5198 err_el=0 err_q0=0 err_q1=0
GGML_OP_PROFILE op=mul_mat name=ffn_gate-31 ne=17408x1024x1x1 type_src0=16 rows=1024 cols=5120 stream=0x62b8b3902440 total_ms=0.6272 host_ms=0.6806 err_el=0 err_q0=0 err_q1=0
GGML_OP_PROFILE op=mul_mat name=ffn_up-31 ne=17408x1024x1x1 type_src0=22 rows=1024 cols=5120 stream=0x62b8b3902440 total_ms=0.8588 host_ms=0.8974 err_el=0 err_q0=0 err_q1=0
GGML_OP_PROFILE op=mul_mat name=ffn_out-31 ne=5120x1024x1x1 type_src0=16 rows=1024 cols=17408 stream=0x62b8b3902440 total_ms=0.5858 host_ms=0.7178 err_el=0 err_q0=0 err_q1=0
GGML_OP_PROFILE op=mul_mat name=node_1837 ne=10240x1024x1x1 type_src0=18 rows=1024 cols=5120 stream=0x62b8b3902440 total_ms=0.4200 host_ms=0.4613 err_el=0 err_q0=0 err_q1=0
GGML_OP_PROFILE op=mul_mat name=node_1858 ne=48x1024x1x1 type_src0=8 rows=1024 cols=5120 stream=0x62b8b3902440 total_ms=0.0573 host_ms=0.2223 err_el=0 err_q0=0 err_q1=0
GGML_OP_PROFILE op=mul_mat name=node_1864 ne=48x1024x1x1 type_src0=8 rows=1024 cols=5120 stream=0x62b8b3902440 total_ms=0.0850 host_ms=0.1120 err_el=0 err_q0=0 err_q1=0
GGML_OP_PROFILE op=mul_mat name=z-32 ne=6144x1024x1x1 type_src0=10 rows=1024 cols=5120 stream=0x62b8b3902440 total_ms=0.3891 host_ms=1.2130 err_el=0 err_q0=0 err_q1=0
GGML_OP_PROFILE op=mul_mat name=linear_attn_out-32 ne=5120x1024x1x1 type_src0=18 rows=1024 cols=6144 stream=0x62b8b3902440 total_ms=0.2216 host_ms=0.2752 err_el=0 err_q0=0 err_q1=0
GGML_OP_PROFILE op=mul_mat name=ffn_gate-32 ne=17408x1024x1x1 type_src0=17 rows=1024 cols=5120 stream=0x62b8b3902440 total_ms=1.1508 host_ms=1.2125 err_el=0 err_q0=0 err_q1=0
GGML_OP_PROFILE op=mul_mat name=ffn_up-32 ne=17408x1024x1x1 type_src0=10 rows=1024 cols=5120 stream=0x62b8b3902440 total_ms=0.9984 host_ms=1.0479 err_el=0 err_q0=0 err_q1=0
GGML_OP_PROFILE op=mul_mat name=ffn_out-32 ne=5120x1024x1x1 type_src0=10 rows=1024 cols=17408 stream=0x62b8b3902440 total_ms=0.9532 host_ms=1.0826 err_el=0 err_q0=0 err_q1=0
GGML_OP_PROFILE op=mul_mat name=node_1900 ne=10240x1024x1x1 type_src0=18 rows=1024 cols=5120 stream=0x62b8b3902440 total_ms=0.4160 host_ms=0.4605 err_el=0 err_q0=0 err_q1=0
GGML_OP_PROFILE op=mul_mat name=node_1921 ne=48x1024x1x1 type_src0=8 rows=1024 cols=5120 stream=0x62b8b3902440 total_ms=0.0553 host_ms=0.2206 err_el=0 err_q0=0 err_q1=0
GGML_OP_PROFILE op=mul_mat name=node_1927 ne=48x1024x1x1 type_src0=8 rows=1024 cols=5120 stream=0x62b8b3902440 total_ms=0.0855 host_ms=0.1039 err_el=0 err_q0=0 err_q1=0
GGML_OP_PROFILE op=mul_mat name=z-33 ne=6144x1024x1x1 type_src0=10 rows=1024 cols=5120 stream=0x62b8b3902440 total_ms=0.3892 host_ms=1.2231 err_el=0 err_q0=0 err_q1=0
GGML_OP_PROFILE op=mul_mat name=linear_attn_out-33 ne=5120x1024x1x1 type_src0=18 rows=1024 cols=6144 stream=0x62b8b3902440 total_ms=0.2223 host_ms=0.2733 err_el=0 err_q0=0 err_q1=0
GGML_OP_PROFILE op=mul_mat name=ffn_gate-33 ne=17408x1024x1x1 type_src0=17 rows=1024 cols=5120 stream=0x62b8b3902440 total_ms=0.9129 host_ms=0.9639 err_el=0 err_q0=0 err_q1=0
GGML_OP_PROFILE op=mul_mat name=ffn_up-33 ne=17408x1024x1x1 type_src0=10 rows=1024 cols=5120 stream=0x62b8b3902440 total_ms=0.9987 host_ms=1.0410 err_el=0 err_q0=0 err_q1=0
GGML_OP_PROFILE op=mul_mat name=ffn_out-33 ne=5120x1024x1x1 type_src0=17 rows=1024 cols=17408 stream=0x62b8b3902440 total_ms=0.8305 host_ms=0.9693 err_el=0 err_q0=0 err_q1=0
GGML_OP_PROFILE op=mul_mat name=node_1963 ne=10240x1024x1x1 type_src0=18 rows=1024 cols=5120 stream=0x62b8b3902440 total_ms=0.4043 host_ms=0.4523 err_el=0 err_q0=0 err_q1=0
GGML_OP_PROFILE op=mul_mat name=node_1984 ne=48x1024x1x1 type_src0=8 rows=1024 cols=5120 stream=0x62b8b3902440 total_ms=0.0573 host_ms=0.2232 err_el=0 err_q0=0 err_q1=0
GGML_OP_PROFILE op=mul_mat name=node_1990 ne=48x1024x1x1 type_src0=8 rows=1024 cols=5120 stream=0x62b8b3902440 total_ms=0.0735 host_ms=0.0915 err_el=0 err_q0=0 err_q1=0
GGML_OP_PROFILE op=mul_mat name=z-34 ne=6144x1024x1x1 type_src0=10 rows=1024 cols=5120 stream=0x62b8b3902440 total_ms=0.3850 host_ms=1.2231 err_el=0 err_q0=0 err_q1=0
GGML_OP_PROFILE op=mul_mat name=linear_attn_out-34 ne=5120x1024x1x1 type_src0=18 rows=1024 cols=6144 stream=0x62b8b3902440 total_ms=0.2224 host_ms=0.2739 err_el=0 err_q0=0 err_q1=0
GGML_OP_PROFILE op=mul_mat name=ffn_gate-34 ne=17408x1024x1x1 type_src0=10 rows=1024 cols=5120 stream=0x62b8b3902440 total_ms=1.2572 host_ms=1.3793 err_el=0 err_q0=0 err_q1=0
GGML_OP_PROFILE op=mul_mat name=ffn_up-34 ne=17408x1024x1x1 type_src0=10 rows=1024 cols=5120 stream=0x62b8b3902440 total_ms=0.9890 host_ms=1.0385 err_el=0 err_q0=0 err_q1=0
GGML_OP_PROFILE op=mul_mat name=ffn_out-34 ne=5120x1024x1x1 type_src0=18 rows=1024 cols=17408 stream=0x62b8b3902440 total_ms=0.6177 host_ms=0.7536 err_el=0 err_q0=0 err_q1=0
GGML_OP_PROFILE op=mul_mat name=Qcur_full-35 ne=12288x1024x1x1 type_src0=10 rows=1024 cols=5120 stream=0x62b8b3902440 total_ms=0.7104 host_ms=0.7660 err_el=0 err_q0=0 err_q1=0
GGML_OP_PROFILE op=mul_mat name=Vcur-35 ne=1024x1024x1x1 type_src0=12 rows=1024 cols=5120 stream=0x62b8b3902440 total_ms=0.0752 host_ms=0.1372 err_el=0 err_q0=0 err_q1=0
GGML_OP_PROFILE op=mul_mat name=Kcur-35 ne=1024x1024x1x1 type_src0=23 rows=1024 cols=5120 stream=0x62b8b3902440 total_ms=0.1097 host_ms=0.1480 err_el=0 err_q0=0 err_q1=0
GGML_OP_PROFILE op=mul_mat name=attn_output-35 ne=5120x1024x1x1 type_src0=21 rows=1024 cols=6144 stream=0x62b8b3902440 total_ms=0.2314 host_ms=0.5230 err_el=0 err_q0=0 err_q1=0
GGML_OP_PROFILE op=mul_mat name=ffn_gate-35 ne=17408x1024x1x1 type_src0=17 rows=1024 cols=5120 stream=0x62b8b3902440 total_ms=0.9140 host_ms=0.9644 err_el=0 err_q0=0 err_q1=0
GGML_OP_PROFILE op=mul_mat name=ffn_up-35 ne=17408x1024x1x1 type_src0=10 rows=1024 cols=5120 stream=0x62b8b3902440 total_ms=1.0000 host_ms=1.0385 err_el=0 err_q0=0 err_q1=0
GGML_OP_PROFILE op=mul_mat name=ffn_out-35 ne=5120x1024x1x1 type_src0=18 rows=1024 cols=17408 stream=0x62b8b3902440 total_ms=0.6156 host_ms=0.7466 err_el=0 err_q0=0 err_q1=0
GGML_OP_PROFILE op=mul_mat name=node_2065 ne=10240x1024x1x1 type_src0=10 rows=1024 cols=5120 stream=0x62b8b3902440 total_ms=0.5690 host_ms=0.6194 err_el=0 err_q0=0 err_q1=0
GGML_OP_PROFILE op=mul_mat name=node_2086 ne=48x1024x1x1 type_src0=8 rows=1024 cols=5120 stream=0x62b8b3902440 total_ms=0.0573 host_ms=0.2222 err_el=0 err_q0=0 err_q1=0
GGML_OP_PROFILE op=mul_mat name=node_2092 ne=48x1024x1x1 type_src0=8 rows=1024 cols=5120 stream=0x62b8b3902440 total_ms=0.0729 host_ms=0.0921 err_el=0 err_q0=0 err_q1=0
GGML_OP_PROFILE op=mul_mat name=z-36 ne=6144x1024x1x1 type_src0=10 rows=1024 cols=5120 stream=0x62b8b3902440 total_ms=0.3871 host_ms=1.2269 err_el=0 err_q0=0 err_q1=0
GGML_OP_PROFILE op=mul_mat name=linear_attn_out-36 ne=5120x1024x1x1 type_src0=18 rows=1024 cols=6144 stream=0x62b8b3902440 total_ms=0.2204 host_ms=0.2787 err_el=0 err_q0=0 err_q1=0
GGML_OP_PROFILE op=mul_mat name=ffn_gate-36 ne=17408x1024x1x1 type_src0=10 rows=1024 cols=5120 stream=0x62b8b3902440 total_ms=0.9824 host_ms=1.0406 err_el=0 err_q0=0 err_q1=0
GGML_OP_PROFILE op=mul_mat name=ffn_up-36 ne=17408x1024x1x1 type_src0=10 rows=1024 cols=5120 stream=0x62b8b3902440 total_ms=0.9930 host_ms=1.0971 err_el=0 err_q0=0 err_q1=0
GGML_OP_PROFILE op=mul_mat name=ffn_out-36 ne=5120x1024x1x1 type_src0=18 rows=1024 cols=17408 stream=0x62b8b3902440 total_ms=0.6155 host_ms=0.7524 err_el=0 err_q0=0 err_q1=0
GGML_OP_PROFILE op=mul_mat name=node_2128 ne=10240x1024x1x1 type_src0=10 rows=1024 cols=5120 stream=0x62b8b3902440 total_ms=0.5706 host_ms=0.6228 err_el=0 err_q0=0 err_q1=0
GGML_OP_PROFILE op=mul_mat name=node_2149 ne=48x1024x1x1 type_src0=8 rows=1024 cols=5120 stream=0x62b8b3902440 total_ms=0.0573 host_ms=0.2263 err_el=0 err_q0=0 err_q1=0
GGML_OP_PROFILE op=mul_mat name=node_2155 ne=48x1024x1x1 type_src0=8 rows=1024 cols=5120 stream=0x62b8b3902440 total_ms=0.0481 host_ms=0.0753 err_el=0 err_q0=0 err_q1=0
GGML_OP_PROFILE op=mul_mat name=z-37 ne=6144x1024x1x1 type_src0=10 rows=1024 cols=5120 stream=0x62b8b3902440 total_ms=0.3870 host_ms=1.2187 err_el=0 err_q0=0 err_q1=0
GGML_OP_PROFILE op=mul_mat name=linear_attn_out-37 ne=5120x1024x1x1 type_src0=18 rows=1024 cols=6144 stream=0x62b8b3902440 total_ms=0.2287 host_ms=0.2810 err_el=0 err_q0=0 err_q1=0
GGML_OP_PROFILE op=mul_mat name=ffn_gate-37 ne=17408x1024x1x1 type_src0=10 rows=1024 cols=5120 stream=0x62b8b3902440 total_ms=0.9844 host_ms=1.0373 err_el=0 err_q0=0 err_q1=0
GGML_OP_PROFILE op=mul_mat name=ffn_up-37 ne=17408x1024x1x1 type_src0=10 rows=1024 cols=5120 stream=0x62b8b3902440 total_ms=0.9983 host_ms=1.0367 err_el=0 err_q0=0 err_q1=0
GGML_OP_PROFILE op=mul_mat name=ffn_out-37 ne=5120x1024x1x1 type_src0=18 rows=1024 cols=17408 stream=0x62b8b3902440 total_ms=0.6167 host_ms=0.7512 err_el=0 err_q0=0 err_q1=0
GGML_OP_PROFILE op=mul_mat name=node_2191 ne=10240x1024x1x1 type_src0=17 rows=1024 cols=5120 stream=0x62b8b3902440 total_ms=0.4912 host_ms=0.5467 err_el=0 err_q0=0 err_q1=0
GGML_OP_PROFILE op=mul_mat name=node_2212 ne=48x1024x1x1 type_src0=8 rows=1024 cols=5120 stream=0x62b8b3902440 total_ms=0.0573 host_ms=0.2264 err_el=0 err_q0=0 err_q1=0
GGML_OP_PROFILE op=mul_mat name=node_2218 ne=48x1024x1x1 type_src0=8 rows=1024 cols=5120 stream=0x62b8b3902440 total_ms=0.0801 host_ms=0.0973 err_el=0 err_q0=0 err_q1=0
GGML_OP_PROFILE op=mul_mat name=z-38 ne=6144x1024x1x1 type_src0=10 rows=1024 cols=5120 stream=0x62b8b3902440 total_ms=0.3871 host_ms=1.2269 err_el=0 err_q0=0 err_q1=0
GGML_OP_PROFILE op=mul_mat name=linear_attn_out-38 ne=5120x1024x1x1 type_src0=10 rows=1024 cols=6144 stream=0x62b8b3902440 total_ms=0.3457 host_ms=0.4022 err_el=0 err_q0=0 err_q1=0
GGML_OP_PROFILE op=mul_mat name=ffn_gate-38 ne=17408x1024x1x1 type_src0=10 rows=1024 cols=5120 stream=0x62b8b3902440 total_ms=1.2418 host_ms=1.3061 err_el=0 err_q0=0 err_q1=0
GGML_OP_PROFILE op=mul_mat name=ffn_up-38 ne=17408x1024x1x1 type_src0=18 rows=1024 cols=5120 stream=0x62b8b3902440 total_ms=0.6830 host_ms=0.7252 err_el=0 err_q0=0 err_q1=0
GGML_OP_PROFILE op=mul_mat name=ffn_out-38 ne=5120x1024x1x1 type_src0=18 rows=1024 cols=17408 stream=0x62b8b3902440 total_ms=0.6176 host_ms=0.7496 err_el=0 err_q0=0 err_q1=0
GGML_OP_PROFILE op=mul_mat name=Qcur_full-39 ne=12288x1024x1x1 type_src0=10 rows=1024 cols=5120 stream=0x62b8b3902440 total_ms=0.7080 host_ms=0.7618 err_el=0 err_q0=0 err_q1=0
GGML_OP_PROFILE op=mul_mat name=Vcur-39 ne=1024x1024x1x1 type_src0=23 rows=1024 cols=5120 stream=0x62b8b3902440 total_ms=0.0691 host_ms=0.1351 err_el=0 err_q0=0 err_q1=0
GGML_OP_PROFILE op=mul_mat name=Kcur-39 ne=1024x1024x1x1 type_src0=18 rows=1024 cols=5120 stream=0x62b8b3902440 total_ms=0.0676 host_ms=0.1081 err_el=0 err_q0=0 err_q1=0
GGML_OP_PROFILE op=mul_mat name=attn_output-39 ne=5120x1024x1x1 type_src0=21 rows=1024 cols=6144 stream=0x62b8b3902440 total_ms=0.2315 host_ms=0.5492 err_el=0 err_q0=0 err_q1=0
GGML_OP_PROFILE op=mul_mat name=ffn_gate-39 ne=17408x1024x1x1 type_src0=10 rows=1024 cols=5120 stream=0x62b8b3902440 total_ms=0.9807 host_ms=1.0382 err_el=0 err_q0=0 err_q1=0
GGML_OP_PROFILE op=mul_mat name=ffn_up-39 ne=17408x1024x1x1 type_src0=18 rows=1024 cols=5120 stream=0x62b8b3902440 total_ms=0.6817 host_ms=0.7234 err_el=0 err_q0=0 err_q1=0
GGML_OP_PROFILE op=mul_mat name=ffn_out-39 ne=5120x1024x1x1 type_src0=18 rows=1024 cols=17408 stream=0x62b8b3902440 total_ms=0.6156 host_ms=0.7489 err_el=0 err_q0=0 err_q1=0
GGML_OP_PROFILE op=mul_mat name=node_2293 ne=10240x1024x1x1 type_src0=10 rows=1024 cols=5120 stream=0x62b8b3902440 total_ms=0.5690 host_ms=0.6185 err_el=0 err_q0=0 err_q1=0
GGML_OP_PROFILE op=mul_mat name=node_2314 ne=48x1024x1x1 type_src0=8 rows=1024 cols=5120 stream=0x62b8b3902440 total_ms=0.0573 host_ms=0.2242 err_el=0 err_q0=0 err_q1=0
GGML_OP_PROFILE op=mul_mat name=node_2320 ne=48x1024x1x1 type_src0=8 rows=1024 cols=5120 stream=0x62b8b3902440 total_ms=0.0437 host_ms=0.0699 err_el=0 err_q0=0 err_q1=0
GGML_OP_PROFILE op=mul_mat name=z-40 ne=6144x1024x1x1 type_src0=10 rows=1024 cols=5120 stream=0x62b8b3902440 total_ms=0.3871 host_ms=1.2160 err_el=0 err_q0=0 err_q1=0
GGML_OP_PROFILE op=mul_mat name=linear_attn_out-40 ne=5120x1024x1x1 type_src0=18 rows=1024 cols=6144 stream=0x62b8b3902440 total_ms=0.2232 host_ms=0.2772 err_el=0 err_q0=0 err_q1=0
GGML_OP_PROFILE op=mul_mat name=ffn_gate-40 ne=17408x1024x1x1 type_src0=10 rows=1024 cols=5120 stream=0x62b8b3902440 total_ms=0.9828 host_ms=1.0423 err_el=0 err_q0=0 err_q1=0
GGML_OP_PROFILE op=mul_mat name=ffn_up-40 ne=17408x1024x1x1 type_src0=18 rows=1024 cols=5120 stream=0x62b8b3902440 total_ms=0.6461 host_ms=0.6879 err_el=0 err_q0=0 err_q1=0
GGML_OP_PROFILE op=mul_mat name=ffn_out-40 ne=5120x1024x1x1 type_src0=18 rows=1024 cols=17408 stream=0x62b8b3902440 total_ms=0.6287 host_ms=0.9757 err_el=0 err_q0=0 err_q1=0
GGML_OP_PROFILE op=mul_mat name=node_2356 ne=10240x1024x1x1 type_src0=10 rows=1024 cols=5120 stream=0x62b8b3902440 total_ms=0.5714 host_ms=0.7054 err_el=0 err_q0=0 err_q1=0
GGML_OP_PROFILE op=mul_mat name=node_2377 ne=48x1024x1x1 type_src0=8 rows=1024 cols=5120 stream=0x62b8b3902440 total_ms=0.0573 host_ms=0.2225 err_el=0 err_q0=0 err_q1=0
GGML_OP_PROFILE op=mul_mat name=node_2383 ne=48x1024x1x1 type_src0=8 rows=1024 cols=5120 stream=0x62b8b3902440 total_ms=0.0962 host_ms=0.1212 err_el=0 err_q0=0 err_q1=0
GGML_OP_PROFILE op=mul_mat name=z-41 ne=6144x1024x1x1 type_src0=10 rows=1024 cols=5120 stream=0x62b8b3902440 total_ms=0.3871 host_ms=1.2274 err_el=0 err_q0=0 err_q1=0
GGML_OP_PROFILE op=mul_mat name=linear_attn_out-41 ne=5120x1024x1x1 type_src0=18 rows=1024 cols=6144 stream=0x62b8b3902440 total_ms=0.2232 host_ms=0.2754 err_el=0 err_q0=0 err_q1=0
GGML_OP_PROFILE op=mul_mat name=ffn_gate-41 ne=17408x1024x1x1 type_src0=18 rows=1024 cols=5120 stream=0x62b8b3902440 total_ms=0.6285 host_ms=0.6838 err_el=0 err_q0=0 err_q1=0
GGML_OP_PROFILE op=mul_mat name=ffn_up-41 ne=17408x1024x1x1 type_src0=18 rows=1024 cols=5120 stream=0x62b8b3902440 total_ms=0.6439 host_ms=0.6813 err_el=0 err_q0=0 err_q1=0
GGML_OP_PROFILE op=mul_mat name=ffn_out-41 ne=5120x1024x1x1 type_src0=18 rows=1024 cols=17408 stream=0x62b8b3902440 total_ms=0.6156 host_ms=0.7457 err_el=0 err_q0=0 err_q1=0
GGML_OP_PROFILE op=mul_mat name=node_2419 ne=10240x1024x1x1 type_src0=10 rows=1024 cols=5120 stream=0x62b8b3902440 total_ms=0.5690 host_ms=0.6220 err_el=0 err_q0=0 err_q1=0
GGML_OP_PROFILE op=mul_mat name=node_2440 ne=48x1024x1x1 type_src0=8 rows=1024 cols=5120 stream=0x62b8b3902440 total_ms=0.0573 host_ms=0.2238 err_el=0 err_q0=0 err_q1=0
GGML_OP_PROFILE op=mul_mat name=node_2446 ne=48x1024x1x1 type_src0=8 rows=1024 cols=5120 stream=0x62b8b3902440 total_ms=0.1064 host_ms=0.1333 err_el=0 err_q0=0 err_q1=0
GGML_OP_PROFILE op=mul_mat name=z-42 ne=6144x1024x1x1 type_src0=10 rows=1024 cols=5120 stream=0x62b8b3902440 total_ms=0.3871 host_ms=1.2213 err_el=0 err_q0=0 err_q1=0
GGML_OP_PROFILE op=mul_mat name=linear_attn_out-42 ne=5120x1024x1x1 type_src0=18 rows=1024 cols=6144 stream=0x62b8b3902440 total_ms=0.2194 host_ms=0.2724 err_el=0 err_q0=0 err_q1=0
GGML_OP_PROFILE op=mul_mat name=ffn_gate-42 ne=17408x1024x1x1 type_src0=10 rows=1024 cols=5120 stream=0x62b8b3902440 total_ms=0.9828 host_ms=1.0399 err_el=0 err_q0=0 err_q1=0
GGML_OP_PROFILE op=mul_mat name=ffn_up-42 ne=17408x1024x1x1 type_src0=18 rows=1024 cols=5120 stream=0x62b8b3902440 total_ms=0.6446 host_ms=0.6822 err_el=0 err_q0=0 err_q1=0
GGML_OP_PROFILE op=mul_mat name=ffn_out-42 ne=5120x1024x1x1 type_src0=10 rows=1024 cols=17408 stream=0x62b8b3902440 total_ms=0.9587 host_ms=1.0939 err_el=0 err_q0=0 err_q1=0
GGML_OP_PROFILE op=mul_mat name=Qcur_full-43 ne=12288x1024x1x1 type_src0=18 rows=1024 cols=5120 stream=0x62b8b3902440 total_ms=0.4547 host_ms=0.5721 err_el=0 err_q0=0 err_q1=0
GGML_OP_PROFILE op=mul_mat name=Vcur-43 ne=1024x1024x1x1 type_src0=23 rows=1024 cols=5120 stream=0x62b8b3902440 total_ms=0.0690 host_ms=0.1333 err_el=0 err_q0=0 err_q1=0
GGML_OP_PROFILE op=mul_mat name=Kcur-43 ne=1024x1024x1x1 type_src0=23 rows=1024 cols=5120 stream=0x62b8b3902440 total_ms=0.0979 host_ms=0.1357 err_el=0 err_q0=0 err_q1=0
GGML_OP_PROFILE op=mul_mat name=attn_output-43 ne=5120x1024x1x1 type_src0=23 rows=1024 cols=6144 stream=0x62b8b3902440 total_ms=0.2028 host_ms=0.5270 err_el=0 err_q0=0 err_q1=0
GGML_OP_PROFILE op=mul_mat name=ffn_gate-43 ne=17408x1024x1x1 type_src0=10 rows=1024 cols=5120 stream=0x62b8b3902440 total_ms=1.0232 host_ms=1.0753 err_el=0 err_q0=0 err_q1=0
GGML_OP_PROFILE op=mul_mat name=ffn_up-43 ne=17408x1024x1x1 type_src0=18 rows=1024 cols=5120 stream=0x62b8b3902440 total_ms=0.6800 host_ms=0.7207 err_el=0 err_q0=0 err_q1=0
GGML_OP_PROFILE op=mul_mat name=ffn_out-43 ne=5120x1024x1x1 type_src0=10 rows=1024 cols=17408 stream=0x62b8b3902440 total_ms=0.9576 host_ms=1.0861 err_el=0 err_q0=0 err_q1=0
GGML_OP_PROFILE op=mul_mat name=node_2521 ne=10240x1024x1x1 type_src0=10 rows=1024 cols=5120 stream=0x62b8b3902440 total_ms=0.6238 host_ms=0.6651 err_el=0 err_q0=0 err_q1=0
GGML_OP_PROFILE op=mul_mat name=node_2542 ne=48x1024x1x1 type_src0=8 rows=1024 cols=5120 stream=0x62b8b3902440 total_ms=0.0553 host_ms=0.2165 err_el=0 err_q0=0 err_q1=0
GGML_OP_PROFILE op=mul_mat name=node_2548 ne=48x1024x1x1 type_src0=8 rows=1024 cols=5120 stream=0x62b8b3902440 total_ms=0.1011 host_ms=0.1269 err_el=0 err_q0=0 err_q1=0
GGML_OP_PROFILE op=mul_mat name=z-44 ne=6144x1024x1x1 type_src0=10 rows=1024 cols=5120 stream=0x62b8b3902440 total_ms=0.3870 host_ms=1.4969 err_el=0 err_q0=0 err_q1=0
GGML_OP_PROFILE op=mul_mat name=linear_attn_out-44 ne=5120x1024x1x1 type_src0=18 rows=1024 cols=6144 stream=0x62b8b3902440 total_ms=0.2204 host_ms=0.2756 err_el=0 err_q0=0 err_q1=0
GGML_OP_PROFILE op=mul_mat name=ffn_gate-44 ne=17408x1024x1x1 type_src0=10 rows=1024 cols=5120 stream=0x62b8b3902440 total_ms=0.9865 host_ms=1.0394 err_el=0 err_q0=0 err_q1=0
GGML_OP_PROFILE op=mul_mat name=ffn_up-44 ne=17408x1024x1x1 type_src0=10 rows=1024 cols=5120 stream=0x62b8b3902440 total_ms=0.9942 host_ms=1.0354 err_el=0 err_q0=0 err_q1=0
GGML_OP_PROFILE op=mul_mat name=ffn_out-44 ne=5120x1024x1x1 type_src0=10 rows=1024 cols=17408 stream=0x62b8b3902440 total_ms=0.9535 host_ms=1.0802 err_el=0 err_q0=0 err_q1=0
GGML_OP_PROFILE op=mul_mat name=node_2584 ne=10240x1024x1x1 type_src0=18 rows=1024 cols=5120 stream=0x62b8b3902440 total_ms=0.4084 host_ms=0.4614 err_el=0 err_q0=0 err_q1=0
GGML_OP_PROFILE op=mul_mat name=node_2605 ne=48x1024x1x1 type_src0=8 rows=1024 cols=5120 stream=0x62b8b3902440 total_ms=0.0573 host_ms=0.3424 err_el=0 err_q0=0 err_q1=0
GGML_OP_PROFILE op=mul_mat name=node_2611 ne=48x1024x1x1 type_src0=8 rows=1024 cols=5120 stream=0x62b8b3902440 total_ms=0.1085 host_ms=0.1394 err_el=0 err_q0=0 err_q1=0
GGML_OP_PROFILE op=mul_mat name=z-45 ne=6144x1024x1x1 type_src0=17 rows=1024 cols=5120 stream=0x62b8b3902440 total_ms=0.3031 host_ms=1.1476 err_el=0 err_q0=0 err_q1=0
GGML_OP_PROFILE op=mul_mat name=linear_attn_out-45 ne=5120x1024x1x1 type_src0=10 rows=1024 cols=6144 stream=0x62b8b3902440 total_ms=0.3512 host_ms=0.4008 err_el=0 err_q0=0 err_q1=0
GGML_OP_PROFILE op=mul_mat name=ffn_gate-45 ne=17408x1024x1x1 type_src0=10 rows=1024 cols=5120 stream=0x62b8b3902440 total_ms=0.9783 host_ms=1.0358 err_el=0 err_q0=0 err_q1=0
GGML_OP_PROFILE op=mul_mat name=ffn_up-45 ne=17408x1024x1x1 type_src0=10 rows=1024 cols=5120 stream=0x62b8b3902440 total_ms=0.9930 host_ms=1.0303 err_el=0 err_q0=0 err_q1=0
GGML_OP_PROFILE op=mul_mat name=ffn_out-45 ne=5120x1024x1x1 type_src0=10 rows=1024 cols=17408 stream=0x62b8b3902440 total_ms=0.9535 host_ms=1.0850 err_el=0 err_q0=0 err_q1=0
GGML_OP_PROFILE op=mul_mat name=node_2647 ne=10240x1024x1x1 type_src0=18 rows=1024 cols=5120 stream=0x62b8b3902440 total_ms=0.4084 host_ms=0.4589 err_el=0 err_q0=0 err_q1=0
GGML_OP_PROFILE op=mul_mat name=node_2668 ne=48x1024x1x1 type_src0=8 rows=1024 cols=5120 stream=0x62b8b3902440 total_ms=0.0573 host_ms=0.2297 err_el=0 err_q0=0 err_q1=0
GGML_OP_PROFILE op=mul_mat name=node_2674 ne=48x1024x1x1 type_src0=8 rows=1024 cols=5120 stream=0x62b8b3902440 total_ms=0.0817 host_ms=0.1025 err_el=0 err_q0=0 err_q1=0
GGML_OP_PROFILE op=mul_mat name=z-46 ne=6144x1024x1x1 type_src0=10 rows=1024 cols=5120 stream=0x62b8b3902440 total_ms=0.3850 host_ms=1.2156 err_el=0 err_q0=0 err_q1=0
GGML_OP_PROFILE op=mul_mat name=linear_attn_out-46 ne=5120x1024x1x1 type_src0=18 rows=1024 cols=6144 stream=0x62b8b3902440 total_ms=0.2211 host_ms=0.2768 err_el=0 err_q0=0 err_q1=0
GGML_OP_PROFILE op=mul_mat name=ffn_gate-46 ne=17408x1024x1x1 type_src0=17 rows=1024 cols=5120 stream=0x62b8b3902440 total_ms=0.8514 host_ms=0.9119 err_el=0 err_q0=0 err_q1=0
GGML_OP_PROFILE op=mul_mat name=ffn_up-46 ne=17408x1024x1x1 type_src0=10 rows=1024 cols=5120 stream=0x62b8b3902440 total_ms=1.0000 host_ms=1.0379 err_el=0 err_q0=0 err_q1=0
GGML_OP_PROFILE op=mul_mat name=ffn_out-46 ne=5120x1024x1x1 type_src0=10 rows=1024 cols=17408 stream=0x62b8b3902440 total_ms=0.9535 host_ms=1.0832 err_el=0 err_q0=0 err_q1=0
GGML_OP_PROFILE op=mul_mat name=Qcur_full-47 ne=12288x1024x1x1 type_src0=10 rows=1024 cols=5120 stream=0x62b8b3902440 total_ms=0.7086 host_ms=0.8403 err_el=0 err_q0=0 err_q1=0
GGML_OP_PROFILE op=mul_mat name=Vcur-47 ne=1024x1024x1x1 type_src0=23 rows=1024 cols=5120 stream=0x62b8b3902440 total_ms=0.0691 host_ms=0.1347 err_el=0 err_q0=0 err_q1=0
GGML_OP_PROFILE op=mul_mat name=Kcur-47 ne=1024x1024x1x1 type_src0=23 rows=1024 cols=5120 stream=0x62b8b3902440 total_ms=0.0615 host_ms=0.0983 err_el=0 err_q0=0 err_q1=0
GGML_OP_PROFILE op=mul_mat name=attn_output-47 ne=5120x1024x1x1 type_src0=18 rows=1024 cols=6144 stream=0x62b8b3902440 total_ms=0.2212 host_ms=0.5344 err_el=0 err_q0=0 err_q1=0
GGML_OP_PROFILE op=mul_mat name=ffn_gate-47 ne=17408x1024x1x1 type_src0=10 rows=1024 cols=5120 stream=0x62b8b3902440 total_ms=0.9845 host_ms=1.0415 err_el=0 err_q0=0 err_q1=0
GGML_OP_PROFILE op=mul_mat name=ffn_up-47 ne=17408x1024x1x1 type_src0=10 rows=1024 cols=5120 stream=0x62b8b3902440 total_ms=1.0878 host_ms=1.1239 err_el=0 err_q0=0 err_q1=0
GGML_OP_PROFILE op=mul_mat name=ffn_out-47 ne=5120x1024x1x1 type_src0=10 rows=1024 cols=17408 stream=0x62b8b3902440 total_ms=0.9535 host_ms=1.0903 err_el=0 err_q0=0 err_q1=0
GGML_OP_PROFILE op=mul_mat name=node_2749 ne=10240x1024x1x1 type_src0=18 rows=1024 cols=5120 stream=0x62b8b3902440 total_ms=0.3944 host_ms=0.4388 err_el=0 err_q0=0 err_q1=0
GGML_OP_PROFILE op=mul_mat name=node_2770 ne=48x1024x1x1 type_src0=8 rows=1024 cols=5120 stream=0x62b8b3902440 total_ms=0.0573 host_ms=0.2191 err_el=0 err_q0=0 err_q1=0
GGML_OP_PROFILE op=mul_mat name=node_2776 ne=48x1024x1x1 type_src0=8 rows=1024 cols=5120 stream=0x62b8b3902440 total_ms=0.0744 host_ms=0.0933 err_el=0 err_q0=0 err_q1=0
GGML_OP_PROFILE op=mul_mat name=z-48 ne=6144x1024x1x1 type_src0=17 rows=1024 cols=5120 stream=0x62b8b3902440 total_ms=0.3052 host_ms=1.1364 err_el=0 err_q0=0 err_q1=0
GGML_OP_PROFILE op=mul_mat name=linear_attn_out-48 ne=5120x1024x1x1 type_src0=18 rows=1024 cols=6144 stream=0x62b8b3902440 total_ms=0.2231 host_ms=0.2730 err_el=0 err_q0=0 err_q1=0
GGML_OP_PROFILE op=mul_mat name=ffn_gate-48 ne=17408x1024x1x1 type_src0=10 rows=1024 cols=5120 stream=0x62b8b3902440 total_ms=0.9844 host_ms=1.0384 err_el=0 err_q0=0 err_q1=0
GGML_OP_PROFILE op=mul_mat name=ffn_up-48 ne=17408x1024x1x1 type_src0=10 rows=1024 cols=5120 stream=0x62b8b3902440 total_ms=1.0409 host_ms=1.0769 err_el=0 err_q0=0 err_q1=0
GGML_OP_PROFILE op=mul_mat name=ffn_out-48 ne=5120x1024x1x1 type_src0=10 rows=1024 cols=17408 stream=0x62b8b3902440 total_ms=0.9532 host_ms=1.0841 err_el=0 err_q0=0 err_q1=0
GGML_OP_PROFILE op=mul_mat name=node_2812 ne=10240x1024x1x1 type_src0=18 rows=1024 cols=5120 stream=0x62b8b3902440 total_ms=0.4088 host_ms=0.4469 err_el=0 err_q0=0 err_q1=0
GGML_OP_PROFILE op=mul_mat name=node_2833 ne=48x1024x1x1 type_src0=8 rows=1024 cols=5120 stream=0x62b8b3902440 total_ms=0.0553 host_ms=0.4691 err_el=0 err_q0=0 err_q1=0
GGML_OP_PROFILE op=mul_mat name=node_2839 ne=48x1024x1x1 type_src0=8 rows=1024 cols=5120 stream=0x62b8b3902440 total_ms=0.0453 host_ms=0.0719 err_el=0 err_q0=0 err_q1=0
GGML_OP_PROFILE op=mul_mat name=z-49 ne=6144x1024x1x1 type_src0=22 rows=1024 cols=5120 stream=0x62b8b3902440 total_ms=0.3052 host_ms=1.1386 err_el=0 err_q0=0 err_q1=0
GGML_OP_PROFILE op=mul_mat name=linear_attn_out-49 ne=5120x1024x1x1 type_src0=18 rows=1024 cols=6144 stream=0x62b8b3902440 total_ms=0.2231 host_ms=0.2755 err_el=0 err_q0=0 err_q1=0
GGML_OP_PROFILE op=mul_mat name=ffn_gate-49 ne=17408x1024x1x1 type_src0=10 rows=1024 cols=5120 stream=0x62b8b3902440 total_ms=0.9844 host_ms=1.0415 err_el=0 err_q0=0 err_q1=0
GGML_OP_PROFILE op=mul_mat name=ffn_up-49 ne=17408x1024x1x1 type_src0=18 rows=1024 cols=5120 stream=0x62b8b3902440 total_ms=0.6461 host_ms=0.6847 err_el=0 err_q0=0 err_q1=0
GGML_OP_PROFILE op=mul_mat name=ffn_out-49 ne=5120x1024x1x1 type_src0=18 rows=1024 cols=17408 stream=0x62b8b3902440 total_ms=0.6173 host_ms=0.7438 err_el=0 err_q0=0 err_q1=0
GGML_OP_PROFILE op=mul_mat name=node_2875 ne=10240x1024x1x1 type_src0=10 rows=1024 cols=5120 stream=0x62b8b3902440 total_ms=0.5708 host_ms=0.6222 err_el=0 err_q0=0 err_q1=0
GGML_OP_PROFILE op=mul_mat name=node_2896 ne=48x1024x1x1 type_src0=8 rows=1024 cols=5120 stream=0x62b8b3902440 total_ms=0.0573 host_ms=0.2213 err_el=0 err_q0=0 err_q1=0
GGML_OP_PROFILE op=mul_mat name=node_2902 ne=48x1024x1x1 type_src0=8 rows=1024 cols=5120 stream=0x62b8b3902440 total_ms=0.0839 host_ms=0.1047 err_el=0 err_q0=0 err_q1=0
GGML_OP_PROFILE op=mul_mat name=z-50 ne=6144x1024x1x1 type_src0=10 rows=1024 cols=5120 stream=0x62b8b3902440 total_ms=0.3891 host_ms=1.2181 err_el=0 err_q0=0 err_q1=0
GGML_OP_PROFILE op=mul_mat name=linear_attn_out-50 ne=5120x1024x1x1 type_src0=21 rows=1024 cols=6144 stream=0x62b8b3902440 total_ms=0.2308 host_ms=0.2820 err_el=0 err_q0=0 err_q1=0
GGML_OP_PROFILE op=mul_mat name=ffn_gate-50 ne=17408x1024x1x1 type_src0=10 rows=1024 cols=5120 stream=0x62b8b3902440 total_ms=0.9845 host_ms=1.0364 err_el=0 err_q0=0 err_q1=0
GGML_OP_PROFILE op=mul_mat name=ffn_up-50 ne=17408x1024x1x1 type_src0=10 rows=1024 cols=5120 stream=0x62b8b3902440 total_ms=0.9985 host_ms=1.0389 err_el=0 err_q0=0 err_q1=0
GGML_OP_PROFILE op=mul_mat name=ffn_out-50 ne=5120x1024x1x1 type_src0=18 rows=1024 cols=17408 stream=0x62b8b3902440 total_ms=0.6153 host_ms=0.7436 err_el=0 err_q0=0 err_q1=0
GGML_OP_PROFILE op=mul_mat name=Qcur_full-51 ne=12288x1024x1x1 type_src0=18 rows=1024 cols=5120 stream=0x62b8b3902440 total_ms=0.4520 host_ms=0.5086 err_el=0 err_q0=0 err_q1=0
GGML_OP_PROFILE op=mul_mat name=Vcur-51 ne=1024x1024x1x1 type_src0=12 rows=1024 cols=5120 stream=0x62b8b3902440 total_ms=0.1223 host_ms=0.1765 err_el=0 err_q0=0 err_q1=0
GGML_OP_PROFILE op=mul_mat name=Kcur-51 ne=1024x1024x1x1 type_src0=23 rows=1024 cols=5120 stream=0x62b8b3902440 total_ms=0.1000 host_ms=0.1384 err_el=0 err_q0=0 err_q1=0
GGML_OP_PROFILE op=mul_mat name=attn_output-51 ne=5120x1024x1x1 type_src0=21 rows=1024 cols=6144 stream=0x62b8b3902440 total_ms=0.2294 host_ms=0.6090 err_el=0 err_q0=0 err_q1=0
GGML_OP_PROFILE op=mul_mat name=ffn_gate-51 ne=17408x1024x1x1 type_src0=10 rows=1024 cols=5120 stream=0x62b8b3902440 total_ms=0.9865 host_ms=1.0391 err_el=0 err_q0=0 err_q1=0
GGML_OP_PROFILE op=mul_mat name=ffn_up-51 ne=17408x1024x1x1 type_src0=18 rows=1024 cols=5120 stream=0x62b8b3902440 total_ms=0.6456 host_ms=0.6849 err_el=0 err_q0=0 err_q1=0
GGML_OP_PROFILE op=mul_mat name=ffn_out-51 ne=5120x1024x1x1 type_src0=18 rows=1024 cols=17408 stream=0x62b8b3902440 total_ms=0.6174 host_ms=0.7478 err_el=0 err_q0=0 err_q1=0
GGML_OP_PROFILE op=mul_mat name=node_2977 ne=10240x1024x1x1 type_src0=10 rows=1024 cols=5120 stream=0x62b8b3902440 total_ms=0.6080 host_ms=0.6586 err_el=0 err_q0=0 err_q1=0
GGML_OP_PROFILE op=mul_mat name=node_2998 ne=48x1024x1x1 type_src0=8 rows=1024 cols=5120 stream=0x62b8b3902440 total_ms=0.0573 host_ms=0.2272 err_el=0 err_q0=0 err_q1=0
GGML_OP_PROFILE op=mul_mat name=node_3004 ne=48x1024x1x1 type_src0=8 rows=1024 cols=5120 stream=0x62b8b3902440 total_ms=0.0654 host_ms=0.1380 err_el=0 err_q0=0 err_q1=0
GGML_OP_PROFILE op=mul_mat name=z-52 ne=6144x1024x1x1 type_src0=10 rows=1024 cols=5120 stream=0x62b8b3902440 total_ms=0.3871 host_ms=1.2239 err_el=0 err_q0=0 err_q1=0
GGML_OP_PROFILE op=mul_mat name=linear_attn_out-52 ne=5120x1024x1x1 type_src0=21 rows=1024 cols=6144 stream=0x62b8b3902440 total_ms=0.2288 host_ms=0.2782 err_el=0 err_q0=0 err_q1=0
GGML_OP_PROFILE op=mul_mat name=ffn_gate-52 ne=17408x1024x1x1 type_src0=10 rows=1024 cols=5120 stream=0x62b8b3902440 total_ms=0.9845 host_ms=1.0346 err_el=0 err_q0=0 err_q1=0
GGML_OP_PROFILE op=mul_mat name=ffn_up-52 ne=17408x1024x1x1 type_src0=18 rows=1024 cols=5120 stream=0x62b8b3902440 total_ms=0.6773 host_ms=0.7167 err_el=0 err_q0=0 err_q1=0
GGML_OP_PROFILE op=mul_mat name=ffn_out-52 ne=5120x1024x1x1 type_src0=18 rows=1024 cols=17408 stream=0x62b8b3902440 total_ms=0.6156 host_ms=0.7445 err_el=0 err_q0=0 err_q1=0
GGML_OP_PROFILE op=mul_mat name=node_3040 ne=10240x1024x1x1 type_src0=10 rows=1024 cols=5120 stream=0x62b8b3902440 total_ms=0.6009 host_ms=0.6514 err_el=0 err_q0=0 err_q1=0
GGML_OP_PROFILE op=mul_mat name=node_3061 ne=48x1024x1x1 type_src0=8 rows=1024 cols=5120 stream=0x62b8b3902440 total_ms=0.0573 host_ms=0.2255 err_el=0 err_q0=0 err_q1=0
GGML_OP_PROFILE op=mul_mat name=node_3067 ne=48x1024x1x1 type_src0=8 rows=1024 cols=5120 stream=0x62b8b3902440 total_ms=0.0767 host_ms=0.0974 err_el=0 err_q0=0 err_q1=0
GGML_OP_PROFILE op=mul_mat name=z-53 ne=6144x1024x1x1 type_src0=10 rows=1024 cols=5120 stream=0x62b8b3902440 total_ms=0.6881 host_ms=1.5295 err_el=0 err_q0=0 err_q1=0
GGML_OP_PROFILE op=mul_mat name=linear_attn_out-53 ne=5120x1024x1x1 type_src0=21 rows=1024 cols=6144 stream=0x62b8b3902440 total_ms=0.2291 host_ms=0.2817 err_el=0 err_q0=0 err_q1=0
GGML_OP_PROFILE op=mul_mat name=ffn_gate-53 ne=17408x1024x1x1 type_src0=10 rows=1024 cols=5120 stream=0x62b8b3902440 total_ms=0.9825 host_ms=1.0364 err_el=0 err_q0=0 err_q1=0
GGML_OP_PROFILE op=mul_mat name=ffn_up-53 ne=17408x1024x1x1 type_src0=18 rows=1024 cols=5120 stream=0x62b8b3902440 total_ms=0.6435 host_ms=0.6853 err_el=0 err_q0=0 err_q1=0
GGML_OP_PROFILE op=mul_mat name=ffn_out-53 ne=5120x1024x1x1 type_src0=18 rows=1024 cols=17408 stream=0x62b8b3902440 total_ms=0.6152 host_ms=0.7368 err_el=0 err_q0=0 err_q1=0
GGML_OP_PROFILE op=mul_mat name=node_3103 ne=10240x1024x1x1 type_src0=10 rows=1024 cols=5120 stream=0x62b8b3902440 total_ms=0.6041 host_ms=0.6552 err_el=0 err_q0=0 err_q1=0
GGML_OP_PROFILE op=mul_mat name=node_3124 ne=48x1024x1x1 type_src0=8 rows=1024 cols=5120 stream=0x62b8b3902440 total_ms=0.0573 host_ms=0.2233 err_el=0 err_q0=0 err_q1=0
GGML_OP_PROFILE op=mul_mat name=node_3130 ne=48x1024x1x1 type_src0=8 rows=1024 cols=5120 stream=0x62b8b3902440 total_ms=0.0736 host_ms=0.0936 err_el=0 err_q0=0 err_q1=0
GGML_OP_PROFILE op=mul_mat name=z-54 ne=6144x1024x1x1 type_src0=10 rows=1024 cols=5120 stream=0x62b8b3902440 total_ms=0.3891 host_ms=1.2202 err_el=0 err_q0=0 err_q1=0
GGML_OP_PROFILE op=mul_mat name=linear_attn_out-54 ne=5120x1024x1x1 type_src0=18 rows=1024 cols=6144 stream=0x62b8b3902440 total_ms=0.2200 host_ms=0.2675 err_el=0 err_q0=0 err_q1=0
GGML_OP_PROFILE op=mul_mat name=ffn_gate-54 ne=17408x1024x1x1 type_src0=18 rows=1024 cols=5120 stream=0x62b8b3902440 total_ms=0.6302 host_ms=0.6869 err_el=0 err_q0=0 err_q1=0
GGML_OP_PROFILE op=mul_mat name=ffn_up-54 ne=17408x1024x1x1 type_src0=18 rows=1024 cols=5120 stream=0x62b8b3902440 total_ms=0.6435 host_ms=0.6804 err_el=0 err_q0=0 err_q1=0
GGML_OP_PROFILE op=mul_mat name=ffn_out-54 ne=5120x1024x1x1 type_src0=21 rows=1024 cols=17408 stream=0x62b8b3902440 total_ms=0.9164 host_ms=1.0457 err_el=0 err_q0=0 err_q1=0
GGML_OP_PROFILE op=mul_mat name=Qcur_full-55 ne=12288x1024x1x1 type_src0=10 rows=1024 cols=5120 stream=0x62b8b3902440 total_ms=0.7098 host_ms=0.7640 err_el=0 err_q0=0 err_q1=0
GGML_OP_PROFILE op=mul_mat name=Vcur-55 ne=1024x1024x1x1 type_src0=23 rows=1024 cols=5120 stream=0x62b8b3902440 total_ms=0.0696 host_ms=0.1285 err_el=0 err_q0=0 err_q1=0
GGML_OP_PROFILE op=mul_mat name=Kcur-55 ne=1024x1024x1x1 type_src0=23 rows=1024 cols=5120 stream=0x62b8b3902440 total_ms=0.0966 host_ms=0.1310 err_el=0 err_q0=0 err_q1=0
GGML_OP_PROFILE op=mul_mat name=attn_output-55 ne=5120x1024x1x1 type_src0=21 rows=1024 cols=6144 stream=0x62b8b3902440 total_ms=0.2294 host_ms=0.5579 err_el=0 err_q0=0 err_q1=0
GGML_OP_PROFILE op=mul_mat name=ffn_gate-55 ne=17408x1024x1x1 type_src0=10 rows=1024 cols=5120 stream=0x62b8b3902440 total_ms=0.9803 host_ms=1.0347 err_el=0 err_q0=0 err_q1=0
GGML_OP_PROFILE op=mul_mat name=ffn_up-55 ne=17408x1024x1x1 type_src0=18 rows=1024 cols=5120 stream=0x62b8b3902440 total_ms=0.6370 host_ms=0.7651 err_el=0 err_q0=0 err_q1=0
GGML_OP_PROFILE op=mul_mat name=ffn_out-55 ne=5120x1024x1x1 type_src0=21 rows=1024 cols=17408 stream=0x62b8b3902440 total_ms=0.6320 host_ms=0.7644 err_el=0 err_q0=0 err_q1=0
GGML_OP_PROFILE op=mul_mat name=node_3205 ne=10240x1024x1x1 type_src0=21 rows=1024 cols=5120 stream=0x62b8b3902440 total_ms=0.4370 host_ms=0.4862 err_el=0 err_q0=0 err_q1=0
GGML_OP_PROFILE op=mul_mat name=node_3226 ne=48x1024x1x1 type_src0=8 rows=1024 cols=5120 stream=0x62b8b3902440 total_ms=0.0553 host_ms=0.2224 err_el=0 err_q0=0 err_q1=0
GGML_OP_PROFILE op=mul_mat name=node_3232 ne=48x1024x1x1 type_src0=8 rows=1024 cols=5120 stream=0x62b8b3902440 total_ms=0.0471 host_ms=0.0806 err_el=0 err_q0=0 err_q1=0
GGML_OP_PROFILE op=mul_mat name=z-56 ne=6144x1024x1x1 type_src0=21 rows=1024 cols=5120 stream=0x62b8b3902440 total_ms=0.2356 host_ms=1.0708 err_el=0 err_q0=0 err_q1=0
GGML_OP_PROFILE op=mul_mat name=linear_attn_out-56 ne=5120x1024x1x1 type_src0=23 rows=1024 cols=6144 stream=0x62b8b3902440 total_ms=0.2039 host_ms=0.2597 err_el=0 err_q0=0 err_q1=0
GGML_OP_PROFILE op=mul_mat name=ffn_gate-56 ne=17408x1024x1x1 type_src0=21 rows=1024 cols=5120 stream=0x62b8b3902440 total_ms=0.6507 host_ms=0.7096 err_el=0 err_q0=0 err_q1=0
GGML_OP_PROFILE op=mul_mat name=ffn_up-56 ne=17408x1024x1x1 type_src0=23 rows=1024 cols=5120 stream=0x62b8b3902440 total_ms=0.5934 host_ms=0.6306 err_el=0 err_q0=0 err_q1=0
GGML_OP_PROFILE op=mul_mat name=ffn_out-56 ne=5120x1024x1x1 type_src0=23 rows=1024 cols=17408 stream=0x62b8b3902440 total_ms=0.5685 host_ms=0.7024 err_el=0 err_q0=0 err_q1=0
GGML_OP_PROFILE op=mul_mat name=node_3268 ne=10240x1024x1x1 type_src0=18 rows=1024 cols=5120 stream=0x62b8b3902440 total_ms=0.3601 host_ms=0.4169 err_el=0 err_q0=0 err_q1=0
GGML_OP_PROFILE op=mul_mat name=node_3289 ne=48x1024x1x1 type_src0=8 rows=1024 cols=5120 stream=0x62b8b3902440 total_ms=0.0573 host_ms=0.2291 err_el=0 err_q0=0 err_q1=0
GGML_OP_PROFILE op=mul_mat name=node_3295 ne=48x1024x1x1 type_src0=8 rows=1024 cols=5120 stream=0x62b8b3902440 total_ms=0.0453 host_ms=0.0739 err_el=0 err_q0=0 err_q1=0
GGML_OP_PROFILE op=mul_mat name=z-57 ne=6144x1024x1x1 type_src0=21 rows=1024 cols=5120 stream=0x62b8b3902440 total_ms=0.2356 host_ms=1.0700 err_el=0 err_q0=0 err_q1=0
GGML_OP_PROFILE op=mul_mat name=linear_attn_out-57 ne=5120x1024x1x1 type_src0=23 rows=1024 cols=6144 stream=0x62b8b3902440 total_ms=0.2040 host_ms=0.2559 err_el=0 err_q0=0 err_q1=0
GGML_OP_PROFILE op=mul_mat name=ffn_gate-57 ne=17408x1024x1x1 type_src0=23 rows=1024 cols=5120 stream=0x62b8b3902440 total_ms=0.5793 host_ms=0.6312 err_el=0 err_q0=0 err_q1=0
GGML_OP_PROFILE op=mul_mat name=ffn_up-57 ne=17408x1024x1x1 type_src0=23 rows=1024 cols=5120 stream=0x62b8b3902440 total_ms=0.5980 host_ms=0.6423 err_el=0 err_q0=0 err_q1=0
GGML_OP_PROFILE op=mul_mat name=ffn_out-57 ne=5120x1024x1x1 type_src0=23 rows=1024 cols=17408 stream=0x62b8b3902440 total_ms=0.5706 host_ms=0.7022 err_el=0 err_q0=0 err_q1=0
GGML_OP_PROFILE op=mul_mat name=node_3331 ne=10240x1024x1x1 type_src0=21 rows=1024 cols=5120 stream=0x62b8b3902440 total_ms=0.3748 host_ms=0.4543 err_el=0 err_q0=0 err_q1=0
GGML_OP_PROFILE op=mul_mat name=node_3352 ne=48x1024x1x1 type_src0=8 rows=1024 cols=5120 stream=0x62b8b3902440 total_ms=0.0573 host_ms=0.2307 err_el=0 err_q0=0 err_q1=0
GGML_OP_PROFILE op=mul_mat name=node_3358 ne=48x1024x1x1 type_src0=8 rows=1024 cols=5120 stream=0x62b8b3902440 total_ms=0.0450 host_ms=0.0702 err_el=0 err_q0=0 err_q1=0
GGML_OP_PROFILE op=mul_mat name=z-58 ne=6144x1024x1x1 type_src0=21 rows=1024 cols=5120 stream=0x62b8b3902440 total_ms=0.2355 host_ms=1.0765 err_el=0 err_q0=0 err_q1=0
GGML_OP_PROFILE op=mul_mat name=linear_attn_out-58 ne=5120x1024x1x1 type_src0=23 rows=1024 cols=6144 stream=0x62b8b3902440 total_ms=0.2040 host_ms=0.2541 err_el=0 err_q0=0 err_q1=0
GGML_OP_PROFILE op=mul_mat name=ffn_gate-58 ne=17408x1024x1x1 type_src0=23 rows=1024 cols=5120 stream=0x62b8b3902440 total_ms=0.5769 host_ms=0.6307 err_el=0 err_q0=0 err_q1=0
GGML_OP_PROFILE op=mul_mat name=ffn_up-58 ne=17408x1024x1x1 type_src0=23 rows=1024 cols=5120 stream=0x62b8b3902440 total_ms=0.5940 host_ms=0.6329 err_el=0 err_q0=0 err_q1=0
GGML_OP_PROFILE op=mul_mat name=ffn_out-58 ne=5120x1024x1x1 type_src0=23 rows=1024 cols=17408 stream=0x62b8b3902440 total_ms=0.5703 host_ms=0.7020 err_el=0 err_q0=0 err_q1=0
GGML_OP_PROFILE op=mul_mat name=Qcur_full-59 ne=12288x1024x1x1 type_src0=18 rows=1024 cols=5120 stream=0x62b8b3902440 total_ms=0.4543 host_ms=0.5090 err_el=0 err_q0=0 err_q1=0
GGML_OP_PROFILE op=mul_mat name=Vcur-59 ne=1024x1024x1x1 type_src0=13 rows=1024 cols=5120 stream=0x62b8b3902440 total_ms=0.1049 host_ms=0.1658 err_el=0 err_q0=0 err_q1=0
GGML_OP_PROFILE op=mul_mat name=Kcur-59 ne=1024x1024x1x1 type_src0=12 rows=1024 cols=5120 stream=0x62b8b3902440 total_ms=0.0845 host_ms=0.1201 err_el=0 err_q0=0 err_q1=0
GGML_OP_PROFILE op=mul_mat name=attn_output-59 ne=5120x1024x1x1 type_src0=23 rows=1024 cols=6144 stream=0x62b8b3902440 total_ms=0.2048 host_ms=0.4972 err_el=0 err_q0=0 err_q1=0
GGML_OP_PROFILE op=mul_mat name=ffn_gate-59 ne=17408x1024x1x1 type_src0=23 rows=1024 cols=5120 stream=0x62b8b3902440 total_ms=0.5788 host_ms=0.6331 err_el=0 err_q0=0 err_q1=0
GGML_OP_PROFILE op=mul_mat name=ffn_up-59 ne=17408x1024x1x1 type_src0=23 rows=1024 cols=5120 stream=0x62b8b3902440 total_ms=0.5903 host_ms=0.6293 err_el=0 err_q0=0 err_q1=0
GGML_OP_PROFILE op=mul_mat name=ffn_out-59 ne=5120x1024x1x1 type_src0=23 rows=1024 cols=17408 stream=0x62b8b3902440 total_ms=0.5705 host_ms=0.7023 err_el=0 err_q0=0 err_q1=0
GGML_OP_PROFILE op=mul_mat name=node_3433 ne=10240x1024x1x1 type_src0=21 rows=1024 cols=5120 stream=0x62b8b3902440 total_ms=0.3741 host_ms=0.4271 err_el=0 err_q0=0 err_q1=0
GGML_OP_PROFILE op=mul_mat name=node_3454 ne=48x1024x1x1 type_src0=8 rows=1024 cols=5120 stream=0x62b8b3902440 total_ms=0.0573 host_ms=0.2255 err_el=0 err_q0=0 err_q1=0
GGML_OP_PROFILE op=mul_mat name=node_3460 ne=48x1024x1x1 type_src0=8 rows=1024 cols=5120 stream=0x62b8b3902440 total_ms=0.0583 host_ms=0.0776 err_el=0 err_q0=0 err_q1=0
GGML_OP_PROFILE op=mul_mat name=z-60 ne=6144x1024x1x1 type_src0=21 rows=1024 cols=5120 stream=0x62b8b3902440 total_ms=0.2356 host_ms=1.0737 err_el=0 err_q0=0 err_q1=0
GGML_OP_PROFILE op=mul_mat name=linear_attn_out-60 ne=5120x1024x1x1 type_src0=23 rows=1024 cols=6144 stream=0x62b8b3902440 total_ms=0.2040 host_ms=0.2634 err_el=0 err_q0=0 err_q1=0
GGML_OP_PROFILE op=mul_mat name=ffn_gate-60 ne=17408x1024x1x1 type_src0=23 rows=1024 cols=5120 stream=0x62b8b3902440 total_ms=0.5775 host_ms=0.7063 err_el=0 err_q0=0 err_q1=0
GGML_OP_PROFILE op=mul_mat name=ffn_up-60 ne=17408x1024x1x1 type_src0=23 rows=1024 cols=5120 stream=0x62b8b3902440 total_ms=0.6783 host_ms=0.7213 err_el=0 err_q0=0 err_q1=0
GGML_OP_PROFILE op=mul_mat name=ffn_out-60 ne=5120x1024x1x1 type_src0=23 rows=1024 cols=17408 stream=0x62b8b3902440 total_ms=0.5682 host_ms=0.7010 err_el=0 err_q0=0 err_q1=0
GGML_OP_PROFILE op=mul_mat name=node_3496 ne=10240x1024x1x1 type_src0=21 rows=1024 cols=5120 stream=0x62b8b3902440 total_ms=0.4428 host_ms=0.5189 err_el=0 err_q0=0 err_q1=0
GGML_OP_PROFILE op=mul_mat name=node_3517 ne=48x1024x1x1 type_src0=8 rows=1024 cols=5120 stream=0x62b8b3902440 total_ms=0.1197 host_ms=0.2458 err_el=0 err_q0=0 err_q1=0
GGML_OP_PROFILE op=mul_mat name=node_3523 ne=48x1024x1x1 type_src0=8 rows=1024 cols=5120 stream=0x62b8b3902440 total_ms=0.1694 host_ms=0.1911 err_el=0 err_q0=0 err_q1=0
GGML_OP_PROFILE op=mul_mat name=z-61 ne=6144x1024x1x1 type_src0=21 rows=1024 cols=5120 stream=0x62b8b3902440 total_ms=0.2356 host_ms=1.0404 err_el=0 err_q0=0 err_q1=0
GGML_OP_PROFILE op=mul_mat name=linear_attn_out-61 ne=5120x1024x1x1 type_src0=21 rows=1024 cols=6144 stream=0x62b8b3902440 total_ms=0.2260 host_ms=0.2812 err_el=0 err_q0=0 err_q1=0
GGML_OP_PROFILE op=mul_mat name=ffn_gate-61 ne=17408x1024x1x1 type_src0=23 rows=1024 cols=5120 stream=0x62b8b3902440 total_ms=0.6288 host_ms=0.6729 err_el=0 err_q0=0 err_q1=0
GGML_OP_PROFILE op=mul_mat name=ffn_up-61 ne=17408x1024x1x1 type_src0=23 rows=1024 cols=5120 stream=0x62b8b3902440 total_ms=0.6424 host_ms=0.6839 err_el=0 err_q0=0 err_q1=0
GGML_OP_PROFILE op=mul_mat name=ffn_out-61 ne=5120x1024x1x1 type_src0=23 rows=1024 cols=17408 stream=0x62b8b3902440 total_ms=0.5673 host_ms=0.6941 err_el=0 err_q0=0 err_q1=0
GGML_OP_PROFILE op=mul_mat name=node_3559 ne=10240x1024x1x1 type_src0=21 rows=1024 cols=5120 stream=0x62b8b3902440 total_ms=0.3742 host_ms=0.4188 err_el=0 err_q0=0 err_q1=0
GGML_OP_PROFILE op=mul_mat name=node_3580 ne=48x1024x1x1 type_src0=8 rows=1024 cols=5120 stream=0x62b8b3902440 total_ms=0.1147 host_ms=0.2518 err_el=0 err_q0=0 err_q1=0
GGML_OP_PROFILE op=mul_mat name=node_3586 ne=48x1024x1x1 type_src0=8 rows=1024 cols=5120 stream=0x62b8b3902440 total_ms=0.1827 host_ms=0.2495 err_el=0 err_q0=0 err_q1=0
GGML_OP_PROFILE op=mul_mat name=z-62 ne=6144x1024x1x1 type_src0=18 rows=1024 cols=5120 stream=0x62b8b3902440 total_ms=0.2274 host_ms=1.0313 err_el=0 err_q0=0 err_q1=0
GGML_OP_PROFILE op=mul_mat name=linear_attn_out-62 ne=5120x1024x1x1 type_src0=23 rows=1024 cols=6144 stream=0x62b8b3902440 total_ms=0.2030 host_ms=0.2587 err_el=0 err_q0=0 err_q1=0
GGML_OP_PROFILE op=mul_mat name=ffn_gate-62 ne=17408x1024x1x1 type_src0=23 rows=1024 cols=5120 stream=0x62b8b3902440 total_ms=0.6453 host_ms=0.6959 err_el=0 err_q0=0 err_q1=0
GGML_OP_PROFILE op=mul_mat name=ffn_up-62 ne=17408x1024x1x1 type_src0=23 rows=1024 cols=5120 stream=0x62b8b3902440 total_ms=0.6410 host_ms=0.6825 err_el=0 err_q0=0 err_q1=0
GGML_OP_PROFILE op=mul_mat name=ffn_out-62 ne=5120x1024x1x1 type_src0=21 rows=1024 cols=17408 stream=0x62b8b3902440 total_ms=0.6314 host_ms=0.7646 err_el=0 err_q0=0 err_q1=0
GGML_OP_PROFILE op=mul_mat name=Qcur_full-63 ne=12288x1024x1x1 type_src0=23 rows=1024 cols=5120 stream=0x62b8b3902440 total_ms=0.5041 host_ms=0.5384 err_el=0 err_q0=0 err_q1=0
GGML_OP_PROFILE op=mul_mat name=Vcur-63 ne=1024x1024x1x1 type_src0=13 rows=1024 cols=5120 stream=0x62b8b3902440 total_ms=0.1346 host_ms=0.2177 err_el=0 err_q0=0 err_q1=0
GGML_OP_PROFILE op=mul_mat name=Kcur-63 ne=1024x1024x1x1 type_src0=12 rows=1024 cols=5120 stream=0x62b8b3902440 total_ms=0.1476 host_ms=0.2156 err_el=0 err_q0=0 err_q1=0
GGML_OP_PROFILE op=mul_mat name=attn_output-63 ne=5120x1024x1x1 type_src0=23 rows=1024 cols=6144 stream=0x62b8b3902440 total_ms=0.2048 host_ms=0.4226 err_el=0 err_q0=0 err_q1=0
GGML_OP_PROFILE op=mul_mat name=ffn_gate-63 ne=17408x1024x1x1 type_src0=23 rows=1024 cols=5120 stream=0x62b8b3902440 total_ms=0.6344 host_ms=0.6722 err_el=0 err_q0=0 err_q1=0
GGML_OP_PROFILE op=mul_mat name=ffn_up-63 ne=17408x1024x1x1 type_src0=12 rows=1024 cols=5120 stream=0x62b8b3902440 total_ms=0.7093 host_ms=0.7469 err_el=0 err_q0=0 err_q1=0
GGML_OP_PROFILE op=mul_mat name=ffn_out-63 ne=5120x1024x1x1 type_src0=12 rows=1024 cols=17408 stream=0x62b8b3902440 total_ms=0.6296 host_ms=0.7988 err_el=0 err_q0=0 err_q1=0
GGML_OP_PROFILE op=mul_mat name=result_output ne=248320x1x1x1 type_src0=12 rows=1 cols=5120 stream=0x62b8b3902440 total_ms=0.4977 host_ms=0.5303 err_el=0 err_q0=0 err_q1=0
  {
    "build_commit": "be6bf478d",
    "build_number": 11313,
    "cpu_info": "AMD Ryzen 7 7800X3D 8-Core Processor",
    "gpu_info": "NVIDIA GeForce RTX 5090",
    "backends": "CUDA",
    "model_filename": "/mnt/d/CODEX WORKSPACE/beellama-release/models/Qwen3.8-27B-LowGPU-NoMTP-IQ3XXXS.gguf",
    "model_type": "qwen35 27B IQ1_S - 1.5625 bpw",
    "model_size": 9559668736,
    "model_n_params": 26895998464,
    "n_batch": 2048,
    "n_ubatch": 2048,
    "n_threads": 8,
    "cpu_mask": "0x0",
    "cpu_strict": false,
    "poll": 50,
    "type_k": "f16",
    "type_v": "f16",
    "kv_tail_tokens": 0,
    "kv_tail_tokens_effective": 0,
    "kv_tail_type": "f16",
    "kvarn_route_split": 0,
    "kvarn_route_vector": 0,
    "kvarn_route_generic": 0,
    "kvarn_route_prefill": 0,
    "kvarn_route_families": 15,
    "kvarn_route_portable": 0,
    "kvarn_route_amd_generic": 0,
    "kvarn_route_amd_split": 0,
    "kvarn_route_amd_vector": 0,
    "kvarn_route_materialize": 0,
    "kvarn_route_split_reduce": 0,
    "kvarn_route_direct": 0,
    "kvarn_route_compact_tail": 0,
    "kvarn_route_generic_rejected": 0,
    "kv_k_payload_bytes": 0,
    "kv_v_payload_bytes": 0,
    "kv_exact_tail_bytes": 0,
    "kv_exact_history_bytes": 0,
    "kv_exact_overlay_bytes": 0,
    "kv_native_exact_bytes": 0,
    "kv_rollback_reserve_bytes": 0,
    "kv_transient_estimate_bytes": 0,
    "kv_staging_bytes": 0,
    "kv_metadata_bytes": 0,
    "kv_padding_bytes": 0,
    "kv_resident_bytes": 0,
    "kv_global_resident_bytes": 0,
    "kv_swa_resident_bytes": 0,
    "kv_allocated_capacity_tokens": 0,
    "kv_live_tokens": 0,
    "kv_descriptor_bytes": 0,
    "kv_tail_native_bodyless_layers": 0,
    "kv_tail_native_mixed_layers": 0,
    "kv_tail_device_fallback_layers": 0,
    "kv_tail_cpu_layers": 0,
    "kv_partial_output_bytes": 0,
    "kv_partial_meta_bytes": 0,
    "kv_tail_body_meta_bytes": 0,
    "kv_tail_exact_meta_bytes": 0,
    "kv_tail_pack_bytes": 0,
    "kv_tail_body_output_bytes": 0,
    "kv_tail_exact_output_bytes": 0,
    "kv_tail_plan_input_bytes": 0,
    "kv_transient_bytes": 0,
    "kv_peak_bytes": 0,
    "cuda_used_model_bytes": 0,
    "cuda_used_context_bytes": 0,
    "cuda_used_prefill_bytes": 0,
    "cuda_used_peak_bytes": 0,
    "cuda_used_after_context_bytes": 0,
    "cuda_total_bytes": 0,
    "cuda_context_buffer_bytes": 0,
    "cuda_non_kv_context_buffer_bytes": 0,
    "cuda_compute_buffer_bytes": 0,
    "cuda_context_delta_bytes": 0,
    "cuda_peak_delta_bytes": 0,
    "cuda_reconciliation_delta_bytes": 0,
    "cuda_runtime_overhead_bytes": 0,
    "cuda_teardown_delta_bytes": 0,
    "n_gpu_layers": 99,
    "n_cpu_moe": 0,
    "split_mode": "layer",
    "main_gpu": 0,
    "no_kv_offload": false,
    "flash_attn": 1,
    "devices": "auto",
    "tensor_split": "0.00",
    "tensor_buft_overrides": "none",
    "load_mode": "auto",
    "embeddings": false,
    "no_op_offload": 0,
    "no_host": false,
    "fit_target": 0,
    "fit_min_ctx": 0,
    "n_prompt": 1024,
    "n_gen": 0,
    "n_depth": 0,
    "test_time": "2026-09-02T03:57:37Z",
    "avg_ns": 477440438,
    "stddev_ns": 0,
    "avg_ts": 2144.770150,
    "stddev_ts": 0.000000,
    "samples_ns": [ 477440438 ],
    "planner_ns": [ 0 ],
    "samples_ts": [ 2144.77 ]
  }
]
