ggml_cuda_init: found 1 CUDA devices (Total VRAM: 32606 MiB):
  Device 0: NVIDIA GeForce RTX 5090, compute capability 12.0, VMM: yes, VRAM: 32606 MiB
[
GGML_OP_PROFILE op=mul_mat name=node_13 ne=10240x2048x1x1 type_src0=18 rows=2048 cols=5120 stream=0x5e82347b59d0 total_ms=30.7360 host_ms=30.7855 err_el=0 err_q0=0 err_q1=0
GGML_OP_PROFILE op=mul_mat name=node_34 ne=48x2048x1x1 type_src0=8 rows=2048 cols=5120 stream=0x5e82347b59d0 total_ms=10.8942 host_ms=11.1023 err_el=0 err_q0=0 err_q1=0
GGML_OP_PROFILE op=mul_mat name=node_40 ne=48x2048x1x1 type_src0=8 rows=2048 cols=5120 stream=0x5e82347b59d0 total_ms=0.0787 host_ms=0.1000 err_el=0 err_q0=0 err_q1=0
GGML_OP_PROFILE op=mul_mat name=z-0 ne=6144x2048x1x1 type_src0=18 rows=2048 cols=5120 stream=0x5e82347b59d0 total_ms=0.4579 host_ms=2.1216 err_el=0 err_q0=0 err_q1=0
GGML_OP_PROFILE op=mul_mat name=linear_attn_out-0 ne=5120x2048x1x1 type_src0=21 rows=2048 cols=6144 stream=0x5e82347b59d0 total_ms=11.2256 host_ms=11.3715 err_el=0 err_q0=0 err_q1=0
GGML_OP_PROFILE op=mul_mat name=ffn_gate-0 ne=17408x2048x1x1 type_src0=19 rows=2048 cols=5120 stream=0x5e82347b59d0 total_ms=14.3712 host_ms=14.4378 err_el=0 err_q0=0 err_q1=0
GGML_OP_PROFILE op=mul_mat name=ffn_up-0 ne=17408x2048x1x1 type_src0=19 rows=2048 cols=5120 stream=0x5e82347b59d0 total_ms=1.2076 host_ms=1.2464 err_el=0 err_q0=0 err_q1=0
GGML_OP_PROFILE op=mul_mat name=ffn_out-0 ne=5120x2048x1x1 type_src0=29 rows=2048 cols=17408 stream=0x5e82347b59d0 total_ms=61.7750 host_ms=62.0525 err_el=0 err_q0=0 err_q1=0
GGML_OP_PROFILE op=mul_mat name=node_76 ne=10240x2048x1x1 type_src0=16 rows=2048 cols=5120 stream=0x5e82347b59d0 total_ms=11.7736 host_ms=11.8441 err_el=0 err_q0=0 err_q1=0
GGML_OP_PROFILE op=mul_mat name=node_97 ne=48x2048x1x1 type_src0=8 rows=2048 cols=5120 stream=0x5e82347b59d0 total_ms=0.0676 host_ms=0.5060 err_el=0 err_q0=0 err_q1=0
GGML_OP_PROFILE op=mul_mat name=node_103 ne=48x2048x1x1 type_src0=8 rows=2048 cols=5120 stream=0x5e82347b59d0 total_ms=0.0432 host_ms=0.0993 err_el=0 err_q0=0 err_q1=0
GGML_OP_PROFILE op=mul_mat name=z-1 ne=6144x2048x1x1 type_src0=22 rows=2048 cols=5120 stream=0x5e82347b59d0 total_ms=11.5745 host_ms=13.1640 err_el=0 err_q0=0 err_q1=0
GGML_OP_PROFILE op=mul_mat name=linear_attn_out-1 ne=5120x2048x1x1 type_src0=21 rows=2048 cols=6144 stream=0x5e82347b59d0 total_ms=0.4444 host_ms=0.6089 err_el=0 err_q0=0 err_q1=0
GGML_OP_PROFILE op=mul_mat name=ffn_gate-1 ne=17408x2048x1x1 type_src0=19 rows=2048 cols=5120 stream=0x5e82347b59d0 total_ms=1.1914 host_ms=1.2774 err_el=0 err_q0=0 err_q1=0
GGML_OP_PROFILE op=mul_mat name=ffn_up-1 ne=17408x2048x1x1 type_src0=19 rows=2048 cols=5120 stream=0x5e82347b59d0 total_ms=1.2178 host_ms=1.2588 err_el=0 err_q0=0 err_q1=0
GGML_OP_PROFILE op=mul_mat name=ffn_out-1 ne=5120x2048x1x1 type_src0=22 rows=2048 cols=17408 stream=0x5e82347b59d0 total_ms=1.6463 host_ms=1.9238 err_el=0 err_q0=0 err_q1=0
GGML_OP_PROFILE op=mul_mat name=node_139 ne=10240x2048x1x1 type_src0=22 rows=2048 cols=5120 stream=0x5e82347b59d0 total_ms=0.9482 host_ms=1.0320 err_el=0 err_q0=0 err_q1=0
GGML_OP_PROFILE op=mul_mat name=node_160 ne=48x2048x1x1 type_src0=8 rows=2048 cols=5120 stream=0x5e82347b59d0 total_ms=0.0676 host_ms=0.4282 err_el=0 err_q0=0 err_q1=0
GGML_OP_PROFILE op=mul_mat name=node_166 ne=48x2048x1x1 type_src0=8 rows=2048 cols=5120 stream=0x5e82347b59d0 total_ms=0.0430 host_ms=0.0710 err_el=0 err_q0=0 err_q1=0
GGML_OP_PROFILE op=mul_mat name=z-2 ne=6144x2048x1x1 type_src0=22 rows=2048 cols=5120 stream=0x5e82347b59d0 total_ms=0.6195 host_ms=2.2356 err_el=0 err_q0=0 err_q1=0
GGML_OP_PROFILE op=mul_mat name=linear_attn_out-2 ne=5120x2048x1x1 type_src0=18 rows=2048 cols=6144 stream=0x5e82347b59d0 total_ms=0.4318 host_ms=0.5168 err_el=0 err_q0=0 err_q1=0
GGML_OP_PROFILE op=mul_mat name=ffn_gate-2 ne=17408x2048x1x1 type_src0=16 rows=2048 cols=5120 stream=0x5e82347b59d0 total_ms=1.0831 host_ms=1.1716 err_el=0 err_q0=0 err_q1=0
GGML_OP_PROFILE op=mul_mat name=ffn_up-2 ne=17408x2048x1x1 type_src0=16 rows=2048 cols=5120 stream=0x5e82347b59d0 total_ms=1.1073 host_ms=1.1455 err_el=0 err_q0=0 err_q1=0
GGML_OP_PROFILE op=mul_mat name=ffn_out-2 ne=5120x2048x1x1 type_src0=10 rows=2048 cols=17408 stream=0x5e82347b59d0 total_ms=16.6576 host_ms=16.9409 err_el=0 err_q0=0 err_q1=0
GGML_OP_PROFILE op=mul_mat name=Qcur_full-3 ne=12288x2048x1x1 type_src0=22 rows=2048 cols=5120 stream=0x5e82347b59d0 total_ms=1.1486 host_ms=1.2535 err_el=0 err_q0=0 err_q1=0
GGML_OP_PROFILE op=mul_mat name=Vcur-3 ne=1024x2048x1x1 type_src0=23 rows=2048 cols=5120 stream=0x5e82347b59d0 total_ms=12.8622 host_ms=12.9088 err_el=0 err_q0=0 err_q1=0
GGML_OP_PROFILE op=mul_mat name=Kcur-3 ne=1024x2048x1x1 type_src0=23 rows=2048 cols=5120 stream=0x5e82347b59d0 total_ms=0.1114 host_ms=0.1565 err_el=0 err_q0=0 err_q1=0
GGML_OP_PROFILE op=mul_mat name=attn_output-3 ne=5120x2048x1x1 type_src0=23 rows=2048 cols=6144 stream=0x5e82347b59d0 total_ms=0.3963 host_ms=1.3124 err_el=0 err_q0=0 err_q1=0
GGML_OP_PROFILE op=mul_mat name=ffn_gate-3 ne=17408x2048x1x1 type_src0=16 rows=2048 cols=5120 stream=0x5e82347b59d0 total_ms=1.1444 host_ms=1.2477 err_el=0 err_q0=0 err_q1=0
GGML_OP_PROFILE op=mul_mat name=ffn_up-3 ne=17408x2048x1x1 type_src0=16 rows=2048 cols=5120 stream=0x5e82347b59d0 total_ms=1.1625 host_ms=1.2016 err_el=0 err_q0=0 err_q1=0
GGML_OP_PROFILE op=mul_mat name=ffn_out-3 ne=5120x2048x1x1 type_src0=22 rows=2048 cols=17408 stream=0x5e82347b59d0 total_ms=1.6423 host_ms=1.9230 err_el=0 err_q0=0 err_q1=0
GGML_OP_PROFILE op=mul_mat name=node_241 ne=10240x2048x1x1 type_src0=16 rows=2048 cols=5120 stream=0x5e82347b59d0 total_ms=0.7453 host_ms=0.8082 err_el=0 err_q0=0 err_q1=0
GGML_OP_PROFILE op=mul_mat name=node_262 ne=48x2048x1x1 type_src0=8 rows=2048 cols=5120 stream=0x5e82347b59d0 total_ms=0.0676 host_ms=0.4126 err_el=0 err_q0=0 err_q1=0
GGML_OP_PROFILE op=mul_mat name=node_268 ne=48x2048x1x1 type_src0=8 rows=2048 cols=5120 stream=0x5e82347b59d0 total_ms=0.2282 host_ms=0.2513 err_el=0 err_q0=0 err_q1=0
GGML_OP_PROFILE op=mul_mat name=z-4 ne=6144x2048x1x1 type_src0=10 rows=2048 cols=5120 stream=0x5e82347b59d0 total_ms=0.7209 host_ms=2.5748 err_el=0 err_q0=0 err_q1=0
GGML_OP_PROFILE op=mul_mat name=linear_attn_out-4 ne=5120x2048x1x1 type_src0=10 rows=2048 cols=6144 stream=0x5e82347b59d0 total_ms=0.6767 host_ms=0.7657 err_el=0 err_q0=0 err_q1=0
GGML_OP_PROFILE op=mul_mat name=ffn_gate-4 ne=17408x2048x1x1 type_src0=16 rows=2048 cols=5120 stream=0x5e82347b59d0 total_ms=1.0847 host_ms=1.1627 err_el=0 err_q0=0 err_q1=0
GGML_OP_PROFILE op=mul_mat name=ffn_up-4 ne=17408x2048x1x1 type_src0=16 rows=2048 cols=5120 stream=0x5e82347b59d0 total_ms=1.1655 host_ms=1.2088 err_el=0 err_q0=0 err_q1=0
GGML_OP_PROFILE op=mul_mat name=ffn_out-4 ne=5120x2048x1x1 type_src0=16 rows=2048 cols=17408 stream=0x5e82347b59d0 total_ms=1.1850 host_ms=1.4648 err_el=0 err_q0=0 err_q1=0
GGML_OP_PROFILE op=mul_mat name=node_304 ne=10240x2048x1x1 type_src0=22 rows=2048 cols=5120 stream=0x5e82347b59d0 total_ms=1.0096 host_ms=1.0630 err_el=0 err_q0=0 err_q1=0
GGML_OP_PROFILE op=mul_mat name=node_325 ne=48x2048x1x1 type_src0=8 rows=2048 cols=5120 stream=0x5e82347b59d0 total_ms=0.0676 host_ms=0.4047 err_el=0 err_q0=0 err_q1=0
GGML_OP_PROFILE op=mul_mat name=node_331 ne=48x2048x1x1 type_src0=8 rows=2048 cols=5120 stream=0x5e82347b59d0 total_ms=0.1745 host_ms=0.1964 err_el=0 err_q0=0 err_q1=0
GGML_OP_PROFILE op=mul_mat name=z-5 ne=6144x2048x1x1 type_src0=10 rows=2048 cols=5120 stream=0x5e82347b59d0 total_ms=0.7219 host_ms=2.2673 err_el=0 err_q0=0 err_q1=0
GGML_OP_PROFILE op=mul_mat name=linear_attn_out-5 ne=5120x2048x1x1 type_src0=18 rows=2048 cols=6144 stream=0x5e82347b59d0 total_ms=0.4351 host_ms=0.5207 err_el=0 err_q0=0 err_q1=0
GGML_OP_PROFILE op=mul_mat name=ffn_gate-5 ne=17408x2048x1x1 type_src0=16 rows=2048 cols=5120 stream=0x5e82347b59d0 total_ms=1.3767 host_ms=1.4561 err_el=0 err_q0=0 err_q1=0
GGML_OP_PROFILE op=mul_mat name=ffn_up-5 ne=17408x2048x1x1 type_src0=22 rows=2048 cols=5120 stream=0x5e82347b59d0 total_ms=1.5464 host_ms=1.5937 err_el=0 err_q0=0 err_q1=0
GGML_OP_PROFILE op=mul_mat name=ffn_out-5 ne=5120x2048x1x1 type_src0=16 rows=2048 cols=17408 stream=0x5e82347b59d0 total_ms=1.1849 host_ms=1.4599 err_el=0 err_q0=0 err_q1=0
GGML_OP_PROFILE op=mul_mat name=node_367 ne=10240x2048x1x1 type_src0=22 rows=2048 cols=5120 stream=0x5e82347b59d0 total_ms=0.9478 host_ms=1.0295 err_el=0 err_q0=0 err_q1=0
GGML_OP_PROFILE op=mul_mat name=node_388 ne=48x2048x1x1 type_src0=8 rows=2048 cols=5120 stream=0x5e82347b59d0 total_ms=0.0676 host_ms=0.4274 err_el=0 err_q0=0 err_q1=0
GGML_OP_PROFILE op=mul_mat name=node_394 ne=48x2048x1x1 type_src0=8 rows=2048 cols=5120 stream=0x5e82347b59d0 total_ms=0.0499 host_ms=0.0724 err_el=0 err_q0=0 err_q1=0
GGML_OP_PROFILE op=mul_mat name=z-6 ne=6144x2048x1x1 type_src0=22 rows=2048 cols=5120 stream=0x5e82347b59d0 total_ms=0.6175 host_ms=2.2173 err_el=0 err_q0=0 err_q1=0
GGML_OP_PROFILE op=mul_mat name=linear_attn_out-6 ne=5120x2048x1x1 type_src0=10 rows=2048 cols=6144 stream=0x5e82347b59d0 total_ms=0.6831 host_ms=0.7696 err_el=0 err_q0=0 err_q1=0
GGML_OP_PROFILE op=mul_mat name=ffn_gate-6 ne=17408x2048x1x1 type_src0=16 rows=2048 cols=5120 stream=0x5e82347b59d0 total_ms=1.0834 host_ms=1.1740 err_el=0 err_q0=0 err_q1=0
GGML_OP_PROFILE op=mul_mat name=ffn_up-6 ne=17408x2048x1x1 type_src0=29 rows=2048 cols=5120 stream=0x5e82347b59d0 total_ms=1.6296 host_ms=1.6731 err_el=0 err_q0=0 err_q1=0
GGML_OP_PROFILE op=mul_mat name=ffn_out-6 ne=5120x2048x1x1 type_src0=16 rows=2048 cols=17408 stream=0x5e82347b59d0 total_ms=1.4724 host_ms=1.7664 err_el=0 err_q0=0 err_q1=0
GGML_OP_PROFILE op=mul_mat name=Qcur_full-7 ne=12288x2048x1x1 type_src0=22 rows=2048 cols=5120 stream=0x5e82347b59d0 total_ms=1.1502 host_ms=1.2280 err_el=0 err_q0=0 err_q1=0
GGML_OP_PROFILE op=mul_mat name=Vcur-7 ne=1024x2048x1x1 type_src0=23 rows=2048 cols=5120 stream=0x5e82347b59d0 total_ms=0.1121 host_ms=0.2534 err_el=0 err_q0=0 err_q1=0
GGML_OP_PROFILE op=mul_mat name=Kcur-7 ne=1024x2048x1x1 type_src0=18 rows=2048 cols=5120 stream=0x5e82347b59d0 total_ms=0.2811 host_ms=0.3701 err_el=0 err_q0=0 err_q1=0
GGML_OP_PROFILE op=mul_mat name=attn_output-7 ne=5120x2048x1x1 type_src0=10 rows=2048 cols=6144 stream=0x5e82347b59d0 total_ms=0.6779 host_ms=1.4302 err_el=0 err_q0=0 err_q1=0
GGML_OP_PROFILE op=mul_mat name=ffn_gate-7 ne=17408x2048x1x1 type_src0=16 rows=2048 cols=5120 stream=0x5e82347b59d0 total_ms=1.0869 host_ms=1.1652 err_el=0 err_q0=0 err_q1=0
GGML_OP_PROFILE op=mul_mat name=ffn_up-7 ne=17408x2048x1x1 type_src0=16 rows=2048 cols=5120 stream=0x5e82347b59d0 total_ms=1.1786 host_ms=1.2198 err_el=0 err_q0=0 err_q1=0
GGML_OP_PROFILE op=mul_mat name=ffn_out-7 ne=5120x2048x1x1 type_src0=17 rows=2048 cols=17408 stream=0x5e82347b59d0 total_ms=14.2388 host_ms=14.5514 err_el=0 err_q0=0 err_q1=0
GGML_OP_PROFILE op=mul_mat name=node_469 ne=10240x2048x1x1 type_src0=19 rows=2048 cols=5120 stream=0x5e82347b59d0 total_ms=0.7413 host_ms=0.8726 err_el=0 err_q0=0 err_q1=0
GGML_OP_PROFILE op=mul_mat name=node_490 ne=48x2048x1x1 type_src0=8 rows=2048 cols=5120 stream=0x5e82347b59d0 total_ms=0.0676 host_ms=0.3793 err_el=0 err_q0=0 err_q1=0
GGML_OP_PROFILE op=mul_mat name=node_496 ne=48x2048x1x1 type_src0=8 rows=2048 cols=5120 stream=0x5e82347b59d0 total_ms=0.1751 host_ms=0.1975 err_el=0 err_q0=0 err_q1=0
GGML_OP_PROFILE op=mul_mat name=z-8 ne=6144x2048x1x1 type_src0=22 rows=2048 cols=5120 stream=0x5e82347b59d0 total_ms=0.6195 host_ms=2.1681 err_el=0 err_q0=0 err_q1=0
GGML_OP_PROFILE op=mul_mat name=linear_attn_out-8 ne=5120x2048x1x1 type_src0=10 rows=2048 cols=6144 stream=0x5e82347b59d0 total_ms=0.6811 host_ms=0.8002 err_el=0 err_q0=0 err_q1=0
GGML_OP_PROFILE op=mul_mat name=ffn_gate-8 ne=17408x2048x1x1 type_src0=16 rows=2048 cols=5120 stream=0x5e82347b59d0 total_ms=1.0897 host_ms=1.1750 err_el=0 err_q0=0 err_q1=0
GGML_OP_PROFILE op=mul_mat name=ffn_up-8 ne=17408x2048x1x1 type_src0=16 rows=2048 cols=5120 stream=0x5e82347b59d0 total_ms=1.1136 host_ms=1.1968 err_el=0 err_q0=0 err_q1=0
GGML_OP_PROFILE op=mul_mat name=ffn_out-8 ne=5120x2048x1x1 type_src0=19 rows=2048 cols=17408 stream=0x5e82347b59d0 total_ms=1.3044 host_ms=1.5838 err_el=0 err_q0=0 err_q1=0
GGML_OP_PROFILE op=mul_mat name=node_532 ne=10240x2048x1x1 type_src0=19 rows=2048 cols=5120 stream=0x5e82347b59d0 total_ms=0.8007 host_ms=0.8545 err_el=0 err_q0=0 err_q1=0
GGML_OP_PROFILE op=mul_mat name=node_553 ne=48x2048x1x1 type_src0=8 rows=2048 cols=5120 stream=0x5e82347b59d0 total_ms=0.0676 host_ms=0.4326 err_el=0 err_q0=0 err_q1=0
GGML_OP_PROFILE op=mul_mat name=node_559 ne=48x2048x1x1 type_src0=8 rows=2048 cols=5120 stream=0x5e82347b59d0 total_ms=0.1727 host_ms=0.1916 err_el=0 err_q0=0 err_q1=0
GGML_OP_PROFILE op=mul_mat name=z-9 ne=6144x2048x1x1 type_src0=16 rows=2048 cols=5120 stream=0x5e82347b59d0 total_ms=0.4441 host_ms=1.9969 err_el=0 err_q0=0 err_q1=0
GGML_OP_PROFILE op=mul_mat name=linear_attn_out-9 ne=5120x2048x1x1 type_src0=10 rows=2048 cols=6144 stream=0x5e82347b59d0 total_ms=0.6851 host_ms=0.7585 err_el=0 err_q0=0 err_q1=0
GGML_OP_PROFILE op=mul_mat name=ffn_gate-9 ne=17408x2048x1x1 type_src0=29 rows=2048 cols=5120 stream=0x5e82347b59d0 total_ms=1.5152 host_ms=1.5976 err_el=0 err_q0=0 err_q1=0
GGML_OP_PROFILE op=mul_mat name=ffn_up-9 ne=17408x2048x1x1 type_src0=19 rows=2048 cols=5120 stream=0x5e82347b59d0 total_ms=1.2820 host_ms=1.3229 err_el=0 err_q0=0 err_q1=0
GGML_OP_PROFILE op=mul_mat name=ffn_out-9 ne=5120x2048x1x1 type_src0=29 rows=2048 cols=17408 stream=0x5e82347b59d0 total_ms=1.3690 host_ms=1.6880 err_el=0 err_q0=0 err_q1=0
GGML_OP_PROFILE op=mul_mat name=node_595 ne=10240x2048x1x1 type_src0=22 rows=2048 cols=5120 stream=0x5e82347b59d0 total_ms=0.9523 host_ms=1.0641 err_el=0 err_q0=0 err_q1=0
GGML_OP_PROFILE op=mul_mat name=node_616 ne=48x2048x1x1 type_src0=8 rows=2048 cols=5120 stream=0x5e82347b59d0 total_ms=0.0676 host_ms=0.4162 err_el=0 err_q0=0 err_q1=0
GGML_OP_PROFILE op=mul_mat name=node_622 ne=48x2048x1x1 type_src0=8 rows=2048 cols=5120 stream=0x5e82347b59d0 total_ms=0.0747 host_ms=0.0955 err_el=0 err_q0=0 err_q1=0
GGML_OP_PROFILE op=mul_mat name=z-10 ne=6144x2048x1x1 type_src0=16 rows=2048 cols=5120 stream=0x5e82347b59d0 total_ms=0.4444 host_ms=2.0591 err_el=0 err_q0=0 err_q1=0
GGML_OP_PROFILE op=mul_mat name=linear_attn_out-10 ne=5120x2048x1x1 type_src0=10 rows=2048 cols=6144 stream=0x5e82347b59d0 total_ms=0.6827 host_ms=0.7673 err_el=0 err_q0=0 err_q1=0
GGML_OP_PROFILE op=mul_mat name=ffn_gate-10 ne=17408x2048x1x1 type_src0=29 rows=2048 cols=5120 stream=0x5e82347b59d0 total_ms=1.5112 host_ms=1.5981 err_el=0 err_q0=0 err_q1=0
GGML_OP_PROFILE op=mul_mat name=ffn_up-10 ne=17408x2048x1x1 type_src0=19 rows=2048 cols=5120 stream=0x5e82347b59d0 total_ms=1.2236 host_ms=1.2672 err_el=0 err_q0=0 err_q1=0
GGML_OP_PROFILE op=mul_mat name=ffn_out-10 ne=5120x2048x1x1 type_src0=29 rows=2048 cols=17408 stream=0x5e82347b59d0 total_ms=1.3689 host_ms=1.6423 err_el=0 err_q0=0 err_q1=0
GGML_OP_PROFILE op=mul_mat name=Qcur_full-11 ne=12288x2048x1x1 type_src0=22 rows=2048 cols=5120 stream=0x5e82347b59d0 total_ms=1.1510 host_ms=1.2316 err_el=0 err_q0=0 err_q1=0
GGML_OP_PROFILE op=mul_mat name=Vcur-11 ne=1024x2048x1x1 type_src0=23 rows=2048 cols=5120 stream=0x5e82347b59d0 total_ms=0.1126 host_ms=0.2241 err_el=0 err_q0=0 err_q1=0
GGML_OP_PROFILE op=mul_mat name=Kcur-11 ne=1024x2048x1x1 type_src0=18 rows=2048 cols=5120 stream=0x5e82347b59d0 total_ms=0.1174 host_ms=0.1556 err_el=0 err_q0=0 err_q1=0
GGML_OP_PROFILE op=mul_mat name=attn_output-11 ne=5120x2048x1x1 type_src0=10 rows=2048 cols=6144 stream=0x5e82347b59d0 total_ms=0.9769 host_ms=1.7767 err_el=0 err_q0=0 err_q1=0
GGML_OP_PROFILE op=mul_mat name=ffn_gate-11 ne=17408x2048x1x1 type_src0=19 rows=2048 cols=5120 stream=0x5e82347b59d0 total_ms=1.1989 host_ms=1.3125 err_el=0 err_q0=0 err_q1=0
GGML_OP_PROFILE op=mul_mat name=ffn_up-11 ne=17408x2048x1x1 type_src0=19 rows=2048 cols=5120 stream=0x5e82347b59d0 total_ms=1.2296 host_ms=1.2711 err_el=0 err_q0=0 err_q1=0
GGML_OP_PROFILE op=mul_mat name=ffn_out-11 ne=5120x2048x1x1 type_src0=19 rows=2048 cols=17408 stream=0x5e82347b59d0 total_ms=1.3079 host_ms=1.5817 err_el=0 err_q0=0 err_q1=0
GGML_OP_PROFILE op=mul_mat name=node_697 ne=10240x2048x1x1 type_src0=19 rows=2048 cols=5120 stream=0x5e82347b59d0 total_ms=0.7452 host_ms=0.8015 err_el=0 err_q0=0 err_q1=0
GGML_OP_PROFILE op=mul_mat name=node_718 ne=48x2048x1x1 type_src0=8 rows=2048 cols=5120 stream=0x5e82347b59d0 total_ms=0.0676 host_ms=0.4264 err_el=0 err_q0=0 err_q1=0
GGML_OP_PROFILE op=mul_mat name=node_724 ne=48x2048x1x1 type_src0=8 rows=2048 cols=5120 stream=0x5e82347b59d0 total_ms=0.0758 host_ms=0.0948 err_el=0 err_q0=0 err_q1=0
GGML_OP_PROFILE op=mul_mat name=z-12 ne=6144x2048x1x1 type_src0=22 rows=2048 cols=5120 stream=0x5e82347b59d0 total_ms=0.6215 host_ms=2.1941 err_el=0 err_q0=0 err_q1=0
GGML_OP_PROFILE op=mul_mat name=linear_attn_out-12 ne=5120x2048x1x1 type_src0=22 rows=2048 cols=6144 stream=0x5e82347b59d0 total_ms=0.5808 host_ms=0.6628 err_el=0 err_q0=0 err_q1=0
GGML_OP_PROFILE op=mul_mat name=ffn_gate-12 ne=17408x2048x1x1 type_src0=29 rows=2048 cols=5120 stream=0x5e82347b59d0 total_ms=1.5182 host_ms=1.5749 err_el=0 err_q0=0 err_q1=0
GGML_OP_PROFILE op=mul_mat name=ffn_up-12 ne=17408x2048x1x1 type_src0=19 rows=2048 cols=5120 stream=0x5e82347b59d0 total_ms=1.2281 host_ms=1.2693 err_el=0 err_q0=0 err_q1=0
GGML_OP_PROFILE op=mul_mat name=ffn_out-12 ne=5120x2048x1x1 type_src0=19 rows=2048 cols=17408 stream=0x5e82347b59d0 total_ms=1.3107 host_ms=1.8577 err_el=0 err_q0=0 err_q1=0
GGML_OP_PROFILE op=mul_mat name=node_760 ne=10240x2048x1x1 type_src0=19 rows=2048 cols=5120 stream=0x5e82347b59d0 total_ms=0.7475 host_ms=0.8357 err_el=0 err_q0=0 err_q1=0
GGML_OP_PROFILE op=mul_mat name=node_781 ne=48x2048x1x1 type_src0=8 rows=2048 cols=5120 stream=0x5e82347b59d0 total_ms=0.0676 host_ms=0.4372 err_el=0 err_q0=0 err_q1=0
GGML_OP_PROFILE op=mul_mat name=node_787 ne=48x2048x1x1 type_src0=8 rows=2048 cols=5120 stream=0x5e82347b59d0 total_ms=0.1013 host_ms=0.1670 err_el=0 err_q0=0 err_q1=0
GGML_OP_PROFILE op=mul_mat name=z-13 ne=6144x2048x1x1 type_src0=16 rows=2048 cols=5120 stream=0x5e82347b59d0 total_ms=0.4485 host_ms=2.0550 err_el=0 err_q0=0 err_q1=0
GGML_OP_PROFILE op=mul_mat name=linear_attn_out-13 ne=5120x2048x1x1 type_src0=22 rows=2048 cols=6144 stream=0x5e82347b59d0 total_ms=0.5846 host_ms=0.6699 err_el=0 err_q0=0 err_q1=0
GGML_OP_PROFILE op=mul_mat name=ffn_gate-13 ne=17408x2048x1x1 type_src0=19 rows=2048 cols=5120 stream=0x5e82347b59d0 total_ms=1.2049 host_ms=1.2753 err_el=0 err_q0=0 err_q1=0
GGML_OP_PROFILE op=mul_mat name=ffn_up-13 ne=17408x2048x1x1 type_src0=19 rows=2048 cols=5120 stream=0x5e82347b59d0 total_ms=1.2971 host_ms=1.3364 err_el=0 err_q0=0 err_q1=0
GGML_OP_PROFILE op=mul_mat name=ffn_out-13 ne=5120x2048x1x1 type_src0=19 rows=2048 cols=17408 stream=0x5e82347b59d0 total_ms=1.3140 host_ms=1.5916 err_el=0 err_q0=0 err_q1=0
GGML_OP_PROFILE op=mul_mat name=node_823 ne=10240x2048x1x1 type_src0=17 rows=2048 cols=5120 stream=0x5e82347b59d0 total_ms=0.9646 host_ms=1.1365 err_el=0 err_q0=0 err_q1=0
GGML_OP_PROFILE op=mul_mat name=node_844 ne=48x2048x1x1 type_src0=8 rows=2048 cols=5120 stream=0x5e82347b59d0 total_ms=0.0676 host_ms=0.4433 err_el=0 err_q0=0 err_q1=0
GGML_OP_PROFILE op=mul_mat name=node_850 ne=48x2048x1x1 type_src0=8 rows=2048 cols=5120 stream=0x5e82347b59d0 total_ms=0.0924 host_ms=0.1111 err_el=0 err_q0=0 err_q1=0
GGML_OP_PROFILE op=mul_mat name=z-14 ne=6144x2048x1x1 type_src0=19 rows=2048 cols=5120 stream=0x5e82347b59d0 total_ms=0.4905 host_ms=2.0954 err_el=0 err_q0=0 err_q1=0
GGML_OP_PROFILE op=mul_mat name=linear_attn_out-14 ne=5120x2048x1x1 type_src0=22 rows=2048 cols=6144 stream=0x5e82347b59d0 total_ms=0.5849 host_ms=0.6676 err_el=0 err_q0=0 err_q1=0
GGML_OP_PROFILE op=mul_mat name=ffn_gate-14 ne=17408x2048x1x1 type_src0=19 rows=2048 cols=5120 stream=0x5e82347b59d0 total_ms=1.2039 host_ms=1.2930 err_el=0 err_q0=0 err_q1=0
GGML_OP_PROFILE op=mul_mat name=ffn_up-14 ne=17408x2048x1x1 type_src0=19 rows=2048 cols=5120 stream=0x5e82347b59d0 total_ms=1.2671 host_ms=1.3061 err_el=0 err_q0=0 err_q1=0
GGML_OP_PROFILE op=mul_mat name=ffn_out-14 ne=5120x2048x1x1 type_src0=19 rows=2048 cols=17408 stream=0x5e82347b59d0 total_ms=1.3135 host_ms=1.5854 err_el=0 err_q0=0 err_q1=0
GGML_OP_PROFILE op=mul_mat name=Qcur_full-15 ne=12288x2048x1x1 type_src0=22 rows=2048 cols=5120 stream=0x5e82347b59d0 total_ms=1.1633 host_ms=1.2569 err_el=0 err_q0=0 err_q1=0
GGML_OP_PROFILE op=mul_mat name=Vcur-15 ne=1024x2048x1x1 type_src0=23 rows=2048 cols=5120 stream=0x5e82347b59d0 total_ms=0.1106 host_ms=0.2242 err_el=0 err_q0=0 err_q1=0
GGML_OP_PROFILE op=mul_mat name=Kcur-15 ne=1024x2048x1x1 type_src0=18 rows=2048 cols=5120 stream=0x5e82347b59d0 total_ms=0.1521 host_ms=0.1936 err_el=0 err_q0=0 err_q1=0
GGML_OP_PROFILE op=mul_mat name=attn_output-15 ne=5120x2048x1x1 type_src0=29 rows=2048 cols=6144 stream=0x5e82347b59d0 total_ms=0.5202 host_ms=1.3923 err_el=0 err_q0=0 err_q1=0
GGML_OP_PROFILE op=mul_mat name=ffn_gate-15 ne=17408x2048x1x1 type_src0=19 rows=2048 cols=5120 stream=0x5e82347b59d0 total_ms=1.2040 host_ms=1.2937 err_el=0 err_q0=0 err_q1=0
GGML_OP_PROFILE op=mul_mat name=ffn_up-15 ne=17408x2048x1x1 type_src0=19 rows=2048 cols=5120 stream=0x5e82347b59d0 total_ms=1.5332 host_ms=1.5745 err_el=0 err_q0=0 err_q1=0
GGML_OP_PROFILE op=mul_mat name=ffn_out-15 ne=5120x2048x1x1 type_src0=19 rows=2048 cols=17408 stream=0x5e82347b59d0 total_ms=1.3159 host_ms=1.6884 err_el=0 err_q0=0 err_q1=0
GGML_OP_PROFILE op=mul_mat name=node_925 ne=10240x2048x1x1 type_src0=10 rows=2048 cols=5120 stream=0x5e82347b59d0 total_ms=1.1182 host_ms=1.1932 err_el=0 err_q0=0 err_q1=0
GGML_OP_PROFILE op=mul_mat name=node_946 ne=48x2048x1x1 type_src0=8 rows=2048 cols=5120 stream=0x5e82347b59d0 total_ms=0.0676 host_ms=0.4277 err_el=0 err_q0=0 err_q1=0
GGML_OP_PROFILE op=mul_mat name=node_952 ne=48x2048x1x1 type_src0=8 rows=2048 cols=5120 stream=0x5e82347b59d0 total_ms=0.0611 host_ms=0.0834 err_el=0 err_q0=0 err_q1=0
GGML_OP_PROFILE op=mul_mat name=z-16 ne=6144x2048x1x1 type_src0=16 rows=2048 cols=5120 stream=0x5e82347b59d0 total_ms=0.4506 host_ms=2.0645 err_el=0 err_q0=0 err_q1=0
GGML_OP_PROFILE op=mul_mat name=linear_attn_out-16 ne=5120x2048x1x1 type_src0=16 rows=2048 cols=6144 stream=0x5e82347b59d0 total_ms=0.4170 host_ms=0.4983 err_el=0 err_q0=0 err_q1=0
GGML_OP_PROFILE op=mul_mat name=ffn_gate-16 ne=17408x2048x1x1 type_src0=19 rows=2048 cols=5120 stream=0x5e82347b59d0 total_ms=1.2063 host_ms=1.2905 err_el=0 err_q0=0 err_q1=0
GGML_OP_PROFILE op=mul_mat name=ffn_up-16 ne=17408x2048x1x1 type_src0=19 rows=2048 cols=5120 stream=0x5e82347b59d0 total_ms=1.2244 host_ms=1.2628 err_el=0 err_q0=0 err_q1=0
GGML_OP_PROFILE op=mul_mat name=ffn_out-16 ne=5120x2048x1x1 type_src0=29 rows=2048 cols=17408 stream=0x5e82347b59d0 total_ms=1.3791 host_ms=1.6580 err_el=0 err_q0=0 err_q1=0
GGML_OP_PROFILE op=mul_mat name=node_988 ne=10240x2048x1x1 type_src0=22 rows=2048 cols=5120 stream=0x5e82347b59d0 total_ms=0.9605 host_ms=1.0415 err_el=0 err_q0=0 err_q1=0
GGML_OP_PROFILE op=mul_mat name=node_1009 ne=48x2048x1x1 type_src0=8 rows=2048 cols=5120 stream=0x5e82347b59d0 total_ms=0.3584 host_ms=0.7285 err_el=0 err_q0=0 err_q1=0
GGML_OP_PROFILE op=mul_mat name=node_1015 ne=48x2048x1x1 type_src0=8 rows=2048 cols=5120 stream=0x5e82347b59d0 total_ms=0.0728 host_ms=0.1239 err_el=0 err_q0=0 err_q1=0
GGML_OP_PROFILE op=mul_mat name=z-17 ne=6144x2048x1x1 type_src0=29 rows=2048 cols=5120 stream=0x5e82347b59d0 total_ms=0.6625 host_ms=2.2770 err_el=0 err_q0=0 err_q1=0
GGML_OP_PROFILE op=mul_mat name=linear_attn_out-17 ne=5120x2048x1x1 type_src0=10 rows=2048 cols=6144 stream=0x5e82347b59d0 total_ms=0.6869 host_ms=0.7660 err_el=0 err_q0=0 err_q1=0
GGML_OP_PROFILE op=mul_mat name=ffn_gate-17 ne=17408x2048x1x1 type_src0=19 rows=2048 cols=5120 stream=0x5e82347b59d0 total_ms=1.2042 host_ms=1.2902 err_el=0 err_q0=0 err_q1=0
GGML_OP_PROFILE op=mul_mat name=ffn_up-17 ne=17408x2048x1x1 type_src0=19 rows=2048 cols=5120 stream=0x5e82347b59d0 total_ms=1.2292 host_ms=1.2685 err_el=0 err_q0=0 err_q1=0
GGML_OP_PROFILE op=mul_mat name=ffn_out-17 ne=5120x2048x1x1 type_src0=19 rows=2048 cols=17408 stream=0x5e82347b59d0 total_ms=1.3157 host_ms=1.5893 err_el=0 err_q0=0 err_q1=0
GGML_OP_PROFILE op=mul_mat name=node_1051 ne=10240x2048x1x1 type_src0=17 rows=2048 cols=5120 stream=0x5e82347b59d0 total_ms=0.9682 host_ms=1.0484 err_el=0 err_q0=0 err_q1=0
GGML_OP_PROFILE op=mul_mat name=node_1072 ne=48x2048x1x1 type_src0=8 rows=2048 cols=5120 stream=0x5e82347b59d0 total_ms=0.0676 host_ms=0.4076 err_el=0 err_q0=0 err_q1=0
GGML_OP_PROFILE op=mul_mat name=node_1078 ne=48x2048x1x1 type_src0=8 rows=2048 cols=5120 stream=0x5e82347b59d0 total_ms=0.0642 host_ms=0.0811 err_el=0 err_q0=0 err_q1=0
GGML_OP_PROFILE op=mul_mat name=z-18 ne=6144x2048x1x1 type_src0=17 rows=2048 cols=5120 stream=0x5e82347b59d0 total_ms=0.6298 host_ms=2.2444 err_el=0 err_q0=0 err_q1=0
GGML_OP_PROFILE op=mul_mat name=linear_attn_out-18 ne=5120x2048x1x1 type_src0=22 rows=2048 cols=6144 stream=0x5e82347b59d0 total_ms=0.5845 host_ms=0.6681 err_el=0 err_q0=0 err_q1=0
GGML_OP_PROFILE op=mul_mat name=ffn_gate-18 ne=17408x2048x1x1 type_src0=19 rows=2048 cols=5120 stream=0x5e82347b59d0 total_ms=1.4049 host_ms=1.4963 err_el=0 err_q0=0 err_q1=0
GGML_OP_PROFILE op=mul_mat name=ffn_up-18 ne=17408x2048x1x1 type_src0=29 rows=2048 cols=5120 stream=0x5e82347b59d0 total_ms=1.5281 host_ms=1.5737 err_el=0 err_q0=0 err_q1=0
GGML_OP_PROFILE op=mul_mat name=ffn_out-18 ne=5120x2048x1x1 type_src0=16 rows=2048 cols=17408 stream=0x5e82347b59d0 total_ms=1.1969 host_ms=1.4888 err_el=0 err_q0=0 err_q1=0
GGML_OP_PROFILE op=mul_mat name=Qcur_full-19 ne=12288x2048x1x1 type_src0=29 rows=2048 cols=5120 stream=0x5e82347b59d0 total_ms=1.0893 host_ms=1.1788 err_el=0 err_q0=0 err_q1=0
GGML_OP_PROFILE op=mul_mat name=Vcur-19 ne=1024x2048x1x1 type_src0=23 rows=2048 cols=5120 stream=0x5e82347b59d0 total_ms=0.1127 host_ms=0.2309 err_el=0 err_q0=0 err_q1=0
GGML_OP_PROFILE op=mul_mat name=Kcur-19 ne=1024x2048x1x1 type_src0=23 rows=2048 cols=5120 stream=0x5e82347b59d0 total_ms=0.1001 host_ms=0.1425 err_el=0 err_q0=0 err_q1=0
GGML_OP_PROFILE op=mul_mat name=attn_output-19 ne=5120x2048x1x1 type_src0=18 rows=2048 cols=6144 stream=0x5e82347b59d0 total_ms=0.4342 host_ms=1.2529 err_el=0 err_q0=0 err_q1=0
GGML_OP_PROFILE op=mul_mat name=ffn_gate-19 ne=17408x2048x1x1 type_src0=29 rows=2048 cols=5120 stream=0x5e82347b59d0 total_ms=1.5252 host_ms=1.6376 err_el=0 err_q0=0 err_q1=0
GGML_OP_PROFILE op=mul_mat name=ffn_up-19 ne=17408x2048x1x1 type_src0=19 rows=2048 cols=5120 stream=0x5e82347b59d0 total_ms=1.2337 host_ms=1.2727 err_el=0 err_q0=0 err_q1=0
GGML_OP_PROFILE op=mul_mat name=ffn_out-19 ne=5120x2048x1x1 type_src0=16 rows=2048 cols=17408 stream=0x5e82347b59d0 total_ms=1.1990 host_ms=1.5106 err_el=0 err_q0=0 err_q1=0
GGML_OP_PROFILE op=mul_mat name=node_1153 ne=10240x2048x1x1 type_src0=10 rows=2048 cols=5120 stream=0x5e82347b59d0 total_ms=1.4454 host_ms=1.4853 err_el=0 err_q0=0 err_q1=0
GGML_OP_PROFILE op=mul_mat name=node_1174 ne=48x2048x1x1 type_src0=8 rows=2048 cols=5120 stream=0x5e82347b59d0 total_ms=0.0676 host_ms=0.4025 err_el=0 err_q0=0 err_q1=0
GGML_OP_PROFILE op=mul_mat name=node_1180 ne=48x2048x1x1 type_src0=8 rows=2048 cols=5120 stream=0x5e82347b59d0 total_ms=0.0944 host_ms=0.1194 err_el=0 err_q0=0 err_q1=0
GGML_OP_PROFILE op=mul_mat name=z-20 ne=6144x2048x1x1 type_src0=22 rows=2048 cols=5120 stream=0x5e82347b59d0 total_ms=0.6236 host_ms=2.2359 err_el=0 err_q0=0 err_q1=0
GGML_OP_PROFILE op=mul_mat name=linear_attn_out-20 ne=5120x2048x1x1 type_src0=10 rows=2048 cols=6144 stream=0x5e82347b59d0 total_ms=0.6869 host_ms=0.7677 err_el=0 err_q0=0 err_q1=0
GGML_OP_PROFILE op=mul_mat name=ffn_gate-20 ne=17408x2048x1x1 type_src0=22 rows=2048 cols=5120 stream=0x5e82347b59d0 total_ms=1.5390 host_ms=1.6504 err_el=0 err_q0=0 err_q1=0
GGML_OP_PROFILE op=mul_mat name=ffn_up-20 ne=17408x2048x1x1 type_src0=10 rows=2048 cols=5120 stream=0x5e82347b59d0 total_ms=1.8231 host_ms=1.8640 err_el=0 err_q0=0 err_q1=0
GGML_OP_PROFILE op=mul_mat name=ffn_out-20 ne=5120x2048x1x1 type_src0=10 rows=2048 cols=17408 stream=0x5e82347b59d0 total_ms=1.9274 host_ms=2.1998 err_el=0 err_q0=0 err_q1=0
GGML_OP_PROFILE op=mul_mat name=node_1216 ne=10240x2048x1x1 type_src0=22 rows=2048 cols=5120 stream=0x5e82347b59d0 total_ms=0.9605 host_ms=1.0425 err_el=0 err_q0=0 err_q1=0
GGML_OP_PROFILE op=mul_mat name=node_1237 ne=48x2048x1x1 type_src0=8 rows=2048 cols=5120 stream=0x5e82347b59d0 total_ms=0.0676 host_ms=0.4360 err_el=0 err_q0=0 err_q1=0
GGML_OP_PROFILE op=mul_mat name=node_1243 ne=48x2048x1x1 type_src0=8 rows=2048 cols=5120 stream=0x5e82347b59d0 total_ms=0.0541 host_ms=0.0781 err_el=0 err_q0=0 err_q1=0
GGML_OP_PROFILE op=mul_mat name=z-21 ne=6144x2048x1x1 type_src0=10 rows=2048 cols=5120 stream=0x5e82347b59d0 total_ms=0.7250 host_ms=2.6391 err_el=0 err_q0=0 err_q1=0
GGML_OP_PROFILE op=mul_mat name=linear_attn_out-21 ne=5120x2048x1x1 type_src0=10 rows=2048 cols=6144 stream=0x5e82347b59d0 total_ms=0.6808 host_ms=0.7698 err_el=0 err_q0=0 err_q1=0
GGML_OP_PROFILE op=mul_mat name=ffn_gate-21 ne=17408x2048x1x1 type_src0=22 rows=2048 cols=5120 stream=0x5e82347b59d0 total_ms=1.5462 host_ms=1.6330 err_el=0 err_q0=0 err_q1=0
GGML_OP_PROFILE op=mul_mat name=ffn_up-21 ne=17408x2048x1x1 type_src0=10 rows=2048 cols=5120 stream=0x5e82347b59d0 total_ms=1.8225 host_ms=1.8617 err_el=0 err_q0=0 err_q1=0
GGML_OP_PROFILE op=mul_mat name=ffn_out-21 ne=5120x2048x1x1 type_src0=22 rows=2048 cols=17408 stream=0x5e82347b59d0 total_ms=1.6618 host_ms=1.9382 err_el=0 err_q0=0 err_q1=0
GGML_OP_PROFILE op=mul_mat name=node_1279 ne=10240x2048x1x1 type_src0=22 rows=2048 cols=5120 stream=0x5e82347b59d0 total_ms=0.9564 host_ms=1.0298 err_el=0 err_q0=0 err_q1=0
GGML_OP_PROFILE op=mul_mat name=node_1300 ne=48x2048x1x1 type_src0=8 rows=2048 cols=5120 stream=0x5e82347b59d0 total_ms=0.0676 host_ms=0.4343 err_el=0 err_q0=0 err_q1=0
GGML_OP_PROFILE op=mul_mat name=node_1306 ne=48x2048x1x1 type_src0=8 rows=2048 cols=5120 stream=0x5e82347b59d0 total_ms=0.0463 host_ms=0.0845 err_el=0 err_q0=0 err_q1=0
GGML_OP_PROFILE op=mul_mat name=z-22 ne=6144x2048x1x1 type_src0=22 rows=2048 cols=5120 stream=0x5e82347b59d0 total_ms=0.6277 host_ms=2.2440 err_el=0 err_q0=0 err_q1=0
GGML_OP_PROFILE op=mul_mat name=linear_attn_out-22 ne=5120x2048x1x1 type_src0=10 rows=2048 cols=6144 stream=0x5e82347b59d0 total_ms=0.6924 host_ms=0.7761 err_el=0 err_q0=0 err_q1=0
GGML_OP_PROFILE op=mul_mat name=ffn_gate-22 ne=17408x2048x1x1 type_src0=22 rows=2048 cols=5120 stream=0x5e82347b59d0 total_ms=1.5564 host_ms=1.7227 err_el=0 err_q0=0 err_q1=0
GGML_OP_PROFILE op=mul_mat name=ffn_up-22 ne=17408x2048x1x1 type_src0=10 rows=2048 cols=5120 stream=0x5e82347b59d0 total_ms=1.8419 host_ms=1.8933 err_el=0 err_q0=0 err_q1=0
GGML_OP_PROFILE op=mul_mat name=ffn_out-22 ne=5120x2048x1x1 type_src0=10 rows=2048 cols=17408 stream=0x5e82347b59d0 total_ms=1.9461 host_ms=2.2280 err_el=0 err_q0=0 err_q1=0
GGML_OP_PROFILE op=mul_mat name=Qcur_full-23 ne=12288x2048x1x1 type_src0=18 rows=2048 cols=5120 stream=0x5e82347b59d0 total_ms=0.8643 host_ms=0.9563 err_el=0 err_q0=0 err_q1=0
GGML_OP_PROFILE op=mul_mat name=Vcur-23 ne=1024x2048x1x1 type_src0=12 rows=2048 cols=5120 stream=0x5e82347b59d0 total_ms=12.6954 host_ms=12.7845 err_el=0 err_q0=0 err_q1=0
GGML_OP_PROFILE op=mul_mat name=Kcur-23 ne=1024x2048x1x1 type_src0=18 rows=2048 cols=5120 stream=0x5e82347b59d0 total_ms=0.1158 host_ms=0.1516 err_el=0 err_q0=0 err_q1=0
GGML_OP_PROFILE op=mul_mat name=attn_output-23 ne=5120x2048x1x1 type_src0=18 rows=2048 cols=6144 stream=0x5e82347b59d0 total_ms=0.4341 host_ms=1.2551 err_el=0 err_q0=0 err_q1=0
GGML_OP_PROFILE op=mul_mat name=ffn_gate-23 ne=17408x2048x1x1 type_src0=22 rows=2048 cols=5120 stream=0x5e82347b59d0 total_ms=1.5542 host_ms=1.6411 err_el=0 err_q0=0 err_q1=0
GGML_OP_PROFILE op=mul_mat name=ffn_up-23 ne=17408x2048x1x1 type_src0=22 rows=2048 cols=5120 stream=0x5e82347b59d0 total_ms=1.5793 host_ms=1.6204 err_el=0 err_q0=0 err_q1=0
GGML_OP_PROFILE op=mul_mat name=ffn_out-23 ne=5120x2048x1x1 type_src0=10 rows=2048 cols=17408 stream=0x5e82347b59d0 total_ms=1.9516 host_ms=2.2349 err_el=0 err_q0=0 err_q1=0
GGML_OP_PROFILE op=mul_mat name=node_1381 ne=10240x2048x1x1 type_src0=22 rows=2048 cols=5120 stream=0x5e82347b59d0 total_ms=0.9681 host_ms=1.0389 err_el=0 err_q0=0 err_q1=0
GGML_OP_PROFILE op=mul_mat name=node_1402 ne=48x2048x1x1 type_src0=8 rows=2048 cols=5120 stream=0x5e82347b59d0 total_ms=0.0696 host_ms=0.4314 err_el=0 err_q0=0 err_q1=0
GGML_OP_PROFILE op=mul_mat name=node_1408 ne=48x2048x1x1 type_src0=8 rows=2048 cols=5120 stream=0x5e82347b59d0 total_ms=0.0634 host_ms=0.0799 err_el=0 err_q0=0 err_q1=0
GGML_OP_PROFILE op=mul_mat name=z-24 ne=6144x2048x1x1 type_src0=10 rows=2048 cols=5120 stream=0x5e82347b59d0 total_ms=0.7301 host_ms=2.7483 err_el=0 err_q0=0 err_q1=0
GGML_OP_PROFILE op=mul_mat name=linear_attn_out-24 ne=5120x2048x1x1 type_src0=22 rows=2048 cols=6144 stream=0x5e82347b59d0 total_ms=0.5912 host_ms=0.6831 err_el=0 err_q0=0 err_q1=0
GGML_OP_PROFILE op=mul_mat name=ffn_gate-24 ne=17408x2048x1x1 type_src0=22 rows=2048 cols=5120 stream=0x5e82347b59d0 total_ms=1.5564 host_ms=1.6466 err_el=0 err_q0=0 err_q1=0
GGML_OP_PROFILE op=mul_mat name=ffn_up-24 ne=17408x2048x1x1 type_src0=22 rows=2048 cols=5120 stream=0x5e82347b59d0 total_ms=1.5768 host_ms=1.6160 err_el=0 err_q0=0 err_q1=0
GGML_OP_PROFILE op=mul_mat name=ffn_out-24 ne=5120x2048x1x1 type_src0=10 rows=2048 cols=17408 stream=0x5e82347b59d0 total_ms=1.9393 host_ms=2.2187 err_el=0 err_q0=0 err_q1=0
GGML_OP_PROFILE op=mul_mat name=node_1444 ne=10240x2048x1x1 type_src0=22 rows=2048 cols=5120 stream=0x5e82347b59d0 total_ms=0.9626 host_ms=1.0463 err_el=0 err_q0=0 err_q1=0
GGML_OP_PROFILE op=mul_mat name=node_1465 ne=48x2048x1x1 type_src0=8 rows=2048 cols=5120 stream=0x5e82347b59d0 total_ms=0.0676 host_ms=0.4300 err_el=0 err_q0=0 err_q1=0
GGML_OP_PROFILE op=mul_mat name=node_1471 ne=48x2048x1x1 type_src0=8 rows=2048 cols=5120 stream=0x5e82347b59d0 total_ms=0.0469 host_ms=0.0718 err_el=0 err_q0=0 err_q1=0
GGML_OP_PROFILE op=mul_mat name=z-25 ne=6144x2048x1x1 type_src0=10 rows=2048 cols=5120 stream=0x5e82347b59d0 total_ms=0.7260 host_ms=2.3520 err_el=0 err_q0=0 err_q1=0
GGML_OP_PROFILE op=mul_mat name=linear_attn_out-25 ne=5120x2048x1x1 type_src0=18 rows=2048 cols=6144 stream=0x5e82347b59d0 total_ms=0.7259 host_ms=0.8113 err_el=0 err_q0=0 err_q1=0
GGML_OP_PROFILE op=mul_mat name=ffn_gate-25 ne=17408x2048x1x1 type_src0=10 rows=2048 cols=5120 stream=0x5e82347b59d0 total_ms=1.8022 host_ms=1.8978 err_el=0 err_q0=0 err_q1=0
GGML_OP_PROFILE op=mul_mat name=ffn_up-25 ne=17408x2048x1x1 type_src0=10 rows=2048 cols=5120 stream=0x5e82347b59d0 total_ms=1.8262 host_ms=1.8672 err_el=0 err_q0=0 err_q1=0
GGML_OP_PROFILE op=mul_mat name=ffn_out-25 ne=5120x2048x1x1 type_src0=10 rows=2048 cols=17408 stream=0x5e82347b59d0 total_ms=1.9312 host_ms=2.2110 err_el=0 err_q0=0 err_q1=0
GGML_OP_PROFILE op=mul_mat name=node_1507 ne=10240x2048x1x1 type_src0=10 rows=2048 cols=5120 stream=0x5e82347b59d0 total_ms=1.1161 host_ms=1.1990 err_el=0 err_q0=0 err_q1=0
GGML_OP_PROFILE op=mul_mat name=node_1528 ne=48x2048x1x1 type_src0=8 rows=2048 cols=5120 stream=0x5e82347b59d0 total_ms=0.0676 host_ms=0.4334 err_el=0 err_q0=0 err_q1=0
GGML_OP_PROFILE op=mul_mat name=node_1534 ne=48x2048x1x1 type_src0=8 rows=2048 cols=5120 stream=0x5e82347b59d0 total_ms=0.0563 host_ms=0.0787 err_el=0 err_q0=0 err_q1=0
GGML_OP_PROFILE op=mul_mat name=z-26 ne=6144x2048x1x1 type_src0=22 rows=2048 cols=5120 stream=0x5e82347b59d0 total_ms=0.6298 host_ms=2.2621 err_el=0 err_q0=0 err_q1=0
GGML_OP_PROFILE op=mul_mat name=linear_attn_out-26 ne=5120x2048x1x1 type_src0=10 rows=2048 cols=6144 stream=0x5e82347b59d0 total_ms=0.6955 host_ms=0.7808 err_el=0 err_q0=0 err_q1=0
GGML_OP_PROFILE op=mul_mat name=ffn_gate-26 ne=17408x2048x1x1 type_src0=10 rows=2048 cols=5120 stream=0x5e82347b59d0 total_ms=2.1104 host_ms=2.2016 err_el=0 err_q0=0 err_q1=0
GGML_OP_PROFILE op=mul_mat name=ffn_up-26 ne=17408x2048x1x1 type_src0=10 rows=2048 cols=5120 stream=0x5e82347b59d0 total_ms=1.9759 host_ms=2.0257 err_el=0 err_q0=0 err_q1=0
GGML_OP_PROFILE op=mul_mat name=ffn_out-26 ne=5120x2048x1x1 type_src0=22 rows=2048 cols=17408 stream=0x5e82347b59d0 total_ms=1.6782 host_ms=1.9547 err_el=0 err_q0=0 err_q1=0
GGML_OP_PROFILE op=mul_mat name=Qcur_full-27 ne=12288x2048x1x1 type_src0=18 rows=2048 cols=5120 stream=0x5e82347b59d0 total_ms=0.8722 host_ms=0.9589 err_el=0 err_q0=0 err_q1=0
GGML_OP_PROFILE op=mul_mat name=Vcur-27 ne=1024x2048x1x1 type_src0=12 rows=2048 cols=5120 stream=0x5e82347b59d0 total_ms=0.1227 host_ms=0.2338 err_el=0 err_q0=0 err_q1=0
GGML_OP_PROFILE op=mul_mat name=Kcur-27 ne=1024x2048x1x1 type_src0=21 rows=2048 cols=5120 stream=0x5e82347b59d0 total_ms=0.2413 host_ms=0.2998 err_el=0 err_q0=0 err_q1=0
GGML_OP_PROFILE op=mul_mat name=attn_output-27 ne=5120x2048x1x1 type_src0=21 rows=2048 cols=6144 stream=0x5e82347b59d0 total_ms=0.4526 host_ms=1.3147 err_el=0 err_q0=0 err_q1=0
GGML_OP_PROFILE op=mul_mat name=ffn_gate-27 ne=17408x2048x1x1 type_src0=22 rows=2048 cols=5120 stream=0x5e82347b59d0 total_ms=1.5605 host_ms=1.6543 err_el=0 err_q0=0 err_q1=0
GGML_OP_PROFILE op=mul_mat name=ffn_up-27 ne=17408x2048x1x1 type_src0=10 rows=2048 cols=5120 stream=0x5e82347b59d0 total_ms=1.8476 host_ms=1.9134 err_el=0 err_q0=0 err_q1=0
GGML_OP_PROFILE op=mul_mat name=ffn_out-27 ne=5120x2048x1x1 type_src0=10 rows=2048 cols=17408 stream=0x5e82347b59d0 total_ms=2.2244 host_ms=2.5046 err_el=0 err_q0=0 err_q1=0
GGML_OP_PROFILE op=mul_mat name=node_1609 ne=10240x2048x1x1 type_src0=10 rows=2048 cols=5120 stream=0x5e82347b59d0 total_ms=1.1264 host_ms=1.2147 err_el=0 err_q0=0 err_q1=0
GGML_OP_PROFILE op=mul_mat name=node_1630 ne=48x2048x1x1 type_src0=8 rows=2048 cols=5120 stream=0x5e82347b59d0 total_ms=0.0676 host_ms=0.4225 err_el=0 err_q0=0 err_q1=0
GGML_OP_PROFILE op=mul_mat name=node_1636 ne=48x2048x1x1 type_src0=8 rows=2048 cols=5120 stream=0x5e82347b59d0 total_ms=0.0911 host_ms=0.1042 err_el=0 err_q0=0 err_q1=0
GGML_OP_PROFILE op=mul_mat name=z-28 ne=6144x2048x1x1 type_src0=10 rows=2048 cols=5120 stream=0x5e82347b59d0 total_ms=0.7339 host_ms=2.3705 err_el=0 err_q0=0 err_q1=0
GGML_OP_PROFILE op=mul_mat name=linear_attn_out-28 ne=5120x2048x1x1 type_src0=10 rows=2048 cols=6144 stream=0x5e82347b59d0 total_ms=0.6913 host_ms=0.7753 err_el=0 err_q0=0 err_q1=0
GGML_OP_PROFILE op=mul_mat name=ffn_gate-28 ne=17408x2048x1x1 type_src0=22 rows=2048 cols=5120 stream=0x5e82347b59d0 total_ms=1.5667 host_ms=1.6510 err_el=0 err_q0=0 err_q1=0
GGML_OP_PROFILE op=mul_mat name=ffn_up-28 ne=17408x2048x1x1 type_src0=22 rows=2048 cols=5120 stream=0x5e82347b59d0 total_ms=1.6204 host_ms=1.6589 err_el=0 err_q0=0 err_q1=0
GGML_OP_PROFILE op=mul_mat name=ffn_out-28 ne=5120x2048x1x1 type_src0=22 rows=2048 cols=17408 stream=0x5e82347b59d0 total_ms=1.6765 host_ms=1.9533 err_el=0 err_q0=0 err_q1=0
GGML_OP_PROFILE op=mul_mat name=node_1672 ne=10240x2048x1x1 type_src0=10 rows=2048 cols=5120 stream=0x5e82347b59d0 total_ms=1.1281 host_ms=1.1927 err_el=0 err_q0=0 err_q1=0
GGML_OP_PROFILE op=mul_mat name=node_1693 ne=48x2048x1x1 type_src0=8 rows=2048 cols=5120 stream=0x5e82347b59d0 total_ms=0.0696 host_ms=0.3986 err_el=0 err_q0=0 err_q1=0
GGML_OP_PROFILE op=mul_mat name=node_1699 ne=48x2048x1x1 type_src0=8 rows=2048 cols=5120 stream=0x5e82347b59d0 total_ms=0.0878 host_ms=0.1074 err_el=0 err_q0=0 err_q1=0
GGML_OP_PROFILE op=mul_mat name=z-29 ne=6144x2048x1x1 type_src0=10 rows=2048 cols=5120 stream=0x5e82347b59d0 total_ms=0.7311 host_ms=2.4284 err_el=0 err_q0=0 err_q1=0
GGML_OP_PROFILE op=mul_mat name=linear_attn_out-29 ne=5120x2048x1x1 type_src0=22 rows=2048 cols=6144 stream=0x5e82347b59d0 total_ms=0.5908 host_ms=0.6753 err_el=0 err_q0=0 err_q1=0
GGML_OP_PROFILE op=mul_mat name=ffn_gate-29 ne=17408x2048x1x1 type_src0=22 rows=2048 cols=5120 stream=0x5e82347b59d0 total_ms=1.5585 host_ms=1.6462 err_el=0 err_q0=0 err_q1=0
GGML_OP_PROFILE op=mul_mat name=ffn_up-29 ne=17408x2048x1x1 type_src0=16 rows=2048 cols=5120 stream=0x5e82347b59d0 total_ms=1.1904 host_ms=1.2346 err_el=0 err_q0=0 err_q1=0
GGML_OP_PROFILE op=mul_mat name=ffn_out-29 ne=5120x2048x1x1 type_src0=22 rows=2048 cols=17408 stream=0x5e82347b59d0 total_ms=2.1977 host_ms=2.4821 err_el=0 err_q0=0 err_q1=0
GGML_OP_PROFILE op=mul_mat name=node_1735 ne=10240x2048x1x1 type_src0=22 rows=2048 cols=5120 stream=0x5e82347b59d0 total_ms=0.9666 host_ms=1.0531 err_el=0 err_q0=0 err_q1=0
GGML_OP_PROFILE op=mul_mat name=node_1756 ne=48x2048x1x1 type_src0=8 rows=2048 cols=5120 stream=0x5e82347b59d0 total_ms=0.0676 host_ms=0.4026 err_el=0 err_q0=0 err_q1=0
GGML_OP_PROFILE op=mul_mat name=node_1762 ne=48x2048x1x1 type_src0=8 rows=2048 cols=5120 stream=0x5e82347b59d0 total_ms=0.0800 host_ms=0.1054 err_el=0 err_q0=0 err_q1=0
GGML_OP_PROFILE op=mul_mat name=z-30 ne=6144x2048x1x1 type_src0=10 rows=2048 cols=5120 stream=0x5e82347b59d0 total_ms=0.7322 host_ms=2.3727 err_el=0 err_q0=0 err_q1=0
GGML_OP_PROFILE op=mul_mat name=linear_attn_out-30 ne=5120x2048x1x1 type_src0=10 rows=2048 cols=6144 stream=0x5e82347b59d0 total_ms=1.0170 host_ms=1.0993 err_el=0 err_q0=0 err_q1=0
GGML_OP_PROFILE op=mul_mat name=ffn_gate-30 ne=17408x2048x1x1 type_src0=29 rows=2048 cols=5120 stream=0x5e82347b59d0 total_ms=1.5316 host_ms=1.6067 err_el=0 err_q0=0 err_q1=0
GGML_OP_PROFILE op=mul_mat name=ffn_up-30 ne=17408x2048x1x1 type_src0=22 rows=2048 cols=5120 stream=0x5e82347b59d0 total_ms=1.6347 host_ms=1.6707 err_el=0 err_q0=0 err_q1=0
GGML_OP_PROFILE op=mul_mat name=ffn_out-30 ne=5120x2048x1x1 type_src0=22 rows=2048 cols=17408 stream=0x5e82347b59d0 total_ms=1.6765 host_ms=1.9531 err_el=0 err_q0=0 err_q1=0
GGML_OP_PROFILE op=mul_mat name=Qcur_full-31 ne=12288x2048x1x1 type_src0=10 rows=2048 cols=5120 stream=0x5e82347b59d0 total_ms=1.3742 host_ms=1.4624 err_el=0 err_q0=0 err_q1=0
GGML_OP_PROFILE op=mul_mat name=Vcur-31 ne=1024x2048x1x1 type_src0=12 rows=2048 cols=5120 stream=0x5e82347b59d0 total_ms=0.1208 host_ms=0.2510 err_el=0 err_q0=0 err_q1=0
GGML_OP_PROFILE op=mul_mat name=Kcur-31 ne=1024x2048x1x1 type_src0=23 rows=2048 cols=5120 stream=0x5e82347b59d0 total_ms=0.0960 host_ms=0.2410 err_el=0 err_q0=0 err_q1=0
GGML_OP_PROFILE op=mul_mat name=attn_output-31 ne=5120x2048x1x1 type_src0=21 rows=2048 cols=6144 stream=0x5e82347b59d0 total_ms=0.4526 host_ms=1.2942 err_el=0 err_q0=0 err_q1=0
GGML_OP_PROFILE op=mul_mat name=ffn_gate-31 ne=17408x2048x1x1 type_src0=16 rows=2048 cols=5120 stream=0x5e82347b59d0 total_ms=1.1159 host_ms=1.2032 err_el=0 err_q0=0 err_q1=0
GGML_OP_PROFILE op=mul_mat name=ffn_up-31 ne=17408x2048x1x1 type_src0=22 rows=2048 cols=5120 stream=0x5e82347b59d0 total_ms=1.5852 host_ms=1.6285 err_el=0 err_q0=0 err_q1=0
GGML_OP_PROFILE op=mul_mat name=ffn_out-31 ne=5120x2048x1x1 type_src0=16 rows=2048 cols=17408 stream=0x5e82347b59d0 total_ms=1.2124 host_ms=1.6579 err_el=0 err_q0=0 err_q1=0
GGML_OP_PROFILE op=mul_mat name=node_1837 ne=10240x2048x1x1 type_src0=18 rows=2048 cols=5120 stream=0x5e82347b59d0 total_ms=0.7252 host_ms=0.8111 err_el=0 err_q0=0 err_q1=0
GGML_OP_PROFILE op=mul_mat name=node_1858 ne=48x2048x1x1 type_src0=8 rows=2048 cols=5120 stream=0x5e82347b59d0 total_ms=0.0676 host_ms=0.3750 err_el=0 err_q0=0 err_q1=0
GGML_OP_PROFILE op=mul_mat name=node_1864 ne=48x2048x1x1 type_src0=8 rows=2048 cols=5120 stream=0x5e82347b59d0 total_ms=0.1167 host_ms=0.1505 err_el=0 err_q0=0 err_q1=0
GGML_OP_PROFILE op=mul_mat name=z-32 ne=6144x2048x1x1 type_src0=10 rows=2048 cols=5120 stream=0x5e82347b59d0 total_ms=0.7322 host_ms=2.3417 err_el=0 err_q0=0 err_q1=0
GGML_OP_PROFILE op=mul_mat name=linear_attn_out-32 ne=5120x2048x1x1 type_src0=18 rows=2048 cols=6144 stream=0x5e82347b59d0 total_ms=0.4433 host_ms=0.5306 err_el=0 err_q0=0 err_q1=0
GGML_OP_PROFILE op=mul_mat name=ffn_gate-32 ne=17408x2048x1x1 type_src0=17 rows=2048 cols=5120 stream=0x5e82347b59d0 total_ms=1.5777 host_ms=1.6373 err_el=0 err_q0=0 err_q1=0
GGML_OP_PROFILE op=mul_mat name=ffn_up-32 ne=17408x2048x1x1 type_src0=10 rows=2048 cols=5120 stream=0x5e82347b59d0 total_ms=1.8396 host_ms=1.8818 err_el=0 err_q0=0 err_q1=0
GGML_OP_PROFILE op=mul_mat name=ffn_out-32 ne=5120x2048x1x1 type_src0=10 rows=2048 cols=17408 stream=0x5e82347b59d0 total_ms=1.9495 host_ms=2.2280 err_el=0 err_q0=0 err_q1=0
GGML_OP_PROFILE op=mul_mat name=node_1900 ne=10240x2048x1x1 type_src0=18 rows=2048 cols=5120 stream=0x5e82347b59d0 total_ms=1.0206 host_ms=1.0779 err_el=0 err_q0=0 err_q1=0
GGML_OP_PROFILE op=mul_mat name=node_1921 ne=48x2048x1x1 type_src0=8 rows=2048 cols=5120 stream=0x5e82347b59d0 total_ms=0.0676 host_ms=0.4185 err_el=0 err_q0=0 err_q1=0
GGML_OP_PROFILE op=mul_mat name=node_1927 ne=48x2048x1x1 type_src0=8 rows=2048 cols=5120 stream=0x5e82347b59d0 total_ms=0.0416 host_ms=0.1040 err_el=0 err_q0=0 err_q1=0
GGML_OP_PROFILE op=mul_mat name=z-33 ne=6144x2048x1x1 type_src0=10 rows=2048 cols=5120 stream=0x5e82347b59d0 total_ms=0.7322 host_ms=2.3277 err_el=0 err_q0=0 err_q1=0
GGML_OP_PROFILE op=mul_mat name=linear_attn_out-33 ne=5120x2048x1x1 type_src0=18 rows=2048 cols=6144 stream=0x5e82347b59d0 total_ms=0.4432 host_ms=0.5231 err_el=0 err_q0=0 err_q1=0
GGML_OP_PROFILE op=mul_mat name=ffn_gate-33 ne=17408x2048x1x1 type_src0=17 rows=2048 cols=5120 stream=0x5e82347b59d0 total_ms=1.5757 host_ms=1.6511 err_el=0 err_q0=0 err_q1=0
GGML_OP_PROFILE op=mul_mat name=ffn_up-33 ne=17408x2048x1x1 type_src0=10 rows=2048 cols=5120 stream=0x5e82347b59d0 total_ms=1.8421 host_ms=1.8839 err_el=0 err_q0=0 err_q1=0
GGML_OP_PROFILE op=mul_mat name=ffn_out-33 ne=5120x2048x1x1 type_src0=17 rows=2048 cols=17408 stream=0x5e82347b59d0 total_ms=1.6990 host_ms=1.9786 err_el=0 err_q0=0 err_q1=0
GGML_OP_PROFILE op=mul_mat name=node_1963 ne=10240x2048x1x1 type_src0=18 rows=2048 cols=5120 stream=0x5e82347b59d0 total_ms=0.7246 host_ms=0.7921 err_el=0 err_q0=0 err_q1=0
GGML_OP_PROFILE op=mul_mat name=node_1984 ne=48x2048x1x1 type_src0=8 rows=2048 cols=5120 stream=0x5e82347b59d0 total_ms=0.0676 host_ms=0.4325 err_el=0 err_q0=0 err_q1=0
GGML_OP_PROFILE op=mul_mat name=node_1990 ne=48x2048x1x1 type_src0=8 rows=2048 cols=5120 stream=0x5e82347b59d0 total_ms=0.1197 host_ms=0.1477 err_el=0 err_q0=0 err_q1=0
GGML_OP_PROFILE op=mul_mat name=z-34 ne=6144x2048x1x1 type_src0=10 rows=2048 cols=5120 stream=0x5e82347b59d0 total_ms=0.7321 host_ms=2.3355 err_el=0 err_q0=0 err_q1=0
GGML_OP_PROFILE op=mul_mat name=linear_attn_out-34 ne=5120x2048x1x1 type_src0=18 rows=2048 cols=6144 stream=0x5e82347b59d0 total_ms=0.4436 host_ms=0.5295 err_el=0 err_q0=0 err_q1=0
GGML_OP_PROFILE op=mul_mat name=ffn_gate-34 ne=17408x2048x1x1 type_src0=10 rows=2048 cols=5120 stream=0x5e82347b59d0 total_ms=1.8163 host_ms=1.9095 err_el=0 err_q0=0 err_q1=0
GGML_OP_PROFILE op=mul_mat name=ffn_up-34 ne=17408x2048x1x1 type_src0=10 rows=2048 cols=5120 stream=0x5e82347b59d0 total_ms=1.8374 host_ms=1.8820 err_el=0 err_q0=0 err_q1=0
GGML_OP_PROFILE op=mul_mat name=ffn_out-34 ne=5120x2048x1x1 type_src0=18 rows=2048 cols=17408 stream=0x5e82347b59d0 total_ms=1.2727 host_ms=1.5447 err_el=0 err_q0=0 err_q1=0
GGML_OP_PROFILE op=mul_mat name=Qcur_full-35 ne=12288x2048x1x1 type_src0=10 rows=2048 cols=5120 stream=0x5e82347b59d0 total_ms=1.3719 host_ms=1.4556 err_el=0 err_q0=0 err_q1=0
GGML_OP_PROFILE op=mul_mat name=Vcur-35 ne=1024x2048x1x1 type_src0=12 rows=2048 cols=5120 stream=0x5e82347b59d0 total_ms=0.1203 host_ms=0.2284 err_el=0 err_q0=0 err_q1=0
GGML_OP_PROFILE op=mul_mat name=Kcur-35 ne=1024x2048x1x1 type_src0=23 rows=2048 cols=5120 stream=0x5e82347b59d0 total_ms=0.1174 host_ms=0.1595 err_el=0 err_q0=0 err_q1=0
GGML_OP_PROFILE op=mul_mat name=attn_output-35 ne=5120x2048x1x1 type_src0=21 rows=2048 cols=6144 stream=0x5e82347b59d0 total_ms=0.4526 host_ms=1.2434 err_el=0 err_q0=0 err_q1=0
GGML_OP_PROFILE op=mul_mat name=ffn_gate-35 ne=17408x2048x1x1 type_src0=17 rows=2048 cols=5120 stream=0x5e82347b59d0 total_ms=1.5756 host_ms=1.6517 err_el=0 err_q0=0 err_q1=0
GGML_OP_PROFILE op=mul_mat name=ffn_up-35 ne=17408x2048x1x1 type_src0=10 rows=2048 cols=5120 stream=0x5e82347b59d0 total_ms=1.8329 host_ms=1.9513 err_el=0 err_q0=0 err_q1=0
GGML_OP_PROFILE op=mul_mat name=ffn_out-35 ne=5120x2048x1x1 type_src0=18 rows=2048 cols=17408 stream=0x5e82347b59d0 total_ms=1.2706 host_ms=1.5502 err_el=0 err_q0=0 err_q1=0
GGML_OP_PROFILE op=mul_mat name=node_2065 ne=10240x2048x1x1 type_src0=10 rows=2048 cols=5120 stream=0x5e82347b59d0 total_ms=1.1302 host_ms=1.2039 err_el=0 err_q0=0 err_q1=0
GGML_OP_PROFILE op=mul_mat name=node_2086 ne=48x2048x1x1 type_src0=8 rows=2048 cols=5120 stream=0x5e82347b59d0 total_ms=0.0676 host_ms=0.3791 err_el=0 err_q0=0 err_q1=0
GGML_OP_PROFILE op=mul_mat name=node_2092 ne=48x2048x1x1 type_src0=8 rows=2048 cols=5120 stream=0x5e82347b59d0 total_ms=0.0483 host_ms=0.1089 err_el=0 err_q0=0 err_q1=0
GGML_OP_PROFILE op=mul_mat name=z-36 ne=6144x2048x1x1 type_src0=10 rows=2048 cols=5120 stream=0x5e82347b59d0 total_ms=0.7332 host_ms=2.4025 err_el=0 err_q0=0 err_q1=0
GGML_OP_PROFILE op=mul_mat name=linear_attn_out-36 ne=5120x2048x1x1 type_src0=18 rows=2048 cols=6144 stream=0x5e82347b59d0 total_ms=0.4442 host_ms=0.5368 err_el=0 err_q0=0 err_q1=0
GGML_OP_PROFILE op=mul_mat name=ffn_gate-36 ne=17408x2048x1x1 type_src0=10 rows=2048 cols=5120 stream=0x5e82347b59d0 total_ms=1.8201 host_ms=1.8980 err_el=0 err_q0=0 err_q1=0
GGML_OP_PROFILE op=mul_mat name=ffn_up-36 ne=17408x2048x1x1 type_src0=10 rows=2048 cols=5120 stream=0x5e82347b59d0 total_ms=1.8526 host_ms=1.8944 err_el=0 err_q0=0 err_q1=0
GGML_OP_PROFILE op=mul_mat name=ffn_out-36 ne=5120x2048x1x1 type_src0=18 rows=2048 cols=17408 stream=0x5e82347b59d0 total_ms=1.5438 host_ms=1.8699 err_el=0 err_q0=0 err_q1=0
GGML_OP_PROFILE op=mul_mat name=node_2128 ne=10240x2048x1x1 type_src0=10 rows=2048 cols=5120 stream=0x5e82347b59d0 total_ms=1.2357 host_ms=1.3091 err_el=0 err_q0=0 err_q1=0
GGML_OP_PROFILE op=mul_mat name=node_2149 ne=48x2048x1x1 type_src0=8 rows=2048 cols=5120 stream=0x5e82347b59d0 total_ms=0.2711 host_ms=0.4328 err_el=0 err_q0=0 err_q1=0
GGML_OP_PROFILE op=mul_mat name=node_2155 ne=48x2048x1x1 type_src0=8 rows=2048 cols=5120 stream=0x5e82347b59d0 total_ms=0.2970 host_ms=0.3570 err_el=0 err_q0=0 err_q1=0
GGML_OP_PROFILE op=mul_mat name=z-37 ne=6144x2048x1x1 type_src0=10 rows=2048 cols=5120 stream=0x5e82347b59d0 total_ms=0.7321 host_ms=2.3607 err_el=0 err_q0=0 err_q1=0
GGML_OP_PROFILE op=mul_mat name=linear_attn_out-37 ne=5120x2048x1x1 type_src0=18 rows=2048 cols=6144 stream=0x5e82347b59d0 total_ms=0.4432 host_ms=0.5199 err_el=0 err_q0=0 err_q1=0
GGML_OP_PROFILE op=mul_mat name=ffn_gate-37 ne=17408x2048x1x1 type_src0=10 rows=2048 cols=5120 stream=0x5e82347b59d0 total_ms=1.9778 host_ms=2.0344 err_el=0 err_q0=0 err_q1=0
GGML_OP_PROFILE op=mul_mat name=ffn_up-37 ne=17408x2048x1x1 type_src0=10 rows=2048 cols=5120 stream=0x5e82347b59d0 total_ms=1.8420 host_ms=1.8858 err_el=0 err_q0=0 err_q1=0
GGML_OP_PROFILE op=mul_mat name=ffn_out-37 ne=5120x2048x1x1 type_src0=18 rows=2048 cols=17408 stream=0x5e82347b59d0 total_ms=1.5574 host_ms=1.8363 err_el=0 err_q0=0 err_q1=0
GGML_OP_PROFILE op=mul_mat name=node_2191 ne=10240x2048x1x1 type_src0=17 rows=2048 cols=5120 stream=0x5e82347b59d0 total_ms=0.9828 host_ms=1.0445 err_el=0 err_q0=0 err_q1=0
GGML_OP_PROFILE op=mul_mat name=node_2212 ne=48x2048x1x1 type_src0=8 rows=2048 cols=5120 stream=0x5e82347b59d0 total_ms=0.0676 host_ms=0.3621 err_el=0 err_q0=0 err_q1=0
GGML_OP_PROFILE op=mul_mat name=node_2218 ne=48x2048x1x1 type_src0=8 rows=2048 cols=5120 stream=0x5e82347b59d0 total_ms=0.0726 host_ms=0.0897 err_el=0 err_q0=0 err_q1=0
GGML_OP_PROFILE op=mul_mat name=z-38 ne=6144x2048x1x1 type_src0=10 rows=2048 cols=5120 stream=0x5e82347b59d0 total_ms=0.7321 host_ms=2.3605 err_el=0 err_q0=0 err_q1=0
GGML_OP_PROFILE op=mul_mat name=linear_attn_out-38 ne=5120x2048x1x1 type_src0=10 rows=2048 cols=6144 stream=0x5e82347b59d0 total_ms=0.6910 host_ms=0.7698 err_el=0 err_q0=0 err_q1=0
GGML_OP_PROFILE op=mul_mat name=ffn_gate-38 ne=17408x2048x1x1 type_src0=10 rows=2048 cols=5120 stream=0x5e82347b59d0 total_ms=1.8104 host_ms=1.8939 err_el=0 err_q0=0 err_q1=0
GGML_OP_PROFILE op=mul_mat name=ffn_up-38 ne=17408x2048x1x1 type_src0=18 rows=2048 cols=5120 stream=0x5e82347b59d0 total_ms=1.1976 host_ms=1.2421 err_el=0 err_q0=0 err_q1=0
GGML_OP_PROFILE op=mul_mat name=ffn_out-38 ne=5120x2048x1x1 type_src0=18 rows=2048 cols=17408 stream=0x5e82347b59d0 total_ms=1.2748 host_ms=1.5467 err_el=0 err_q0=0 err_q1=0
GGML_OP_PROFILE op=mul_mat name=Qcur_full-39 ne=12288x2048x1x1 type_src0=10 rows=2048 cols=5120 stream=0x5e82347b59d0 total_ms=1.3722 host_ms=1.4620 err_el=0 err_q0=0 err_q1=0
GGML_OP_PROFILE op=mul_mat name=Vcur-39 ne=1024x2048x1x1 type_src0=23 rows=2048 cols=5120 stream=0x5e82347b59d0 total_ms=0.1127 host_ms=0.2137 err_el=0 err_q0=0 err_q1=0
GGML_OP_PROFILE op=mul_mat name=Kcur-39 ne=1024x2048x1x1 type_src0=18 rows=2048 cols=5120 stream=0x5e82347b59d0 total_ms=0.1708 host_ms=0.2174 err_el=0 err_q0=0 err_q1=0
GGML_OP_PROFILE op=mul_mat name=attn_output-39 ne=5120x2048x1x1 type_src0=21 rows=2048 cols=6144 stream=0x5e82347b59d0 total_ms=0.4526 host_ms=1.3479 err_el=0 err_q0=0 err_q1=0
GGML_OP_PROFILE op=mul_mat name=ffn_gate-39 ne=17408x2048x1x1 type_src0=10 rows=2048 cols=5120 stream=0x5e82347b59d0 total_ms=1.8200 host_ms=1.9066 err_el=0 err_q0=0 err_q1=0
GGML_OP_PROFILE op=mul_mat name=ffn_up-39 ne=17408x2048x1x1 type_src0=18 rows=2048 cols=5120 stream=0x5e82347b59d0 total_ms=1.2439 host_ms=1.2860 err_el=0 err_q0=0 err_q1=0
GGML_OP_PROFILE op=mul_mat name=ffn_out-39 ne=5120x2048x1x1 type_src0=18 rows=2048 cols=17408 stream=0x5e82347b59d0 total_ms=1.2695 host_ms=1.5505 err_el=0 err_q0=0 err_q1=0
GGML_OP_PROFILE op=mul_mat name=node_2293 ne=10240x2048x1x1 type_src0=10 rows=2048 cols=5120 stream=0x5e82347b59d0 total_ms=1.1305 host_ms=1.2193 err_el=0 err_q0=0 err_q1=0
GGML_OP_PROFILE op=mul_mat name=node_2314 ne=48x2048x1x1 type_src0=8 rows=2048 cols=5120 stream=0x5e82347b59d0 total_ms=0.0676 host_ms=0.4485 err_el=0 err_q0=0 err_q1=0
GGML_OP_PROFILE op=mul_mat name=node_2320 ne=48x2048x1x1 type_src0=8 rows=2048 cols=5120 stream=0x5e82347b59d0 total_ms=0.0819 host_ms=0.1138 err_el=0 err_q0=0 err_q1=0
GGML_OP_PROFILE op=mul_mat name=z-40 ne=6144x2048x1x1 type_src0=10 rows=2048 cols=5120 stream=0x5e82347b59d0 total_ms=0.7321 host_ms=2.3657 err_el=0 err_q0=0 err_q1=0
GGML_OP_PROFILE op=mul_mat name=linear_attn_out-40 ne=5120x2048x1x1 type_src0=18 rows=2048 cols=6144 stream=0x5e82347b59d0 total_ms=0.4435 host_ms=0.5266 err_el=0 err_q0=0 err_q1=0
GGML_OP_PROFILE op=mul_mat name=ffn_gate-40 ne=17408x2048x1x1 type_src0=10 rows=2048 cols=5120 stream=0x5e82347b59d0 total_ms=2.1248 host_ms=2.2156 err_el=0 err_q0=0 err_q1=0
GGML_OP_PROFILE op=mul_mat name=ffn_up-40 ne=17408x2048x1x1 type_src0=18 rows=2048 cols=5120 stream=0x5e82347b59d0 total_ms=1.1899 host_ms=1.2363 err_el=0 err_q0=0 err_q1=0
GGML_OP_PROFILE op=mul_mat name=ffn_out-40 ne=5120x2048x1x1 type_src0=18 rows=2048 cols=17408 stream=0x5e82347b59d0 total_ms=1.2730 host_ms=1.5502 err_el=0 err_q0=0 err_q1=0
GGML_OP_PROFILE op=mul_mat name=node_2356 ne=10240x2048x1x1 type_src0=10 rows=2048 cols=5120 stream=0x5e82347b59d0 total_ms=1.1305 host_ms=1.2179 err_el=0 err_q0=0 err_q1=0
GGML_OP_PROFILE op=mul_mat name=node_2377 ne=48x2048x1x1 type_src0=8 rows=2048 cols=5120 stream=0x5e82347b59d0 total_ms=0.0696 host_ms=0.4425 err_el=0 err_q0=0 err_q1=0
GGML_OP_PROFILE op=mul_mat name=node_2383 ne=48x2048x1x1 type_src0=8 rows=2048 cols=5120 stream=0x5e82347b59d0 total_ms=0.0423 host_ms=0.1364 err_el=0 err_q0=0 err_q1=0
GGML_OP_PROFILE op=mul_mat name=z-41 ne=6144x2048x1x1 type_src0=10 rows=2048 cols=5120 stream=0x5e82347b59d0 total_ms=0.7322 host_ms=2.3659 err_el=0 err_q0=0 err_q1=0
GGML_OP_PROFILE op=mul_mat name=linear_attn_out-41 ne=5120x2048x1x1 type_src0=18 rows=2048 cols=6144 stream=0x5e82347b59d0 total_ms=0.4412 host_ms=0.5224 err_el=0 err_q0=0 err_q1=0
GGML_OP_PROFILE op=mul_mat name=ffn_gate-41 ne=17408x2048x1x1 type_src0=18 rows=2048 cols=5120 stream=0x5e82347b59d0 total_ms=1.1694 host_ms=1.2565 err_el=0 err_q0=0 err_q1=0
GGML_OP_PROFILE op=mul_mat name=ffn_up-41 ne=17408x2048x1x1 type_src0=18 rows=2048 cols=5120 stream=0x5e82347b59d0 total_ms=1.2494 host_ms=1.2906 err_el=0 err_q0=0 err_q1=0
GGML_OP_PROFILE op=mul_mat name=ffn_out-41 ne=5120x2048x1x1 type_src0=18 rows=2048 cols=17408 stream=0x5e82347b59d0 total_ms=1.5536 host_ms=1.8298 err_el=0 err_q0=0 err_q1=0
GGML_OP_PROFILE op=mul_mat name=node_2419 ne=10240x2048x1x1 type_src0=10 rows=2048 cols=5120 stream=0x5e82347b59d0 total_ms=1.1335 host_ms=1.2113 err_el=0 err_q0=0 err_q1=0
GGML_OP_PROFILE op=mul_mat name=node_2440 ne=48x2048x1x1 type_src0=8 rows=2048 cols=5120 stream=0x5e82347b59d0 total_ms=0.0676 host_ms=0.4294 err_el=0 err_q0=0 err_q1=0
GGML_OP_PROFILE op=mul_mat name=node_2446 ne=48x2048x1x1 type_src0=8 rows=2048 cols=5120 stream=0x5e82347b59d0 total_ms=0.1228 host_ms=0.1482 err_el=0 err_q0=0 err_q1=0
GGML_OP_PROFILE op=mul_mat name=z-42 ne=6144x2048x1x1 type_src0=10 rows=2048 cols=5120 stream=0x5e82347b59d0 total_ms=0.7342 host_ms=2.3857 err_el=0 err_q0=0 err_q1=0
GGML_OP_PROFILE op=mul_mat name=linear_attn_out-42 ne=5120x2048x1x1 type_src0=18 rows=2048 cols=6144 stream=0x5e82347b59d0 total_ms=0.4428 host_ms=0.5308 err_el=0 err_q0=0 err_q1=0
GGML_OP_PROFILE op=mul_mat name=ffn_gate-42 ne=17408x2048x1x1 type_src0=10 rows=2048 cols=5120 stream=0x5e82347b59d0 total_ms=1.8186 host_ms=1.9088 err_el=0 err_q0=0 err_q1=0
GGML_OP_PROFILE op=mul_mat name=ffn_up-42 ne=17408x2048x1x1 type_src0=18 rows=2048 cols=5120 stream=0x5e82347b59d0 total_ms=1.2382 host_ms=1.2763 err_el=0 err_q0=0 err_q1=0
GGML_OP_PROFILE op=mul_mat name=ffn_out-42 ne=5120x2048x1x1 type_src0=10 rows=2048 cols=17408 stream=0x5e82347b59d0 total_ms=1.9602 host_ms=2.2394 err_el=0 err_q0=0 err_q1=0
GGML_OP_PROFILE op=mul_mat name=Qcur_full-43 ne=12288x2048x1x1 type_src0=18 rows=2048 cols=5120 stream=0x5e82347b59d0 total_ms=0.8725 host_ms=0.9691 err_el=0 err_q0=0 err_q1=0
GGML_OP_PROFILE op=mul_mat name=Vcur-43 ne=1024x2048x1x1 type_src0=23 rows=2048 cols=5120 stream=0x5e82347b59d0 total_ms=0.1127 host_ms=0.2345 err_el=0 err_q0=0 err_q1=0
GGML_OP_PROFILE op=mul_mat name=Kcur-43 ne=1024x2048x1x1 type_src0=23 rows=2048 cols=5120 stream=0x5e82347b59d0 total_ms=0.0882 host_ms=0.1691 err_el=0 err_q0=0 err_q1=0
GGML_OP_PROFILE op=mul_mat name=attn_output-43 ne=5120x2048x1x1 type_src0=23 rows=2048 cols=6144 stream=0x5e82347b59d0 total_ms=0.4014 host_ms=1.2109 err_el=0 err_q0=0 err_q1=0
GGML_OP_PROFILE op=mul_mat name=ffn_gate-43 ne=17408x2048x1x1 type_src0=10 rows=2048 cols=5120 stream=0x5e82347b59d0 total_ms=1.8777 host_ms=1.9482 err_el=0 err_q0=0 err_q1=0
GGML_OP_PROFILE op=mul_mat name=ffn_up-43 ne=17408x2048x1x1 type_src0=18 rows=2048 cols=5120 stream=0x5e82347b59d0 total_ms=1.1996 host_ms=1.2408 err_el=0 err_q0=0 err_q1=0
GGML_OP_PROFILE op=mul_mat name=ffn_out-43 ne=5120x2048x1x1 type_src0=10 rows=2048 cols=17408 stream=0x5e82347b59d0 total_ms=1.9559 host_ms=2.2362 err_el=0 err_q0=0 err_q1=0
GGML_OP_PROFILE op=mul_mat name=node_2521 ne=10240x2048x1x1 type_src0=10 rows=2048 cols=5120 stream=0x5e82347b59d0 total_ms=1.1408 host_ms=1.1985 err_el=0 err_q0=0 err_q1=0
GGML_OP_PROFILE op=mul_mat name=node_2542 ne=48x2048x1x1 type_src0=8 rows=2048 cols=5120 stream=0x5e82347b59d0 total_ms=0.0676 host_ms=0.4160 err_el=0 err_q0=0 err_q1=0
GGML_OP_PROFILE op=mul_mat name=node_2548 ne=48x2048x1x1 type_src0=8 rows=2048 cols=5120 stream=0x5e82347b59d0 total_ms=0.0446 host_ms=0.1057 err_el=0 err_q0=0 err_q1=0
GGML_OP_PROFILE op=mul_mat name=z-44 ne=6144x2048x1x1 type_src0=10 rows=2048 cols=5120 stream=0x5e82347b59d0 total_ms=0.7342 host_ms=2.3740 err_el=0 err_q0=0 err_q1=0
GGML_OP_PROFILE op=mul_mat name=linear_attn_out-44 ne=5120x2048x1x1 type_src0=18 rows=2048 cols=6144 stream=0x5e82347b59d0 total_ms=0.4436 host_ms=0.5309 err_el=0 err_q0=0 err_q1=0
GGML_OP_PROFILE op=mul_mat name=ffn_gate-44 ne=17408x2048x1x1 type_src0=10 rows=2048 cols=5120 stream=0x5e82347b59d0 total_ms=2.1965 host_ms=2.2822 err_el=0 err_q0=0 err_q1=0
GGML_OP_PROFILE op=mul_mat name=ffn_up-44 ne=17408x2048x1x1 type_src0=10 rows=2048 cols=5120 stream=0x5e82347b59d0 total_ms=1.8657 host_ms=1.9111 err_el=0 err_q0=0 err_q1=0
GGML_OP_PROFILE op=mul_mat name=ffn_out-44 ne=5120x2048x1x1 type_src0=10 rows=2048 cols=17408 stream=0x5e82347b59d0 total_ms=1.9478 host_ms=2.2266 err_el=0 err_q0=0 err_q1=0
GGML_OP_PROFILE op=mul_mat name=node_2584 ne=10240x2048x1x1 type_src0=18 rows=2048 cols=5120 stream=0x5e82347b59d0 total_ms=0.7270 host_ms=0.8185 err_el=0 err_q0=0 err_q1=0
GGML_OP_PROFILE op=mul_mat name=node_2605 ne=48x2048x1x1 type_src0=8 rows=2048 cols=5120 stream=0x5e82347b59d0 total_ms=0.0676 host_ms=0.4426 err_el=0 err_q0=0 err_q1=0
GGML_OP_PROFILE op=mul_mat name=node_2611 ne=48x2048x1x1 type_src0=8 rows=2048 cols=5120 stream=0x5e82347b59d0 total_ms=0.0451 host_ms=0.0704 err_el=0 err_q0=0 err_q1=0
GGML_OP_PROFILE op=mul_mat name=z-45 ne=6144x2048x1x1 type_src0=17 rows=2048 cols=5120 stream=0x5e82347b59d0 total_ms=0.6379 host_ms=2.2776 err_el=0 err_q0=0 err_q1=0
GGML_OP_PROFILE op=mul_mat name=linear_attn_out-45 ne=5120x2048x1x1 type_src0=10 rows=2048 cols=6144 stream=0x5e82347b59d0 total_ms=0.6951 host_ms=0.7807 err_el=0 err_q0=0 err_q1=0
GGML_OP_PROFILE op=mul_mat name=ffn_gate-45 ne=17408x2048x1x1 type_src0=10 rows=2048 cols=5120 stream=0x5e82347b59d0 total_ms=1.8145 host_ms=1.9066 err_el=0 err_q0=0 err_q1=0
GGML_OP_PROFILE op=mul_mat name=ffn_up-45 ne=17408x2048x1x1 type_src0=10 rows=2048 cols=5120 stream=0x5e82347b59d0 total_ms=2.1214 host_ms=2.1646 err_el=0 err_q0=0 err_q1=0
GGML_OP_PROFILE op=mul_mat name=ffn_out-45 ne=5120x2048x1x1 type_src0=10 rows=2048 cols=17408 stream=0x5e82347b59d0 total_ms=1.9519 host_ms=2.2403 err_el=0 err_q0=0 err_q1=0
GGML_OP_PROFILE op=mul_mat name=node_2647 ne=10240x2048x1x1 type_src0=18 rows=2048 cols=5120 stream=0x5e82347b59d0 total_ms=0.7270 host_ms=0.8109 err_el=0 err_q0=0 err_q1=0
GGML_OP_PROFILE op=mul_mat name=node_2668 ne=48x2048x1x1 type_src0=8 rows=2048 cols=5120 stream=0x5e82347b59d0 total_ms=0.0676 host_ms=0.4295 err_el=0 err_q0=0 err_q1=0
GGML_OP_PROFILE op=mul_mat name=node_2674 ne=48x2048x1x1 type_src0=8 rows=2048 cols=5120 stream=0x5e82347b59d0 total_ms=0.0941 host_ms=0.1438 err_el=0 err_q0=0 err_q1=0
GGML_OP_PROFILE op=mul_mat name=z-46 ne=6144x2048x1x1 type_src0=10 rows=2048 cols=5120 stream=0x5e82347b59d0 total_ms=0.7342 host_ms=2.3725 err_el=0 err_q0=0 err_q1=0
GGML_OP_PROFILE op=mul_mat name=linear_attn_out-46 ne=5120x2048x1x1 type_src0=18 rows=2048 cols=6144 stream=0x5e82347b59d0 total_ms=0.4432 host_ms=0.5222 err_el=0 err_q0=0 err_q1=0
GGML_OP_PROFILE op=mul_mat name=ffn_gate-46 ne=17408x2048x1x1 type_src0=17 rows=2048 cols=5120 stream=0x5e82347b59d0 total_ms=1.5767 host_ms=1.6627 err_el=0 err_q0=0 err_q1=0
GGML_OP_PROFILE op=mul_mat name=ffn_up-46 ne=17408x2048x1x1 type_src0=10 rows=2048 cols=5120 stream=0x5e82347b59d0 total_ms=1.8872 host_ms=1.9291 err_el=0 err_q0=0 err_q1=0
GGML_OP_PROFILE op=mul_mat name=ffn_out-46 ne=5120x2048x1x1 type_src0=10 rows=2048 cols=17408 stream=0x5e82347b59d0 total_ms=2.2374 host_ms=2.5141 err_el=0 err_q0=0 err_q1=0
GGML_OP_PROFILE op=mul_mat name=Qcur_full-47 ne=12288x2048x1x1 type_src0=10 rows=2048 cols=5120 stream=0x5e82347b59d0 total_ms=1.3660 host_ms=1.4626 err_el=0 err_q0=0 err_q1=0
GGML_OP_PROFILE op=mul_mat name=Vcur-47 ne=1024x2048x1x1 type_src0=23 rows=2048 cols=5120 stream=0x5e82347b59d0 total_ms=0.1127 host_ms=0.2317 err_el=0 err_q0=0 err_q1=0
GGML_OP_PROFILE op=mul_mat name=Kcur-47 ne=1024x2048x1x1 type_src0=23 rows=2048 cols=5120 stream=0x5e82347b59d0 total_ms=0.1409 host_ms=0.1756 err_el=0 err_q0=0 err_q1=0
GGML_OP_PROFILE op=mul_mat name=attn_output-47 ne=5120x2048x1x1 type_src0=18 rows=2048 cols=6144 stream=0x5e82347b59d0 total_ms=0.4382 host_ms=1.3050 err_el=0 err_q0=0 err_q1=0
GGML_OP_PROFILE op=mul_mat name=ffn_gate-47 ne=17408x2048x1x1 type_src0=10 rows=2048 cols=5120 stream=0x5e82347b59d0 total_ms=1.8204 host_ms=1.9097 err_el=0 err_q0=0 err_q1=0
GGML_OP_PROFILE op=mul_mat name=ffn_up-47 ne=17408x2048x1x1 type_src0=10 rows=2048 cols=5120 stream=0x5e82347b59d0 total_ms=1.8392 host_ms=1.9420 err_el=0 err_q0=0 err_q1=0
GGML_OP_PROFILE op=mul_mat name=ffn_out-47 ne=5120x2048x1x1 type_src0=10 rows=2048 cols=17408 stream=0x5e82347b59d0 total_ms=2.2450 host_ms=2.5294 err_el=0 err_q0=0 err_q1=0
GGML_OP_PROFILE op=mul_mat name=node_2749 ne=10240x2048x1x1 type_src0=18 rows=2048 cols=5120 stream=0x5e82347b59d0 total_ms=0.7270 host_ms=0.8142 err_el=0 err_q0=0 err_q1=0
GGML_OP_PROFILE op=mul_mat name=node_2770 ne=48x2048x1x1 type_src0=8 rows=2048 cols=5120 stream=0x5e82347b59d0 total_ms=0.0676 host_ms=0.5173 err_el=0 err_q0=0 err_q1=0
GGML_OP_PROFILE op=mul_mat name=node_2776 ne=48x2048x1x1 type_src0=8 rows=2048 cols=5120 stream=0x5e82347b59d0 total_ms=0.0809 host_ms=0.1019 err_el=0 err_q0=0 err_q1=0
GGML_OP_PROFILE op=mul_mat name=z-48 ne=6144x2048x1x1 type_src0=17 rows=2048 cols=5120 stream=0x5e82347b59d0 total_ms=0.6379 host_ms=2.2772 err_el=0 err_q0=0 err_q1=0
GGML_OP_PROFILE op=mul_mat name=linear_attn_out-48 ne=5120x2048x1x1 type_src0=18 rows=2048 cols=6144 stream=0x5e82347b59d0 total_ms=0.4433 host_ms=0.5309 err_el=0 err_q0=0 err_q1=0
GGML_OP_PROFILE op=mul_mat name=ffn_gate-48 ne=17408x2048x1x1 type_src0=10 rows=2048 cols=5120 stream=0x5e82347b59d0 total_ms=1.8207 host_ms=1.9109 err_el=0 err_q0=0 err_q1=0
GGML_OP_PROFILE op=mul_mat name=ffn_up-48 ne=17408x2048x1x1 type_src0=10 rows=2048 cols=5120 stream=0x5e82347b59d0 total_ms=1.8391 host_ms=1.8814 err_el=0 err_q0=0 err_q1=0
GGML_OP_PROFILE op=mul_mat name=ffn_out-48 ne=5120x2048x1x1 type_src0=10 rows=2048 cols=17408 stream=0x5e82347b59d0 total_ms=1.9495 host_ms=2.2223 err_el=0 err_q0=0 err_q1=0
GGML_OP_PROFILE op=mul_mat name=node_2812 ne=10240x2048x1x1 type_src0=18 rows=2048 cols=5120 stream=0x5e82347b59d0 total_ms=0.7284 host_ms=0.8028 err_el=0 err_q0=0 err_q1=0
GGML_OP_PROFILE op=mul_mat name=node_2833 ne=48x2048x1x1 type_src0=8 rows=2048 cols=5120 stream=0x5e82347b59d0 total_ms=0.0676 host_ms=0.4395 err_el=0 err_q0=0 err_q1=0
GGML_OP_PROFILE op=mul_mat name=node_2839 ne=48x2048x1x1 type_src0=8 rows=2048 cols=5120 stream=0x5e82347b59d0 total_ms=0.0662 host_ms=0.1033 err_el=0 err_q0=0 err_q1=0
GGML_OP_PROFILE op=mul_mat name=z-49 ne=6144x2048x1x1 type_src0=22 rows=2048 cols=5120 stream=0x5e82347b59d0 total_ms=0.6318 host_ms=2.2754 err_el=0 err_q0=0 err_q1=0
GGML_OP_PROFILE op=mul_mat name=linear_attn_out-49 ne=5120x2048x1x1 type_src0=18 rows=2048 cols=6144 stream=0x5e82347b59d0 total_ms=0.4441 host_ms=0.5325 err_el=0 err_q0=0 err_q1=0
GGML_OP_PROFILE op=mul_mat name=ffn_gate-49 ne=17408x2048x1x1 type_src0=10 rows=2048 cols=5120 stream=0x5e82347b59d0 total_ms=2.1146 host_ms=2.2042 err_el=0 err_q0=0 err_q1=0
GGML_OP_PROFILE op=mul_mat name=ffn_up-49 ne=17408x2048x1x1 type_src0=18 rows=2048 cols=5120 stream=0x5e82347b59d0 total_ms=1.2663 host_ms=1.3255 err_el=0 err_q0=0 err_q1=0
GGML_OP_PROFILE op=mul_mat name=ffn_out-49 ne=5120x2048x1x1 type_src0=18 rows=2048 cols=17408 stream=0x5e82347b59d0 total_ms=1.2730 host_ms=1.5542 err_el=0 err_q0=0 err_q1=0
GGML_OP_PROFILE op=mul_mat name=node_2875 ne=10240x2048x1x1 type_src0=10 rows=2048 cols=5120 stream=0x5e82347b59d0 total_ms=1.1908 host_ms=1.2488 err_el=0 err_q0=0 err_q1=0
GGML_OP_PROFILE op=mul_mat name=node_2896 ne=48x2048x1x1 type_src0=8 rows=2048 cols=5120 stream=0x5e82347b59d0 total_ms=0.0676 host_ms=0.3865 err_el=0 err_q0=0 err_q1=0
GGML_OP_PROFILE op=mul_mat name=node_2902 ne=48x2048x1x1 type_src0=8 rows=2048 cols=5120 stream=0x5e82347b59d0 total_ms=0.1063 host_ms=0.1664 err_el=0 err_q0=0 err_q1=0
GGML_OP_PROFILE op=mul_mat name=z-50 ne=6144x2048x1x1 type_src0=10 rows=2048 cols=5120 stream=0x5e82347b59d0 total_ms=0.7322 host_ms=2.3059 err_el=0 err_q0=0 err_q1=0
GGML_OP_PROFILE op=mul_mat name=linear_attn_out-50 ne=5120x2048x1x1 type_src0=21 rows=2048 cols=6144 stream=0x5e82347b59d0 total_ms=0.4556 host_ms=0.5354 err_el=0 err_q0=0 err_q1=0
GGML_OP_PROFILE op=mul_mat name=ffn_gate-50 ne=17408x2048x1x1 type_src0=10 rows=2048 cols=5120 stream=0x5e82347b59d0 total_ms=1.8180 host_ms=1.8882 err_el=0 err_q0=0 err_q1=0
GGML_OP_PROFILE op=mul_mat name=ffn_up-50 ne=17408x2048x1x1 type_src0=10 rows=2048 cols=5120 stream=0x5e82347b59d0 total_ms=2.1862 host_ms=2.2278 err_el=0 err_q0=0 err_q1=0
GGML_OP_PROFILE op=mul_mat name=ffn_out-50 ne=5120x2048x1x1 type_src0=18 rows=2048 cols=17408 stream=0x5e82347b59d0 total_ms=1.2689 host_ms=1.5516 err_el=0 err_q0=0 err_q1=0
GGML_OP_PROFILE op=mul_mat name=Qcur_full-51 ne=12288x2048x1x1 type_src0=18 rows=2048 cols=5120 stream=0x5e82347b59d0 total_ms=0.8663 host_ms=0.9540 err_el=0 err_q0=0 err_q1=0
GGML_OP_PROFILE op=mul_mat name=Vcur-51 ne=1024x2048x1x1 type_src0=12 rows=2048 cols=5120 stream=0x5e82347b59d0 total_ms=0.1206 host_ms=0.2374 err_el=0 err_q0=0 err_q1=0
GGML_OP_PROFILE op=mul_mat name=Kcur-51 ne=1024x2048x1x1 type_src0=23 rows=2048 cols=5120 stream=0x5e82347b59d0 total_ms=0.1437 host_ms=0.1796 err_el=0 err_q0=0 err_q1=0
GGML_OP_PROFILE op=mul_mat name=attn_output-51 ne=5120x2048x1x1 type_src0=21 rows=2048 cols=6144 stream=0x5e82347b59d0 total_ms=0.4505 host_ms=1.2683 err_el=0 err_q0=0 err_q1=0
GGML_OP_PROFILE op=mul_mat name=ffn_gate-51 ne=17408x2048x1x1 type_src0=10 rows=2048 cols=5120 stream=0x5e82347b59d0 total_ms=1.8165 host_ms=1.9024 err_el=0 err_q0=0 err_q1=0
GGML_OP_PROFILE op=mul_mat name=ffn_up-51 ne=17408x2048x1x1 type_src0=18 rows=2048 cols=5120 stream=0x5e82347b59d0 total_ms=1.1987 host_ms=1.2367 err_el=0 err_q0=0 err_q1=0
GGML_OP_PROFILE op=mul_mat name=ffn_out-51 ne=5120x2048x1x1 type_src0=18 rows=2048 cols=17408 stream=0x5e82347b59d0 total_ms=1.2685 host_ms=1.5385 err_el=0 err_q0=0 err_q1=0
GGML_OP_PROFILE op=mul_mat name=node_2977 ne=10240x2048x1x1 type_src0=10 rows=2048 cols=5120 stream=0x5e82347b59d0 total_ms=1.1281 host_ms=1.2051 err_el=0 err_q0=0 err_q1=0
GGML_OP_PROFILE op=mul_mat name=node_2998 ne=48x2048x1x1 type_src0=8 rows=2048 cols=5120 stream=0x5e82347b59d0 total_ms=0.0676 host_ms=0.4357 err_el=0 err_q0=0 err_q1=0
GGML_OP_PROFILE op=mul_mat name=node_3004 ne=48x2048x1x1 type_src0=8 rows=2048 cols=5120 stream=0x5e82347b59d0 total_ms=0.0745 host_ms=0.0940 err_el=0 err_q0=0 err_q1=0
GGML_OP_PROFILE op=mul_mat name=z-52 ne=6144x2048x1x1 type_src0=10 rows=2048 cols=5120 stream=0x5e82347b59d0 total_ms=0.7332 host_ms=2.6644 err_el=0 err_q0=0 err_q1=0
GGML_OP_PROFILE op=mul_mat name=linear_attn_out-52 ne=5120x2048x1x1 type_src0=21 rows=2048 cols=6144 stream=0x5e82347b59d0 total_ms=0.5033 host_ms=0.5804 err_el=0 err_q0=0 err_q1=0
GGML_OP_PROFILE op=mul_mat name=ffn_gate-52 ne=17408x2048x1x1 type_src0=10 rows=2048 cols=5120 stream=0x5e82347b59d0 total_ms=1.8165 host_ms=1.9035 err_el=0 err_q0=0 err_q1=0
GGML_OP_PROFILE op=mul_mat name=ffn_up-52 ne=17408x2048x1x1 type_src0=18 rows=2048 cols=5120 stream=0x5e82347b59d0 total_ms=1.2412 host_ms=1.2804 err_el=0 err_q0=0 err_q1=0
GGML_OP_PROFILE op=mul_mat name=ffn_out-52 ne=5120x2048x1x1 type_src0=18 rows=2048 cols=17408 stream=0x5e82347b59d0 total_ms=1.2706 host_ms=1.5441 err_el=0 err_q0=0 err_q1=0
GGML_OP_PROFILE op=mul_mat name=node_3040 ne=10240x2048x1x1 type_src0=10 rows=2048 cols=5120 stream=0x5e82347b59d0 total_ms=1.1304 host_ms=1.2138 err_el=0 err_q0=0 err_q1=0
GGML_OP_PROFILE op=mul_mat name=node_3061 ne=48x2048x1x1 type_src0=8 rows=2048 cols=5120 stream=0x5e82347b59d0 total_ms=0.0696 host_ms=0.4417 err_el=0 err_q0=0 err_q1=0
GGML_OP_PROFILE op=mul_mat name=node_3067 ne=48x2048x1x1 type_src0=8 rows=2048 cols=5120 stream=0x5e82347b59d0 total_ms=0.0466 host_ms=0.0740 err_el=0 err_q0=0 err_q1=0
GGML_OP_PROFILE op=mul_mat name=z-53 ne=6144x2048x1x1 type_src0=10 rows=2048 cols=5120 stream=0x5e82347b59d0 total_ms=0.7332 host_ms=2.7287 err_el=0 err_q0=0 err_q1=0
GGML_OP_PROFILE op=mul_mat name=linear_attn_out-53 ne=5120x2048x1x1 type_src0=21 rows=2048 cols=6144 stream=0x5e82347b59d0 total_ms=0.4555 host_ms=0.5417 err_el=0 err_q0=0 err_q1=0
GGML_OP_PROFILE op=mul_mat name=ffn_gate-53 ne=17408x2048x1x1 type_src0=10 rows=2048 cols=5120 stream=0x5e82347b59d0 total_ms=1.8609 host_ms=1.9502 err_el=0 err_q0=0 err_q1=0
GGML_OP_PROFILE op=mul_mat name=ffn_up-53 ne=17408x2048x1x1 type_src0=18 rows=2048 cols=5120 stream=0x5e82347b59d0 total_ms=1.2492 host_ms=1.2921 err_el=0 err_q0=0 err_q1=0
GGML_OP_PROFILE op=mul_mat name=ffn_out-53 ne=5120x2048x1x1 type_src0=18 rows=2048 cols=17408 stream=0x5e82347b59d0 total_ms=1.2704 host_ms=1.5630 err_el=0 err_q0=0 err_q1=0
GGML_OP_PROFILE op=mul_mat name=node_3103 ne=10240x2048x1x1 type_src0=10 rows=2048 cols=5120 stream=0x5e82347b59d0 total_ms=1.2918 host_ms=1.3675 err_el=0 err_q0=0 err_q1=0
GGML_OP_PROFILE op=mul_mat name=node_3124 ne=48x2048x1x1 type_src0=8 rows=2048 cols=5120 stream=0x5e82347b59d0 total_ms=0.6123 host_ms=0.8446 err_el=0 err_q0=0 err_q1=0
GGML_OP_PROFILE op=mul_mat name=node_3130 ne=48x2048x1x1 type_src0=8 rows=2048 cols=5120 stream=0x5e82347b59d0 total_ms=0.1697 host_ms=0.2600 err_el=0 err_q0=0 err_q1=0
GGML_OP_PROFILE op=mul_mat name=z-54 ne=6144x2048x1x1 type_src0=10 rows=2048 cols=5120 stream=0x5e82347b59d0 total_ms=0.7321 host_ms=2.3982 err_el=0 err_q0=0 err_q1=0
GGML_OP_PROFILE op=mul_mat name=linear_attn_out-54 ne=5120x2048x1x1 type_src0=18 rows=2048 cols=6144 stream=0x5e82347b59d0 total_ms=0.4412 host_ms=0.5150 err_el=0 err_q0=0 err_q1=0
GGML_OP_PROFILE op=mul_mat name=ffn_gate-54 ne=17408x2048x1x1 type_src0=18 rows=2048 cols=5120 stream=0x5e82347b59d0 total_ms=1.3260 host_ms=1.3833 err_el=0 err_q0=0 err_q1=0
GGML_OP_PROFILE op=mul_mat name=ffn_up-54 ne=17408x2048x1x1 type_src0=18 rows=2048 cols=5120 stream=0x5e82347b59d0 total_ms=1.1917 host_ms=1.3024 err_el=0 err_q0=0 err_q1=0
GGML_OP_PROFILE op=mul_mat name=ffn_out-54 ne=5120x2048x1x1 type_src0=21 rows=2048 cols=17408 stream=0x5e82347b59d0 total_ms=1.3034 host_ms=1.5763 err_el=0 err_q0=0 err_q1=0
GGML_OP_PROFILE op=mul_mat name=Qcur_full-55 ne=12288x2048x1x1 type_src0=10 rows=2048 cols=5120 stream=0x5e82347b59d0 total_ms=1.3699 host_ms=1.4558 err_el=0 err_q0=0 err_q1=0
GGML_OP_PROFILE op=mul_mat name=Vcur-55 ne=1024x2048x1x1 type_src0=23 rows=2048 cols=5120 stream=0x5e82347b59d0 total_ms=0.1772 host_ms=0.3279 err_el=0 err_q0=0 err_q1=0
GGML_OP_PROFILE op=mul_mat name=Kcur-55 ne=1024x2048x1x1 type_src0=23 rows=2048 cols=5120 stream=0x5e82347b59d0 total_ms=0.1060 host_ms=0.1437 err_el=0 err_q0=0 err_q1=0
GGML_OP_PROFILE op=mul_mat name=attn_output-55 ne=5120x2048x1x1 type_src0=21 rows=2048 cols=6144 stream=0x5e82347b59d0 total_ms=0.4506 host_ms=1.2557 err_el=0 err_q0=0 err_q1=0
GGML_OP_PROFILE op=mul_mat name=ffn_gate-55 ne=17408x2048x1x1 type_src0=10 rows=2048 cols=5120 stream=0x5e82347b59d0 total_ms=1.8163 host_ms=1.8984 err_el=0 err_q0=0 err_q1=0
GGML_OP_PROFILE op=mul_mat name=ffn_up-55 ne=17408x2048x1x1 type_src0=18 rows=2048 cols=5120 stream=0x5e82347b59d0 total_ms=1.2321 host_ms=1.2695 err_el=0 err_q0=0 err_q1=0
GGML_OP_PROFILE op=mul_mat name=ffn_out-55 ne=5120x2048x1x1 type_src0=21 rows=2048 cols=17408 stream=0x5e82347b59d0 total_ms=1.3075 host_ms=1.5825 err_el=0 err_q0=0 err_q1=0
GGML_OP_PROFILE op=mul_mat name=node_3205 ne=10240x2048x1x1 type_src0=21 rows=2048 cols=5120 stream=0x5e82347b59d0 total_ms=0.7536 host_ms=0.8371 err_el=0 err_q0=0 err_q1=0
GGML_OP_PROFILE op=mul_mat name=node_3226 ne=48x2048x1x1 type_src0=8 rows=2048 cols=5120 stream=0x5e82347b59d0 total_ms=0.0676 host_ms=0.4039 err_el=0 err_q0=0 err_q1=0
GGML_OP_PROFILE op=mul_mat name=node_3232 ne=48x2048x1x1 type_src0=8 rows=2048 cols=5120 stream=0x5e82347b59d0 total_ms=0.0410 host_ms=0.1352 err_el=0 err_q0=0 err_q1=0
GGML_OP_PROFILE op=mul_mat name=z-56 ne=6144x2048x1x1 type_src0=21 rows=2048 cols=5120 stream=0x5e82347b59d0 total_ms=0.4922 host_ms=2.1494 err_el=0 err_q0=0 err_q1=0
GGML_OP_PROFILE op=mul_mat name=linear_attn_out-56 ne=5120x2048x1x1 type_src0=23 rows=2048 cols=6144 stream=0x5e82347b59d0 total_ms=0.4073 host_ms=0.4905 err_el=0 err_q0=0 err_q1=0
GGML_OP_PROFILE op=mul_mat name=ffn_gate-56 ne=17408x2048x1x1 type_src0=21 rows=2048 cols=5120 stream=0x5e82347b59d0 total_ms=1.2101 host_ms=1.2954 err_el=0 err_q0=0 err_q1=0
GGML_OP_PROFILE op=mul_mat name=ffn_up-56 ne=17408x2048x1x1 type_src0=23 rows=2048 cols=5120 stream=0x5e82347b59d0 total_ms=1.1165 host_ms=1.1566 err_el=0 err_q0=0 err_q1=0
GGML_OP_PROFILE op=mul_mat name=ffn_out-56 ne=5120x2048x1x1 type_src0=23 rows=2048 cols=17408 stream=0x5e82347b59d0 total_ms=1.1703 host_ms=1.4454 err_el=0 err_q0=0 err_q1=0
GGML_OP_PROFILE op=mul_mat name=node_3268 ne=10240x2048x1x1 type_src0=18 rows=2048 cols=5120 stream=0x5e82347b59d0 total_ms=0.7229 host_ms=0.8067 err_el=0 err_q0=0 err_q1=0
GGML_OP_PROFILE op=mul_mat name=node_3289 ne=48x2048x1x1 type_src0=8 rows=2048 cols=5120 stream=0x5e82347b59d0 total_ms=0.0676 host_ms=0.4452 err_el=0 err_q0=0 err_q1=0
GGML_OP_PROFILE op=mul_mat name=node_3295 ne=48x2048x1x1 type_src0=8 rows=2048 cols=5120 stream=0x5e82347b59d0 total_ms=0.0838 host_ms=0.1630 err_el=0 err_q0=0 err_q1=0
GGML_OP_PROFILE op=mul_mat name=z-57 ne=6144x2048x1x1 type_src0=21 rows=2048 cols=5120 stream=0x5e82347b59d0 total_ms=0.4925 host_ms=2.0586 err_el=0 err_q0=0 err_q1=0
GGML_OP_PROFILE op=mul_mat name=linear_attn_out-57 ne=5120x2048x1x1 type_src0=23 rows=2048 cols=6144 stream=0x5e82347b59d0 total_ms=0.4066 host_ms=0.4880 err_el=0 err_q0=0 err_q1=0
GGML_OP_PROFILE op=mul_mat name=ffn_gate-57 ne=17408x2048x1x1 type_src0=23 rows=2048 cols=5120 stream=0x5e82347b59d0 total_ms=1.0767 host_ms=1.1543 err_el=0 err_q0=0 err_q1=0
GGML_OP_PROFILE op=mul_mat name=ffn_up-57 ne=17408x2048x1x1 type_src0=23 rows=2048 cols=5120 stream=0x5e82347b59d0 total_ms=1.0953 host_ms=1.2298 err_el=0 err_q0=0 err_q1=0
GGML_OP_PROFILE op=mul_mat name=ffn_out-57 ne=5120x2048x1x1 type_src0=23 rows=2048 cols=17408 stream=0x5e82347b59d0 total_ms=1.1702 host_ms=1.4490 err_el=0 err_q0=0 err_q1=0
GGML_OP_PROFILE op=mul_mat name=node_3331 ne=10240x2048x1x1 type_src0=21 rows=2048 cols=5120 stream=0x5e82347b59d0 total_ms=0.7454 host_ms=0.8337 err_el=0 err_q0=0 err_q1=0
GGML_OP_PROFILE op=mul_mat name=node_3352 ne=48x2048x1x1 type_src0=8 rows=2048 cols=5120 stream=0x5e82347b59d0 total_ms=0.0696 host_ms=0.4511 err_el=0 err_q0=0 err_q1=0
GGML_OP_PROFILE op=mul_mat name=node_3358 ne=48x2048x1x1 type_src0=8 rows=2048 cols=5120 stream=0x5e82347b59d0 total_ms=0.0508 host_ms=0.1135 err_el=0 err_q0=0 err_q1=0
GGML_OP_PROFILE op=mul_mat name=z-58 ne=6144x2048x1x1 type_src0=21 rows=2048 cols=5120 stream=0x5e82347b59d0 total_ms=0.4915 host_ms=2.1269 err_el=0 err_q0=0 err_q1=0
GGML_OP_PROFILE op=mul_mat name=linear_attn_out-58 ne=5120x2048x1x1 type_src0=23 rows=2048 cols=6144 stream=0x5e82347b59d0 total_ms=0.4067 host_ms=0.4893 err_el=0 err_q0=0 err_q1=0
GGML_OP_PROFILE op=mul_mat name=ffn_gate-58 ne=17408x2048x1x1 type_src0=23 rows=2048 cols=5120 stream=0x5e82347b59d0 total_ms=1.0769 host_ms=1.1650 err_el=0 err_q0=0 err_q1=0
GGML_OP_PROFILE op=mul_mat name=ffn_up-58 ne=17408x2048x1x1 type_src0=23 rows=2048 cols=5120 stream=0x5e82347b59d0 total_ms=1.1019 host_ms=1.1420 err_el=0 err_q0=0 err_q1=0
GGML_OP_PROFILE op=mul_mat name=ffn_out-58 ne=5120x2048x1x1 type_src0=23 rows=2048 cols=17408 stream=0x5e82347b59d0 total_ms=1.1691 host_ms=1.4477 err_el=0 err_q0=0 err_q1=0
GGML_OP_PROFILE op=mul_mat name=Qcur_full-59 ne=12288x2048x1x1 type_src0=18 rows=2048 cols=5120 stream=0x5e82347b59d0 total_ms=0.8663 host_ms=0.9598 err_el=0 err_q0=0 err_q1=0
GGML_OP_PROFILE op=mul_mat name=Vcur-59 ne=1024x2048x1x1 type_src0=13 rows=2048 cols=5120 stream=0x5e82347b59d0 total_ms=12.9173 host_ms=13.2309 err_el=0 err_q0=0 err_q1=0
GGML_OP_PROFILE op=mul_mat name=Kcur-59 ne=1024x2048x1x1 type_src0=12 rows=2048 cols=5120 stream=0x5e82347b59d0 total_ms=0.2095 host_ms=0.2885 err_el=0 err_q0=0 err_q1=0
GGML_OP_PROFILE op=mul_mat name=attn_output-59 ne=5120x2048x1x1 type_src0=23 rows=2048 cols=6144 stream=0x5e82347b59d0 total_ms=0.4014 host_ms=1.1631 err_el=0 err_q0=0 err_q1=0
GGML_OP_PROFILE op=mul_mat name=ffn_gate-59 ne=17408x2048x1x1 type_src0=23 rows=2048 cols=5120 stream=0x5e82347b59d0 total_ms=1.3675 host_ms=1.4409 err_el=0 err_q0=0 err_q1=0
GGML_OP_PROFILE op=mul_mat name=ffn_up-59 ne=17408x2048x1x1 type_src0=23 rows=2048 cols=5120 stream=0x5e82347b59d0 total_ms=1.1414 host_ms=1.1908 err_el=0 err_q0=0 err_q1=0
GGML_OP_PROFILE op=mul_mat name=ffn_out-59 ne=5120x2048x1x1 type_src0=23 rows=2048 cols=17408 stream=0x5e82347b59d0 total_ms=1.1682 host_ms=1.4369 err_el=0 err_q0=0 err_q1=0
GGML_OP_PROFILE op=mul_mat name=node_3433 ne=10240x2048x1x1 type_src0=21 rows=2048 cols=5120 stream=0x5e82347b59d0 total_ms=0.7472 host_ms=0.8280 err_el=0 err_q0=0 err_q1=0
GGML_OP_PROFILE op=mul_mat name=node_3454 ne=48x2048x1x1 type_src0=8 rows=2048 cols=5120 stream=0x5e82347b59d0 total_ms=0.0676 host_ms=0.4347 err_el=0 err_q0=0 err_q1=0
GGML_OP_PROFILE op=mul_mat name=node_3460 ne=48x2048x1x1 type_src0=8 rows=2048 cols=5120 stream=0x5e82347b59d0 total_ms=0.0579 host_ms=0.0765 err_el=0 err_q0=0 err_q1=0
GGML_OP_PROFILE op=mul_mat name=z-60 ne=6144x2048x1x1 type_src0=21 rows=2048 cols=5120 stream=0x5e82347b59d0 total_ms=0.4885 host_ms=2.1281 err_el=0 err_q0=0 err_q1=0
GGML_OP_PROFILE op=mul_mat name=linear_attn_out-60 ne=5120x2048x1x1 type_src0=23 rows=2048 cols=6144 stream=0x5e82347b59d0 total_ms=0.4020 host_ms=0.4838 err_el=0 err_q0=0 err_q1=0
GGML_OP_PROFILE op=mul_mat name=ffn_gate-60 ne=17408x2048x1x1 type_src0=23 rows=2048 cols=5120 stream=0x5e82347b59d0 total_ms=1.0668 host_ms=1.1541 err_el=0 err_q0=0 err_q1=0
GGML_OP_PROFILE op=mul_mat name=ffn_up-60 ne=17408x2048x1x1 type_src0=23 rows=2048 cols=5120 stream=0x5e82347b59d0 total_ms=1.0917 host_ms=1.1345 err_el=0 err_q0=0 err_q1=0
GGML_OP_PROFILE op=mul_mat name=ffn_out-60 ne=5120x2048x1x1 type_src0=23 rows=2048 cols=17408 stream=0x5e82347b59d0 total_ms=1.1583 host_ms=1.4328 err_el=0 err_q0=0 err_q1=0
GGML_OP_PROFILE op=mul_mat name=node_3496 ne=10240x2048x1x1 type_src0=21 rows=2048 cols=5120 stream=0x5e82347b59d0 total_ms=1.0291 host_ms=1.1166 err_el=0 err_q0=0 err_q1=0
GGML_OP_PROFILE op=mul_mat name=node_3517 ne=48x2048x1x1 type_src0=8 rows=2048 cols=5120 stream=0x5e82347b59d0 total_ms=0.0676 host_ms=0.4443 err_el=0 err_q0=0 err_q1=0
GGML_OP_PROFILE op=mul_mat name=node_3523 ne=48x2048x1x1 type_src0=8 rows=2048 cols=5120 stream=0x5e82347b59d0 total_ms=0.1962 host_ms=0.2766 err_el=0 err_q0=0 err_q1=0
GGML_OP_PROFILE op=mul_mat name=z-61 ne=6144x2048x1x1 type_src0=21 rows=2048 cols=5120 stream=0x5e82347b59d0 total_ms=0.4884 host_ms=2.1069 err_el=0 err_q0=0 err_q1=0
GGML_OP_PROFILE op=mul_mat name=linear_attn_out-61 ne=5120x2048x1x1 type_src0=21 rows=2048 cols=6144 stream=0x5e82347b59d0 total_ms=0.4801 host_ms=0.6000 err_el=0 err_q0=0 err_q1=0
GGML_OP_PROFILE op=mul_mat name=ffn_gate-61 ne=17408x2048x1x1 type_src0=23 rows=2048 cols=5120 stream=0x5e82347b59d0 total_ms=1.0664 host_ms=1.1476 err_el=0 err_q0=0 err_q1=0
GGML_OP_PROFILE op=mul_mat name=ffn_up-61 ne=17408x2048x1x1 type_src0=23 rows=2048 cols=5120 stream=0x5e82347b59d0 total_ms=1.1545 host_ms=1.2337 err_el=0 err_q0=0 err_q1=0
GGML_OP_PROFILE op=mul_mat name=ffn_out-61 ne=5120x2048x1x1 type_src0=23 rows=2048 cols=17408 stream=0x5e82347b59d0 total_ms=1.1559 host_ms=1.4326 err_el=0 err_q0=0 err_q1=0
GGML_OP_PROFILE op=mul_mat name=node_3559 ne=10240x2048x1x1 type_src0=21 rows=2048 cols=5120 stream=0x5e82347b59d0 total_ms=0.8028 host_ms=0.8585 err_el=0 err_q0=0 err_q1=0
GGML_OP_PROFILE op=mul_mat name=node_3580 ne=48x2048x1x1 type_src0=8 rows=2048 cols=5120 stream=0x5e82347b59d0 total_ms=0.0676 host_ms=0.4126 err_el=0 err_q0=0 err_q1=0
GGML_OP_PROFILE op=mul_mat name=node_3586 ne=48x2048x1x1 type_src0=8 rows=2048 cols=5120 stream=0x5e82347b59d0 total_ms=0.1895 host_ms=0.2885 err_el=0 err_q0=0 err_q1=0
GGML_OP_PROFILE op=mul_mat name=z-62 ne=6144x2048x1x1 type_src0=18 rows=2048 cols=5120 stream=0x5e82347b59d0 total_ms=0.4720 host_ms=2.0400 err_el=0 err_q0=0 err_q1=0
GGML_OP_PROFILE op=mul_mat name=linear_attn_out-62 ne=5120x2048x1x1 type_src0=23 rows=2048 cols=6144 stream=0x5e82347b59d0 total_ms=0.4055 host_ms=0.5828 err_el=0 err_q0=0 err_q1=0
GGML_OP_PROFILE op=mul_mat name=ffn_gate-62 ne=17408x2048x1x1 type_src0=23 rows=2048 cols=5120 stream=0x5e82347b59d0 total_ms=1.0668 host_ms=1.1561 err_el=0 err_q0=0 err_q1=0
GGML_OP_PROFILE op=mul_mat name=ffn_up-62 ne=17408x2048x1x1 type_src0=23 rows=2048 cols=5120 stream=0x5e82347b59d0 total_ms=1.0899 host_ms=1.1295 err_el=0 err_q0=0 err_q1=0
GGML_OP_PROFILE op=mul_mat name=ffn_out-62 ne=5120x2048x1x1 type_src0=21 rows=2048 cols=17408 stream=0x5e82347b59d0 total_ms=1.2870 host_ms=1.5623 err_el=0 err_q0=0 err_q1=0
GGML_OP_PROFILE op=mul_mat name=Qcur_full-63 ne=12288x2048x1x1 type_src0=23 rows=2048 cols=5120 stream=0x5e82347b59d0 total_ms=0.8087 host_ms=0.8968 err_el=0 err_q0=0 err_q1=0
GGML_OP_PROFILE op=mul_mat name=Vcur-63 ne=1024x2048x1x1 type_src0=13 rows=2048 cols=5120 stream=0x5e82347b59d0 total_ms=0.1250 host_ms=0.2398 err_el=0 err_q0=0 err_q1=0
GGML_OP_PROFILE op=mul_mat name=Kcur-63 ne=1024x2048x1x1 type_src0=12 rows=2048 cols=5120 stream=0x5e82347b59d0 total_ms=0.1163 host_ms=0.1551 err_el=0 err_q0=0 err_q1=0
GGML_OP_PROFILE op=mul_mat name=attn_output-63 ne=5120x2048x1x1 type_src0=23 rows=2048 cols=6144 stream=0x5e82347b59d0 total_ms=0.3973 host_ms=1.2174 err_el=0 err_q0=0 err_q1=0
GGML_OP_PROFILE op=mul_mat name=ffn_gate-63 ne=17408x2048x1x1 type_src0=23 rows=2048 cols=5120 stream=0x5e82347b59d0 total_ms=1.0649 host_ms=1.1489 err_el=0 err_q0=0 err_q1=0
GGML_OP_PROFILE op=mul_mat name=ffn_up-63 ne=17408x2048x1x1 type_src0=12 rows=2048 cols=5120 stream=0x5e82347b59d0 total_ms=1.2226 host_ms=1.2643 err_el=0 err_q0=0 err_q1=0
GGML_OP_PROFILE op=mul_mat name=ffn_out-63 ne=5120x2048x1x1 type_src0=12 rows=2048 cols=17408 stream=0x5e82347b59d0 total_ms=1.2890 host_ms=1.5638 err_el=0 err_q0=0 err_q1=0
GGML_OP_PROFILE op=mul_mat name=result_output ne=248320x1x1x1 type_src0=12 rows=1 cols=5120 stream=0x5e82347b59d0 total_ms=26.9060 host_ms=26.9957 err_el=0 err_q0=0 err_q1=0
GGML_OP_PROFILE op=mul_mat name=node_13 ne=10240x2048x1x1 type_src0=18 rows=2048 cols=5120 stream=0x5e82347b59d0 total_ms=0.7770 host_ms=0.8605 err_el=0 err_q0=0 err_q1=0
GGML_OP_PROFILE op=mul_mat name=node_34 ne=48x2048x1x1 type_src0=8 rows=2048 cols=5120 stream=0x5e82347b59d0 total_ms=0.0676 host_ms=0.6600 err_el=0 err_q0=0 err_q1=0
GGML_OP_PROFILE op=mul_mat name=node_40 ne=48x2048x1x1 type_src0=8 rows=2048 cols=5120 stream=0x5e82347b59d0 total_ms=0.0410 host_ms=0.1213 err_el=0 err_q0=0 err_q1=0
GGML_OP_PROFILE op=mul_mat name=z-0 ne=6144x2048x1x1 type_src0=18 rows=2048 cols=5120 stream=0x5e82347b59d0 total_ms=0.4608 host_ms=2.0599 err_el=0 err_q0=0 err_q1=0
GGML_OP_PROFILE op=mul_mat name=linear_attn_out-0 ne=5120x2048x1x1 type_src0=21 rows=2048 cols=6144 stream=0x5e82347b59d0 total_ms=0.4432 host_ms=0.5244 err_el=0 err_q0=0 err_q1=0
GGML_OP_PROFILE op=mul_mat name=ffn_gate-0 ne=17408x2048x1x1 type_src0=19 rows=2048 cols=5120 stream=0x5e82347b59d0 total_ms=1.1896 host_ms=1.2767 err_el=0 err_q0=0 err_q1=0
GGML_OP_PROFILE op=mul_mat name=ffn_up-0 ne=17408x2048x1x1 type_src0=19 rows=2048 cols=5120 stream=0x5e82347b59d0 total_ms=1.2568 host_ms=1.2986 err_el=0 err_q0=0 err_q1=0
GGML_OP_PROFILE op=mul_mat name=ffn_out-0 ne=5120x2048x1x1 type_src0=29 rows=2048 cols=17408 stream=0x5e82347b59d0 total_ms=1.3707 host_ms=1.6458 err_el=0 err_q0=0 err_q1=0
GGML_OP_PROFILE op=mul_mat name=node_76 ne=10240x2048x1x1 type_src0=16 rows=2048 cols=5120 stream=0x5e82347b59d0 total_ms=0.6971 host_ms=0.7743 err_el=0 err_q0=0 err_q1=0
GGML_OP_PROFILE op=mul_mat name=node_97 ne=48x2048x1x1 type_src0=8 rows=2048 cols=5120 stream=0x5e82347b59d0 total_ms=0.0676 host_ms=0.4464 err_el=0 err_q0=0 err_q1=0
GGML_OP_PROFILE op=mul_mat name=node_103 ne=48x2048x1x1 type_src0=8 rows=2048 cols=5120 stream=0x5e82347b59d0 total_ms=0.0683 host_ms=0.0934 err_el=0 err_q0=0 err_q1=0
GGML_OP_PROFILE op=mul_mat name=z-1 ne=6144x2048x1x1 type_src0=22 rows=2048 cols=5120 stream=0x5e82347b59d0 total_ms=0.6175 host_ms=2.2281 err_el=0 err_q0=0 err_q1=0
GGML_OP_PROFILE op=mul_mat name=linear_attn_out-1 ne=5120x2048x1x1 type_src0=21 rows=2048 cols=6144 stream=0x5e82347b59d0 total_ms=0.4452 host_ms=0.5283 err_el=0 err_q0=0 err_q1=0
GGML_OP_PROFILE op=mul_mat name=ffn_gate-1 ne=17408x2048x1x1 type_src0=19 rows=2048 cols=5120 stream=0x5e82347b59d0 total_ms=1.4828 host_ms=1.5680 err_el=0 err_q0=0 err_q1=0
GGML_OP_PROFILE op=mul_mat name=ffn_up-1 ne=17408x2048x1x1 type_src0=19 rows=2048 cols=5120 stream=0x5e82347b59d0 total_ms=1.2108 host_ms=1.2539 err_el=0 err_q0=0 err_q1=0
GGML_OP_PROFILE op=mul_mat name=ffn_out-1 ne=5120x2048x1x1 type_src0=22 rows=2048 cols=17408 stream=0x5e82347b59d0 total_ms=1.6478 host_ms=1.9248 err_el=0 err_q0=0 err_q1=0
GGML_OP_PROFILE op=mul_mat name=node_139 ne=10240x2048x1x1 type_src0=22 rows=2048 cols=5120 stream=0x5e82347b59d0 total_ms=0.9482 host_ms=1.0442 err_el=0 err_q0=0 err_q1=0
GGML_OP_PROFILE op=mul_mat name=node_160 ne=48x2048x1x1 type_src0=8 rows=2048 cols=5120 stream=0x5e82347b59d0 total_ms=0.0676 host_ms=0.4453 err_el=0 err_q0=0 err_q1=0
GGML_OP_PROFILE op=mul_mat name=node_166 ne=48x2048x1x1 type_src0=8 rows=2048 cols=5120 stream=0x5e82347b59d0 total_ms=0.1682 host_ms=0.1902 err_el=0 err_q0=0 err_q1=0
GGML_OP_PROFILE op=mul_mat name=z-2 ne=6144x2048x1x1 type_src0=22 rows=2048 cols=5120 stream=0x5e82347b59d0 total_ms=0.6216 host_ms=2.2337 err_el=0 err_q0=0 err_q1=0
GGML_OP_PROFILE op=mul_mat name=linear_attn_out-2 ne=5120x2048x1x1 type_src0=18 rows=2048 cols=6144 stream=0x5e82347b59d0 total_ms=0.4351 host_ms=0.5216 err_el=0 err_q0=0 err_q1=0
GGML_OP_PROFILE op=mul_mat name=ffn_gate-2 ne=17408x2048x1x1 type_src0=16 rows=2048 cols=5120 stream=0x5e82347b59d0 total_ms=1.0869 host_ms=1.1648 err_el=0 err_q0=0 err_q1=0
GGML_OP_PROFILE op=mul_mat name=ffn_up-2 ne=17408x2048x1x1 type_src0=16 rows=2048 cols=5120 stream=0x5e82347b59d0 total_ms=1.1754 host_ms=1.2545 err_el=0 err_q0=0 err_q1=0
GGML_OP_PROFILE op=mul_mat name=ffn_out-2 ne=5120x2048x1x1 type_src0=10 rows=2048 cols=17408 stream=0x5e82347b59d0 total_ms=2.2127 host_ms=2.4941 err_el=0 err_q0=0 err_q1=0
GGML_OP_PROFILE op=mul_mat name=Qcur_full-3 ne=12288x2048x1x1 type_src0=22 rows=2048 cols=5120 stream=0x5e82347b59d0 total_ms=1.1551 host_ms=1.2578 err_el=0 err_q0=0 err_q1=0
GGML_OP_PROFILE op=mul_mat name=Vcur-3 ne=1024x2048x1x1 type_src0=23 rows=2048 cols=5120 stream=0x5e82347b59d0 total_ms=0.1106 host_ms=0.3244 err_el=0 err_q0=0 err_q1=0
GGML_OP_PROFILE op=mul_mat name=Kcur-3 ne=1024x2048x1x1 type_src0=23 rows=2048 cols=5120 stream=0x5e82347b59d0 total_ms=0.0958 host_ms=0.1368 err_el=0 err_q0=0 err_q1=0
GGML_OP_PROFILE op=mul_mat name=attn_output-3 ne=5120x2048x1x1 type_src0=23 rows=2048 cols=6144 stream=0x5e82347b59d0 total_ms=0.3932 host_ms=1.7586 err_el=0 err_q0=0 err_q1=0
GGML_OP_PROFILE op=mul_mat name=ffn_gate-3 ne=17408x2048x1x1 type_src0=16 rows=2048 cols=5120 stream=0x5e82347b59d0 total_ms=1.0875 host_ms=1.1752 err_el=0 err_q0=0 err_q1=0
GGML_OP_PROFILE op=mul_mat name=ffn_up-3 ne=17408x2048x1x1 type_src0=16 rows=2048 cols=5120 stream=0x5e82347b59d0 total_ms=1.1115 host_ms=1.1500 err_el=0 err_q0=0 err_q1=0
GGML_OP_PROFILE op=mul_mat name=ffn_out-3 ne=5120x2048x1x1 type_src0=22 rows=2048 cols=17408 stream=0x5e82347b59d0 total_ms=1.6577 host_ms=1.9289 err_el=0 err_q0=0 err_q1=0
GGML_OP_PROFILE op=mul_mat name=node_241 ne=10240x2048x1x1 type_src0=16 rows=2048 cols=5120 stream=0x5e82347b59d0 total_ms=0.6773 host_ms=0.7600 err_el=0 err_q0=0 err_q1=0
GGML_OP_PROFILE op=mul_mat name=node_262 ne=48x2048x1x1 type_src0=8 rows=2048 cols=5120 stream=0x5e82347b59d0 total_ms=0.0676 host_ms=0.4389 err_el=0 err_q0=0 err_q1=0
GGML_OP_PROFILE op=mul_mat name=node_268 ne=48x2048x1x1 type_src0=8 rows=2048 cols=5120 stream=0x5e82347b59d0 total_ms=0.0450 host_ms=0.0764 err_el=0 err_q0=0 err_q1=0
GGML_OP_PROFILE op=mul_mat name=z-4 ne=6144x2048x1x1 type_src0=10 rows=2048 cols=5120 stream=0x5e82347b59d0 total_ms=1.0209 host_ms=2.6306 err_el=0 err_q0=0 err_q1=0
GGML_OP_PROFILE op=mul_mat name=linear_attn_out-4 ne=5120x2048x1x1 type_src0=10 rows=2048 cols=6144 stream=0x5e82347b59d0 total_ms=0.6812 host_ms=0.7751 err_el=0 err_q0=0 err_q1=0
GGML_OP_PROFILE op=mul_mat name=ffn_gate-4 ne=17408x2048x1x1 type_src0=16 rows=2048 cols=5120 stream=0x5e82347b59d0 total_ms=1.0895 host_ms=1.1782 err_el=0 err_q0=0 err_q1=0
GGML_OP_PROFILE op=mul_mat name=ffn_up-4 ne=17408x2048x1x1 type_src0=16 rows=2048 cols=5120 stream=0x5e82347b59d0 total_ms=1.1125 host_ms=1.1503 err_el=0 err_q0=0 err_q1=0
GGML_OP_PROFILE op=mul_mat name=ffn_out-4 ne=5120x2048x1x1 type_src0=16 rows=2048 cols=17408 stream=0x5e82347b59d0 total_ms=1.1908 host_ms=1.4673 err_el=0 err_q0=0 err_q1=0
GGML_OP_PROFILE op=mul_mat name=node_304 ne=10240x2048x1x1 type_src0=22 rows=2048 cols=5120 stream=0x5e82347b59d0 total_ms=0.9523 host_ms=1.0424 err_el=0 err_q0=0 err_q1=0
GGML_OP_PROFILE op=mul_mat name=node_325 ne=48x2048x1x1 type_src0=8 rows=2048 cols=5120 stream=0x5e82347b59d0 total_ms=0.0676 host_ms=0.4489 err_el=0 err_q0=0 err_q1=0
GGML_OP_PROFILE op=mul_mat name=node_331 ne=48x2048x1x1 type_src0=8 rows=2048 cols=5120 stream=0x5e82347b59d0 total_ms=0.0644 host_ms=0.0828 err_el=0 err_q0=0 err_q1=0
GGML_OP_PROFILE op=mul_mat name=z-5 ne=6144x2048x1x1 type_src0=10 rows=2048 cols=5120 stream=0x5e82347b59d0 total_ms=0.7240 host_ms=2.3345 err_el=0 err_q0=0 err_q1=0
GGML_OP_PROFILE op=mul_mat name=linear_attn_out-5 ne=5120x2048x1x1 type_src0=18 rows=2048 cols=6144 stream=0x5e82347b59d0 total_ms=0.4354 host_ms=0.5206 err_el=0 err_q0=0 err_q1=0
GGML_OP_PROFILE op=mul_mat name=ffn_gate-5 ne=17408x2048x1x1 type_src0=16 rows=2048 cols=5120 stream=0x5e82347b59d0 total_ms=1.0910 host_ms=1.1767 err_el=0 err_q0=0 err_q1=0
GGML_OP_PROFILE op=mul_mat name=ffn_up-5 ne=17408x2048x1x1 type_src0=22 rows=2048 cols=5120 stream=0x5e82347b59d0 total_ms=1.5577 host_ms=1.5998 err_el=0 err_q0=0 err_q1=0
GGML_OP_PROFILE op=mul_mat name=ffn_out-5 ne=5120x2048x1x1 type_src0=16 rows=2048 cols=17408 stream=0x5e82347b59d0 total_ms=1.1940 host_ms=1.5460 err_el=0 err_q0=0 err_q1=0
GGML_OP_PROFILE op=mul_mat name=node_367 ne=10240x2048x1x1 type_src0=22 rows=2048 cols=5120 stream=0x5e82347b59d0 total_ms=1.0088 host_ms=1.0799 err_el=0 err_q0=0 err_q1=0
GGML_OP_PROFILE op=mul_mat name=node_388 ne=48x2048x1x1 type_src0=8 rows=2048 cols=5120 stream=0x5e82347b59d0 total_ms=0.0676 host_ms=0.4113 err_el=0 err_q0=0 err_q1=0
GGML_OP_PROFILE op=mul_mat name=node_394 ne=48x2048x1x1 type_src0=8 rows=2048 cols=5120 stream=0x5e82347b59d0 total_ms=0.1075 host_ms=0.1705 err_el=0 err_q0=0 err_q1=0
GGML_OP_PROFILE op=mul_mat name=z-6 ne=6144x2048x1x1 type_src0=22 rows=2048 cols=5120 stream=0x5e82347b59d0 total_ms=0.6215 host_ms=2.2423 err_el=0 err_q0=0 err_q1=0
GGML_OP_PROFILE op=mul_mat name=linear_attn_out-6 ne=5120x2048x1x1 type_src0=10 rows=2048 cols=6144 stream=0x5e82347b59d0 total_ms=0.6899 host_ms=0.7699 err_el=0 err_q0=0 err_q1=0
GGML_OP_PROFILE op=mul_mat name=ffn_gate-6 ne=17408x2048x1x1 type_src0=16 rows=2048 cols=5120 stream=0x5e82347b59d0 total_ms=1.0930 host_ms=1.1700 err_el=0 err_q0=0 err_q1=0
GGML_OP_PROFILE op=mul_mat name=ffn_up-6 ne=17408x2048x1x1 type_src0=29 rows=2048 cols=5120 stream=0x5e82347b59d0 total_ms=1.5337 host_ms=1.5761 err_el=0 err_q0=0 err_q1=0
GGML_OP_PROFILE op=mul_mat name=ffn_out-6 ne=5120x2048x1x1 type_src0=16 rows=2048 cols=17408 stream=0x5e82347b59d0 total_ms=1.1989 host_ms=1.5244 err_el=0 err_q0=0 err_q1=0
GGML_OP_PROFILE op=mul_mat name=Qcur_full-7 ne=12288x2048x1x1 type_src0=22 rows=2048 cols=5120 stream=0x5e82347b59d0 total_ms=1.1664 host_ms=1.2499 err_el=0 err_q0=0 err_q1=0
GGML_OP_PROFILE op=mul_mat name=Vcur-7 ne=1024x2048x1x1 type_src0=23 rows=2048 cols=5120 stream=0x5e82347b59d0 total_ms=0.1126 host_ms=0.3622 err_el=0 err_q0=0 err_q1=0
GGML_OP_PROFILE op=mul_mat name=Kcur-7 ne=1024x2048x1x1 type_src0=18 rows=2048 cols=5120 stream=0x5e82347b59d0 total_ms=0.1580 host_ms=0.2334 err_el=0 err_q0=0 err_q1=0
GGML_OP_PROFILE op=mul_mat name=attn_output-7 ne=5120x2048x1x1 type_src0=10 rows=2048 cols=6144 stream=0x5e82347b59d0 total_ms=0.6860 host_ms=1.9519 err_el=0 err_q0=0 err_q1=0
GGML_OP_PROFILE op=mul_mat name=ffn_gate-7 ne=17408x2048x1x1 type_src0=16 rows=2048 cols=5120 stream=0x5e82347b59d0 total_ms=1.0971 host_ms=1.1786 err_el=0 err_q0=0 err_q1=0
GGML_OP_PROFILE op=mul_mat name=ffn_up-7 ne=17408x2048x1x1 type_src0=16 rows=2048 cols=5120 stream=0x5e82347b59d0 total_ms=1.1765 host_ms=1.2178 err_el=0 err_q0=0 err_q1=0
GGML_OP_PROFILE op=mul_mat name=ffn_out-7 ne=5120x2048x1x1 type_src0=17 rows=2048 cols=17408 stream=0x5e82347b59d0 total_ms=1.6875 host_ms=1.9640 err_el=0 err_q0=0 err_q1=0
GGML_OP_PROFILE op=mul_mat name=node_469 ne=10240x2048x1x1 type_src0=19 rows=2048 cols=5120 stream=0x5e82347b59d0 total_ms=0.7516 host_ms=0.8469 err_el=0 err_q0=0 err_q1=0
GGML_OP_PROFILE op=mul_mat name=node_490 ne=48x2048x1x1 type_src0=8 rows=2048 cols=5120 stream=0x5e82347b59d0 total_ms=0.0676 host_ms=0.4433 err_el=0 err_q0=0 err_q1=0
GGML_OP_PROFILE op=mul_mat name=node_496 ne=48x2048x1x1 type_src0=8 rows=2048 cols=5120 stream=0x5e82347b59d0 total_ms=0.0458 host_ms=0.0730 err_el=0 err_q0=0 err_q1=0
GGML_OP_PROFILE op=mul_mat name=z-8 ne=6144x2048x1x1 type_src0=22 rows=2048 cols=5120 stream=0x5e82347b59d0 total_ms=0.6288 host_ms=2.5613 err_el=0 err_q0=0 err_q1=0
GGML_OP_PROFILE op=mul_mat name=linear_attn_out-8 ne=5120x2048x1x1 type_src0=10 rows=2048 cols=6144 stream=0x5e82347b59d0 total_ms=0.6916 host_ms=0.7800 err_el=0 err_q0=0 err_q1=0
GGML_OP_PROFILE op=mul_mat name=ffn_gate-8 ne=17408x2048x1x1 type_src0=16 rows=2048 cols=5120 stream=0x5e82347b59d0 total_ms=1.0977 host_ms=1.3242 err_el=0 err_q0=0 err_q1=0
GGML_OP_PROFILE op=mul_mat name=ffn_up-8 ne=17408x2048x1x1 type_src0=16 rows=2048 cols=5120 stream=0x5e82347b59d0 total_ms=1.1601 host_ms=1.1991 err_el=0 err_q0=0 err_q1=0
GGML_OP_PROFILE op=mul_mat name=ffn_out-8 ne=5120x2048x1x1 type_src0=19 rows=2048 cols=17408 stream=0x5e82347b59d0 total_ms=1.3227 host_ms=1.5987 err_el=0 err_q0=0 err_q1=0
GGML_OP_PROFILE op=mul_mat name=node_532 ne=10240x2048x1x1 type_src0=19 rows=2048 cols=5120 stream=0x5e82347b59d0 total_ms=0.7516 host_ms=0.8361 err_el=0 err_q0=0 err_q1=0
GGML_OP_PROFILE op=mul_mat name=node_553 ne=48x2048x1x1 type_src0=8 rows=2048 cols=5120 stream=0x5e82347b59d0 total_ms=0.0676 host_ms=0.4437 err_el=0 err_q0=0 err_q1=0
GGML_OP_PROFILE op=mul_mat name=node_559 ne=48x2048x1x1 type_src0=8 rows=2048 cols=5120 stream=0x5e82347b59d0 total_ms=0.0471 host_ms=0.0693 err_el=0 err_q0=0 err_q1=0
GGML_OP_PROFILE op=mul_mat name=z-9 ne=6144x2048x1x1 type_src0=16 rows=2048 cols=5120 stream=0x5e82347b59d0 total_ms=0.4505 host_ms=2.0897 err_el=0 err_q0=0 err_q1=0
GGML_OP_PROFILE op=mul_mat name=linear_attn_out-9 ne=5120x2048x1x1 type_src0=10 rows=2048 cols=6144 stream=0x5e82347b59d0 total_ms=0.6934 host_ms=0.7745 err_el=0 err_q0=0 err_q1=0
GGML_OP_PROFILE op=mul_mat name=ffn_gate-9 ne=17408x2048x1x1 type_src0=29 rows=2048 cols=5120 stream=0x5e82347b59d0 total_ms=1.5329 host_ms=1.6220 err_el=0 err_q0=0 err_q1=0
GGML_OP_PROFILE op=mul_mat name=ffn_up-9 ne=17408x2048x1x1 type_src0=19 rows=2048 cols=5120 stream=0x5e82347b59d0 total_ms=1.2364 host_ms=1.2773 err_el=0 err_q0=0 err_q1=0
GGML_OP_PROFILE op=mul_mat name=ffn_out-9 ne=5120x2048x1x1 type_src0=29 rows=2048 cols=17408 stream=0x5e82347b59d0 total_ms=1.6686 host_ms=1.9474 err_el=0 err_q0=0 err_q1=0
GGML_OP_PROFILE op=mul_mat name=node_595 ne=10240x2048x1x1 type_src0=22 rows=2048 cols=5120 stream=0x5e82347b59d0 total_ms=0.9585 host_ms=1.0554 err_el=0 err_q0=0 err_q1=0
GGML_OP_PROFILE op=mul_mat name=node_616 ne=48x2048x1x1 type_src0=8 rows=2048 cols=5120 stream=0x5e82347b59d0 total_ms=0.0676 host_ms=0.4610 err_el=0 err_q0=0 err_q1=0
GGML_OP_PROFILE op=mul_mat name=node_622 ne=48x2048x1x1 type_src0=8 rows=2048 cols=5120 stream=0x5e82347b59d0 total_ms=0.0796 host_ms=0.0976 err_el=0 err_q0=0 err_q1=0
GGML_OP_PROFILE op=mul_mat name=z-10 ne=6144x2048x1x1 type_src0=16 rows=2048 cols=5120 stream=0x5e82347b59d0 total_ms=0.4464 host_ms=2.0733 err_el=0 err_q0=0 err_q1=0
GGML_OP_PROFILE op=mul_mat name=linear_attn_out-10 ne=5120x2048x1x1 type_src0=10 rows=2048 cols=6144 stream=0x5e82347b59d0 total_ms=0.6849 host_ms=0.7672 err_el=0 err_q0=0 err_q1=0
GGML_OP_PROFILE op=mul_mat name=ffn_gate-10 ne=17408x2048x1x1 type_src0=29 rows=2048 cols=5120 stream=0x5e82347b59d0 total_ms=1.5278 host_ms=1.6110 err_el=0 err_q0=0 err_q1=0
GGML_OP_PROFILE op=mul_mat name=ffn_up-10 ne=17408x2048x1x1 type_src0=19 rows=2048 cols=5120 stream=0x5e82347b59d0 total_ms=1.2263 host_ms=1.3556 err_el=0 err_q0=0 err_q1=0
GGML_OP_PROFILE op=mul_mat name=ffn_out-10 ne=5120x2048x1x1 type_src0=29 rows=2048 cols=17408 stream=0x5e82347b59d0 total_ms=1.3751 host_ms=1.6508 err_el=0 err_q0=0 err_q1=0
GGML_OP_PROFILE op=mul_mat name=Qcur_full-11 ne=12288x2048x1x1 type_src0=22 rows=2048 cols=5120 stream=0x5e82347b59d0 total_ms=1.1569 host_ms=1.2421 err_el=0 err_q0=0 err_q1=0
GGML_OP_PROFILE op=mul_mat name=Vcur-11 ne=1024x2048x1x1 type_src0=23 rows=2048 cols=5120 stream=0x5e82347b59d0 total_ms=0.1127 host_ms=0.2252 err_el=0 err_q0=0 err_q1=0
GGML_OP_PROFILE op=mul_mat name=Kcur-11 ne=1024x2048x1x1 type_src0=18 rows=2048 cols=5120 stream=0x5e82347b59d0 total_ms=0.1440 host_ms=0.1835 err_el=0 err_q0=0 err_q1=0
GGML_OP_PROFILE op=mul_mat name=attn_output-11 ne=5120x2048x1x1 type_src0=10 rows=2048 cols=6144 stream=0x5e82347b59d0 total_ms=0.6820 host_ms=2.0669 err_el=0 err_q0=0 err_q1=0
GGML_OP_PROFILE op=mul_mat name=ffn_gate-11 ne=17408x2048x1x1 type_src0=19 rows=2048 cols=5120 stream=0x5e82347b59d0 total_ms=1.2036 host_ms=1.2844 err_el=0 err_q0=0 err_q1=0
GGML_OP_PROFILE op=mul_mat name=ffn_up-11 ne=17408x2048x1x1 type_src0=19 rows=2048 cols=5120 stream=0x5e82347b59d0 total_ms=1.2757 host_ms=1.3180 err_el=0 err_q0=0 err_q1=0
GGML_OP_PROFILE op=mul_mat name=ffn_out-11 ne=5120x2048x1x1 type_src0=19 rows=2048 cols=17408 stream=0x5e82347b59d0 total_ms=1.3159 host_ms=1.5963 err_el=0 err_q0=0 err_q1=0
GGML_OP_PROFILE op=mul_mat name=node_697 ne=10240x2048x1x1 type_src0=19 rows=2048 cols=5120 stream=0x5e82347b59d0 total_ms=0.7492 host_ms=0.8070 err_el=0 err_q0=0 err_q1=0
GGML_OP_PROFILE op=mul_mat name=node_718 ne=48x2048x1x1 type_src0=8 rows=2048 cols=5120 stream=0x5e82347b59d0 total_ms=0.0676 host_ms=0.4467 err_el=0 err_q0=0 err_q1=0
GGML_OP_PROFILE op=mul_mat name=node_724 ne=48x2048x1x1 type_src0=8 rows=2048 cols=5120 stream=0x5e82347b59d0 total_ms=0.0981 host_ms=0.1186 err_el=0 err_q0=0 err_q1=0
GGML_OP_PROFILE op=mul_mat name=z-12 ne=6144x2048x1x1 type_src0=22 rows=2048 cols=5120 stream=0x5e82347b59d0 total_ms=0.6257 host_ms=2.2482 err_el=0 err_q0=0 err_q1=0
GGML_OP_PROFILE op=mul_mat name=linear_attn_out-12 ne=5120x2048x1x1 type_src0=22 rows=2048 cols=6144 stream=0x5e82347b59d0 total_ms=0.5849 host_ms=0.6717 err_el=0 err_q0=0 err_q1=0
GGML_OP_PROFILE op=mul_mat name=ffn_gate-12 ne=17408x2048x1x1 type_src0=29 rows=2048 cols=5120 stream=0x5e82347b59d0 total_ms=1.5337 host_ms=1.6240 err_el=0 err_q0=0 err_q1=0
GGML_OP_PROFILE op=mul_mat name=ffn_up-12 ne=17408x2048x1x1 type_src0=19 rows=2048 cols=5120 stream=0x5e82347b59d0 total_ms=1.5498 host_ms=1.5920 err_el=0 err_q0=0 err_q1=0
GGML_OP_PROFILE op=mul_mat name=ffn_out-12 ne=5120x2048x1x1 type_src0=19 rows=2048 cols=17408 stream=0x5e82347b59d0 total_ms=1.3121 host_ms=1.5922 err_el=0 err_q0=0 err_q1=0
GGML_OP_PROFILE op=mul_mat name=node_760 ne=10240x2048x1x1 type_src0=19 rows=2048 cols=5120 stream=0x5e82347b59d0 total_ms=0.7496 host_ms=0.8390 err_el=0 err_q0=0 err_q1=0
GGML_OP_PROFILE op=mul_mat name=node_781 ne=48x2048x1x1 type_src0=8 rows=2048 cols=5120 stream=0x5e82347b59d0 total_ms=0.0676 host_ms=0.4395 err_el=0 err_q0=0 err_q1=0
GGML_OP_PROFILE op=mul_mat name=node_787 ne=48x2048x1x1 type_src0=8 rows=2048 cols=5120 stream=0x5e82347b59d0 total_ms=0.0426 host_ms=0.0735 err_el=0 err_q0=0 err_q1=0
GGML_OP_PROFILE op=mul_mat name=z-13 ne=6144x2048x1x1 type_src0=16 rows=2048 cols=5120 stream=0x5e82347b59d0 total_ms=0.4485 host_ms=2.0667 err_el=0 err_q0=0 err_q1=0
GGML_OP_PROFILE op=mul_mat name=linear_attn_out-13 ne=5120x2048x1x1 type_src0=22 rows=2048 cols=6144 stream=0x5e82347b59d0 total_ms=0.5865 host_ms=0.6679 err_el=0 err_q0=0 err_q1=0
GGML_OP_PROFILE op=mul_mat name=ffn_gate-13 ne=17408x2048x1x1 type_src0=19 rows=2048 cols=5120 stream=0x5e82347b59d0 total_ms=1.2034 host_ms=1.2877 err_el=0 err_q0=0 err_q1=0
GGML_OP_PROFILE op=mul_mat name=ffn_up-13 ne=17408x2048x1x1 type_src0=19 rows=2048 cols=5120 stream=0x5e82347b59d0 total_ms=1.2444 host_ms=1.2858 err_el=0 err_q0=0 err_q1=0
GGML_OP_PROFILE op=mul_mat name=ffn_out-13 ne=5120x2048x1x1 type_src0=19 rows=2048 cols=17408 stream=0x5e82347b59d0 total_ms=1.3119 host_ms=1.5845 err_el=0 err_q0=0 err_q1=0
GGML_OP_PROFILE op=mul_mat name=node_823 ne=10240x2048x1x1 type_src0=17 rows=2048 cols=5120 stream=0x5e82347b59d0 total_ms=0.9687 host_ms=1.0558 err_el=0 err_q0=0 err_q1=0
GGML_OP_PROFILE op=mul_mat name=node_844 ne=48x2048x1x1 type_src0=8 rows=2048 cols=5120 stream=0x5e82347b59d0 total_ms=0.0676 host_ms=0.4430 err_el=0 err_q0=0 err_q1=0
GGML_OP_PROFILE op=mul_mat name=node_850 ne=48x2048x1x1 type_src0=8 rows=2048 cols=5120 stream=0x5e82347b59d0 total_ms=0.0548 host_ms=0.0929 err_el=0 err_q0=0 err_q1=0
GGML_OP_PROFILE op=mul_mat name=z-14 ne=6144x2048x1x1 type_src0=19 rows=2048 cols=5120 stream=0x5e82347b59d0 total_ms=0.4922 host_ms=2.1160 err_el=0 err_q0=0 err_q1=0
GGML_OP_PROFILE op=mul_mat name=linear_attn_out-14 ne=5120x2048x1x1 type_src0=22 rows=2048 cols=6144 stream=0x5e82347b59d0 total_ms=0.5866 host_ms=0.6629 err_el=0 err_q0=0 err_q1=0
GGML_OP_PROFILE op=mul_mat name=ffn_gate-14 ne=17408x2048x1x1 type_src0=19 rows=2048 cols=5120 stream=0x5e82347b59d0 total_ms=1.2029 host_ms=1.2820 err_el=0 err_q0=0 err_q1=0
GGML_OP_PROFILE op=mul_mat name=ffn_up-14 ne=17408x2048x1x1 type_src0=19 rows=2048 cols=5120 stream=0x5e82347b59d0 total_ms=1.2801 host_ms=1.3256 err_el=0 err_q0=0 err_q1=0
GGML_OP_PROFILE op=mul_mat name=ffn_out-14 ne=5120x2048x1x1 type_src0=19 rows=2048 cols=17408 stream=0x5e82347b59d0 total_ms=1.3146 host_ms=1.6018 err_el=0 err_q0=0 err_q1=0
GGML_OP_PROFILE op=mul_mat name=Qcur_full-15 ne=12288x2048x1x1 type_src0=22 rows=2048 cols=5120 stream=0x5e82347b59d0 total_ms=1.1646 host_ms=1.2832 err_el=0 err_q0=0 err_q1=0
GGML_OP_PROFILE op=mul_mat name=Vcur-15 ne=1024x2048x1x1 type_src0=23 rows=2048 cols=5120 stream=0x5e82347b59d0 total_ms=0.1121 host_ms=0.2541 err_el=0 err_q0=0 err_q1=0
GGML_OP_PROFILE op=mul_mat name=Kcur-15 ne=1024x2048x1x1 type_src0=18 rows=2048 cols=5120 stream=0x5e82347b59d0 total_ms=0.1704 host_ms=0.2455 err_el=0 err_q0=0 err_q1=0
GGML_OP_PROFILE op=mul_mat name=attn_output-15 ne=5120x2048x1x1 type_src0=29 rows=2048 cols=6144 stream=0x5e82347b59d0 total_ms=0.5202 host_ms=1.7784 err_el=0 err_q0=0 err_q1=0
GGML_OP_PROFILE op=mul_mat name=ffn_gate-15 ne=17408x2048x1x1 type_src0=19 rows=2048 cols=5120 stream=0x5e82347b59d0 total_ms=1.2152 host_ms=1.2873 err_el=0 err_q0=0 err_q1=0
GGML_OP_PROFILE op=mul_mat name=ffn_up-15 ne=17408x2048x1x1 type_src0=19 rows=2048 cols=5120 stream=0x5e82347b59d0 total_ms=1.5759 host_ms=1.6202 err_el=0 err_q0=0 err_q1=0
GGML_OP_PROFILE op=mul_mat name=ffn_out-15 ne=5120x2048x1x1 type_src0=19 rows=2048 cols=17408 stream=0x5e82347b59d0 total_ms=1.3285 host_ms=1.6111 err_el=0 err_q0=0 err_q1=0
GGML_OP_PROFILE op=mul_mat name=node_925 ne=10240x2048x1x1 type_src0=10 rows=2048 cols=5120 stream=0x5e82347b59d0 total_ms=1.1956 host_ms=1.2853 err_el=0 err_q0=0 err_q1=0
GGML_OP_PROFILE op=mul_mat name=node_946 ne=48x2048x1x1 type_src0=8 rows=2048 cols=5120 stream=0x5e82347b59d0 total_ms=0.0676 host_ms=0.4498 err_el=0 err_q0=0 err_q1=0
GGML_OP_PROFILE op=mul_mat name=node_952 ne=48x2048x1x1 type_src0=8 rows=2048 cols=5120 stream=0x5e82347b59d0 total_ms=0.1075 host_ms=0.1633 err_el=0 err_q0=0 err_q1=0
GGML_OP_PROFILE op=mul_mat name=z-16 ne=6144x2048x1x1 type_src0=16 rows=2048 cols=5120 stream=0x5e82347b59d0 total_ms=0.4516 host_ms=2.0881 err_el=0 err_q0=0 err_q1=0
GGML_OP_PROFILE op=mul_mat name=linear_attn_out-16 ne=5120x2048x1x1 type_src0=16 rows=2048 cols=6144 stream=0x5e82347b59d0 total_ms=0.4182 host_ms=0.5036 err_el=0 err_q0=0 err_q1=0
GGML_OP_PROFILE op=mul_mat name=ffn_gate-16 ne=17408x2048x1x1 type_src0=19 rows=2048 cols=5120 stream=0x5e82347b59d0 total_ms=1.2142 host_ms=1.2992 err_el=0 err_q0=0 err_q1=0
GGML_OP_PROFILE op=mul_mat name=ffn_up-16 ne=17408x2048x1x1 type_src0=19 rows=2048 cols=5120 stream=0x5e82347b59d0 total_ms=1.2404 host_ms=1.2875 err_el=0 err_q0=0 err_q1=0
GGML_OP_PROFILE op=mul_mat name=ffn_out-16 ne=5120x2048x1x1 type_src0=29 rows=2048 cols=17408 stream=0x5e82347b59d0 total_ms=1.3816 host_ms=1.6557 err_el=0 err_q0=0 err_q1=0
GGML_OP_PROFILE op=mul_mat name=node_988 ne=10240x2048x1x1 type_src0=22 rows=2048 cols=5120 stream=0x5e82347b59d0 total_ms=0.9646 host_ms=1.0456 err_el=0 err_q0=0 err_q1=0
GGML_OP_PROFILE op=mul_mat name=node_1009 ne=48x2048x1x1 type_src0=8 rows=2048 cols=5120 stream=0x5e82347b59d0 total_ms=0.0676 host_ms=0.5381 err_el=0 err_q0=0 err_q1=0
GGML_OP_PROFILE op=mul_mat name=node_1015 ne=48x2048x1x1 type_src0=8 rows=2048 cols=5120 stream=0x5e82347b59d0 total_ms=0.0873 host_ms=0.1111 err_el=0 err_q0=0 err_q1=0
GGML_OP_PROFILE op=mul_mat name=z-17 ne=6144x2048x1x1 type_src0=29 rows=2048 cols=5120 stream=0x5e82347b59d0 total_ms=0.5867 host_ms=2.2217 err_el=0 err_q0=0 err_q1=0
GGML_OP_PROFILE op=mul_mat name=linear_attn_out-17 ne=5120x2048x1x1 type_src0=10 rows=2048 cols=6144 stream=0x5e82347b59d0 total_ms=0.6951 host_ms=0.7699 err_el=0 err_q0=0 err_q1=0
GGML_OP_PROFILE op=mul_mat name=ffn_gate-17 ne=17408x2048x1x1 type_src0=19 rows=2048 cols=5120 stream=0x5e82347b59d0 total_ms=1.2124 host_ms=1.2994 err_el=0 err_q0=0 err_q1=0
GGML_OP_PROFILE op=mul_mat name=ffn_up-17 ne=17408x2048x1x1 type_src0=19 rows=2048 cols=5120 stream=0x5e82347b59d0 total_ms=1.2861 host_ms=1.3246 err_el=0 err_q0=0 err_q1=0
GGML_OP_PROFILE op=mul_mat name=ffn_out-17 ne=5120x2048x1x1 type_src0=19 rows=2048 cols=17408 stream=0x5e82347b59d0 total_ms=1.3239 host_ms=1.6017 err_el=0 err_q0=0 err_q1=0
GGML_OP_PROFILE op=mul_mat name=node_1051 ne=10240x2048x1x1 type_src0=17 rows=2048 cols=5120 stream=0x5e82347b59d0 total_ms=0.9767 host_ms=1.0618 err_el=0 err_q0=0 err_q1=0
GGML_OP_PROFILE op=mul_mat name=node_1072 ne=48x2048x1x1 type_src0=8 rows=2048 cols=5120 stream=0x5e82347b59d0 total_ms=0.0676 host_ms=0.4401 err_el=0 err_q0=0 err_q1=0
GGML_OP_PROFILE op=mul_mat name=node_1078 ne=48x2048x1x1 type_src0=8 rows=2048 cols=5120 stream=0x5e82347b59d0 total_ms=0.0714 host_ms=0.0903 err_el=0 err_q0=0 err_q1=0
GGML_OP_PROFILE op=mul_mat name=z-18 ne=6144x2048x1x1 type_src0=17 rows=2048 cols=5120 stream=0x5e82347b59d0 total_ms=0.6380 host_ms=2.2804 err_el=0 err_q0=0 err_q1=0
GGML_OP_PROFILE op=mul_mat name=linear_attn_out-18 ne=5120x2048x1x1 type_src0=22 rows=2048 cols=6144 stream=0x5e82347b59d0 total_ms=0.5919 host_ms=0.9814 err_el=0 err_q0=0 err_q1=0
GGML_OP_PROFILE op=mul_mat name=ffn_gate-18 ne=17408x2048x1x1 type_src0=19 rows=2048 cols=5120 stream=0x5e82347b59d0 total_ms=1.2137 host_ms=1.2922 err_el=0 err_q0=0 err_q1=0
GGML_OP_PROFILE op=mul_mat name=ffn_up-18 ne=17408x2048x1x1 type_src0=29 rows=2048 cols=5120 stream=0x5e82347b59d0 total_ms=1.5369 host_ms=1.5780 err_el=0 err_q0=0 err_q1=0
GGML_OP_PROFILE op=mul_mat name=ffn_out-18 ne=5120x2048x1x1 type_src0=16 rows=2048 cols=17408 stream=0x5e82347b59d0 total_ms=1.2065 host_ms=1.5029 err_el=0 err_q0=0 err_q1=0
GGML_OP_PROFILE op=mul_mat name=Qcur_full-19 ne=12288x2048x1x1 type_src0=29 rows=2048 cols=5120 stream=0x5e82347b59d0 total_ms=1.0954 host_ms=1.1778 err_el=0 err_q0=0 err_q1=0
GGML_OP_PROFILE op=mul_mat name=Vcur-19 ne=1024x2048x1x1 type_src0=23 rows=2048 cols=5120 stream=0x5e82347b59d0 total_ms=0.1127 host_ms=0.2310 err_el=0 err_q0=0 err_q1=0
GGML_OP_PROFILE op=mul_mat name=Kcur-19 ne=1024x2048x1x1 type_src0=23 rows=2048 cols=5120 stream=0x5e82347b59d0 total_ms=0.1462 host_ms=0.2197 err_el=0 err_q0=0 err_q1=0
GGML_OP_PROFILE op=mul_mat name=attn_output-19 ne=5120x2048x1x1 type_src0=18 rows=2048 cols=6144 stream=0x5e82347b59d0 total_ms=0.4362 host_ms=1.8180 err_el=0 err_q0=0 err_q1=0
GGML_OP_PROFILE op=mul_mat name=ffn_gate-19 ne=17408x2048x1x1 type_src0=29 rows=2048 cols=5120 stream=0x5e82347b59d0 total_ms=1.5337 host_ms=1.6211 err_el=0 err_q0=0 err_q1=0
GGML_OP_PROFILE op=mul_mat name=ffn_up-19 ne=17408x2048x1x1 type_src0=19 rows=2048 cols=5120 stream=0x5e82347b59d0 total_ms=1.2772 host_ms=1.3173 err_el=0 err_q0=0 err_q1=0
GGML_OP_PROFILE op=mul_mat name=ffn_out-19 ne=5120x2048x1x1 type_src0=16 rows=2048 cols=17408 stream=0x5e82347b59d0 total_ms=1.4989 host_ms=1.7731 err_el=0 err_q0=0 err_q1=0
GGML_OP_PROFILE op=mul_mat name=node_1153 ne=10240x2048x1x1 type_src0=10 rows=2048 cols=5120 stream=0x5e82347b59d0 total_ms=1.1924 host_ms=1.2650 err_el=0 err_q0=0 err_q1=0
GGML_OP_PROFILE op=mul_mat name=node_1174 ne=48x2048x1x1 type_src0=8 rows=2048 cols=5120 stream=0x5e82347b59d0 total_ms=0.0696 host_ms=0.3726 err_el=0 err_q0=0 err_q1=0
GGML_OP_PROFILE op=mul_mat name=node_1180 ne=48x2048x1x1 type_src0=8 rows=2048 cols=5120 stream=0x5e82347b59d0 total_ms=0.1380 host_ms=0.1906 err_el=0 err_q0=0 err_q1=0
GGML_OP_PROFILE op=mul_mat name=z-20 ne=6144x2048x1x1 type_src0=22 rows=2048 cols=5120 stream=0x5e82347b59d0 total_ms=0.6297 host_ms=2.2704 err_el=0 err_q0=0 err_q1=0
GGML_OP_PROFILE op=mul_mat name=linear_attn_out-20 ne=5120x2048x1x1 type_src0=10 rows=2048 cols=6144 stream=0x5e82347b59d0 total_ms=0.6950 host_ms=0.7819 err_el=0 err_q0=0 err_q1=0
GGML_OP_PROFILE op=mul_mat name=ffn_gate-20 ne=17408x2048x1x1 type_src0=22 rows=2048 cols=5120 stream=0x5e82347b59d0 total_ms=1.5559 host_ms=1.6374 err_el=0 err_q0=0 err_q1=0
GGML_OP_PROFILE op=mul_mat name=ffn_up-20 ne=17408x2048x1x1 type_src0=10 rows=2048 cols=5120 stream=0x5e82347b59d0 total_ms=1.8358 host_ms=1.8791 err_el=0 err_q0=0 err_q1=0
GGML_OP_PROFILE op=mul_mat name=ffn_out-20 ne=5120x2048x1x1 type_src0=10 rows=2048 cols=17408 stream=0x5e82347b59d0 total_ms=1.9458 host_ms=2.2229 err_el=0 err_q0=0 err_q1=0
GGML_OP_PROFILE op=mul_mat name=node_1216 ne=10240x2048x1x1 type_src0=22 rows=2048 cols=5120 stream=0x5e82347b59d0 total_ms=1.2595 host_ms=1.3502 err_el=0 err_q0=0 err_q1=0
GGML_OP_PROFILE op=mul_mat name=node_1237 ne=48x2048x1x1 type_src0=8 rows=2048 cols=5120 stream=0x5e82347b59d0 total_ms=0.0676 host_ms=0.4463 err_el=0 err_q0=0 err_q1=0
GGML_OP_PROFILE op=mul_mat name=node_1243 ne=48x2048x1x1 type_src0=8 rows=2048 cols=5120 stream=0x5e82347b59d0 total_ms=0.0848 host_ms=0.1105 err_el=0 err_q0=0 err_q1=0
GGML_OP_PROFILE op=mul_mat name=z-21 ne=6144x2048x1x1 type_src0=10 rows=2048 cols=5120 stream=0x5e82347b59d0 total_ms=0.7301 host_ms=2.3086 err_el=0 err_q0=0 err_q1=0
GGML_OP_PROFILE op=mul_mat name=linear_attn_out-21 ne=5120x2048x1x1 type_src0=10 rows=2048 cols=6144 stream=0x5e82347b59d0 total_ms=0.6844 host_ms=0.7741 err_el=0 err_q0=0 err_q1=0
GGML_OP_PROFILE op=mul_mat name=ffn_gate-21 ne=17408x2048x1x1 type_src0=22 rows=2048 cols=5120 stream=0x5e82347b59d0 total_ms=1.5562 host_ms=1.6473 err_el=0 err_q0=0 err_q1=0
GGML_OP_PROFILE op=mul_mat name=ffn_up-21 ne=17408x2048x1x1 type_src0=10 rows=2048 cols=5120 stream=0x5e82347b59d0 total_ms=1.8413 host_ms=1.8838 err_el=0 err_q0=0 err_q1=0
GGML_OP_PROFILE op=mul_mat name=ffn_out-21 ne=5120x2048x1x1 type_src0=22 rows=2048 cols=17408 stream=0x5e82347b59d0 total_ms=1.6724 host_ms=1.9482 err_el=0 err_q0=0 err_q1=0
GGML_OP_PROFILE op=mul_mat name=node_1279 ne=10240x2048x1x1 type_src0=22 rows=2048 cols=5120 stream=0x5e82347b59d0 total_ms=1.0590 host_ms=1.1278 err_el=0 err_q0=0 err_q1=0
GGML_OP_PROFILE op=mul_mat name=node_1300 ne=48x2048x1x1 type_src0=8 rows=2048 cols=5120 stream=0x5e82347b59d0 total_ms=0.0676 host_ms=0.4367 err_el=0 err_q0=0 err_q1=0
GGML_OP_PROFILE op=mul_mat name=node_1306 ne=48x2048x1x1 type_src0=8 rows=2048 cols=5120 stream=0x5e82347b59d0 total_ms=0.1571 host_ms=0.2096 err_el=0 err_q0=0 err_q1=0
GGML_OP_PROFILE op=mul_mat name=z-22 ne=6144x2048x1x1 type_src0=22 rows=2048 cols=5120 stream=0x5e82347b59d0 total_ms=0.6308 host_ms=2.5165 err_el=0 err_q0=0 err_q1=0
GGML_OP_PROFILE op=mul_mat name=linear_attn_out-22 ne=5120x2048x1x1 type_src0=10 rows=2048 cols=6144 stream=0x5e82347b59d0 total_ms=0.6933 host_ms=0.7858 err_el=0 err_q0=0 err_q1=0
GGML_OP_PROFILE op=mul_mat name=ffn_gate-22 ne=17408x2048x1x1 type_src0=22 rows=2048 cols=5120 stream=0x5e82347b59d0 total_ms=1.5559 host_ms=1.6365 err_el=0 err_q0=0 err_q1=0
GGML_OP_PROFILE op=mul_mat name=ffn_up-22 ne=17408x2048x1x1 type_src0=10 rows=2048 cols=5120 stream=0x5e82347b59d0 total_ms=1.8953 host_ms=1.9358 err_el=0 err_q0=0 err_q1=0
GGML_OP_PROFILE op=mul_mat name=ffn_out-22 ne=5120x2048x1x1 type_src0=10 rows=2048 cols=17408 stream=0x5e82347b59d0 total_ms=1.9499 host_ms=2.2317 err_el=0 err_q0=0 err_q1=0
GGML_OP_PROFILE op=mul_mat name=Qcur_full-23 ne=12288x2048x1x1 type_src0=18 rows=2048 cols=5120 stream=0x5e82347b59d0 total_ms=0.8678 host_ms=0.9526 err_el=0 err_q0=0 err_q1=0
GGML_OP_PROFILE op=mul_mat name=Vcur-23 ne=1024x2048x1x1 type_src0=12 rows=2048 cols=5120 stream=0x5e82347b59d0 total_ms=0.1206 host_ms=0.2274 err_el=0 err_q0=0 err_q1=0
GGML_OP_PROFILE op=mul_mat name=Kcur-23 ne=1024x2048x1x1 type_src0=18 rows=2048 cols=5120 stream=0x5e82347b59d0 total_ms=0.1598 host_ms=0.2334 err_el=0 err_q0=0 err_q1=0
GGML_OP_PROFILE op=mul_mat name=attn_output-23 ne=5120x2048x1x1 type_src0=18 rows=2048 cols=6144 stream=0x5e82347b59d0 total_ms=0.4383 host_ms=1.6917 err_el=0 err_q0=0 err_q1=0
GGML_OP_PROFILE op=mul_mat name=ffn_gate-23 ne=17408x2048x1x1 type_src0=22 rows=2048 cols=5120 stream=0x5e82347b59d0 total_ms=1.8381 host_ms=1.9271 err_el=0 err_q0=0 err_q1=0
GGML_OP_PROFILE op=mul_mat name=ffn_up-23 ne=17408x2048x1x1 type_src0=22 rows=2048 cols=5120 stream=0x5e82347b59d0 total_ms=1.5784 host_ms=1.6405 err_el=0 err_q0=0 err_q1=0
GGML_OP_PROFILE op=mul_mat name=ffn_out-23 ne=5120x2048x1x1 type_src0=10 rows=2048 cols=17408 stream=0x5e82347b59d0 total_ms=1.9475 host_ms=2.2230 err_el=0 err_q0=0 err_q1=0
GGML_OP_PROFILE op=mul_mat name=node_1381 ne=10240x2048x1x1 type_src0=22 rows=2048 cols=5120 stream=0x5e82347b59d0 total_ms=1.0760 host_ms=1.1486 err_el=0 err_q0=0 err_q1=0
GGML_OP_PROFILE op=mul_mat name=node_1402 ne=48x2048x1x1 type_src0=8 rows=2048 cols=5120 stream=0x5e82347b59d0 total_ms=0.0676 host_ms=0.4075 err_el=0 err_q0=0 err_q1=0
GGML_OP_PROFILE op=mul_mat name=node_1408 ne=48x2048x1x1 type_src0=8 rows=2048 cols=5120 stream=0x5e82347b59d0 total_ms=0.0652 host_ms=0.1170 err_el=0 err_q0=0 err_q1=0
GGML_OP_PROFILE op=mul_mat name=z-24 ne=6144x2048x1x1 type_src0=10 rows=2048 cols=5120 stream=0x5e82347b59d0 total_ms=0.7322 host_ms=2.3728 err_el=0 err_q0=0 err_q1=0
GGML_OP_PROFILE op=mul_mat name=linear_attn_out-24 ne=5120x2048x1x1 type_src0=22 rows=2048 cols=6144 stream=0x5e82347b59d0 total_ms=0.5922 host_ms=0.6784 err_el=0 err_q0=0 err_q1=0
GGML_OP_PROFILE op=mul_mat name=ffn_gate-24 ne=17408x2048x1x1 type_src0=22 rows=2048 cols=5120 stream=0x5e82347b59d0 total_ms=1.5579 host_ms=1.6331 err_el=0 err_q0=0 err_q1=0
GGML_OP_PROFILE op=mul_mat name=ffn_up-24 ne=17408x2048x1x1 type_src0=22 rows=2048 cols=5120 stream=0x5e82347b59d0 total_ms=1.8826 host_ms=1.9280 err_el=0 err_q0=0 err_q1=0
GGML_OP_PROFILE op=mul_mat name=ffn_out-24 ne=5120x2048x1x1 type_src0=10 rows=2048 cols=17408 stream=0x5e82347b59d0 total_ms=1.9540 host_ms=2.2378 err_el=0 err_q0=0 err_q1=0
GGML_OP_PROFILE op=mul_mat name=node_1444 ne=10240x2048x1x1 type_src0=22 rows=2048 cols=5120 stream=0x5e82347b59d0 total_ms=1.0375 host_ms=1.0965 err_el=0 err_q0=0 err_q1=0
GGML_OP_PROFILE op=mul_mat name=node_1465 ne=48x2048x1x1 type_src0=8 rows=2048 cols=5120 stream=0x5e82347b59d0 total_ms=0.0676 host_ms=0.3837 err_el=0 err_q0=0 err_q1=0
GGML_OP_PROFILE op=mul_mat name=node_1471 ne=48x2048x1x1 type_src0=8 rows=2048 cols=5120 stream=0x5e82347b59d0 total_ms=0.1116 host_ms=0.1591 err_el=0 err_q0=0 err_q1=0
GGML_OP_PROFILE op=mul_mat name=z-25 ne=6144x2048x1x1 type_src0=10 rows=2048 cols=5120 stream=0x5e82347b59d0 total_ms=0.7322 host_ms=2.3120 err_el=0 err_q0=0 err_q1=0
GGML_OP_PROFILE op=mul_mat name=linear_attn_out-25 ne=5120x2048x1x1 type_src0=18 rows=2048 cols=6144 stream=0x5e82347b59d0 total_ms=0.4412 host_ms=0.5294 err_el=0 err_q0=0 err_q1=0
GGML_OP_PROFILE op=mul_mat name=ffn_gate-25 ne=17408x2048x1x1 type_src0=10 rows=2048 cols=5120 stream=0x5e82347b59d0 total_ms=2.1058 host_ms=2.1809 err_el=0 err_q0=0 err_q1=0
GGML_OP_PROFILE op=mul_mat name=ffn_up-25 ne=17408x2048x1x1 type_src0=10 rows=2048 cols=5120 stream=0x5e82347b59d0 total_ms=1.9097 host_ms=1.9573 err_el=0 err_q0=0 err_q1=0
GGML_OP_PROFILE op=mul_mat name=ffn_out-25 ne=5120x2048x1x1 type_src0=10 rows=2048 cols=17408 stream=0x5e82347b59d0 total_ms=1.9495 host_ms=2.2341 err_el=0 err_q0=0 err_q1=0
GGML_OP_PROFILE op=mul_mat name=node_1507 ne=10240x2048x1x1 type_src0=10 rows=2048 cols=5120 stream=0x5e82347b59d0 total_ms=1.1236 host_ms=1.1885 err_el=0 err_q0=0 err_q1=0
GGML_OP_PROFILE op=mul_mat name=node_1528 ne=48x2048x1x1 type_src0=8 rows=2048 cols=5120 stream=0x5e82347b59d0 total_ms=0.0676 host_ms=0.4442 err_el=0 err_q0=0 err_q1=0
GGML_OP_PROFILE op=mul_mat name=node_1534 ne=48x2048x1x1 type_src0=8 rows=2048 cols=5120 stream=0x5e82347b59d0 total_ms=0.0476 host_ms=0.0722 err_el=0 err_q0=0 err_q1=0
GGML_OP_PROFILE op=mul_mat name=z-26 ne=6144x2048x1x1 type_src0=22 rows=2048 cols=5120 stream=0x5e82347b59d0 total_ms=0.6316 host_ms=2.2769 err_el=0 err_q0=0 err_q1=0
GGML_OP_PROFILE op=mul_mat name=linear_attn_out-26 ne=5120x2048x1x1 type_src0=10 rows=2048 cols=6144 stream=0x5e82347b59d0 total_ms=0.6935 host_ms=0.7772 err_el=0 err_q0=0 err_q1=0
GGML_OP_PROFILE op=mul_mat name=ffn_gate-26 ne=17408x2048x1x1 type_src0=10 rows=2048 cols=5120 stream=0x5e82347b59d0 total_ms=1.8124 host_ms=1.9016 err_el=0 err_q0=0 err_q1=0
GGML_OP_PROFILE op=mul_mat name=ffn_up-26 ne=17408x2048x1x1 type_src0=10 rows=2048 cols=5120 stream=0x5e82347b59d0 total_ms=1.8427 host_ms=1.8846 err_el=0 err_q0=0 err_q1=0
GGML_OP_PROFILE op=mul_mat name=ffn_out-26 ne=5120x2048x1x1 type_src0=22 rows=2048 cols=17408 stream=0x5e82347b59d0 total_ms=1.6765 host_ms=1.9513 err_el=0 err_q0=0 err_q1=0
GGML_OP_PROFILE op=mul_mat name=Qcur_full-27 ne=12288x2048x1x1 type_src0=18 rows=2048 cols=5120 stream=0x5e82347b59d0 total_ms=0.8684 host_ms=0.9608 err_el=0 err_q0=0 err_q1=0
GGML_OP_PROFILE op=mul_mat name=Vcur-27 ne=1024x2048x1x1 type_src0=12 rows=2048 cols=5120 stream=0x5e82347b59d0 total_ms=0.1209 host_ms=0.5407 err_el=0 err_q0=0 err_q1=0
GGML_OP_PROFILE op=mul_mat name=Kcur-27 ne=1024x2048x1x1 type_src0=21 rows=2048 cols=5120 stream=0x5e82347b59d0 total_ms=0.1310 host_ms=0.1729 err_el=0 err_q0=0 err_q1=0
GGML_OP_PROFILE op=mul_mat name=attn_output-27 ne=5120x2048x1x1 type_src0=21 rows=2048 cols=6144 stream=0x5e82347b59d0 total_ms=0.4546 host_ms=1.8046 err_el=0 err_q0=0 err_q1=0
GGML_OP_PROFILE op=mul_mat name=ffn_gate-27 ne=17408x2048x1x1 type_src0=22 rows=2048 cols=5120 stream=0x5e82347b59d0 total_ms=1.5646 host_ms=1.6541 err_el=0 err_q0=0 err_q1=0
GGML_OP_PROFILE op=mul_mat name=ffn_up-27 ne=17408x2048x1x1 type_src0=10 rows=2048 cols=5120 stream=0x5e82347b59d0 total_ms=1.8428 host_ms=1.8815 err_el=0 err_q0=0 err_q1=0
GGML_OP_PROFILE op=mul_mat name=ffn_out-27 ne=5120x2048x1x1 type_src0=10 rows=2048 cols=17408 stream=0x5e82347b59d0 total_ms=1.9478 host_ms=2.2285 err_el=0 err_q0=0 err_q1=0
GGML_OP_PROFILE op=mul_mat name=node_1609 ne=10240x2048x1x1 type_src0=10 rows=2048 cols=5120 stream=0x5e82347b59d0 total_ms=1.1284 host_ms=1.2173 err_el=0 err_q0=0 err_q1=0
GGML_OP_PROFILE op=mul_mat name=node_1630 ne=48x2048x1x1 type_src0=8 rows=2048 cols=5120 stream=0x5e82347b59d0 total_ms=0.0676 host_ms=0.4432 err_el=0 err_q0=0 err_q1=0
GGML_OP_PROFILE op=mul_mat name=node_1636 ne=48x2048x1x1 type_src0=8 rows=2048 cols=5120 stream=0x5e82347b59d0 total_ms=0.0469 host_ms=0.0729 err_el=0 err_q0=0 err_q1=0
GGML_OP_PROFILE op=mul_mat name=z-28 ne=6144x2048x1x1 type_src0=10 rows=2048 cols=5120 stream=0x5e82347b59d0 total_ms=0.7322 host_ms=2.3804 err_el=0 err_q0=0 err_q1=0
GGML_OP_PROFILE op=mul_mat name=linear_attn_out-28 ne=5120x2048x1x1 type_src0=10 rows=2048 cols=6144 stream=0x5e82347b59d0 total_ms=0.9747 host_ms=1.0591 err_el=0 err_q0=0 err_q1=0
GGML_OP_PROFILE op=mul_mat name=ffn_gate-28 ne=17408x2048x1x1 type_src0=22 rows=2048 cols=5120 stream=0x5e82347b59d0 total_ms=1.5626 host_ms=1.6625 err_el=0 err_q0=0 err_q1=0
GGML_OP_PROFILE op=mul_mat name=ffn_up-28 ne=17408x2048x1x1 type_src0=22 rows=2048 cols=5120 stream=0x5e82347b59d0 total_ms=1.5871 host_ms=1.6295 err_el=0 err_q0=0 err_q1=0
GGML_OP_PROFILE op=mul_mat name=ffn_out-28 ne=5120x2048x1x1 type_src0=22 rows=2048 cols=17408 stream=0x5e82347b59d0 total_ms=1.6782 host_ms=1.9575 err_el=0 err_q0=0 err_q1=0
GGML_OP_PROFILE op=mul_mat name=node_1672 ne=10240x2048x1x1 type_src0=10 rows=2048 cols=5120 stream=0x5e82347b59d0 total_ms=1.1305 host_ms=1.2234 err_el=0 err_q0=0 err_q1=0
GGML_OP_PROFILE op=mul_mat name=node_1693 ne=48x2048x1x1 type_src0=8 rows=2048 cols=5120 stream=0x5e82347b59d0 total_ms=0.0676 host_ms=0.4259 err_el=0 err_q0=0 err_q1=0
GGML_OP_PROFILE op=mul_mat name=node_1699 ne=48x2048x1x1 type_src0=8 rows=2048 cols=5120 stream=0x5e82347b59d0 total_ms=0.0479 host_ms=0.0828 err_el=0 err_q0=0 err_q1=0
GGML_OP_PROFILE op=mul_mat name=z-29 ne=6144x2048x1x1 type_src0=10 rows=2048 cols=5120 stream=0x5e82347b59d0 total_ms=0.7322 host_ms=2.3733 err_el=0 err_q0=0 err_q1=0
GGML_OP_PROFILE op=mul_mat name=linear_attn_out-29 ne=5120x2048x1x1 type_src0=22 rows=2048 cols=6144 stream=0x5e82347b59d0 total_ms=0.5946 host_ms=0.6747 err_el=0 err_q0=0 err_q1=0
GGML_OP_PROFILE op=mul_mat name=ffn_gate-29 ne=17408x2048x1x1 type_src0=22 rows=2048 cols=5120 stream=0x5e82347b59d0 total_ms=1.5624 host_ms=1.6534 err_el=0 err_q0=0 err_q1=0
GGML_OP_PROFILE op=mul_mat name=ffn_up-29 ne=17408x2048x1x1 type_src0=16 rows=2048 cols=5120 stream=0x5e82347b59d0 total_ms=1.4333 host_ms=1.4735 err_el=0 err_q0=0 err_q1=0
GGML_OP_PROFILE op=mul_mat name=ffn_out-29 ne=5120x2048x1x1 type_src0=22 rows=2048 cols=17408 stream=0x5e82347b59d0 total_ms=1.6807 host_ms=1.9649 err_el=0 err_q0=0 err_q1=0
GGML_OP_PROFILE op=mul_mat name=node_1735 ne=10240x2048x1x1 type_src0=22 rows=2048 cols=5120 stream=0x5e82347b59d0 total_ms=0.9667 host_ms=1.0585 err_el=0 err_q0=0 err_q1=0
GGML_OP_PROFILE op=mul_mat name=node_1756 ne=48x2048x1x1 type_src0=8 rows=2048 cols=5120 stream=0x5e82347b59d0 total_ms=0.0676 host_ms=0.4451 err_el=0 err_q0=0 err_q1=0
GGML_OP_PROFILE op=mul_mat name=node_1762 ne=48x2048x1x1 type_src0=8 rows=2048 cols=5120 stream=0x5e82347b59d0 total_ms=0.0465 host_ms=0.0722 err_el=0 err_q0=0 err_q1=0
GGML_OP_PROFILE op=mul_mat name=z-30 ne=6144x2048x1x1 type_src0=10 rows=2048 cols=5120 stream=0x5e82347b59d0 total_ms=0.7342 host_ms=2.3782 err_el=0 err_q0=0 err_q1=0
GGML_OP_PROFILE op=mul_mat name=linear_attn_out-30 ne=5120x2048x1x1 type_src0=10 rows=2048 cols=6144 stream=0x5e82347b59d0 total_ms=0.6893 host_ms=0.7733 err_el=0 err_q0=0 err_q1=0
GGML_OP_PROFILE op=mul_mat name=ffn_gate-30 ne=17408x2048x1x1 type_src0=29 rows=2048 cols=5120 stream=0x5e82347b59d0 total_ms=1.5340 host_ms=1.6247 err_el=0 err_q0=0 err_q1=0
GGML_OP_PROFILE op=mul_mat name=ffn_up-30 ne=17408x2048x1x1 type_src0=22 rows=2048 cols=5120 stream=0x5e82347b59d0 total_ms=1.5972 host_ms=1.6390 err_el=0 err_q0=0 err_q1=0
GGML_OP_PROFILE op=mul_mat name=ffn_out-30 ne=5120x2048x1x1 type_src0=22 rows=2048 cols=17408 stream=0x5e82347b59d0 total_ms=1.9581 host_ms=2.2386 err_el=0 err_q0=0 err_q1=0
GGML_OP_PROFILE op=mul_mat name=Qcur_full-31 ne=12288x2048x1x1 type_src0=10 rows=2048 cols=5120 stream=0x5e82347b59d0 total_ms=1.3722 host_ms=1.4611 err_el=0 err_q0=0 err_q1=0
GGML_OP_PROFILE op=mul_mat name=Vcur-31 ne=1024x2048x1x1 type_src0=12 rows=2048 cols=5120 stream=0x5e82347b59d0 total_ms=0.1204 host_ms=0.2361 err_el=0 err_q0=0 err_q1=0
GGML_OP_PROFILE op=mul_mat name=Kcur-31 ne=1024x2048x1x1 type_src0=23 rows=2048 cols=5120 stream=0x5e82347b59d0 total_ms=0.1643 host_ms=0.2321 err_el=0 err_q0=0 err_q1=0
GGML_OP_PROFILE op=mul_mat name=attn_output-31 ne=5120x2048x1x1 type_src0=21 rows=2048 cols=6144 stream=0x5e82347b59d0 total_ms=0.4546 host_ms=1.8547 err_el=0 err_q0=0 err_q1=0
GGML_OP_PROFILE op=mul_mat name=ffn_gate-31 ne=17408x2048x1x1 type_src0=16 rows=2048 cols=5120 stream=0x5e82347b59d0 total_ms=1.1782 host_ms=1.2493 err_el=0 err_q0=0 err_q1=0
GGML_OP_PROFILE op=mul_mat name=ffn_up-31 ne=17408x2048x1x1 type_src0=22 rows=2048 cols=5120 stream=0x5e82347b59d0 total_ms=1.6506 host_ms=1.6900 err_el=0 err_q0=0 err_q1=0
GGML_OP_PROFILE op=mul_mat name=ffn_out-31 ne=5120x2048x1x1 type_src0=16 rows=2048 cols=17408 stream=0x5e82347b59d0 total_ms=1.2174 host_ms=1.4993 err_el=0 err_q0=0 err_q1=0
GGML_OP_PROFILE op=mul_mat name=node_1837 ne=10240x2048x1x1 type_src0=18 rows=2048 cols=5120 stream=0x5e82347b59d0 total_ms=0.7244 host_ms=0.8064 err_el=0 err_q0=0 err_q1=0
GGML_OP_PROFILE op=mul_mat name=node_1858 ne=48x2048x1x1 type_src0=8 rows=2048 cols=5120 stream=0x5e82347b59d0 total_ms=0.0676 host_ms=0.4130 err_el=0 err_q0=0 err_q1=0
GGML_OP_PROFILE op=mul_mat name=node_1864 ne=48x2048x1x1 type_src0=8 rows=2048 cols=5120 stream=0x5e82347b59d0 total_ms=0.2289 host_ms=0.2739 err_el=0 err_q0=0 err_q1=0
GGML_OP_PROFILE op=mul_mat name=z-32 ne=6144x2048x1x1 type_src0=10 rows=2048 cols=5120 stream=0x5e82347b59d0 total_ms=1.0178 host_ms=2.6526 err_el=0 err_q0=0 err_q1=0
GGML_OP_PROFILE op=mul_mat name=linear_attn_out-32 ne=5120x2048x1x1 type_src0=18 rows=2048 cols=6144 stream=0x5e82347b59d0 total_ms=0.4438 host_ms=0.5325 err_el=0 err_q0=0 err_q1=0
GGML_OP_PROFILE op=mul_mat name=ffn_gate-32 ne=17408x2048x1x1 type_src0=17 rows=2048 cols=5120 stream=0x5e82347b59d0 total_ms=1.5747 host_ms=1.6611 err_el=0 err_q0=0 err_q1=0
GGML_OP_PROFILE op=mul_mat name=ffn_up-32 ne=17408x2048x1x1 type_src0=10 rows=2048 cols=5120 stream=0x5e82347b59d0 total_ms=1.8450 host_ms=1.8880 err_el=0 err_q0=0 err_q1=0
GGML_OP_PROFILE op=mul_mat name=ffn_out-32 ne=5120x2048x1x1 type_src0=10 rows=2048 cols=17408 stream=0x5e82347b59d0 total_ms=1.9540 host_ms=2.2316 err_el=0 err_q0=0 err_q1=0
GGML_OP_PROFILE op=mul_mat name=node_1900 ne=10240x2048x1x1 type_src0=18 rows=2048 cols=5120 stream=0x5e82347b59d0 total_ms=0.7270 host_ms=0.8194 err_el=0 err_q0=0 err_q1=0
GGML_OP_PROFILE op=mul_mat name=node_1921 ne=48x2048x1x1 type_src0=8 rows=2048 cols=5120 stream=0x5e82347b59d0 total_ms=0.0676 host_ms=0.4384 err_el=0 err_q0=0 err_q1=0
GGML_OP_PROFILE op=mul_mat name=node_1927 ne=48x2048x1x1 type_src0=8 rows=2048 cols=5120 stream=0x5e82347b59d0 total_ms=0.0450 host_ms=0.0770 err_el=0 err_q0=0 err_q1=0
GGML_OP_PROFILE op=mul_mat name=z-33 ne=6144x2048x1x1 type_src0=10 rows=2048 cols=5120 stream=0x5e82347b59d0 total_ms=0.7321 host_ms=2.3724 err_el=0 err_q0=0 err_q1=0
GGML_OP_PROFILE op=mul_mat name=linear_attn_out-33 ne=5120x2048x1x1 type_src0=18 rows=2048 cols=6144 stream=0x5e82347b59d0 total_ms=0.4436 host_ms=0.5285 err_el=0 err_q0=0 err_q1=0
GGML_OP_PROFILE op=mul_mat name=ffn_gate-33 ne=17408x2048x1x1 type_src0=17 rows=2048 cols=5120 stream=0x5e82347b59d0 total_ms=1.5811 host_ms=1.6723 err_el=0 err_q0=0 err_q1=0
GGML_OP_PROFILE op=mul_mat name=ffn_up-33 ne=17408x2048x1x1 type_src0=10 rows=2048 cols=5120 stream=0x5e82347b59d0 total_ms=1.8392 host_ms=1.9585 err_el=0 err_q0=0 err_q1=0
GGML_OP_PROFILE op=mul_mat name=ffn_out-33 ne=5120x2048x1x1 type_src0=17 rows=2048 cols=17408 stream=0x5e82347b59d0 total_ms=1.7016 host_ms=1.9835 err_el=0 err_q0=0 err_q1=0
GGML_OP_PROFILE op=mul_mat name=node_1963 ne=10240x2048x1x1 type_src0=18 rows=2048 cols=5120 stream=0x5e82347b59d0 total_ms=0.7262 host_ms=0.8107 err_el=0 err_q0=0 err_q1=0
GGML_OP_PROFILE op=mul_mat name=node_1984 ne=48x2048x1x1 type_src0=8 rows=2048 cols=5120 stream=0x5e82347b59d0 total_ms=0.0676 host_ms=0.4418 err_el=0 err_q0=0 err_q1=0
GGML_OP_PROFILE op=mul_mat name=node_1990 ne=48x2048x1x1 type_src0=8 rows=2048 cols=5120 stream=0x5e82347b59d0 total_ms=0.0914 host_ms=0.1112 err_el=0 err_q0=0 err_q1=0
GGML_OP_PROFILE op=mul_mat name=z-34 ne=6144x2048x1x1 type_src0=10 rows=2048 cols=5120 stream=0x5e82347b59d0 total_ms=0.7321 host_ms=2.3721 err_el=0 err_q0=0 err_q1=0
GGML_OP_PROFILE op=mul_mat name=linear_attn_out-34 ne=5120x2048x1x1 type_src0=18 rows=2048 cols=6144 stream=0x5e82347b59d0 total_ms=0.4436 host_ms=0.5283 err_el=0 err_q0=0 err_q1=0
GGML_OP_PROFILE op=mul_mat name=ffn_gate-34 ne=17408x2048x1x1 type_src0=10 rows=2048 cols=5120 stream=0x5e82347b59d0 total_ms=1.8206 host_ms=1.9112 err_el=0 err_q0=0 err_q1=0
GGML_OP_PROFILE op=mul_mat name=ffn_up-34 ne=17408x2048x1x1 type_src0=10 rows=2048 cols=5120 stream=0x5e82347b59d0 total_ms=1.8388 host_ms=1.8826 err_el=0 err_q0=0 err_q1=0
GGML_OP_PROFILE op=mul_mat name=ffn_out-34 ne=5120x2048x1x1 type_src0=18 rows=2048 cols=17408 stream=0x5e82347b59d0 total_ms=1.5577 host_ms=1.8374 err_el=0 err_q0=0 err_q1=0
GGML_OP_PROFILE op=mul_mat name=Qcur_full-35 ne=12288x2048x1x1 type_src0=10 rows=2048 cols=5120 stream=0x5e82347b59d0 total_ms=1.3739 host_ms=1.4709 err_el=0 err_q0=0 err_q1=0
GGML_OP_PROFILE op=mul_mat name=Vcur-35 ne=1024x2048x1x1 type_src0=12 rows=2048 cols=5120 stream=0x5e82347b59d0 total_ms=0.1208 host_ms=0.2460 err_el=0 err_q0=0 err_q1=0
GGML_OP_PROFILE op=mul_mat name=Kcur-35 ne=1024x2048x1x1 type_src0=23 rows=2048 cols=5120 stream=0x5e82347b59d0 total_ms=0.1500 host_ms=0.1930 err_el=0 err_q0=0 err_q1=0
GGML_OP_PROFILE op=mul_mat name=attn_output-35 ne=5120x2048x1x1 type_src0=21 rows=2048 cols=6144 stream=0x5e82347b59d0 total_ms=0.4546 host_ms=1.8436 err_el=0 err_q0=0 err_q1=0
GGML_OP_PROFILE op=mul_mat name=ffn_gate-35 ne=17408x2048x1x1 type_src0=17 rows=2048 cols=5120 stream=0x5e82347b59d0 total_ms=1.5749 host_ms=1.6669 err_el=0 err_q0=0 err_q1=0
GGML_OP_PROFILE op=mul_mat name=ffn_up-35 ne=17408x2048x1x1 type_src0=10 rows=2048 cols=5120 stream=0x5e82347b59d0 total_ms=1.8446 host_ms=1.8840 err_el=0 err_q0=0 err_q1=0
GGML_OP_PROFILE op=mul_mat name=ffn_out-35 ne=5120x2048x1x1 type_src0=18 rows=2048 cols=17408 stream=0x5e82347b59d0 total_ms=1.2731 host_ms=1.5514 err_el=0 err_q0=0 err_q1=0
GGML_OP_PROFILE op=mul_mat name=node_2065 ne=10240x2048x1x1 type_src0=10 rows=2048 cols=5120 stream=0x5e82347b59d0 total_ms=1.1318 host_ms=1.2138 err_el=0 err_q0=0 err_q1=0
GGML_OP_PROFILE op=mul_mat name=node_2086 ne=48x2048x1x1 type_src0=8 rows=2048 cols=5120 stream=0x5e82347b59d0 total_ms=0.0676 host_ms=0.4449 err_el=0 err_q0=0 err_q1=0
GGML_OP_PROFILE op=mul_mat name=node_2092 ne=48x2048x1x1 type_src0=8 rows=2048 cols=5120 stream=0x5e82347b59d0 total_ms=0.0465 host_ms=0.0688 err_el=0 err_q0=0 err_q1=0
GGML_OP_PROFILE op=mul_mat name=z-36 ne=6144x2048x1x1 type_src0=10 rows=2048 cols=5120 stream=0x5e82347b59d0 total_ms=0.7342 host_ms=2.3701 err_el=0 err_q0=0 err_q1=0
GGML_OP_PROFILE op=mul_mat name=linear_attn_out-36 ne=5120x2048x1x1 type_src0=18 rows=2048 cols=6144 stream=0x5e82347b59d0 total_ms=0.4436 host_ms=0.5273 err_el=0 err_q0=0 err_q1=0
GGML_OP_PROFILE op=mul_mat name=ffn_gate-36 ne=17408x2048x1x1 type_src0=10 rows=2048 cols=5120 stream=0x5e82347b59d0 total_ms=2.1227 host_ms=2.2115 err_el=0 err_q0=0 err_q1=0
GGML_OP_PROFILE op=mul_mat name=ffn_up-36 ne=17408x2048x1x1 type_src0=10 rows=2048 cols=5120 stream=0x5e82347b59d0 total_ms=1.8361 host_ms=1.8838 err_el=0 err_q0=0 err_q1=0
GGML_OP_PROFILE op=mul_mat name=ffn_out-36 ne=5120x2048x1x1 type_src0=18 rows=2048 cols=17408 stream=0x5e82347b59d0 total_ms=1.2750 host_ms=1.5522 err_el=0 err_q0=0 err_q1=0
GGML_OP_PROFILE op=mul_mat name=node_2128 ne=10240x2048x1x1 type_src0=10 rows=2048 cols=5120 stream=0x5e82347b59d0 total_ms=1.1305 host_ms=1.2227 err_el=0 err_q0=0 err_q1=0
GGML_OP_PROFILE op=mul_mat name=node_2149 ne=48x2048x1x1 type_src0=8 rows=2048 cols=5120 stream=0x5e82347b59d0 total_ms=0.0676 host_ms=0.4464 err_el=0 err_q0=0 err_q1=0
GGML_OP_PROFILE op=mul_mat name=node_2155 ne=48x2048x1x1 type_src0=8 rows=2048 cols=5120 stream=0x5e82347b59d0 total_ms=0.0596 host_ms=0.0851 err_el=0 err_q0=0 err_q1=0
GGML_OP_PROFILE op=mul_mat name=z-37 ne=6144x2048x1x1 type_src0=10 rows=2048 cols=5120 stream=0x5e82347b59d0 total_ms=0.7321 host_ms=2.3638 err_el=0 err_q0=0 err_q1=0
GGML_OP_PROFILE op=mul_mat name=linear_attn_out-37 ne=5120x2048x1x1 type_src0=18 rows=2048 cols=6144 stream=0x5e82347b59d0 total_ms=0.4436 host_ms=0.5290 err_el=0 err_q0=0 err_q1=0
GGML_OP_PROFILE op=mul_mat name=ffn_gate-37 ne=17408x2048x1x1 type_src0=10 rows=2048 cols=5120 stream=0x5e82347b59d0 total_ms=1.8186 host_ms=1.9084 err_el=0 err_q0=0 err_q1=0
GGML_OP_PROFILE op=mul_mat name=ffn_up-37 ne=17408x2048x1x1 type_src0=10 rows=2048 cols=5120 stream=0x5e82347b59d0 total_ms=1.8440 host_ms=1.8874 err_el=0 err_q0=0 err_q1=0
GGML_OP_PROFILE op=mul_mat name=ffn_out-37 ne=5120x2048x1x1 type_src0=18 rows=2048 cols=17408 stream=0x5e82347b59d0 total_ms=1.2680 host_ms=1.5485 err_el=0 err_q0=0 err_q1=0
GGML_OP_PROFILE op=mul_mat name=node_2191 ne=10240x2048x1x1 type_src0=17 rows=2048 cols=5120 stream=0x5e82347b59d0 total_ms=0.9810 host_ms=1.0728 err_el=0 err_q0=0 err_q1=0
GGML_OP_PROFILE op=mul_mat name=node_2212 ne=48x2048x1x1 type_src0=8 rows=2048 cols=5120 stream=0x5e82347b59d0 total_ms=0.0676 host_ms=0.4450 err_el=0 err_q0=0 err_q1=0
GGML_OP_PROFILE op=mul_mat name=node_2218 ne=48x2048x1x1 type_src0=8 rows=2048 cols=5120 stream=0x5e82347b59d0 total_ms=0.0449 host_ms=0.0703 err_el=0 err_q0=0 err_q1=0
GGML_OP_PROFILE op=mul_mat name=z-38 ne=6144x2048x1x1 type_src0=10 rows=2048 cols=5120 stream=0x5e82347b59d0 total_ms=0.7322 host_ms=2.3734 err_el=0 err_q0=0 err_q1=0
GGML_OP_PROFILE op=mul_mat name=linear_attn_out-38 ne=5120x2048x1x1 type_src0=10 rows=2048 cols=6144 stream=0x5e82347b59d0 total_ms=0.6914 host_ms=0.7742 err_el=0 err_q0=0 err_q1=0
GGML_OP_PROFILE op=mul_mat name=ffn_gate-38 ne=17408x2048x1x1 type_src0=10 rows=2048 cols=5120 stream=0x5e82347b59d0 total_ms=1.8145 host_ms=1.9055 err_el=0 err_q0=0 err_q1=0
GGML_OP_PROFILE op=mul_mat name=ffn_up-38 ne=17408x2048x1x1 type_src0=18 rows=2048 cols=5120 stream=0x5e82347b59d0 total_ms=1.1995 host_ms=1.2394 err_el=0 err_q0=0 err_q1=0
GGML_OP_PROFILE op=mul_mat name=ffn_out-38 ne=5120x2048x1x1 type_src0=18 rows=2048 cols=17408 stream=0x5e82347b59d0 total_ms=1.2759 host_ms=1.6447 err_el=0 err_q0=0 err_q1=0
GGML_OP_PROFILE op=mul_mat name=Qcur_full-39 ne=12288x2048x1x1 type_src0=10 rows=2048 cols=5120 stream=0x5e82347b59d0 total_ms=1.3701 host_ms=1.4718 err_el=0 err_q0=0 err_q1=0
GGML_OP_PROFILE op=mul_mat name=Vcur-39 ne=1024x2048x1x1 type_src0=23 rows=2048 cols=5120 stream=0x5e82347b59d0 total_ms=0.1127 host_ms=0.2339 err_el=0 err_q0=0 err_q1=0
GGML_OP_PROFILE op=mul_mat name=Kcur-39 ne=1024x2048x1x1 type_src0=18 rows=2048 cols=5120 stream=0x5e82347b59d0 total_ms=0.1056 host_ms=0.1426 err_el=0 err_q0=0 err_q1=0
GGML_OP_PROFILE op=mul_mat name=attn_output-39 ne=5120x2048x1x1 type_src0=21 rows=2048 cols=6144 stream=0x5e82347b59d0 total_ms=0.4567 host_ms=1.8577 err_el=0 err_q0=0 err_q1=0
GGML_OP_PROFILE op=mul_mat name=ffn_gate-39 ne=17408x2048x1x1 type_src0=10 rows=2048 cols=5120 stream=0x5e82347b59d0 total_ms=1.8186 host_ms=1.9082 err_el=0 err_q0=0 err_q1=0
GGML_OP_PROFILE op=mul_mat name=ffn_up-39 ne=17408x2048x1x1 type_src0=18 rows=2048 cols=5120 stream=0x5e82347b59d0 total_ms=1.1970 host_ms=1.2354 err_el=0 err_q0=0 err_q1=0
GGML_OP_PROFILE op=mul_mat name=ffn_out-39 ne=5120x2048x1x1 type_src0=18 rows=2048 cols=17408 stream=0x5e82347b59d0 total_ms=1.2683 host_ms=1.5547 err_el=0 err_q0=0 err_q1=0
GGML_OP_PROFILE op=mul_mat name=node_2293 ne=10240x2048x1x1 type_src0=10 rows=2048 cols=5120 stream=0x5e82347b59d0 total_ms=1.1305 host_ms=1.2212 err_el=0 err_q0=0 err_q1=0
GGML_OP_PROFILE op=mul_mat name=node_2314 ne=48x2048x1x1 type_src0=8 rows=2048 cols=5120 stream=0x5e82347b59d0 total_ms=0.0676 host_ms=0.4435 err_el=0 err_q0=0 err_q1=0
GGML_OP_PROFILE op=mul_mat name=node_2320 ne=48x2048x1x1 type_src0=8 rows=2048 cols=5120 stream=0x5e82347b59d0 total_ms=0.0764 host_ms=0.1096 err_el=0 err_q0=0 err_q1=0
GGML_OP_PROFILE op=mul_mat name=z-40 ne=6144x2048x1x1 type_src0=10 rows=2048 cols=5120 stream=0x5e82347b59d0 total_ms=0.7332 host_ms=2.6596 err_el=0 err_q0=0 err_q1=0
GGML_OP_PROFILE op=mul_mat name=linear_attn_out-40 ne=5120x2048x1x1 type_src0=18 rows=2048 cols=6144 stream=0x5e82347b59d0 total_ms=0.4438 host_ms=0.5363 err_el=0 err_q0=0 err_q1=0
GGML_OP_PROFILE op=mul_mat name=ffn_gate-40 ne=17408x2048x1x1 type_src0=10 rows=2048 cols=5120 stream=0x5e82347b59d0 total_ms=1.8187 host_ms=1.9091 err_el=0 err_q0=0 err_q1=0
GGML_OP_PROFILE op=mul_mat name=ffn_up-40 ne=17408x2048x1x1 type_src0=18 rows=2048 cols=5120 stream=0x5e82347b59d0 total_ms=1.1951 host_ms=1.2339 err_el=0 err_q0=0 err_q1=0
GGML_OP_PROFILE op=mul_mat name=ffn_out-40 ne=5120x2048x1x1 type_src0=18 rows=2048 cols=17408 stream=0x5e82347b59d0 total_ms=1.2751 host_ms=1.5566 err_el=0 err_q0=0 err_q1=0
GGML_OP_PROFILE op=mul_mat name=node_2356 ne=10240x2048x1x1 type_src0=10 rows=2048 cols=5120 stream=0x5e82347b59d0 total_ms=1.1307 host_ms=1.2082 err_el=0 err_q0=0 err_q1=0
GGML_OP_PROFILE op=mul_mat name=node_2377 ne=48x2048x1x1 type_src0=8 rows=2048 cols=5120 stream=0x5e82347b59d0 total_ms=0.0676 host_ms=0.3761 err_el=0 err_q0=0 err_q1=0
GGML_OP_PROFILE op=mul_mat name=node_2383 ne=48x2048x1x1 type_src0=8 rows=2048 cols=5120 stream=0x5e82347b59d0 total_ms=0.0934 host_ms=0.1138 err_el=0 err_q0=0 err_q1=0
GGML_OP_PROFILE op=mul_mat name=z-41 ne=6144x2048x1x1 type_src0=10 rows=2048 cols=5120 stream=0x5e82347b59d0 total_ms=0.7342 host_ms=2.3858 err_el=0 err_q0=0 err_q1=0
GGML_OP_PROFILE op=mul_mat name=linear_attn_out-41 ne=5120x2048x1x1 type_src0=18 rows=2048 cols=6144 stream=0x5e82347b59d0 total_ms=0.4436 host_ms=0.5285 err_el=0 err_q0=0 err_q1=0
GGML_OP_PROFILE op=mul_mat name=ffn_gate-41 ne=17408x2048x1x1 type_src0=18 rows=2048 cols=5120 stream=0x5e82347b59d0 total_ms=1.4653 host_ms=1.5546 err_el=0 err_q0=0 err_q1=0
GGML_OP_PROFILE op=mul_mat name=ffn_up-41 ne=17408x2048x1x1 type_src0=18 rows=2048 cols=5120 stream=0x5e82347b59d0 total_ms=1.1896 host_ms=1.2368 err_el=0 err_q0=0 err_q1=0
GGML_OP_PROFILE op=mul_mat name=ffn_out-41 ne=5120x2048x1x1 type_src0=18 rows=2048 cols=17408 stream=0x5e82347b59d0 total_ms=1.2751 host_ms=1.5511 err_el=0 err_q0=0 err_q1=0
GGML_OP_PROFILE op=mul_mat name=node_2419 ne=10240x2048x1x1 type_src0=10 rows=2048 cols=5120 stream=0x5e82347b59d0 total_ms=1.1325 host_ms=1.2198 err_el=0 err_q0=0 err_q1=0
GGML_OP_PROFILE op=mul_mat name=node_2440 ne=48x2048x1x1 type_src0=8 rows=2048 cols=5120 stream=0x5e82347b59d0 total_ms=0.0676 host_ms=0.4474 err_el=0 err_q0=0 err_q1=0
GGML_OP_PROFILE op=mul_mat name=node_2446 ne=48x2048x1x1 type_src0=8 rows=2048 cols=5120 stream=0x5e82347b59d0 total_ms=0.0816 host_ms=0.1145 err_el=0 err_q0=0 err_q1=0
GGML_OP_PROFILE op=mul_mat name=z-42 ne=6144x2048x1x1 type_src0=10 rows=2048 cols=5120 stream=0x5e82347b59d0 total_ms=0.7342 host_ms=2.3616 err_el=0 err_q0=0 err_q1=0
GGML_OP_PROFILE op=mul_mat name=linear_attn_out-42 ne=5120x2048x1x1 type_src0=18 rows=2048 cols=6144 stream=0x5e82347b59d0 total_ms=0.4419 host_ms=0.5335 err_el=0 err_q0=0 err_q1=0
GGML_OP_PROFILE op=mul_mat name=ffn_gate-42 ne=17408x2048x1x1 type_src0=10 rows=2048 cols=5120 stream=0x5e82347b59d0 total_ms=1.8207 host_ms=1.9094 err_el=0 err_q0=0 err_q1=0
GGML_OP_PROFILE op=mul_mat name=ffn_up-42 ne=17408x2048x1x1 type_src0=18 rows=2048 cols=5120 stream=0x5e82347b59d0 total_ms=1.2446 host_ms=1.2924 err_el=0 err_q0=0 err_q1=0
GGML_OP_PROFILE op=mul_mat name=ffn_out-42 ne=5120x2048x1x1 type_src0=10 rows=2048 cols=17408 stream=0x5e82347b59d0 total_ms=1.9560 host_ms=2.2322 err_el=0 err_q0=0 err_q1=0
GGML_OP_PROFILE op=mul_mat name=Qcur_full-43 ne=12288x2048x1x1 type_src0=18 rows=2048 cols=5120 stream=0x5e82347b59d0 total_ms=0.8721 host_ms=0.9660 err_el=0 err_q0=0 err_q1=0
GGML_OP_PROFILE op=mul_mat name=Vcur-43 ne=1024x2048x1x1 type_src0=23 rows=2048 cols=5120 stream=0x5e82347b59d0 total_ms=0.1127 host_ms=0.2328 err_el=0 err_q0=0 err_q1=0
GGML_OP_PROFILE op=mul_mat name=Kcur-43 ne=1024x2048x1x1 type_src0=23 rows=2048 cols=5120 stream=0x5e82347b59d0 total_ms=0.1402 host_ms=0.1791 err_el=0 err_q0=0 err_q1=0
GGML_OP_PROFILE op=mul_mat name=attn_output-43 ne=5120x2048x1x1 type_src0=23 rows=2048 cols=6144 stream=0x5e82347b59d0 total_ms=0.4055 host_ms=1.8305 err_el=0 err_q0=0 err_q1=0
GGML_OP_PROFILE op=mul_mat name=ffn_gate-43 ne=17408x2048x1x1 type_src0=10 rows=2048 cols=5120 stream=0x5e82347b59d0 total_ms=1.8219 host_ms=1.9033 err_el=0 err_q0=0 err_q1=0
GGML_OP_PROFILE op=mul_mat name=ffn_up-43 ne=17408x2048x1x1 type_src0=18 rows=2048 cols=5120 stream=0x5e82347b59d0 total_ms=1.2396 host_ms=1.2765 err_el=0 err_q0=0 err_q1=0
GGML_OP_PROFILE op=mul_mat name=ffn_out-43 ne=5120x2048x1x1 type_src0=10 rows=2048 cols=17408 stream=0x5e82347b59d0 total_ms=1.9602 host_ms=2.2373 err_el=0 err_q0=0 err_q1=0
GGML_OP_PROFILE op=mul_mat name=node_2521 ne=10240x2048x1x1 type_src0=10 rows=2048 cols=5120 stream=0x5e82347b59d0 total_ms=1.1285 host_ms=1.2184 err_el=0 err_q0=0 err_q1=0
GGML_OP_PROFILE op=mul_mat name=node_2542 ne=48x2048x1x1 type_src0=8 rows=2048 cols=5120 stream=0x5e82347b59d0 total_ms=0.0676 host_ms=0.4444 err_el=0 err_q0=0 err_q1=0
GGML_OP_PROFILE op=mul_mat name=node_2548 ne=48x2048x1x1 type_src0=8 rows=2048 cols=5120 stream=0x5e82347b59d0 total_ms=0.0820 host_ms=0.1068 err_el=0 err_q0=0 err_q1=0
GGML_OP_PROFILE op=mul_mat name=z-44 ne=6144x2048x1x1 type_src0=10 rows=2048 cols=5120 stream=0x5e82347b59d0 total_ms=0.7332 host_ms=2.7530 err_el=0 err_q0=0 err_q1=0
GGML_OP_PROFILE op=mul_mat name=linear_attn_out-44 ne=5120x2048x1x1 type_src0=18 rows=2048 cols=6144 stream=0x5e82347b59d0 total_ms=0.4437 host_ms=0.5336 err_el=0 err_q0=0 err_q1=0
GGML_OP_PROFILE op=mul_mat name=ffn_gate-44 ne=17408x2048x1x1 type_src0=10 rows=2048 cols=5120 stream=0x5e82347b59d0 total_ms=1.8206 host_ms=1.9124 err_el=0 err_q0=0 err_q1=0
GGML_OP_PROFILE op=mul_mat name=ffn_up-44 ne=17408x2048x1x1 type_src0=10 rows=2048 cols=5120 stream=0x5e82347b59d0 total_ms=1.8403 host_ms=1.8825 err_el=0 err_q0=0 err_q1=0
GGML_OP_PROFILE op=mul_mat name=ffn_out-44 ne=5120x2048x1x1 type_src0=10 rows=2048 cols=17408 stream=0x5e82347b59d0 total_ms=1.9479 host_ms=2.2267 err_el=0 err_q0=0 err_q1=0
GGML_OP_PROFILE op=mul_mat name=node_2584 ne=10240x2048x1x1 type_src0=18 rows=2048 cols=5120 stream=0x5e82347b59d0 total_ms=0.7250 host_ms=0.8206 err_el=0 err_q0=0 err_q1=0
GGML_OP_PROFILE op=mul_mat name=node_2605 ne=48x2048x1x1 type_src0=8 rows=2048 cols=5120 stream=0x5e82347b59d0 total_ms=0.0696 host_ms=0.4445 err_el=0 err_q0=0 err_q1=0
GGML_OP_PROFILE op=mul_mat name=node_2611 ne=48x2048x1x1 type_src0=8 rows=2048 cols=5120 stream=0x5e82347b59d0 total_ms=0.0461 host_ms=0.0730 err_el=0 err_q0=0 err_q1=0
GGML_OP_PROFILE op=mul_mat name=z-45 ne=6144x2048x1x1 type_src0=17 rows=2048 cols=5120 stream=0x5e82347b59d0 total_ms=0.6379 host_ms=2.2804 err_el=0 err_q0=0 err_q1=0
GGML_OP_PROFILE op=mul_mat name=linear_attn_out-45 ne=5120x2048x1x1 type_src0=10 rows=2048 cols=6144 stream=0x5e82347b59d0 total_ms=0.9770 host_ms=1.0631 err_el=0 err_q0=0 err_q1=0
GGML_OP_PROFILE op=mul_mat name=ffn_gate-45 ne=17408x2048x1x1 type_src0=10 rows=2048 cols=5120 stream=0x5e82347b59d0 total_ms=1.8145 host_ms=1.9094 err_el=0 err_q0=0 err_q1=0
GGML_OP_PROFILE op=mul_mat name=ffn_up-45 ne=17408x2048x1x1 type_src0=10 rows=2048 cols=5120 stream=0x5e82347b59d0 total_ms=1.8427 host_ms=1.8921 err_el=0 err_q0=0 err_q1=0
GGML_OP_PROFILE op=mul_mat name=ffn_out-45 ne=5120x2048x1x1 type_src0=10 rows=2048 cols=17408 stream=0x5e82347b59d0 total_ms=1.9540 host_ms=2.2371 err_el=0 err_q0=0 err_q1=0
GGML_OP_PROFILE op=mul_mat name=node_2647 ne=10240x2048x1x1 type_src0=18 rows=2048 cols=5120 stream=0x5e82347b59d0 total_ms=0.7270 host_ms=0.8168 err_el=0 err_q0=0 err_q1=0
GGML_OP_PROFILE op=mul_mat name=node_2668 ne=48x2048x1x1 type_src0=8 rows=2048 cols=5120 stream=0x5e82347b59d0 total_ms=0.0676 host_ms=0.4339 err_el=0 err_q0=0 err_q1=0
GGML_OP_PROFILE op=mul_mat name=node_2674 ne=48x2048x1x1 type_src0=8 rows=2048 cols=5120 stream=0x5e82347b59d0 total_ms=0.0450 host_ms=0.0753 err_el=0 err_q0=0 err_q1=0
GGML_OP_PROFILE op=mul_mat name=z-46 ne=6144x2048x1x1 type_src0=10 rows=2048 cols=5120 stream=0x5e82347b59d0 total_ms=0.7321 host_ms=2.3694 err_el=0 err_q0=0 err_q1=0
GGML_OP_PROFILE op=mul_mat name=linear_attn_out-46 ne=5120x2048x1x1 type_src0=18 rows=2048 cols=6144 stream=0x5e82347b59d0 total_ms=0.4441 host_ms=0.5296 err_el=0 err_q0=0 err_q1=0
GGML_OP_PROFILE op=mul_mat name=ffn_gate-46 ne=17408x2048x1x1 type_src0=17 rows=2048 cols=5120 stream=0x5e82347b59d0 total_ms=1.5790 host_ms=1.6684 err_el=0 err_q0=0 err_q1=0
GGML_OP_PROFILE op=mul_mat name=ffn_up-46 ne=17408x2048x1x1 type_src0=10 rows=2048 cols=5120 stream=0x5e82347b59d0 total_ms=2.1249 host_ms=2.1643 err_el=0 err_q0=0 err_q1=0
GGML_OP_PROFILE op=mul_mat name=ffn_out-46 ne=5120x2048x1x1 type_src0=10 rows=2048 cols=17408 stream=0x5e82347b59d0 total_ms=1.9496 host_ms=2.2295 err_el=0 err_q0=0 err_q1=0
GGML_OP_PROFILE op=mul_mat name=Qcur_full-47 ne=12288x2048x1x1 type_src0=10 rows=2048 cols=5120 stream=0x5e82347b59d0 total_ms=1.3681 host_ms=1.4604 err_el=0 err_q0=0 err_q1=0
GGML_OP_PROFILE op=mul_mat name=Vcur-47 ne=1024x2048x1x1 type_src0=23 rows=2048 cols=5120 stream=0x5e82347b59d0 total_ms=0.1127 host_ms=0.2353 err_el=0 err_q0=0 err_q1=0
GGML_OP_PROFILE op=mul_mat name=Kcur-47 ne=1024x2048x1x1 type_src0=23 rows=2048 cols=5120 stream=0x5e82347b59d0 total_ms=0.0964 host_ms=0.1343 err_el=0 err_q0=0 err_q1=0
GGML_OP_PROFILE op=mul_mat name=attn_output-47 ne=5120x2048x1x1 type_src0=18 rows=2048 cols=6144 stream=0x5e82347b59d0 total_ms=0.4383 host_ms=1.7856 err_el=0 err_q0=0 err_q1=0
GGML_OP_PROFILE op=mul_mat name=ffn_gate-47 ne=17408x2048x1x1 type_src0=10 rows=2048 cols=5120 stream=0x5e82347b59d0 total_ms=1.8184 host_ms=1.9018 err_el=0 err_q0=0 err_q1=0
GGML_OP_PROFILE op=mul_mat name=ffn_up-47 ne=17408x2048x1x1 type_src0=10 rows=2048 cols=5120 stream=0x5e82347b59d0 total_ms=1.8373 host_ms=1.8802 err_el=0 err_q0=0 err_q1=0
GGML_OP_PROFILE op=mul_mat name=ffn_out-47 ne=5120x2048x1x1 type_src0=10 rows=2048 cols=17408 stream=0x5e82347b59d0 total_ms=2.2313 host_ms=2.5105 err_el=0 err_q0=0 err_q1=0
GGML_OP_PROFILE op=mul_mat name=node_2749 ne=10240x2048x1x1 type_src0=18 rows=2048 cols=5120 stream=0x5e82347b59d0 total_ms=0.8050 host_ms=0.8908 err_el=0 err_q0=0 err_q1=0
GGML_OP_PROFILE op=mul_mat name=node_2770 ne=48x2048x1x1 type_src0=8 rows=2048 cols=5120 stream=0x5e82347b59d0 total_ms=0.0676 host_ms=0.4298 err_el=0 err_q0=0 err_q1=0
GGML_OP_PROFILE op=mul_mat name=node_2776 ne=48x2048x1x1 type_src0=8 rows=2048 cols=5120 stream=0x5e82347b59d0 total_ms=0.0980 host_ms=0.1575 err_el=0 err_q0=0 err_q1=0
GGML_OP_PROFILE op=mul_mat name=z-48 ne=6144x2048x1x1 type_src0=17 rows=2048 cols=5120 stream=0x5e82347b59d0 total_ms=0.6379 host_ms=2.2772 err_el=0 err_q0=0 err_q1=0
GGML_OP_PROFILE op=mul_mat name=linear_attn_out-48 ne=5120x2048x1x1 type_src0=18 rows=2048 cols=6144 stream=0x5e82347b59d0 total_ms=0.4436 host_ms=0.5278 err_el=0 err_q0=0 err_q1=0
GGML_OP_PROFILE op=mul_mat name=ffn_gate-48 ne=17408x2048x1x1 type_src0=10 rows=2048 cols=5120 stream=0x5e82347b59d0 total_ms=1.8221 host_ms=1.9009 err_el=0 err_q0=0 err_q1=0
GGML_OP_PROFILE op=mul_mat name=ffn_up-48 ne=17408x2048x1x1 type_src0=10 rows=2048 cols=5120 stream=0x5e82347b59d0 total_ms=1.9018 host_ms=1.9454 err_el=0 err_q0=0 err_q1=0
GGML_OP_PROFILE op=mul_mat name=ffn_out-48 ne=5120x2048x1x1 type_src0=10 rows=2048 cols=17408 stream=0x5e82347b59d0 total_ms=1.9499 host_ms=2.2274 err_el=0 err_q0=0 err_q1=0
GGML_OP_PROFILE op=mul_mat name=node_2812 ne=10240x2048x1x1 type_src0=18 rows=2048 cols=5120 stream=0x5e82347b59d0 total_ms=0.8092 host_ms=0.9138 err_el=0 err_q0=0 err_q1=0
GGML_OP_PROFILE op=mul_mat name=node_2833 ne=48x2048x1x1 type_src0=8 rows=2048 cols=5120 stream=0x5e82347b59d0 total_ms=0.0676 host_ms=0.5463 err_el=0 err_q0=0 err_q1=0
GGML_OP_PROFILE op=mul_mat name=node_2839 ne=48x2048x1x1 type_src0=8 rows=2048 cols=5120 stream=0x5e82347b59d0 total_ms=0.1166 host_ms=0.1719 err_el=0 err_q0=0 err_q1=0
GGML_OP_PROFILE op=mul_mat name=z-49 ne=6144x2048x1x1 type_src0=22 rows=2048 cols=5120 stream=0x5e82347b59d0 total_ms=0.6318 host_ms=2.2032 err_el=0 err_q0=0 err_q1=0
GGML_OP_PROFILE op=mul_mat name=linear_attn_out-49 ne=5120x2048x1x1 type_src0=18 rows=2048 cols=6144 stream=0x5e82347b59d0 total_ms=0.4412 host_ms=0.5116 err_el=0 err_q0=0 err_q1=0
GGML_OP_PROFILE op=mul_mat name=ffn_gate-49 ne=17408x2048x1x1 type_src0=10 rows=2048 cols=5120 stream=0x5e82347b59d0 total_ms=1.8221 host_ms=1.8979 err_el=0 err_q0=0 err_q1=0
GGML_OP_PROFILE op=mul_mat name=ffn_up-49 ne=17408x2048x1x1 type_src0=18 rows=2048 cols=5120 stream=0x5e82347b59d0 total_ms=1.2603 host_ms=1.3561 err_el=0 err_q0=0 err_q1=0
GGML_OP_PROFILE op=mul_mat name=ffn_out-49 ne=5120x2048x1x1 type_src0=18 rows=2048 cols=17408 stream=0x5e82347b59d0 total_ms=1.2707 host_ms=1.5507 err_el=0 err_q0=0 err_q1=0
GGML_OP_PROFILE op=mul_mat name=node_2875 ne=10240x2048x1x1 type_src0=10 rows=2048 cols=5120 stream=0x5e82347b59d0 total_ms=1.1900 host_ms=1.2953 err_el=0 err_q0=0 err_q1=0
GGML_OP_PROFILE op=mul_mat name=node_2896 ne=48x2048x1x1 type_src0=8 rows=2048 cols=5120 stream=0x5e82347b59d0 total_ms=0.0676 host_ms=0.4237 err_el=0 err_q0=0 err_q1=0
GGML_OP_PROFILE op=mul_mat name=node_2902 ne=48x2048x1x1 type_src0=8 rows=2048 cols=5120 stream=0x5e82347b59d0 total_ms=0.1679 host_ms=0.2244 err_el=0 err_q0=0 err_q1=0
GGML_OP_PROFILE op=mul_mat name=z-50 ne=6144x2048x1x1 type_src0=10 rows=2048 cols=5120 stream=0x5e82347b59d0 total_ms=1.0270 host_ms=2.6816 err_el=0 err_q0=0 err_q1=0
GGML_OP_PROFILE op=mul_mat name=linear_attn_out-50 ne=5120x2048x1x1 type_src0=21 rows=2048 cols=6144 stream=0x5e82347b59d0 total_ms=0.4596 host_ms=0.5479 err_el=0 err_q0=0 err_q1=0
GGML_OP_PROFILE op=mul_mat name=ffn_gate-50 ne=17408x2048x1x1 type_src0=10 rows=2048 cols=5120 stream=0x5e82347b59d0 total_ms=1.8864 host_ms=1.9590 err_el=0 err_q0=0 err_q1=0
GGML_OP_PROFILE op=mul_mat name=ffn_up-50 ne=17408x2048x1x1 type_src0=10 rows=2048 cols=5120 stream=0x5e82347b59d0 total_ms=1.8376 host_ms=1.9171 err_el=0 err_q0=0 err_q1=0
GGML_OP_PROFILE op=mul_mat name=ffn_out-50 ne=5120x2048x1x1 type_src0=18 rows=2048 cols=17408 stream=0x5e82347b59d0 total_ms=1.2707 host_ms=1.5519 err_el=0 err_q0=0 err_q1=0
GGML_OP_PROFILE op=mul_mat name=Qcur_full-51 ne=12288x2048x1x1 type_src0=18 rows=2048 cols=5120 stream=0x5e82347b59d0 total_ms=0.8683 host_ms=0.9670 err_el=0 err_q0=0 err_q1=0
GGML_OP_PROFILE op=mul_mat name=Vcur-51 ne=1024x2048x1x1 type_src0=12 rows=2048 cols=5120 stream=0x5e82347b59d0 total_ms=0.1209 host_ms=0.2409 err_el=0 err_q0=0 err_q1=0
GGML_OP_PROFILE op=mul_mat name=Kcur-51 ne=1024x2048x1x1 type_src0=23 rows=2048 cols=5120 stream=0x5e82347b59d0 total_ms=0.1509 host_ms=0.1893 err_el=0 err_q0=0 err_q1=0
GGML_OP_PROFILE op=mul_mat name=attn_output-51 ne=5120x2048x1x1 type_src0=21 rows=2048 cols=6144 stream=0x5e82347b59d0 total_ms=0.4546 host_ms=1.8429 err_el=0 err_q0=0 err_q1=0
GGML_OP_PROFILE op=mul_mat name=ffn_gate-51 ne=17408x2048x1x1 type_src0=10 rows=2048 cols=5120 stream=0x5e82347b59d0 total_ms=1.8166 host_ms=1.9129 err_el=0 err_q0=0 err_q1=0
GGML_OP_PROFILE op=mul_mat name=ffn_up-51 ne=17408x2048x1x1 type_src0=18 rows=2048 cols=5120 stream=0x5e82347b59d0 total_ms=1.4774 host_ms=1.5191 err_el=0 err_q0=0 err_q1=0
GGML_OP_PROFILE op=mul_mat name=ffn_out-51 ne=5120x2048x1x1 type_src0=18 rows=2048 cols=17408 stream=0x5e82347b59d0 total_ms=1.2671 host_ms=1.5454 err_el=0 err_q0=0 err_q1=0
GGML_OP_PROFILE op=mul_mat name=node_2977 ne=10240x2048x1x1 type_src0=10 rows=2048 cols=5120 stream=0x5e82347b59d0 total_ms=1.1305 host_ms=1.2157 err_el=0 err_q0=0 err_q1=0
GGML_OP_PROFILE op=mul_mat name=node_2998 ne=48x2048x1x1 type_src0=8 rows=2048 cols=5120 stream=0x5e82347b59d0 total_ms=0.0676 host_ms=0.4428 err_el=0 err_q0=0 err_q1=0
GGML_OP_PROFILE op=mul_mat name=node_3004 ne=48x2048x1x1 type_src0=8 rows=2048 cols=5120 stream=0x5e82347b59d0 total_ms=0.0751 host_ms=0.1005 err_el=0 err_q0=0 err_q1=0
GGML_OP_PROFILE op=mul_mat name=z-52 ne=6144x2048x1x1 type_src0=10 rows=2048 cols=5120 stream=0x5e82347b59d0 total_ms=0.7321 host_ms=2.3745 err_el=0 err_q0=0 err_q1=0
GGML_OP_PROFILE op=mul_mat name=linear_attn_out-52 ne=5120x2048x1x1 type_src0=21 rows=2048 cols=6144 stream=0x5e82347b59d0 total_ms=0.4558 host_ms=0.5410 err_el=0 err_q0=0 err_q1=0
GGML_OP_PROFILE op=mul_mat name=ffn_gate-52 ne=17408x2048x1x1 type_src0=10 rows=2048 cols=5120 stream=0x5e82347b59d0 total_ms=1.8166 host_ms=1.9055 err_el=0 err_q0=0 err_q1=0
GGML_OP_PROFILE op=mul_mat name=ffn_up-52 ne=17408x2048x1x1 type_src0=18 rows=2048 cols=5120 stream=0x5e82347b59d0 total_ms=1.1956 host_ms=1.2348 err_el=0 err_q0=0 err_q1=0
GGML_OP_PROFILE op=mul_mat name=ffn_out-52 ne=5120x2048x1x1 type_src0=18 rows=2048 cols=17408 stream=0x5e82347b59d0 total_ms=1.2710 host_ms=1.5504 err_el=0 err_q0=0 err_q1=0
GGML_OP_PROFILE op=mul_mat name=node_3040 ne=10240x2048x1x1 type_src0=10 rows=2048 cols=5120 stream=0x5e82347b59d0 total_ms=1.4002 host_ms=1.4869 err_el=0 err_q0=0 err_q1=0
GGML_OP_PROFILE op=mul_mat name=node_3061 ne=48x2048x1x1 type_src0=8 rows=2048 cols=5120 stream=0x5e82347b59d0 total_ms=0.0676 host_ms=0.4103 err_el=0 err_q0=0 err_q1=0
GGML_OP_PROFILE op=mul_mat name=node_3067 ne=48x2048x1x1 type_src0=8 rows=2048 cols=5120 stream=0x5e82347b59d0 total_ms=0.0896 host_ms=0.1154 err_el=0 err_q0=0 err_q1=0
GGML_OP_PROFILE op=mul_mat name=z-53 ne=6144x2048x1x1 type_src0=10 rows=2048 cols=5120 stream=0x5e82347b59d0 total_ms=0.7342 host_ms=2.3740 err_el=0 err_q0=0 err_q1=0
GGML_OP_PROFILE op=mul_mat name=linear_attn_out-53 ne=5120x2048x1x1 type_src0=21 rows=2048 cols=6144 stream=0x5e82347b59d0 total_ms=0.4559 host_ms=0.5370 err_el=0 err_q0=0 err_q1=0
GGML_OP_PROFILE op=mul_mat name=ffn_gate-53 ne=17408x2048x1x1 type_src0=10 rows=2048 cols=5120 stream=0x5e82347b59d0 total_ms=1.8186 host_ms=1.9082 err_el=0 err_q0=0 err_q1=0
GGML_OP_PROFILE op=mul_mat name=ffn_up-53 ne=17408x2048x1x1 type_src0=18 rows=2048 cols=5120 stream=0x5e82347b59d0 total_ms=1.1916 host_ms=1.2318 err_el=0 err_q0=0 err_q1=0
GGML_OP_PROFILE op=mul_mat name=ffn_out-53 ne=5120x2048x1x1 type_src0=18 rows=2048 cols=17408 stream=0x5e82347b59d0 total_ms=1.2669 host_ms=1.5465 err_el=0 err_q0=0 err_q1=0
GGML_OP_PROFILE op=mul_mat name=node_3103 ne=10240x2048x1x1 type_src0=10 rows=2048 cols=5120 stream=0x5e82347b59d0 total_ms=1.1305 host_ms=1.2228 err_el=0 err_q0=0 err_q1=0
GGML_OP_PROFILE op=mul_mat name=node_3124 ne=48x2048x1x1 type_src0=8 rows=2048 cols=5120 stream=0x5e82347b59d0 total_ms=0.0676 host_ms=0.4464 err_el=0 err_q0=0 err_q1=0
GGML_OP_PROFILE op=mul_mat name=node_3130 ne=48x2048x1x1 type_src0=8 rows=2048 cols=5120 stream=0x5e82347b59d0 total_ms=0.0450 host_ms=0.0714 err_el=0 err_q0=0 err_q1=0
GGML_OP_PROFILE op=mul_mat name=z-54 ne=6144x2048x1x1 type_src0=10 rows=2048 cols=5120 stream=0x5e82347b59d0 total_ms=1.0230 host_ms=2.6642 err_el=0 err_q0=0 err_q1=0
GGML_OP_PROFILE op=mul_mat name=linear_attn_out-54 ne=5120x2048x1x1 type_src0=18 rows=2048 cols=6144 stream=0x5e82347b59d0 total_ms=0.4416 host_ms=0.5279 err_el=0 err_q0=0 err_q1=0
GGML_OP_PROFILE op=mul_mat name=ffn_gate-54 ne=17408x2048x1x1 type_src0=18 rows=2048 cols=5120 stream=0x5e82347b59d0 total_ms=1.1673 host_ms=1.2539 err_el=0 err_q0=0 err_q1=0
GGML_OP_PROFILE op=mul_mat name=ffn_up-54 ne=17408x2048x1x1 type_src0=18 rows=2048 cols=5120 stream=0x5e82347b59d0 total_ms=1.1948 host_ms=1.2346 err_el=0 err_q0=0 err_q1=0
GGML_OP_PROFILE op=mul_mat name=ffn_out-54 ne=5120x2048x1x1 type_src0=21 rows=2048 cols=17408 stream=0x5e82347b59d0 total_ms=1.3058 host_ms=1.5837 err_el=0 err_q0=0 err_q1=0
GGML_OP_PROFILE op=mul_mat name=Qcur_full-55 ne=12288x2048x1x1 type_src0=10 rows=2048 cols=5120 stream=0x5e82347b59d0 total_ms=1.3701 host_ms=1.4628 err_el=0 err_q0=0 err_q1=0
GGML_OP_PROFILE op=mul_mat name=Vcur-55 ne=1024x2048x1x1 type_src0=23 rows=2048 cols=5120 stream=0x5e82347b59d0 total_ms=0.1127 host_ms=0.2342 err_el=0 err_q0=0 err_q1=0
GGML_OP_PROFILE op=mul_mat name=Kcur-55 ne=1024x2048x1x1 type_src0=23 rows=2048 cols=5120 stream=0x5e82347b59d0 total_ms=0.0960 host_ms=0.1345 err_el=0 err_q0=0 err_q1=0
GGML_OP_PROFILE op=mul_mat name=attn_output-55 ne=5120x2048x1x1 type_src0=21 rows=2048 cols=6144 stream=0x5e82347b59d0 total_ms=0.4505 host_ms=1.8389 err_el=0 err_q0=0 err_q1=0
GGML_OP_PROFILE op=mul_mat name=ffn_gate-55 ne=17408x2048x1x1 type_src0=10 rows=2048 cols=5120 stream=0x5e82347b59d0 total_ms=1.8186 host_ms=1.9047 err_el=0 err_q0=0 err_q1=0
GGML_OP_PROFILE op=mul_mat name=ffn_up-55 ne=17408x2048x1x1 type_src0=18 rows=2048 cols=5120 stream=0x5e82347b59d0 total_ms=1.2453 host_ms=1.2820 err_el=0 err_q0=0 err_q1=0
GGML_OP_PROFILE op=mul_mat name=ffn_out-55 ne=5120x2048x1x1 type_src0=21 rows=2048 cols=17408 stream=0x5e82347b59d0 total_ms=1.3066 host_ms=1.8578 err_el=0 err_q0=0 err_q1=0
GGML_OP_PROFILE op=mul_mat name=node_3205 ne=10240x2048x1x1 type_src0=21 rows=2048 cols=5120 stream=0x5e82347b59d0 total_ms=0.7496 host_ms=0.8414 err_el=0 err_q0=0 err_q1=0
GGML_OP_PROFILE op=mul_mat name=node_3226 ne=48x2048x1x1 type_src0=8 rows=2048 cols=5120 stream=0x5e82347b59d0 total_ms=0.0676 host_ms=0.3807 err_el=0 err_q0=0 err_q1=0
GGML_OP_PROFILE op=mul_mat name=node_3232 ne=48x2048x1x1 type_src0=8 rows=2048 cols=5120 stream=0x5e82347b59d0 total_ms=0.0846 host_ms=0.1058 err_el=0 err_q0=0 err_q1=0
GGML_OP_PROFILE op=mul_mat name=z-56 ne=6144x2048x1x1 type_src0=21 rows=2048 cols=5120 stream=0x5e82347b59d0 total_ms=0.4905 host_ms=2.1353 err_el=0 err_q0=0 err_q1=0
GGML_OP_PROFILE op=mul_mat name=linear_attn_out-56 ne=5120x2048x1x1 type_src0=23 rows=2048 cols=6144 stream=0x5e82347b59d0 total_ms=0.4064 host_ms=0.4939 err_el=0 err_q0=0 err_q1=0
GGML_OP_PROFILE op=mul_mat name=ffn_gate-56 ne=17408x2048x1x1 type_src0=21 rows=2048 cols=5120 stream=0x5e82347b59d0 total_ms=1.2098 host_ms=1.2941 err_el=0 err_q0=0 err_q1=0
GGML_OP_PROFILE op=mul_mat name=ffn_up-56 ne=17408x2048x1x1 type_src0=23 rows=2048 cols=5120 stream=0x5e82347b59d0 total_ms=1.1022 host_ms=1.1445 err_el=0 err_q0=0 err_q1=0
GGML_OP_PROFILE op=mul_mat name=ffn_out-56 ne=5120x2048x1x1 type_src0=23 rows=2048 cols=17408 stream=0x5e82347b59d0 total_ms=1.1706 host_ms=1.4469 err_el=0 err_q0=0 err_q1=0
GGML_OP_PROFILE op=mul_mat name=node_3268 ne=10240x2048x1x1 type_src0=18 rows=2048 cols=5120 stream=0x5e82347b59d0 total_ms=0.7932 host_ms=0.8799 err_el=0 err_q0=0 err_q1=0
GGML_OP_PROFILE op=mul_mat name=node_3289 ne=48x2048x1x1 type_src0=8 rows=2048 cols=5120 stream=0x5e82347b59d0 total_ms=0.0676 host_ms=0.3709 err_el=0 err_q0=0 err_q1=0
GGML_OP_PROFILE op=mul_mat name=node_3295 ne=48x2048x1x1 type_src0=8 rows=2048 cols=5120 stream=0x5e82347b59d0 total_ms=0.1747 host_ms=0.1960 err_el=0 err_q0=0 err_q1=0
GGML_OP_PROFILE op=mul_mat name=z-57 ne=6144x2048x1x1 type_src0=21 rows=2048 cols=5120 stream=0x5e82347b59d0 total_ms=0.4894 host_ms=2.4584 err_el=0 err_q0=0 err_q1=0
GGML_OP_PROFILE op=mul_mat name=linear_attn_out-57 ne=5120x2048x1x1 type_src0=23 rows=2048 cols=6144 stream=0x5e82347b59d0 total_ms=0.4099 host_ms=0.4829 err_el=0 err_q0=0 err_q1=0
GGML_OP_PROFILE op=mul_mat name=ffn_gate-57 ne=17408x2048x1x1 type_src0=23 rows=2048 cols=5120 stream=0x5e82347b59d0 total_ms=1.0766 host_ms=1.1892 err_el=0 err_q0=0 err_q1=0
GGML_OP_PROFILE op=mul_mat name=ffn_up-57 ne=17408x2048x1x1 type_src0=23 rows=2048 cols=5120 stream=0x5e82347b59d0 total_ms=1.1939 host_ms=1.2363 err_el=0 err_q0=0 err_q1=0
GGML_OP_PROFILE op=mul_mat name=ffn_out-57 ne=5120x2048x1x1 type_src0=23 rows=2048 cols=17408 stream=0x5e82347b59d0 total_ms=1.1691 host_ms=1.4472 err_el=0 err_q0=0 err_q1=0
GGML_OP_PROFILE op=mul_mat name=node_3331 ne=10240x2048x1x1 type_src0=21 rows=2048 cols=5120 stream=0x5e82347b59d0 total_ms=0.8021 host_ms=0.8756 err_el=0 err_q0=0 err_q1=0
GGML_OP_PROFILE op=mul_mat name=node_3352 ne=48x2048x1x1 type_src0=8 rows=2048 cols=5120 stream=0x5e82347b59d0 total_ms=0.0676 host_ms=0.4329 err_el=0 err_q0=0 err_q1=0
GGML_OP_PROFILE op=mul_mat name=node_3358 ne=48x2048x1x1 type_src0=8 rows=2048 cols=5120 stream=0x5e82347b59d0 total_ms=0.1082 host_ms=0.1570 err_el=0 err_q0=0 err_q1=0
GGML_OP_PROFILE op=mul_mat name=z-58 ne=6144x2048x1x1 type_src0=21 rows=2048 cols=5120 stream=0x5e82347b59d0 total_ms=0.4935 host_ms=2.3989 err_el=0 err_q0=0 err_q1=0
GGML_OP_PROFILE op=mul_mat name=linear_attn_out-58 ne=5120x2048x1x1 type_src0=23 rows=2048 cols=6144 stream=0x5e82347b59d0 total_ms=0.4067 host_ms=0.4998 err_el=0 err_q0=0 err_q1=0
GGML_OP_PROFILE op=mul_mat name=ffn_gate-58 ne=17408x2048x1x1 type_src0=23 rows=2048 cols=5120 stream=0x5e82347b59d0 total_ms=1.1381 host_ms=1.2150 err_el=0 err_q0=0 err_q1=0
GGML_OP_PROFILE op=mul_mat name=ffn_up-58 ne=17408x2048x1x1 type_src0=23 rows=2048 cols=5120 stream=0x5e82347b59d0 total_ms=1.1541 host_ms=1.1954 err_el=0 err_q0=0 err_q1=0
GGML_OP_PROFILE op=mul_mat name=ffn_out-58 ne=5120x2048x1x1 type_src0=23 rows=2048 cols=17408 stream=0x5e82347b59d0 total_ms=1.1673 host_ms=1.5214 err_el=0 err_q0=0 err_q1=0
GGML_OP_PROFILE op=mul_mat name=Qcur_full-59 ne=12288x2048x1x1 type_src0=18 rows=2048 cols=5120 stream=0x5e82347b59d0 total_ms=0.8643 host_ms=0.9537 err_el=0 err_q0=0 err_q1=0
GGML_OP_PROFILE op=mul_mat name=Vcur-59 ne=1024x2048x1x1 type_src0=13 rows=2048 cols=5120 stream=0x5e82347b59d0 total_ms=0.1244 host_ms=0.2599 err_el=0 err_q0=0 err_q1=0
GGML_OP_PROFILE op=mul_mat name=Kcur-59 ne=1024x2048x1x1 type_src0=12 rows=2048 cols=5120 stream=0x5e82347b59d0 total_ms=0.1768 host_ms=0.2461 err_el=0 err_q0=0 err_q1=0
GGML_OP_PROFILE op=mul_mat name=attn_output-59 ne=5120x2048x1x1 type_src0=23 rows=2048 cols=6144 stream=0x5e82347b59d0 total_ms=0.4034 host_ms=1.6677 err_el=0 err_q0=0 err_q1=0
GGML_OP_PROFILE op=mul_mat name=ffn_gate-59 ne=17408x2048x1x1 type_src0=23 rows=2048 cols=5120 stream=0x5e82347b59d0 total_ms=1.0800 host_ms=1.1869 err_el=0 err_q0=0 err_q1=0
GGML_OP_PROFILE op=mul_mat name=ffn_up-59 ne=17408x2048x1x1 type_src0=23 rows=2048 cols=5120 stream=0x5e82347b59d0 total_ms=1.1533 host_ms=1.2335 err_el=0 err_q0=0 err_q1=0
GGML_OP_PROFILE op=mul_mat name=ffn_out-59 ne=5120x2048x1x1 type_src0=23 rows=2048 cols=17408 stream=0x5e82347b59d0 total_ms=1.1682 host_ms=1.4481 err_el=0 err_q0=0 err_q1=0
GGML_OP_PROFILE op=mul_mat name=node_3433 ne=10240x2048x1x1 type_src0=21 rows=2048 cols=5120 stream=0x5e82347b59d0 total_ms=0.7509 host_ms=0.8239 err_el=0 err_q0=0 err_q1=0
GGML_OP_PROFILE op=mul_mat name=node_3454 ne=48x2048x1x1 type_src0=8 rows=2048 cols=5120 stream=0x5e82347b59d0 total_ms=0.0676 host_ms=0.4294 err_el=0 err_q0=0 err_q1=0
GGML_OP_PROFILE op=mul_mat name=node_3460 ne=48x2048x1x1 type_src0=8 rows=2048 cols=5120 stream=0x5e82347b59d0 total_ms=0.1956 host_ms=0.2543 err_el=0 err_q0=0 err_q1=0
GGML_OP_PROFILE op=mul_mat name=z-60 ne=6144x2048x1x1 type_src0=21 rows=2048 cols=5120 stream=0x5e82347b59d0 total_ms=0.4915 host_ms=2.4969 err_el=0 err_q0=0 err_q1=0
GGML_OP_PROFILE op=mul_mat name=linear_attn_out-60 ne=5120x2048x1x1 type_src0=23 rows=2048 cols=6144 stream=0x5e82347b59d0 total_ms=0.4044 host_ms=0.4922 err_el=0 err_q0=0 err_q1=0
GGML_OP_PROFILE op=mul_mat name=ffn_gate-60 ne=17408x2048x1x1 type_src0=23 rows=2048 cols=5120 stream=0x5e82347b59d0 total_ms=1.0746 host_ms=1.1570 err_el=0 err_q0=0 err_q1=0
GGML_OP_PROFILE op=mul_mat name=ffn_up-60 ne=17408x2048x1x1 type_src0=23 rows=2048 cols=5120 stream=0x5e82347b59d0 total_ms=1.1607 host_ms=1.2052 err_el=0 err_q0=0 err_q1=0
GGML_OP_PROFILE op=mul_mat name=ffn_out-60 ne=5120x2048x1x1 type_src0=23 rows=2048 cols=17408 stream=0x5e82347b59d0 total_ms=1.1683 host_ms=1.4485 err_el=0 err_q0=0 err_q1=0
GGML_OP_PROFILE op=mul_mat name=node_3496 ne=10240x2048x1x1 type_src0=21 rows=2048 cols=5120 stream=0x5e82347b59d0 total_ms=0.7489 host_ms=0.8228 err_el=0 err_q0=0 err_q1=0
GGML_OP_PROFILE op=mul_mat name=node_3517 ne=48x2048x1x1 type_src0=8 rows=2048 cols=5120 stream=0x5e82347b59d0 total_ms=0.0676 host_ms=0.4290 err_el=0 err_q0=0 err_q1=0
GGML_OP_PROFILE op=mul_mat name=node_3523 ne=48x2048x1x1 type_src0=8 rows=2048 cols=5120 stream=0x5e82347b59d0 total_ms=0.1670 host_ms=0.1896 err_el=0 err_q0=0 err_q1=0
GGML_OP_PROFILE op=mul_mat name=z-61 ne=6144x2048x1x1 type_src0=21 rows=2048 cols=5120 stream=0x5e82347b59d0 total_ms=0.4905 host_ms=2.1408 err_el=0 err_q0=0 err_q1=0
GGML_OP_PROFILE op=mul_mat name=linear_attn_out-61 ne=5120x2048x1x1 type_src0=21 rows=2048 cols=6144 stream=0x5e82347b59d0 total_ms=0.4535 host_ms=0.5369 err_el=0 err_q0=0 err_q1=0
GGML_OP_PROFILE op=mul_mat name=ffn_gate-61 ne=17408x2048x1x1 type_src0=23 rows=2048 cols=5120 stream=0x5e82347b59d0 total_ms=1.0780 host_ms=1.1901 err_el=0 err_q0=0 err_q1=0
GGML_OP_PROFILE op=mul_mat name=ffn_up-61 ne=17408x2048x1x1 type_src0=23 rows=2048 cols=5120 stream=0x5e82347b59d0 total_ms=1.4591 host_ms=1.5084 err_el=0 err_q0=0 err_q1=0
GGML_OP_PROFILE op=mul_mat name=ffn_out-61 ne=5120x2048x1x1 type_src0=23 rows=2048 cols=17408 stream=0x5e82347b59d0 total_ms=1.1647 host_ms=1.4514 err_el=0 err_q0=0 err_q1=0
GGML_OP_PROFILE op=mul_mat name=node_3559 ne=10240x2048x1x1 type_src0=21 rows=2048 cols=5120 stream=0x5e82347b59d0 total_ms=0.7455 host_ms=0.8298 err_el=0 err_q0=0 err_q1=0
GGML_OP_PROFILE op=mul_mat name=node_3580 ne=48x2048x1x1 type_src0=8 rows=2048 cols=5120 stream=0x5e82347b59d0 total_ms=0.0676 host_ms=0.4215 err_el=0 err_q0=0 err_q1=0
GGML_OP_PROFILE op=mul_mat name=node_3586 ne=48x2048x1x1 type_src0=8 rows=2048 cols=5120 stream=0x5e82347b59d0 total_ms=0.1246 host_ms=0.2373 err_el=0 err_q0=0 err_q1=0
GGML_OP_PROFILE op=mul_mat name=z-62 ne=6144x2048x1x1 type_src0=18 rows=2048 cols=5120 stream=0x5e82347b59d0 total_ms=0.4761 host_ms=2.1173 err_el=0 err_q0=0 err_q1=0
GGML_OP_PROFILE op=mul_mat name=linear_attn_out-62 ne=5120x2048x1x1 type_src0=23 rows=2048 cols=6144 stream=0x5e82347b59d0 total_ms=0.4037 host_ms=0.4927 err_el=0 err_q0=0 err_q1=0
GGML_OP_PROFILE op=mul_mat name=ffn_gate-62 ne=17408x2048x1x1 type_src0=23 rows=2048 cols=5120 stream=0x5e82347b59d0 total_ms=1.0770 host_ms=1.1568 err_el=0 err_q0=0 err_q1=0
GGML_OP_PROFILE op=mul_mat name=ffn_up-62 ne=17408x2048x1x1 type_src0=23 rows=2048 cols=5120 stream=0x5e82347b59d0 total_ms=1.2482 host_ms=1.2930 err_el=0 err_q0=0 err_q1=0
GGML_OP_PROFILE op=mul_mat name=ffn_out-62 ne=5120x2048x1x1 type_src0=21 rows=2048 cols=17408 stream=0x5e82347b59d0 total_ms=1.2972 host_ms=1.5803 err_el=0 err_q0=0 err_q1=0
GGML_OP_PROFILE op=mul_mat name=Qcur_full-63 ne=12288x2048x1x1 type_src0=23 rows=2048 cols=5120 stream=0x5e82347b59d0 total_ms=0.8149 host_ms=0.9018 err_el=0 err_q0=0 err_q1=0
GGML_OP_PROFILE op=mul_mat name=Vcur-63 ne=1024x2048x1x1 type_src0=13 rows=2048 cols=5120 stream=0x5e82347b59d0 total_ms=0.1264 host_ms=0.2590 err_el=0 err_q0=0 err_q1=0
GGML_OP_PROFILE op=mul_mat name=Kcur-63 ne=1024x2048x1x1 type_src0=12 rows=2048 cols=5120 stream=0x5e82347b59d0 total_ms=0.1745 host_ms=0.2428 err_el=0 err_q0=0 err_q1=0
GGML_OP_PROFILE op=mul_mat name=attn_output-63 ne=5120x2048x1x1 type_src0=23 rows=2048 cols=6144 stream=0x5e82347b59d0 total_ms=0.3993 host_ms=1.8569 err_el=0 err_q0=0 err_q1=0
GGML_OP_PROFILE op=mul_mat name=ffn_gate-63 ne=17408x2048x1x1 type_src0=23 rows=2048 cols=5120 stream=0x5e82347b59d0 total_ms=1.1307 host_ms=1.2089 err_el=0 err_q0=0 err_q1=0
GGML_OP_PROFILE op=mul_mat name=ffn_up-63 ne=17408x2048x1x1 type_src0=12 rows=2048 cols=5120 stream=0x5e82347b59d0 total_ms=1.2915 host_ms=1.3364 err_el=0 err_q0=0 err_q1=0
GGML_OP_PROFILE op=mul_mat name=ffn_out-63 ne=5120x2048x1x1 type_src0=12 rows=2048 cols=17408 stream=0x5e82347b59d0 total_ms=1.3005 host_ms=1.5850 err_el=0 err_q0=0 err_q1=0
GGML_OP_PROFILE op=mul_mat name=result_output ne=248320x1x1x1 type_src0=12 rows=1 cols=5120 stream=0x5e82347b59d0 total_ms=0.4424 host_ms=0.5375 err_el=0 err_q0=0 err_q1=0
GGML_OP_PROFILE op=mul_mat name=node_13 ne=10240x2048x1x1 type_src0=18 rows=2048 cols=5120 stream=0x5e82347b59d0 total_ms=0.7063 host_ms=0.8111 err_el=0 err_q0=0 err_q1=0
GGML_OP_PROFILE op=mul_mat name=node_34 ne=48x2048x1x1 type_src0=8 rows=2048 cols=5120 stream=0x5e82347b59d0 total_ms=0.0676 host_ms=0.3754 err_el=0 err_q0=0 err_q1=0
GGML_OP_PROFILE op=mul_mat name=node_40 ne=48x2048x1x1 type_src0=8 rows=2048 cols=5120 stream=0x5e82347b59d0 total_ms=0.2331 host_ms=0.2799 err_el=0 err_q0=0 err_q1=0
GGML_OP_PROFILE op=mul_mat name=z-0 ne=6144x2048x1x1 type_src0=18 rows=2048 cols=5120 stream=0x5e82347b59d0 total_ms=0.4597 host_ms=2.0347 err_el=0 err_q0=0 err_q1=0
GGML_OP_PROFILE op=mul_mat name=linear_attn_out-0 ne=5120x2048x1x1 type_src0=21 rows=2048 cols=6144 stream=0x5e82347b59d0 total_ms=0.4444 host_ms=0.6080 err_el=0 err_q0=0 err_q1=0
GGML_OP_PROFILE op=mul_mat name=ffn_gate-0 ne=17408x2048x1x1 type_src0=19 rows=2048 cols=5120 stream=0x5e82347b59d0 total_ms=1.1954 host_ms=1.2798 err_el=0 err_q0=0 err_q1=0
GGML_OP_PROFILE op=mul_mat name=ffn_up-0 ne=17408x2048x1x1 type_src0=19 rows=2048 cols=5120 stream=0x5e82347b59d0 total_ms=1.2554 host_ms=1.2972 err_el=0 err_q0=0 err_q1=0
GGML_OP_PROFILE op=mul_mat name=ffn_out-0 ne=5120x2048x1x1 type_src0=29 rows=2048 cols=17408 stream=0x5e82347b59d0 total_ms=1.3730 host_ms=1.6459 err_el=0 err_q0=0 err_q1=0
GGML_OP_PROFILE op=mul_mat name=node_76 ne=10240x2048x1x1 type_src0=16 rows=2048 cols=5120 stream=0x5e82347b59d0 total_ms=0.6735 host_ms=0.7544 err_el=0 err_q0=0 err_q1=0
GGML_OP_PROFILE op=mul_mat name=node_97 ne=48x2048x1x1 type_src0=8 rows=2048 cols=5120 stream=0x5e82347b59d0 total_ms=0.0676 host_ms=0.4349 err_el=0 err_q0=0 err_q1=0
GGML_OP_PROFILE op=mul_mat name=node_103 ne=48x2048x1x1 type_src0=8 rows=2048 cols=5120 stream=0x5e82347b59d0 total_ms=0.0521 host_ms=0.0754 err_el=0 err_q0=0 err_q1=0
GGML_OP_PROFILE op=mul_mat name=z-1 ne=6144x2048x1x1 type_src0=22 rows=2048 cols=5120 stream=0x5e82347b59d0 total_ms=0.6213 host_ms=2.2430 err_el=0 err_q0=0 err_q1=0
GGML_OP_PROFILE op=mul_mat name=linear_attn_out-1 ne=5120x2048x1x1 type_src0=21 rows=2048 cols=6144 stream=0x5e82347b59d0 total_ms=0.4474 host_ms=0.5284 err_el=0 err_q0=0 err_q1=0
GGML_OP_PROFILE op=mul_mat name=ffn_gate-1 ne=17408x2048x1x1 type_src0=19 rows=2048 cols=5120 stream=0x5e82347b59d0 total_ms=1.1980 host_ms=1.2865 err_el=0 err_q0=0 err_q1=0
GGML_OP_PROFILE op=mul_mat name=ffn_up-1 ne=17408x2048x1x1 type_src0=19 rows=2048 cols=5120 stream=0x5e82347b59d0 total_ms=1.2605 host_ms=1.3013 err_el=0 err_q0=0 err_q1=0
GGML_OP_PROFILE op=mul_mat name=ffn_out-1 ne=5120x2048x1x1 type_src0=22 rows=2048 cols=17408 stream=0x5e82347b59d0 total_ms=1.6588 host_ms=2.1777 err_el=0 err_q0=0 err_q1=0
GGML_OP_PROFILE op=mul_mat name=node_139 ne=10240x2048x1x1 type_src0=22 rows=2048 cols=5120 stream=0x5e82347b59d0 total_ms=0.9502 host_ms=1.0374 err_el=0 err_q0=0 err_q1=0
GGML_OP_PROFILE op=mul_mat name=node_160 ne=48x2048x1x1 type_src0=8 rows=2048 cols=5120 stream=0x5e82347b59d0 total_ms=0.0676 host_ms=0.4417 err_el=0 err_q0=0 err_q1=0
GGML_OP_PROFILE op=mul_mat name=node_166 ne=48x2048x1x1 type_src0=8 rows=2048 cols=5120 stream=0x5e82347b59d0 total_ms=0.0796 host_ms=0.1412 err_el=0 err_q0=0 err_q1=0
GGML_OP_PROFILE op=mul_mat name=z-2 ne=6144x2048x1x1 type_src0=22 rows=2048 cols=5120 stream=0x5e82347b59d0 total_ms=0.6236 host_ms=2.2469 err_el=0 err_q0=0 err_q1=0
GGML_OP_PROFILE op=mul_mat name=linear_attn_out-2 ne=5120x2048x1x1 type_src0=18 rows=2048 cols=6144 stream=0x5e82347b59d0 total_ms=0.4348 host_ms=0.5268 err_el=0 err_q0=0 err_q1=0
GGML_OP_PROFILE op=mul_mat name=ffn_gate-2 ne=17408x2048x1x1 type_src0=16 rows=2048 cols=5120 stream=0x5e82347b59d0 total_ms=1.1129 host_ms=1.2019 err_el=0 err_q0=0 err_q1=0
GGML_OP_PROFILE op=mul_mat name=ffn_up-2 ne=17408x2048x1x1 type_src0=16 rows=2048 cols=5120 stream=0x5e82347b59d0 total_ms=1.1619 host_ms=1.2024 err_el=0 err_q0=0 err_q1=0
GGML_OP_PROFILE op=mul_mat name=ffn_out-2 ne=5120x2048x1x1 type_src0=10 rows=2048 cols=17408 stream=0x5e82347b59d0 total_ms=1.9291 host_ms=2.2065 err_el=0 err_q0=0 err_q1=0
GGML_OP_PROFILE op=mul_mat name=Qcur_full-3 ne=12288x2048x1x1 type_src0=22 rows=2048 cols=5120 stream=0x5e82347b59d0 total_ms=1.4495 host_ms=1.5374 err_el=0 err_q0=0 err_q1=0
GGML_OP_PROFILE op=mul_mat name=Vcur-3 ne=1024x2048x1x1 type_src0=23 rows=2048 cols=5120 stream=0x5e82347b59d0 total_ms=0.1127 host_ms=0.2277 err_el=0 err_q0=0 err_q1=0
GGML_OP_PROFILE op=mul_mat name=Kcur-3 ne=1024x2048x1x1 type_src0=23 rows=2048 cols=5120 stream=0x5e82347b59d0 total_ms=0.1068 host_ms=0.1475 err_el=0 err_q0=0 err_q1=0
GGML_OP_PROFILE op=mul_mat name=attn_output-3 ne=5120x2048x1x1 type_src0=23 rows=2048 cols=6144 stream=0x5e82347b59d0 total_ms=0.3952 host_ms=1.1865 err_el=0 err_q0=0 err_q1=0
GGML_OP_PROFILE op=mul_mat name=ffn_gate-3 ne=17408x2048x1x1 type_src0=16 rows=2048 cols=5120 stream=0x5e82347b59d0 total_ms=1.0895 host_ms=1.1703 err_el=0 err_q0=0 err_q1=0
GGML_OP_PROFILE op=mul_mat name=ffn_up-3 ne=17408x2048x1x1 type_src0=16 rows=2048 cols=5120 stream=0x5e82347b59d0 total_ms=1.1156 host_ms=1.1576 err_el=0 err_q0=0 err_q1=0
GGML_OP_PROFILE op=mul_mat name=ffn_out-3 ne=5120x2048x1x1 type_src0=22 rows=2048 cols=17408 stream=0x5e82347b59d0 total_ms=1.6540 host_ms=1.9304 err_el=0 err_q0=0 err_q1=0
GGML_OP_PROFILE op=mul_mat name=node_241 ne=10240x2048x1x1 type_src0=16 rows=2048 cols=5120 stream=0x5e82347b59d0 total_ms=0.6779 host_ms=0.7643 err_el=0 err_q0=0 err_q1=0
GGML_OP_PROFILE op=mul_mat name=node_262 ne=48x2048x1x1 type_src0=8 rows=2048 cols=5120 stream=0x5e82347b59d0 total_ms=0.0676 host_ms=0.4453 err_el=0 err_q0=0 err_q1=0
GGML_OP_PROFILE op=mul_mat name=node_268 ne=48x2048x1x1 type_src0=8 rows=2048 cols=5120 stream=0x5e82347b59d0 total_ms=0.0620 host_ms=0.0797 err_el=0 err_q0=0 err_q1=0
GGML_OP_PROFILE op=mul_mat name=z-4 ne=6144x2048x1x1 type_src0=10 rows=2048 cols=5120 stream=0x5e82347b59d0 total_ms=0.7240 host_ms=2.3403 err_el=0 err_q0=0 err_q1=0
GGML_OP_PROFILE op=mul_mat name=linear_attn_out-4 ne=5120x2048x1x1 type_src0=10 rows=2048 cols=6144 stream=0x5e82347b59d0 total_ms=0.6808 host_ms=0.7640 err_el=0 err_q0=0 err_q1=0
GGML_OP_PROFILE op=mul_mat name=ffn_gate-4 ne=17408x2048x1x1 type_src0=16 rows=2048 cols=5120 stream=0x5e82347b59d0 total_ms=1.0913 host_ms=1.1723 err_el=0 err_q0=0 err_q1=0
GGML_OP_PROFILE op=mul_mat name=ffn_up-4 ne=17408x2048x1x1 type_src0=16 rows=2048 cols=5120 stream=0x5e82347b59d0 total_ms=1.1076 host_ms=1.2300 err_el=0 err_q0=0 err_q1=0
GGML_OP_PROFILE op=mul_mat name=ffn_out-4 ne=5120x2048x1x1 type_src0=16 rows=2048 cols=17408 stream=0x5e82347b59d0 total_ms=1.1931 host_ms=1.4701 err_el=0 err_q0=0 err_q1=0
GGML_OP_PROFILE op=mul_mat name=node_304 ne=10240x2048x1x1 type_src0=22 rows=2048 cols=5120 stream=0x5e82347b59d0 total_ms=0.9523 host_ms=1.0418 err_el=0 err_q0=0 err_q1=0
GGML_OP_PROFILE op=mul_mat name=node_325 ne=48x2048x1x1 type_src0=8 rows=2048 cols=5120 stream=0x5e82347b59d0 total_ms=0.0676 host_ms=0.4335 err_el=0 err_q0=0 err_q1=0
GGML_OP_PROFILE op=mul_mat name=node_331 ne=48x2048x1x1 type_src0=8 rows=2048 cols=5120 stream=0x5e82347b59d0 total_ms=0.0464 host_ms=0.0766 err_el=0 err_q0=0 err_q1=0
GGML_OP_PROFILE op=mul_mat name=z-5 ne=6144x2048x1x1 type_src0=10 rows=2048 cols=5120 stream=0x5e82347b59d0 total_ms=0.7260 host_ms=2.3551 err_el=0 err_q0=0 err_q1=0
GGML_OP_PROFILE op=mul_mat name=linear_attn_out-5 ne=5120x2048x1x1 type_src0=18 rows=2048 cols=6144 stream=0x5e82347b59d0 total_ms=0.4351 host_ms=0.5149 err_el=0 err_q0=0 err_q1=0
GGML_OP_PROFILE op=mul_mat name=ffn_gate-5 ne=17408x2048x1x1 type_src0=16 rows=2048 cols=5120 stream=0x5e82347b59d0 total_ms=1.0934 host_ms=1.1800 err_el=0 err_q0=0 err_q1=0
GGML_OP_PROFILE op=mul_mat name=ffn_up-5 ne=17408x2048x1x1 type_src0=22 rows=2048 cols=5120 stream=0x5e82347b59d0 total_ms=1.5611 host_ms=1.5989 err_el=0 err_q0=0 err_q1=0
GGML_OP_PROFILE op=mul_mat name=ffn_out-5 ne=5120x2048x1x1 type_src0=16 rows=2048 cols=17408 stream=0x5e82347b59d0 total_ms=1.1911 host_ms=1.4692 err_el=0 err_q0=0 err_q1=0
GGML_OP_PROFILE op=mul_mat name=node_367 ne=10240x2048x1x1 type_src0=22 rows=2048 cols=5120 stream=0x5e82347b59d0 total_ms=0.9564 host_ms=1.0670 err_el=0 err_q0=0 err_q1=0
GGML_OP_PROFILE op=mul_mat name=node_388 ne=48x2048x1x1 type_src0=8 rows=2048 cols=5120 stream=0x5e82347b59d0 total_ms=0.0676 host_ms=0.5170 err_el=0 err_q0=0 err_q1=0
GGML_OP_PROFILE op=mul_mat name=node_394 ne=48x2048x1x1 type_src0=8 rows=2048 cols=5120 stream=0x5e82347b59d0 total_ms=0.0548 host_ms=0.0813 err_el=0 err_q0=0 err_q1=0
GGML_OP_PROFILE op=mul_mat name=z-6 ne=6144x2048x1x1 type_src0=22 rows=2048 cols=5120 stream=0x5e82347b59d0 total_ms=0.6236 host_ms=2.2460 err_el=0 err_q0=0 err_q1=0
GGML_OP_PROFILE op=mul_mat name=linear_attn_out-6 ne=5120x2048x1x1 type_src0=10 rows=2048 cols=6144 stream=0x5e82347b59d0 total_ms=0.6852 host_ms=0.7681 err_el=0 err_q0=0 err_q1=0
GGML_OP_PROFILE op=mul_mat name=ffn_gate-6 ne=17408x2048x1x1 type_src0=16 rows=2048 cols=5120 stream=0x5e82347b59d0 total_ms=1.0916 host_ms=1.1866 err_el=0 err_q0=0 err_q1=0
GGML_OP_PROFILE op=mul_mat name=ffn_up-6 ne=17408x2048x1x1 type_src0=29 rows=2048 cols=5120 stream=0x5e82347b59d0 total_ms=1.5301 host_ms=1.5684 err_el=0 err_q0=0 err_q1=0
GGML_OP_PROFILE op=mul_mat name=ffn_out-6 ne=5120x2048x1x1 type_src0=16 rows=2048 cols=17408 stream=0x5e82347b59d0 total_ms=1.1938 host_ms=1.4797 err_el=0 err_q0=0 err_q1=0
GGML_OP_PROFILE op=mul_mat name=Qcur_full-7 ne=12288x2048x1x1 type_src0=22 rows=2048 cols=5120 stream=0x5e82347b59d0 total_ms=1.1572 host_ms=1.2513 err_el=0 err_q0=0 err_q1=0
GGML_OP_PROFILE op=mul_mat name=Vcur-7 ne=1024x2048x1x1 type_src0=23 rows=2048 cols=5120 stream=0x5e82347b59d0 total_ms=0.1106 host_ms=0.2292 err_el=0 err_q0=0 err_q1=0
GGML_OP_PROFILE op=mul_mat name=Kcur-7 ne=1024x2048x1x1 type_src0=18 rows=2048 cols=5120 stream=0x5e82347b59d0 total_ms=0.1039 host_ms=0.1423 err_el=0 err_q0=0 err_q1=0
GGML_OP_PROFILE op=mul_mat name=attn_output-7 ne=5120x2048x1x1 type_src0=10 rows=2048 cols=6144 stream=0x5e82347b59d0 total_ms=0.6799 host_ms=1.4755 err_el=0 err_q0=0 err_q1=0
GGML_OP_PROFILE op=mul_mat name=ffn_gate-7 ne=17408x2048x1x1 type_src0=16 rows=2048 cols=5120 stream=0x5e82347b59d0 total_ms=1.0936 host_ms=1.1792 err_el=0 err_q0=0 err_q1=0
GGML_OP_PROFILE op=mul_mat name=ffn_up-7 ne=17408x2048x1x1 type_src0=16 rows=2048 cols=5120 stream=0x5e82347b59d0 total_ms=1.1098 host_ms=1.2333 err_el=0 err_q0=0 err_q1=0
GGML_OP_PROFILE op=mul_mat name=ffn_out-7 ne=5120x2048x1x1 type_src0=17 rows=2048 cols=17408 stream=0x5e82347b59d0 total_ms=1.6755 host_ms=1.9597 err_el=0 err_q0=0 err_q1=0
GGML_OP_PROFILE op=mul_mat name=node_469 ne=10240x2048x1x1 type_src0=19 rows=2048 cols=5120 stream=0x5e82347b59d0 total_ms=0.7454 host_ms=0.8432 err_el=0 err_q0=0 err_q1=0
GGML_OP_PROFILE op=mul_mat name=node_490 ne=48x2048x1x1 type_src0=8 rows=2048 cols=5120 stream=0x5e82347b59d0 total_ms=0.0676 host_ms=0.4441 err_el=0 err_q0=0 err_q1=0
GGML_OP_PROFILE op=mul_mat name=node_496 ne=48x2048x1x1 type_src0=8 rows=2048 cols=5120 stream=0x5e82347b59d0 total_ms=0.0470 host_ms=0.0768 err_el=0 err_q0=0 err_q1=0
GGML_OP_PROFILE op=mul_mat name=z-8 ne=6144x2048x1x1 type_src0=22 rows=2048 cols=5120 stream=0x5e82347b59d0 total_ms=0.6212 host_ms=2.2568 err_el=0 err_q0=0 err_q1=0
GGML_OP_PROFILE op=mul_mat name=linear_attn_out-8 ne=5120x2048x1x1 type_src0=10 rows=2048 cols=6144 stream=0x5e82347b59d0 total_ms=0.6860 host_ms=0.7743 err_el=0 err_q0=0 err_q1=0
GGML_OP_PROFILE op=mul_mat name=ffn_gate-8 ne=17408x2048x1x1 type_src0=16 rows=2048 cols=5120 stream=0x5e82347b59d0 total_ms=1.0916 host_ms=1.1800 err_el=0 err_q0=0 err_q1=0
GGML_OP_PROFILE op=mul_mat name=ffn_up-8 ne=17408x2048x1x1 type_src0=16 rows=2048 cols=5120 stream=0x5e82347b59d0 total_ms=1.1169 host_ms=1.1561 err_el=0 err_q0=0 err_q1=0
GGML_OP_PROFILE op=mul_mat name=ffn_out-8 ne=5120x2048x1x1 type_src0=19 rows=2048 cols=17408 stream=0x5e82347b59d0 total_ms=1.3119 host_ms=1.5884 err_el=0 err_q0=0 err_q1=0
GGML_OP_PROFILE op=mul_mat name=node_532 ne=10240x2048x1x1 type_src0=19 rows=2048 cols=5120 stream=0x5e82347b59d0 total_ms=0.7509 host_ms=0.8264 err_el=0 err_q0=0 err_q1=0
GGML_OP_PROFILE op=mul_mat name=node_553 ne=48x2048x1x1 type_src0=8 rows=2048 cols=5120 stream=0x5e82347b59d0 total_ms=0.0676 host_ms=0.5421 err_el=0 err_q0=0 err_q1=0
GGML_OP_PROFILE op=mul_mat name=node_559 ne=48x2048x1x1 type_src0=8 rows=2048 cols=5120 stream=0x5e82347b59d0 total_ms=0.0643 host_ms=0.0847 err_el=0 err_q0=0 err_q1=0
GGML_OP_PROFILE op=mul_mat name=z-9 ne=6144x2048x1x1 type_src0=16 rows=2048 cols=5120 stream=0x5e82347b59d0 total_ms=0.4485 host_ms=2.0762 err_el=0 err_q0=0 err_q1=0
GGML_OP_PROFILE op=mul_mat name=linear_attn_out-9 ne=5120x2048x1x1 type_src0=10 rows=2048 cols=6144 stream=0x5e82347b59d0 total_ms=0.6934 host_ms=0.7772 err_el=0 err_q0=0 err_q1=0
GGML_OP_PROFILE op=mul_mat name=ffn_gate-9 ne=17408x2048x1x1 type_src0=29 rows=2048 cols=5120 stream=0x5e82347b59d0 total_ms=1.5357 host_ms=1.6217 err_el=0 err_q0=0 err_q1=0
GGML_OP_PROFILE op=mul_mat name=ffn_up-9 ne=17408x2048x1x1 type_src0=19 rows=2048 cols=5120 stream=0x5e82347b59d0 total_ms=1.2361 host_ms=1.2828 err_el=0 err_q0=0 err_q1=0
GGML_OP_PROFILE op=mul_mat name=ffn_out-9 ne=5120x2048x1x1 type_src0=29 rows=2048 cols=17408 stream=0x5e82347b59d0 total_ms=1.3852 host_ms=1.6614 err_el=0 err_q0=0 err_q1=0
GGML_OP_PROFILE op=mul_mat name=node_595 ne=10240x2048x1x1 type_src0=22 rows=2048 cols=5120 stream=0x5e82347b59d0 total_ms=0.9625 host_ms=1.0395 err_el=0 err_q0=0 err_q1=0
GGML_OP_PROFILE op=mul_mat name=node_616 ne=48x2048x1x1 type_src0=8 rows=2048 cols=5120 stream=0x5e82347b59d0 total_ms=0.0676 host_ms=0.4367 err_el=0 err_q0=0 err_q1=0
GGML_OP_PROFILE op=mul_mat name=node_622 ne=48x2048x1x1 type_src0=8 rows=2048 cols=5120 stream=0x5e82347b59d0 total_ms=0.0620 host_ms=0.0812 err_el=0 err_q0=0 err_q1=0
GGML_OP_PROFILE op=mul_mat name=z-10 ne=6144x2048x1x1 type_src0=16 rows=2048 cols=5120 stream=0x5e82347b59d0 total_ms=0.4495 host_ms=2.0913 err_el=0 err_q0=0 err_q1=0
GGML_OP_PROFILE op=mul_mat name=linear_attn_out-10 ne=5120x2048x1x1 type_src0=10 rows=2048 cols=6144 stream=0x5e82347b59d0 total_ms=0.9781 host_ms=1.0686 err_el=0 err_q0=0 err_q1=0
GGML_OP_PROFILE op=mul_mat name=ffn_gate-10 ne=17408x2048x1x1 type_src0=29 rows=2048 cols=5120 stream=0x5e82347b59d0 total_ms=1.5316 host_ms=1.6223 err_el=0 err_q0=0 err_q1=0
GGML_OP_PROFILE op=mul_mat name=ffn_up-10 ne=17408x2048x1x1 type_src0=19 rows=2048 cols=5120 stream=0x5e82347b59d0 total_ms=1.2338 host_ms=1.2731 err_el=0 err_q0=0 err_q1=0
GGML_OP_PROFILE op=mul_mat name=ffn_out-10 ne=5120x2048x1x1 type_src0=29 rows=2048 cols=17408 stream=0x5e82347b59d0 total_ms=1.3775 host_ms=1.6549 err_el=0 err_q0=0 err_q1=0
GGML_OP_PROFILE op=mul_mat name=Qcur_full-11 ne=12288x2048x1x1 type_src0=22 rows=2048 cols=5120 stream=0x5e82347b59d0 total_ms=1.1674 host_ms=1.2553 err_el=0 err_q0=0 err_q1=0
GGML_OP_PROFILE op=mul_mat name=Vcur-11 ne=1024x2048x1x1 type_src0=23 rows=2048 cols=5120 stream=0x5e82347b59d0 total_ms=0.1144 host_ms=0.2313 err_el=0 err_q0=0 err_q1=0
GGML_OP_PROFILE op=mul_mat name=Kcur-11 ne=1024x2048x1x1 type_src0=18 rows=2048 cols=5120 stream=0x5e82347b59d0 total_ms=0.1132 host_ms=0.1541 err_el=0 err_q0=0 err_q1=0
GGML_OP_PROFILE op=mul_mat name=attn_output-11 ne=5120x2048x1x1 type_src0=10 rows=2048 cols=6144 stream=0x5e82347b59d0 total_ms=0.6840 host_ms=1.4856 err_el=0 err_q0=0 err_q1=0
GGML_OP_PROFILE op=mul_mat name=ffn_gate-11 ne=17408x2048x1x1 type_src0=19 rows=2048 cols=5120 stream=0x5e82347b59d0 total_ms=1.2124 host_ms=1.3055 err_el=0 err_q0=0 err_q1=0
GGML_OP_PROFILE op=mul_mat name=ffn_up-11 ne=17408x2048x1x1 type_src0=19 rows=2048 cols=5120 stream=0x5e82347b59d0 total_ms=1.2323 host_ms=1.2707 err_el=0 err_q0=0 err_q1=0
GGML_OP_PROFILE op=mul_mat name=ffn_out-11 ne=5120x2048x1x1 type_src0=19 rows=2048 cols=17408 stream=0x5e82347b59d0 total_ms=1.3241 host_ms=1.6004 err_el=0 err_q0=0 err_q1=0
GGML_OP_PROFILE op=mul_mat name=node_697 ne=10240x2048x1x1 type_src0=19 rows=2048 cols=5120 stream=0x5e82347b59d0 total_ms=0.7555 host_ms=0.8374 err_el=0 err_q0=0 err_q1=0
GGML_OP_PROFILE op=mul_mat name=node_718 ne=48x2048x1x1 type_src0=8 rows=2048 cols=5120 stream=0x5e82347b59d0 total_ms=0.0676 host_ms=0.3995 err_el=0 err_q0=0 err_q1=0
GGML_OP_PROFILE op=mul_mat name=node_724 ne=48x2048x1x1 type_src0=8 rows=2048 cols=5120 stream=0x5e82347b59d0 total_ms=0.1417 host_ms=0.1896 err_el=0 err_q0=0 err_q1=0
GGML_OP_PROFILE op=mul_mat name=z-12 ne=6144x2048x1x1 type_src0=22 rows=2048 cols=5120 stream=0x5e82347b59d0 total_ms=0.6277 host_ms=2.2717 err_el=0 err_q0=0 err_q1=0
GGML_OP_PROFILE op=mul_mat name=linear_attn_out-12 ne=5120x2048x1x1 type_src0=22 rows=2048 cols=6144 stream=0x5e82347b59d0 total_ms=0.5869 host_ms=0.7071 err_el=0 err_q0=0 err_q1=0
GGML_OP_PROFILE op=mul_mat name=ffn_gate-12 ne=17408x2048x1x1 type_src0=29 rows=2048 cols=5120 stream=0x5e82347b59d0 total_ms=1.5337 host_ms=1.6128 err_el=0 err_q0=0 err_q1=0
GGML_OP_PROFILE op=mul_mat name=ffn_up-12 ne=17408x2048x1x1 type_src0=19 rows=2048 cols=5120 stream=0x5e82347b59d0 total_ms=1.3087 host_ms=1.3496 err_el=0 err_q0=0 err_q1=0
GGML_OP_PROFILE op=mul_mat name=ffn_out-12 ne=5120x2048x1x1 type_src0=19 rows=2048 cols=17408 stream=0x5e82347b59d0 total_ms=1.3257 host_ms=1.6324 err_el=0 err_q0=0 err_q1=0
GGML_OP_PROFILE op=mul_mat name=node_760 ne=10240x2048x1x1 type_src0=19 rows=2048 cols=5120 stream=0x5e82347b59d0 total_ms=0.8140 host_ms=0.8694 err_el=0 err_q0=0 err_q1=0
GGML_OP_PROFILE op=mul_mat name=node_781 ne=48x2048x1x1 type_src0=8 rows=2048 cols=5120 stream=0x5e82347b59d0 total_ms=0.0676 host_ms=0.4436 err_el=0 err_q0=0 err_q1=0
GGML_OP_PROFILE op=mul_mat name=node_787 ne=48x2048x1x1 type_src0=8 rows=2048 cols=5120 stream=0x5e82347b59d0 total_ms=0.1411 host_ms=0.1866 err_el=0 err_q0=0 err_q1=0
GGML_OP_PROFILE op=mul_mat name=z-13 ne=6144x2048x1x1 type_src0=16 rows=2048 cols=5120 stream=0x5e82347b59d0 total_ms=0.4546 host_ms=2.4988 err_el=0 err_q0=0 err_q1=0
GGML_OP_PROFILE op=mul_mat name=linear_attn_out-13 ne=5120x2048x1x1 type_src0=22 rows=2048 cols=6144 stream=0x5e82347b59d0 total_ms=0.5912 host_ms=0.6840 err_el=0 err_q0=0 err_q1=0
GGML_OP_PROFILE op=mul_mat name=ffn_gate-13 ne=17408x2048x1x1 type_src0=19 rows=2048 cols=5120 stream=0x5e82347b59d0 total_ms=1.2138 host_ms=1.2954 err_el=0 err_q0=0 err_q1=0
GGML_OP_PROFILE op=mul_mat name=ffn_up-13 ne=17408x2048x1x1 type_src0=19 rows=2048 cols=5120 stream=0x5e82347b59d0 total_ms=1.2537 host_ms=1.2970 err_el=0 err_q0=0 err_q1=0
GGML_OP_PROFILE op=mul_mat name=ffn_out-13 ne=5120x2048x1x1 type_src0=19 rows=2048 cols=17408 stream=0x5e82347b59d0 total_ms=1.3283 host_ms=1.6092 err_el=0 err_q0=0 err_q1=0
GGML_OP_PROFILE op=mul_mat name=node_823 ne=10240x2048x1x1 type_src0=17 rows=2048 cols=5120 stream=0x5e82347b59d0 total_ms=0.9981 host_ms=1.0744 err_el=0 err_q0=0 err_q1=0
GGML_OP_PROFILE op=mul_mat name=node_844 ne=48x2048x1x1 type_src0=8 rows=2048 cols=5120 stream=0x5e82347b59d0 total_ms=0.0676 host_ms=0.4222 err_el=0 err_q0=0 err_q1=0
GGML_OP_PROFILE op=mul_mat name=node_850 ne=48x2048x1x1 type_src0=8 rows=2048 cols=5120 stream=0x5e82347b59d0 total_ms=0.4884 host_ms=0.5352 err_el=0 err_q0=0 err_q1=0
GGML_OP_PROFILE op=mul_mat name=z-14 ne=6144x2048x1x1 type_src0=19 rows=2048 cols=5120 stream=0x5e82347b59d0 total_ms=0.4966 host_ms=2.0813 err_el=0 err_q0=0 err_q1=0
GGML_OP_PROFILE op=mul_mat name=linear_attn_out-14 ne=5120x2048x1x1 type_src0=22 rows=2048 cols=6144 stream=0x5e82347b59d0 total_ms=0.5910 host_ms=0.6779 err_el=0 err_q0=0 err_q1=0
GGML_OP_PROFILE op=mul_mat name=ffn_gate-14 ne=17408x2048x1x1 type_src0=19 rows=2048 cols=5120 stream=0x5e82347b59d0 total_ms=1.2159 host_ms=1.2964 err_el=0 err_q0=0 err_q1=0
GGML_OP_PROFILE op=mul_mat name=ffn_up-14 ne=17408x2048x1x1 type_src0=19 rows=2048 cols=5120 stream=0x5e82347b59d0 total_ms=1.2307 host_ms=1.3397 err_el=0 err_q0=0 err_q1=0
GGML_OP_PROFILE op=mul_mat name=ffn_out-14 ne=5120x2048x1x1 type_src0=19 rows=2048 cols=17408 stream=0x5e82347b59d0 total_ms=1.3242 host_ms=1.6002 err_el=0 err_q0=0 err_q1=0
GGML_OP_PROFILE op=mul_mat name=Qcur_full-15 ne=12288x2048x1x1 type_src0=22 rows=2048 cols=5120 stream=0x5e82347b59d0 total_ms=1.1762 host_ms=1.2897 err_el=0 err_q0=0 err_q1=0
GGML_OP_PROFILE op=mul_mat name=Vcur-15 ne=1024x2048x1x1 type_src0=23 rows=2048 cols=5120 stream=0x5e82347b59d0 total_ms=0.1141 host_ms=0.2468 err_el=0 err_q0=0 err_q1=0
GGML_OP_PROFILE op=mul_mat name=Kcur-15 ne=1024x2048x1x1 type_src0=18 rows=2048 cols=5120 stream=0x5e82347b59d0 total_ms=0.1653 host_ms=0.2335 err_el=0 err_q0=0 err_q1=0
GGML_OP_PROFILE op=mul_mat name=attn_output-15 ne=5120x2048x1x1 type_src0=29 rows=2048 cols=6144 stream=0x5e82347b59d0 total_ms=0.5202 host_ms=1.2346 err_el=0 err_q0=0 err_q1=0
GGML_OP_PROFILE op=mul_mat name=ffn_gate-15 ne=17408x2048x1x1 type_src0=19 rows=2048 cols=5120 stream=0x5e82347b59d0 total_ms=1.2159 host_ms=1.2952 err_el=0 err_q0=0 err_q1=0
GGML_OP_PROFILE op=mul_mat name=ffn_up-15 ne=17408x2048x1x1 type_src0=19 rows=2048 cols=5120 stream=0x5e82347b59d0 total_ms=1.2965 host_ms=1.3382 err_el=0 err_q0=0 err_q1=0
GGML_OP_PROFILE op=mul_mat name=ffn_out-15 ne=5120x2048x1x1 type_src0=19 rows=2048 cols=17408 stream=0x5e82347b59d0 total_ms=1.3280 host_ms=1.6050 err_el=0 err_q0=0 err_q1=0
GGML_OP_PROFILE op=mul_mat name=node_925 ne=10240x2048x1x1 type_src0=10 rows=2048 cols=5120 stream=0x5e82347b59d0 total_ms=1.2144 host_ms=1.2692 err_el=0 err_q0=0 err_q1=0
GGML_OP_PROFILE op=mul_mat name=node_946 ne=48x2048x1x1 type_src0=8 rows=2048 cols=5120 stream=0x5e82347b59d0 total_ms=0.0676 host_ms=0.4260 err_el=0 err_q0=0 err_q1=0
GGML_OP_PROFILE op=mul_mat name=node_952 ne=48x2048x1x1 type_src0=8 rows=2048 cols=5120 stream=0x5e82347b59d0 total_ms=0.0410 host_ms=0.1313 err_el=0 err_q0=0 err_q1=0
GGML_OP_PROFILE op=mul_mat name=z-16 ne=6144x2048x1x1 type_src0=16 rows=2048 cols=5120 stream=0x5e82347b59d0 total_ms=0.4536 host_ms=2.0871 err_el=0 err_q0=0 err_q1=0
GGML_OP_PROFILE op=mul_mat name=linear_attn_out-16 ne=5120x2048x1x1 type_src0=16 rows=2048 cols=6144 stream=0x5e82347b59d0 total_ms=0.4211 host_ms=0.5076 err_el=0 err_q0=0 err_q1=0
GGML_OP_PROFILE op=mul_mat name=ffn_gate-16 ne=17408x2048x1x1 type_src0=19 rows=2048 cols=5120 stream=0x5e82347b59d0 total_ms=1.2142 host_ms=1.2976 err_el=0 err_q0=0 err_q1=0
GGML_OP_PROFILE op=mul_mat name=ffn_up-16 ne=17408x2048x1x1 type_src0=19 rows=2048 cols=5120 stream=0x5e82347b59d0 total_ms=1.3038 host_ms=1.3465 err_el=0 err_q0=0 err_q1=0
GGML_OP_PROFILE op=mul_mat name=ffn_out-16 ne=5120x2048x1x1 type_src0=29 rows=2048 cols=17408 stream=0x5e82347b59d0 total_ms=1.3872 host_ms=1.6653 err_el=0 err_q0=0 err_q1=0
GGML_OP_PROFILE op=mul_mat name=node_988 ne=10240x2048x1x1 type_src0=22 rows=2048 cols=5120 stream=0x5e82347b59d0 total_ms=0.9666 host_ms=1.0968 err_el=0 err_q0=0 err_q1=0
GGML_OP_PROFILE op=mul_mat name=node_1009 ne=48x2048x1x1 type_src0=8 rows=2048 cols=5120 stream=0x5e82347b59d0 total_ms=0.0676 host_ms=0.4403 err_el=0 err_q0=0 err_q1=0
GGML_OP_PROFILE op=mul_mat name=node_1015 ne=48x2048x1x1 type_src0=8 rows=2048 cols=5120 stream=0x5e82347b59d0 total_ms=0.1671 host_ms=0.1888 err_el=0 err_q0=0 err_q1=0
GGML_OP_PROFILE op=mul_mat name=z-17 ne=6144x2048x1x1 type_src0=29 rows=2048 cols=5120 stream=0x5e82347b59d0 total_ms=0.5865 host_ms=2.1720 err_el=0 err_q0=0 err_q1=0
GGML_OP_PROFILE op=mul_mat name=linear_attn_out-17 ne=5120x2048x1x1 type_src0=10 rows=2048 cols=6144 stream=0x5e82347b59d0 total_ms=0.6934 host_ms=0.7800 err_el=0 err_q0=0 err_q1=0
GGML_OP_PROFILE op=mul_mat name=ffn_gate-17 ne=17408x2048x1x1 type_src0=19 rows=2048 cols=5120 stream=0x5e82347b59d0 total_ms=1.2145 host_ms=1.5367 err_el=0 err_q0=0 err_q1=0
GGML_OP_PROFILE op=mul_mat name=ffn_up-17 ne=17408x2048x1x1 type_src0=19 rows=2048 cols=5120 stream=0x5e82347b59d0 total_ms=1.3044 host_ms=1.3549 err_el=0 err_q0=0 err_q1=0
GGML_OP_PROFILE op=mul_mat name=ffn_out-17 ne=5120x2048x1x1 type_src0=19 rows=2048 cols=17408 stream=0x5e82347b59d0 total_ms=1.3263 host_ms=1.6064 err_el=0 err_q0=0 err_q1=0
GGML_OP_PROFILE op=mul_mat name=node_1051 ne=10240x2048x1x1 type_src0=17 rows=2048 cols=5120 stream=0x5e82347b59d0 total_ms=1.0075 host_ms=1.0810 err_el=0 err_q0=0 err_q1=0
GGML_OP_PROFILE op=mul_mat name=node_1072 ne=48x2048x1x1 type_src0=8 rows=2048 cols=5120 stream=0x5e82347b59d0 total_ms=0.0676 host_ms=0.3974 err_el=0 err_q0=0 err_q1=0
GGML_OP_PROFILE op=mul_mat name=node_1078 ne=48x2048x1x1 type_src0=8 rows=2048 cols=5120 stream=0x5e82347b59d0 total_ms=0.1682 host_ms=0.1892 err_el=0 err_q0=0 err_q1=0
GGML_OP_PROFILE op=mul_mat name=z-18 ne=6144x2048x1x1 type_src0=17 rows=2048 cols=5120 stream=0x5e82347b59d0 total_ms=0.6359 host_ms=2.2748 err_el=0 err_q0=0 err_q1=0
GGML_OP_PROFILE op=mul_mat name=linear_attn_out-18 ne=5120x2048x1x1 type_src0=22 rows=2048 cols=6144 stream=0x5e82347b59d0 total_ms=0.5927 host_ms=0.6786 err_el=0 err_q0=0 err_q1=0
GGML_OP_PROFILE op=mul_mat name=ffn_gate-18 ne=17408x2048x1x1 type_src0=19 rows=2048 cols=5120 stream=0x5e82347b59d0 total_ms=1.2159 host_ms=1.3356 err_el=0 err_q0=0 err_q1=0
GGML_OP_PROFILE op=mul_mat name=ffn_up-18 ne=17408x2048x1x1 type_src0=29 rows=2048 cols=5120 stream=0x5e82347b59d0 total_ms=1.5362 host_ms=1.5820 err_el=0 err_q0=0 err_q1=0
GGML_OP_PROFILE op=mul_mat name=ffn_out-18 ne=5120x2048x1x1 type_src0=16 rows=2048 cols=17408 stream=0x5e82347b59d0 total_ms=1.2124 host_ms=1.5791 err_el=0 err_q0=0 err_q1=0
GGML_OP_PROFILE op=mul_mat name=Qcur_full-19 ne=12288x2048x1x1 type_src0=29 rows=2048 cols=5120 stream=0x5e82347b59d0 total_ms=1.0954 host_ms=1.1804 err_el=0 err_q0=0 err_q1=0
GGML_OP_PROFILE op=mul_mat name=Vcur-19 ne=1024x2048x1x1 type_src0=23 rows=2048 cols=5120 stream=0x5e82347b59d0 total_ms=0.1141 host_ms=0.2555 err_el=0 err_q0=0 err_q1=0
GGML_OP_PROFILE op=mul_mat name=Kcur-19 ne=1024x2048x1x1 type_src0=23 rows=2048 cols=5120 stream=0x5e82347b59d0 total_ms=0.1429 host_ms=0.1807 err_el=0 err_q0=0 err_q1=0
GGML_OP_PROFILE op=mul_mat name=attn_output-19 ne=5120x2048x1x1 type_src0=18 rows=2048 cols=6144 stream=0x5e82347b59d0 total_ms=0.4362 host_ms=1.2273 err_el=0 err_q0=0 err_q1=0
GGML_OP_PROFILE op=mul_mat name=ffn_gate-19 ne=17408x2048x1x1 type_src0=29 rows=2048 cols=5120 stream=0x5e82347b59d0 total_ms=1.5337 host_ms=1.6176 err_el=0 err_q0=0 err_q1=0
GGML_OP_PROFILE op=mul_mat name=ffn_up-19 ne=17408x2048x1x1 type_src0=19 rows=2048 cols=5120 stream=0x5e82347b59d0 total_ms=1.2965 host_ms=1.3391 err_el=0 err_q0=0 err_q1=0
GGML_OP_PROFILE op=mul_mat name=ffn_out-19 ne=5120x2048x1x1 type_src0=16 rows=2048 cols=17408 stream=0x5e82347b59d0 total_ms=1.2075 host_ms=1.4880 err_el=0 err_q0=0 err_q1=0
GGML_OP_PROFILE op=mul_mat name=node_1153 ne=10240x2048x1x1 type_src0=10 rows=2048 cols=5120 stream=0x5e82347b59d0 total_ms=1.1860 host_ms=1.2762 err_el=0 err_q0=0 err_q1=0
GGML_OP_PROFILE op=mul_mat name=node_1174 ne=48x2048x1x1 type_src0=8 rows=2048 cols=5120 stream=0x5e82347b59d0 total_ms=0.0676 host_ms=0.3824 err_el=0 err_q0=0 err_q1=0
GGML_OP_PROFILE op=mul_mat name=node_1180 ne=48x2048x1x1 type_src0=8 rows=2048 cols=5120 stream=0x5e82347b59d0 total_ms=0.1662 host_ms=0.1880 err_el=0 err_q0=0 err_q1=0
GGML_OP_PROFILE op=mul_mat name=z-20 ne=6144x2048x1x1 type_src0=22 rows=2048 cols=5120 stream=0x5e82347b59d0 total_ms=0.6308 host_ms=2.6218 err_el=0 err_q0=0 err_q1=0
GGML_OP_PROFILE op=mul_mat name=linear_attn_out-20 ne=5120x2048x1x1 type_src0=10 rows=2048 cols=6144 stream=0x5e82347b59d0 total_ms=0.6956 host_ms=0.7884 err_el=0 err_q0=0 err_q1=0
GGML_OP_PROFILE op=mul_mat name=ffn_gate-20 ne=17408x2048x1x1 type_src0=22 rows=2048 cols=5120 stream=0x5e82347b59d0 total_ms=1.5596 host_ms=1.6685 err_el=0 err_q0=0 err_q1=0
GGML_OP_PROFILE op=mul_mat name=ffn_up-20 ne=17408x2048x1x1 type_src0=10 rows=2048 cols=5120 stream=0x5e82347b59d0 total_ms=1.9104 host_ms=1.9523 err_el=0 err_q0=0 err_q1=0
GGML_OP_PROFILE op=mul_mat name=ffn_out-20 ne=5120x2048x1x1 type_src0=10 rows=2048 cols=17408 stream=0x5e82347b59d0 total_ms=1.9458 host_ms=2.2289 err_el=0 err_q0=0 err_q1=0
GGML_OP_PROFILE op=mul_mat name=node_1216 ne=10240x2048x1x1 type_src0=22 rows=2048 cols=5120 stream=0x5e82347b59d0 total_ms=1.0351 host_ms=1.1055 err_el=0 err_q0=0 err_q1=0
GGML_OP_PROFILE op=mul_mat name=node_1237 ne=48x2048x1x1 type_src0=8 rows=2048 cols=5120 stream=0x5e82347b59d0 total_ms=0.0676 host_ms=0.4178 err_el=0 err_q0=0 err_q1=0
GGML_OP_PROFILE op=mul_mat name=node_1243 ne=48x2048x1x1 type_src0=8 rows=2048 cols=5120 stream=0x5e82347b59d0 total_ms=0.1640 host_ms=0.1913 err_el=0 err_q0=0 err_q1=0
GGML_OP_PROFILE op=mul_mat name=z-21 ne=6144x2048x1x1 type_src0=10 rows=2048 cols=5120 stream=0x5e82347b59d0 total_ms=0.7321 host_ms=2.3816 err_el=0 err_q0=0 err_q1=0
GGML_OP_PROFILE op=mul_mat name=linear_attn_out-21 ne=5120x2048x1x1 type_src0=10 rows=2048 cols=6144 stream=0x5e82347b59d0 total_ms=0.9729 host_ms=1.0604 err_el=0 err_q0=0 err_q1=0
GGML_OP_PROFILE op=mul_mat name=ffn_gate-21 ne=17408x2048x1x1 type_src0=22 rows=2048 cols=5120 stream=0x5e82347b59d0 total_ms=1.5603 host_ms=1.6537 err_el=0 err_q0=0 err_q1=0
GGML_OP_PROFILE op=mul_mat name=ffn_up-21 ne=17408x2048x1x1 type_src0=10 rows=2048 cols=5120 stream=0x5e82347b59d0 total_ms=1.8420 host_ms=1.8908 err_el=0 err_q0=0 err_q1=0
GGML_OP_PROFILE op=mul_mat name=ffn_out-21 ne=5120x2048x1x1 type_src0=22 rows=2048 cols=17408 stream=0x5e82347b59d0 total_ms=1.6739 host_ms=1.9574 err_el=0 err_q0=0 err_q1=0
GGML_OP_PROFILE op=mul_mat name=node_1279 ne=10240x2048x1x1 type_src0=22 rows=2048 cols=5120 stream=0x5e82347b59d0 total_ms=0.9664 host_ms=1.0459 err_el=0 err_q0=0 err_q1=0
GGML_OP_PROFILE op=mul_mat name=node_1300 ne=48x2048x1x1 type_src0=8 rows=2048 cols=5120 stream=0x5e82347b59d0 total_ms=0.0676 host_ms=0.4439 err_el=0 err_q0=0 err_q1=0
GGML_OP_PROFILE op=mul_mat name=node_1306 ne=48x2048x1x1 type_src0=8 rows=2048 cols=5120 stream=0x5e82347b59d0 total_ms=0.0537 host_ms=0.0757 err_el=0 err_q0=0 err_q1=0
GGML_OP_PROFILE op=mul_mat name=z-22 ne=6144x2048x1x1 type_src0=22 rows=2048 cols=5120 stream=0x5e82347b59d0 total_ms=0.6318 host_ms=2.2828 err_el=0 err_q0=0 err_q1=0
GGML_OP_PROFILE op=mul_mat name=linear_attn_out-22 ne=5120x2048x1x1 type_src0=10 rows=2048 cols=6144 stream=0x5e82347b59d0 total_ms=0.6934 host_ms=0.7789 err_el=0 err_q0=0 err_q1=0
GGML_OP_PROFILE op=mul_mat name=ffn_gate-22 ne=17408x2048x1x1 type_src0=22 rows=2048 cols=5120 stream=0x5e82347b59d0 total_ms=1.5647 host_ms=1.9243 err_el=0 err_q0=0 err_q1=0
GGML_OP_PROFILE op=mul_mat name=ffn_up-22 ne=17408x2048x1x1 type_src0=10 rows=2048 cols=5120 stream=0x5e82347b59d0 total_ms=1.8354 host_ms=1.8865 err_el=0 err_q0=0 err_q1=0
GGML_OP_PROFILE op=mul_mat name=ffn_out-22 ne=5120x2048x1x1 type_src0=10 rows=2048 cols=17408 stream=0x5e82347b59d0 total_ms=1.9458 host_ms=2.2266 err_el=0 err_q0=0 err_q1=0
GGML_OP_PROFILE op=mul_mat name=Qcur_full-23 ne=12288x2048x1x1 type_src0=18 rows=2048 cols=5120 stream=0x5e82347b59d0 total_ms=0.8684 host_ms=0.9623 err_el=0 err_q0=0 err_q1=0
GGML_OP_PROFILE op=mul_mat name=Vcur-23 ne=1024x2048x1x1 type_src0=12 rows=2048 cols=5120 stream=0x5e82347b59d0 total_ms=0.1208 host_ms=0.2380 err_el=0 err_q0=0 err_q1=0
GGML_OP_PROFILE op=mul_mat name=Kcur-23 ne=1024x2048x1x1 type_src0=18 rows=2048 cols=5120 stream=0x5e82347b59d0 total_ms=0.1061 host_ms=0.1440 err_el=0 err_q0=0 err_q1=0
GGML_OP_PROFILE op=mul_mat name=attn_output-23 ne=5120x2048x1x1 type_src0=18 rows=2048 cols=6144 stream=0x5e82347b59d0 total_ms=0.4382 host_ms=1.2437 err_el=0 err_q0=0 err_q1=0
GGML_OP_PROFILE op=mul_mat name=ffn_gate-23 ne=17408x2048x1x1 type_src0=22 rows=2048 cols=5120 stream=0x5e82347b59d0 total_ms=1.5605 host_ms=1.6473 err_el=0 err_q0=0 err_q1=0
GGML_OP_PROFILE op=mul_mat name=ffn_up-23 ne=17408x2048x1x1 type_src0=22 rows=2048 cols=5120 stream=0x5e82347b59d0 total_ms=1.5816 host_ms=1.6203 err_el=0 err_q0=0 err_q1=0
GGML_OP_PROFILE op=mul_mat name=ffn_out-23 ne=5120x2048x1x1 type_src0=10 rows=2048 cols=17408 stream=0x5e82347b59d0 total_ms=2.2245 host_ms=2.5114 err_el=0 err_q0=0 err_q1=0
GGML_OP_PROFILE op=mul_mat name=node_1381 ne=10240x2048x1x1 type_src0=22 rows=2048 cols=5120 stream=0x5e82347b59d0 total_ms=0.9707 host_ms=1.0602 err_el=0 err_q0=0 err_q1=0
GGML_OP_PROFILE op=mul_mat name=node_1402 ne=48x2048x1x1 type_src0=8 rows=2048 cols=5120 stream=0x5e82347b59d0 total_ms=0.0696 host_ms=0.4363 err_el=0 err_q0=0 err_q1=0
GGML_OP_PROFILE op=mul_mat name=node_1408 ne=48x2048x1x1 type_src0=8 rows=2048 cols=5120 stream=0x5e82347b59d0 total_ms=0.0497 host_ms=0.0732 err_el=0 err_q0=0 err_q1=0
GGML_OP_PROFILE op=mul_mat name=z-24 ne=6144x2048x1x1 type_src0=10 rows=2048 cols=5120 stream=0x5e82347b59d0 total_ms=0.7322 host_ms=2.3751 err_el=0 err_q0=0 err_q1=0
GGML_OP_PROFILE op=mul_mat name=linear_attn_out-24 ne=5120x2048x1x1 type_src0=22 rows=2048 cols=6144 stream=0x5e82347b59d0 total_ms=0.5931 host_ms=0.6750 err_el=0 err_q0=0 err_q1=0
GGML_OP_PROFILE op=mul_mat name=ffn_gate-24 ne=17408x2048x1x1 type_src0=22 rows=2048 cols=5120 stream=0x5e82347b59d0 total_ms=1.5624 host_ms=1.6460 err_el=0 err_q0=0 err_q1=0
GGML_OP_PROFILE op=mul_mat name=ffn_up-24 ne=17408x2048x1x1 type_src0=22 rows=2048 cols=5120 stream=0x5e82347b59d0 total_ms=1.5852 host_ms=1.6306 err_el=0 err_q0=0 err_q1=0
GGML_OP_PROFILE op=mul_mat name=ffn_out-24 ne=5120x2048x1x1 type_src0=10 rows=2048 cols=17408 stream=0x5e82347b59d0 total_ms=1.9560 host_ms=2.2333 err_el=0 err_q0=0 err_q1=0
GGML_OP_PROFILE op=mul_mat name=node_1444 ne=10240x2048x1x1 type_src0=22 rows=2048 cols=5120 stream=0x5e82347b59d0 total_ms=0.9705 host_ms=1.0576 err_el=0 err_q0=0 err_q1=0
GGML_OP_PROFILE op=mul_mat name=node_1465 ne=48x2048x1x1 type_src0=8 rows=2048 cols=5120 stream=0x5e82347b59d0 total_ms=0.0676 host_ms=0.4411 err_el=0 err_q0=0 err_q1=0
GGML_OP_PROFILE op=mul_mat name=node_1471 ne=48x2048x1x1 type_src0=8 rows=2048 cols=5120 stream=0x5e82347b59d0 total_ms=0.0439 host_ms=0.0702 err_el=0 err_q0=0 err_q1=0
GGML_OP_PROFILE op=mul_mat name=z-25 ne=6144x2048x1x1 type_src0=10 rows=2048 cols=5120 stream=0x5e82347b59d0 total_ms=0.7342 host_ms=2.3817 err_el=0 err_q0=0 err_q1=0
GGML_OP_PROFILE op=mul_mat name=linear_attn_out-25 ne=5120x2048x1x1 type_src0=18 rows=2048 cols=6144 stream=0x5e82347b59d0 total_ms=0.4435 host_ms=0.5326 err_el=0 err_q0=0 err_q1=0
GGML_OP_PROFILE op=mul_mat name=ffn_gate-25 ne=17408x2048x1x1 type_src0=10 rows=2048 cols=5120 stream=0x5e82347b59d0 total_ms=1.8180 host_ms=1.8980 err_el=0 err_q0=0 err_q1=0
GGML_OP_PROFILE op=mul_mat name=ffn_up-25 ne=17408x2048x1x1 type_src0=10 rows=2048 cols=5120 stream=0x5e82347b59d0 total_ms=1.8992 host_ms=1.9420 err_el=0 err_q0=0 err_q1=0
GGML_OP_PROFILE op=mul_mat name=ffn_out-25 ne=5120x2048x1x1 type_src0=10 rows=2048 cols=17408 stream=0x5e82347b59d0 total_ms=1.9518 host_ms=2.2662 err_el=0 err_q0=0 err_q1=0
GGML_OP_PROFILE op=mul_mat name=node_1507 ne=10240x2048x1x1 type_src0=10 rows=2048 cols=5120 stream=0x5e82347b59d0 total_ms=1.1996 host_ms=1.2672 err_el=0 err_q0=0 err_q1=0
GGML_OP_PROFILE op=mul_mat name=node_1528 ne=48x2048x1x1 type_src0=8 rows=2048 cols=5120 stream=0x5e82347b59d0 total_ms=0.0676 host_ms=0.4185 err_el=0 err_q0=0 err_q1=0
GGML_OP_PROFILE op=mul_mat name=node_1534 ne=48x2048x1x1 type_src0=8 rows=2048 cols=5120 stream=0x5e82347b59d0 total_ms=0.1028 host_ms=0.1770 err_el=0 err_q0=0 err_q1=0
GGML_OP_PROFILE op=mul_mat name=z-26 ne=6144x2048x1x1 type_src0=22 rows=2048 cols=5120 stream=0x5e82347b59d0 total_ms=0.6349 host_ms=2.4941 err_el=0 err_q0=0 err_q1=0
GGML_OP_PROFILE op=mul_mat name=linear_attn_out-26 ne=5120x2048x1x1 type_src0=10 rows=2048 cols=6144 stream=0x5e82347b59d0 total_ms=0.6957 host_ms=0.7813 err_el=0 err_q0=0 err_q1=0
GGML_OP_PROFILE op=mul_mat name=ffn_gate-26 ne=17408x2048x1x1 type_src0=10 rows=2048 cols=5120 stream=0x5e82347b59d0 total_ms=1.8143 host_ms=1.8988 err_el=0 err_q0=0 err_q1=0
GGML_OP_PROFILE op=mul_mat name=ffn_up-26 ne=17408x2048x1x1 type_src0=10 rows=2048 cols=5120 stream=0x5e82347b59d0 total_ms=1.8384 host_ms=1.8808 err_el=0 err_q0=0 err_q1=0
GGML_OP_PROFILE op=mul_mat name=ffn_out-26 ne=5120x2048x1x1 type_src0=22 rows=2048 cols=17408 stream=0x5e82347b59d0 total_ms=1.6785 host_ms=1.9574 err_el=0 err_q0=0 err_q1=0
GGML_OP_PROFILE op=mul_mat name=Qcur_full-27 ne=12288x2048x1x1 type_src0=18 rows=2048 cols=5120 stream=0x5e82347b59d0 total_ms=0.8704 host_ms=0.9652 err_el=0 err_q0=0 err_q1=0
GGML_OP_PROFILE op=mul_mat name=Vcur-27 ne=1024x2048x1x1 type_src0=12 rows=2048 cols=5120 stream=0x5e82347b59d0 total_ms=0.1205 host_ms=0.2365 err_el=0 err_q0=0 err_q1=0
GGML_OP_PROFILE op=mul_mat name=Kcur-27 ne=1024x2048x1x1 type_src0=21 rows=2048 cols=5120 stream=0x5e82347b59d0 total_ms=0.1585 host_ms=0.1993 err_el=0 err_q0=0 err_q1=0
GGML_OP_PROFILE op=mul_mat name=attn_output-27 ne=5120x2048x1x1 type_src0=21 rows=2048 cols=6144 stream=0x5e82347b59d0 total_ms=0.4546 host_ms=1.2804 err_el=0 err_q0=0 err_q1=0
GGML_OP_PROFILE op=mul_mat name=ffn_gate-27 ne=17408x2048x1x1 type_src0=22 rows=2048 cols=5120 stream=0x5e82347b59d0 total_ms=1.5641 host_ms=1.6573 err_el=0 err_q0=0 err_q1=0
GGML_OP_PROFILE op=mul_mat name=ffn_up-27 ne=17408x2048x1x1 type_src0=10 rows=2048 cols=5120 stream=0x5e82347b59d0 total_ms=2.1364 host_ms=2.1788 err_el=0 err_q0=0 err_q1=0
GGML_OP_PROFILE op=mul_mat name=ffn_out-27 ne=5120x2048x1x1 type_src0=10 rows=2048 cols=17408 stream=0x5e82347b59d0 total_ms=1.9480 host_ms=2.2363 err_el=0 err_q0=0 err_q1=0
GGML_OP_PROFILE op=mul_mat name=node_1609 ne=10240x2048x1x1 type_src0=10 rows=2048 cols=5120 stream=0x5e82347b59d0 total_ms=1.1258 host_ms=1.2055 err_el=0 err_q0=0 err_q1=0
GGML_OP_PROFILE op=mul_mat name=node_1630 ne=48x2048x1x1 type_src0=8 rows=2048 cols=5120 stream=0x5e82347b59d0 total_ms=0.0676 host_ms=0.4299 err_el=0 err_q0=0 err_q1=0
GGML_OP_PROFILE op=mul_mat name=node_1636 ne=48x2048x1x1 type_src0=8 rows=2048 cols=5120 stream=0x5e82347b59d0 total_ms=0.2073 host_ms=0.2265 err_el=0 err_q0=0 err_q1=0
GGML_OP_PROFILE op=mul_mat name=z-28 ne=6144x2048x1x1 type_src0=10 rows=2048 cols=5120 stream=0x5e82347b59d0 total_ms=0.7342 host_ms=2.3742 err_el=0 err_q0=0 err_q1=0
GGML_OP_PROFILE op=mul_mat name=linear_attn_out-28 ne=5120x2048x1x1 type_src0=10 rows=2048 cols=6144 stream=0x5e82347b59d0 total_ms=0.6914 host_ms=0.7729 err_el=0 err_q0=0 err_q1=0
GGML_OP_PROFILE op=mul_mat name=ffn_gate-28 ne=17408x2048x1x1 type_src0=22 rows=2048 cols=5120 stream=0x5e82347b59d0 total_ms=1.5688 host_ms=1.6569 err_el=0 err_q0=0 err_q1=0
GGML_OP_PROFILE op=mul_mat name=ffn_up-28 ne=17408x2048x1x1 type_src0=22 rows=2048 cols=5120 stream=0x5e82347b59d0 total_ms=1.5876 host_ms=1.6292 err_el=0 err_q0=0 err_q1=0
GGML_OP_PROFILE op=mul_mat name=ffn_out-28 ne=5120x2048x1x1 type_src0=22 rows=2048 cols=17408 stream=0x5e82347b59d0 total_ms=1.6785 host_ms=1.9536 err_el=0 err_q0=0 err_q1=0
GGML_OP_PROFILE op=mul_mat name=node_1672 ne=10240x2048x1x1 type_src0=10 rows=2048 cols=5120 stream=0x5e82347b59d0 total_ms=1.1325 host_ms=1.2196 err_el=0 err_q0=0 err_q1=0
GGML_OP_PROFILE op=mul_mat name=node_1693 ne=48x2048x1x1 type_src0=8 rows=2048 cols=5120 stream=0x5e82347b59d0 total_ms=0.0676 host_ms=0.4434 err_el=0 err_q0=0 err_q1=0
GGML_OP_PROFILE op=mul_mat name=node_1699 ne=48x2048x1x1 type_src0=8 rows=2048 cols=5120 stream=0x5e82347b59d0 total_ms=0.1069 host_ms=0.1303 err_el=0 err_q0=0 err_q1=0
GGML_OP_PROFILE op=mul_mat name=z-29 ne=6144x2048x1x1 type_src0=10 rows=2048 cols=5120 stream=0x5e82347b59d0 total_ms=0.7342 host_ms=2.3805 err_el=0 err_q0=0 err_q1=0
GGML_OP_PROFILE op=mul_mat name=linear_attn_out-29 ne=5120x2048x1x1 type_src0=22 rows=2048 cols=6144 stream=0x5e82347b59d0 total_ms=0.5931 host_ms=0.6757 err_el=0 err_q0=0 err_q1=0
GGML_OP_PROFILE op=mul_mat name=ffn_gate-29 ne=17408x2048x1x1 type_src0=22 rows=2048 cols=5120 stream=0x5e82347b59d0 total_ms=1.5624 host_ms=1.6480 err_el=0 err_q0=0 err_q1=0
GGML_OP_PROFILE op=mul_mat name=ffn_up-29 ne=17408x2048x1x1 type_src0=16 rows=2048 cols=5120 stream=0x5e82347b59d0 total_ms=1.1824 host_ms=1.2220 err_el=0 err_q0=0 err_q1=0
GGML_OP_PROFILE op=mul_mat name=ffn_out-29 ne=5120x2048x1x1 type_src0=22 rows=2048 cols=17408 stream=0x5e82347b59d0 total_ms=1.6801 host_ms=1.9569 err_el=0 err_q0=0 err_q1=0
GGML_OP_PROFILE op=mul_mat name=node_1735 ne=10240x2048x1x1 type_src0=22 rows=2048 cols=5120 stream=0x5e82347b59d0 total_ms=0.9708 host_ms=1.0585 err_el=0 err_q0=0 err_q1=0
GGML_OP_PROFILE op=mul_mat name=node_1756 ne=48x2048x1x1 type_src0=8 rows=2048 cols=5120 stream=0x5e82347b59d0 total_ms=0.0676 host_ms=0.4438 err_el=0 err_q0=0 err_q1=0
GGML_OP_PROFILE op=mul_mat name=node_1762 ne=48x2048x1x1 type_src0=8 rows=2048 cols=5120 stream=0x5e82347b59d0 total_ms=0.0410 host_ms=0.3062 err_el=0 err_q0=0 err_q1=0
GGML_OP_PROFILE op=mul_mat name=z-30 ne=6144x2048x1x1 type_src0=10 rows=2048 cols=5120 stream=0x5e82347b59d0 total_ms=0.7321 host_ms=2.3640 err_el=0 err_q0=0 err_q1=0
GGML_OP_PROFILE op=mul_mat name=linear_attn_out-30 ne=5120x2048x1x1 type_src0=10 rows=2048 cols=6144 stream=0x5e82347b59d0 total_ms=0.6884 host_ms=0.7720 err_el=0 err_q0=0 err_q1=0
GGML_OP_PROFILE op=mul_mat name=ffn_gate-30 ne=17408x2048x1x1 type_src0=29 rows=2048 cols=5120 stream=0x5e82347b59d0 total_ms=1.5445 host_ms=1.6305 err_el=0 err_q0=0 err_q1=0
GGML_OP_PROFILE op=mul_mat name=ffn_up-30 ne=17408x2048x1x1 type_src0=22 rows=2048 cols=5120 stream=0x5e82347b59d0 total_ms=1.5934 host_ms=1.6332 err_el=0 err_q0=0 err_q1=0
GGML_OP_PROFILE op=mul_mat name=ffn_out-30 ne=5120x2048x1x1 type_src0=22 rows=2048 cols=17408 stream=0x5e82347b59d0 total_ms=1.6782 host_ms=1.9524 err_el=0 err_q0=0 err_q1=0
GGML_OP_PROFILE op=mul_mat name=Qcur_full-31 ne=12288x2048x1x1 type_src0=10 rows=2048 cols=5120 stream=0x5e82347b59d0 total_ms=1.3763 host_ms=1.4727 err_el=0 err_q0=0 err_q1=0
GGML_OP_PROFILE op=mul_mat name=Vcur-31 ne=1024x2048x1x1 type_src0=12 rows=2048 cols=5120 stream=0x5e82347b59d0 total_ms=0.1208 host_ms=0.2454 err_el=0 err_q0=0 err_q1=0
GGML_OP_PROFILE op=mul_mat name=Kcur-31 ne=1024x2048x1x1 type_src0=23 rows=2048 cols=5120 stream=0x5e82347b59d0 total_ms=0.1389 host_ms=0.1773 err_el=0 err_q0=0 err_q1=0
GGML_OP_PROFILE op=mul_mat name=attn_output-31 ne=5120x2048x1x1 type_src0=21 rows=2048 cols=6144 stream=0x5e82347b59d0 total_ms=0.4547 host_ms=1.2806 err_el=0 err_q0=0 err_q1=0
GGML_OP_PROFILE op=mul_mat name=ffn_gate-31 ne=17408x2048x1x1 type_src0=16 rows=2048 cols=5120 stream=0x5e82347b59d0 total_ms=1.4008 host_ms=1.5832 err_el=0 err_q0=0 err_q1=0
GGML_OP_PROFILE op=mul_mat name=ffn_up-31 ne=17408x2048x1x1 type_src0=22 rows=2048 cols=5120 stream=0x5e82347b59d0 total_ms=1.6320 host_ms=1.6785 err_el=0 err_q0=0 err_q1=0
GGML_OP_PROFILE op=mul_mat name=ffn_out-31 ne=5120x2048x1x1 type_src0=16 rows=2048 cols=17408 stream=0x5e82347b59d0 total_ms=1.2157 host_ms=1.4951 err_el=0 err_q0=0 err_q1=0
GGML_OP_PROFILE op=mul_mat name=node_1837 ne=10240x2048x1x1 type_src0=18 rows=2048 cols=5120 stream=0x5e82347b59d0 total_ms=0.7250 host_ms=0.8100 err_el=0 err_q0=0 err_q1=0
GGML_OP_PROFILE op=mul_mat name=node_1858 ne=48x2048x1x1 type_src0=8 rows=2048 cols=5120 stream=0x5e82347b59d0 total_ms=0.0696 host_ms=0.4487 err_el=0 err_q0=0 err_q1=0
GGML_OP_PROFILE op=mul_mat name=node_1864 ne=48x2048x1x1 type_src0=8 rows=2048 cols=5120 stream=0x5e82347b59d0 total_ms=0.0473 host_ms=0.0735 err_el=0 err_q0=0 err_q1=0
GGML_OP_PROFILE op=mul_mat name=z-32 ne=6144x2048x1x1 type_src0=10 rows=2048 cols=5120 stream=0x5e82347b59d0 total_ms=0.7342 host_ms=2.3763 err_el=0 err_q0=0 err_q1=0
GGML_OP_PROFILE op=mul_mat name=linear_attn_out-32 ne=5120x2048x1x1 type_src0=18 rows=2048 cols=6144 stream=0x5e82347b59d0 total_ms=0.4415 host_ms=0.5278 err_el=0 err_q0=0 err_q1=0
GGML_OP_PROFILE op=mul_mat name=ffn_gate-32 ne=17408x2048x1x1 type_src0=17 rows=2048 cols=5120 stream=0x5e82347b59d0 total_ms=1.5787 host_ms=1.6656 err_el=0 err_q0=0 err_q1=0
GGML_OP_PROFILE op=mul_mat name=ffn_up-32 ne=17408x2048x1x1 type_src0=10 rows=2048 cols=5120 stream=0x5e82347b59d0 total_ms=1.8851 host_ms=1.9238 err_el=0 err_q0=0 err_q1=0
GGML_OP_PROFILE op=mul_mat name=ffn_out-32 ne=5120x2048x1x1 type_src0=10 rows=2048 cols=17408 stream=0x5e82347b59d0 total_ms=2.2495 host_ms=2.5266 err_el=0 err_q0=0 err_q1=0
GGML_OP_PROFILE op=mul_mat name=node_1900 ne=10240x2048x1x1 type_src0=18 rows=2048 cols=5120 stream=0x5e82347b59d0 total_ms=0.7268 host_ms=0.8185 err_el=0 err_q0=0 err_q1=0
GGML_OP_PROFILE op=mul_mat name=node_1921 ne=48x2048x1x1 type_src0=8 rows=2048 cols=5120 stream=0x5e82347b59d0 total_ms=0.0676 host_ms=0.4533 err_el=0 err_q0=0 err_q1=0
GGML_OP_PROFILE op=mul_mat name=node_1927 ne=48x2048x1x1 type_src0=8 rows=2048 cols=5120 stream=0x5e82347b59d0 total_ms=0.0451 host_ms=0.0704 err_el=0 err_q0=0 err_q1=0
GGML_OP_PROFILE op=mul_mat name=z-33 ne=6144x2048x1x1 type_src0=10 rows=2048 cols=5120 stream=0x5e82347b59d0 total_ms=0.7342 host_ms=2.3733 err_el=0 err_q0=0 err_q1=0
GGML_OP_PROFILE op=mul_mat name=linear_attn_out-33 ne=5120x2048x1x1 type_src0=18 rows=2048 cols=6144 stream=0x5e82347b59d0 total_ms=0.4434 host_ms=0.5283 err_el=0 err_q0=0 err_q1=0
GGML_OP_PROFILE op=mul_mat name=ffn_gate-33 ne=17408x2048x1x1 type_src0=17 rows=2048 cols=5120 stream=0x5e82347b59d0 total_ms=1.5808 host_ms=1.6705 err_el=0 err_q0=0 err_q1=0
GGML_OP_PROFILE op=mul_mat name=ffn_up-33 ne=17408x2048x1x1 type_src0=10 rows=2048 cols=5120 stream=0x5e82347b59d0 total_ms=1.8523 host_ms=1.8930 err_el=0 err_q0=0 err_q1=0
GGML_OP_PROFILE op=mul_mat name=ffn_out-33 ne=5120x2048x1x1 type_src0=17 rows=2048 cols=17408 stream=0x5e82347b59d0 total_ms=1.6987 host_ms=1.9736 err_el=0 err_q0=0 err_q1=0
GGML_OP_PROFILE op=mul_mat name=node_1963 ne=10240x2048x1x1 type_src0=18 rows=2048 cols=5120 stream=0x5e82347b59d0 total_ms=0.7246 host_ms=0.8059 err_el=0 err_q0=0 err_q1=0
GGML_OP_PROFILE op=mul_mat name=node_1984 ne=48x2048x1x1 type_src0=8 rows=2048 cols=5120 stream=0x5e82347b59d0 total_ms=0.0676 host_ms=0.4393 err_el=0 err_q0=0 err_q1=0
GGML_OP_PROFILE op=mul_mat name=node_1990 ne=48x2048x1x1 type_src0=8 rows=2048 cols=5120 stream=0x5e82347b59d0 total_ms=0.1188 host_ms=0.1653 err_el=0 err_q0=0 err_q1=0
GGML_OP_PROFILE op=mul_mat name=z-34 ne=6144x2048x1x1 type_src0=10 rows=2048 cols=5120 stream=0x5e82347b59d0 total_ms=0.7342 host_ms=2.3876 err_el=0 err_q0=0 err_q1=0
GGML_OP_PROFILE op=mul_mat name=linear_attn_out-34 ne=5120x2048x1x1 type_src0=18 rows=2048 cols=6144 stream=0x5e82347b59d0 total_ms=0.4415 host_ms=0.5247 err_el=0 err_q0=0 err_q1=0
GGML_OP_PROFILE op=mul_mat name=ffn_gate-34 ne=17408x2048x1x1 type_src0=10 rows=2048 cols=5120 stream=0x5e82347b59d0 total_ms=1.8186 host_ms=1.9043 err_el=0 err_q0=0 err_q1=0
GGML_OP_PROFILE op=mul_mat name=ffn_up-34 ne=17408x2048x1x1 type_src0=10 rows=2048 cols=5120 stream=0x5e82347b59d0 total_ms=1.8407 host_ms=1.8832 err_el=0 err_q0=0 err_q1=0
GGML_OP_PROFILE op=mul_mat name=ffn_out-34 ne=5120x2048x1x1 type_src0=18 rows=2048 cols=17408 stream=0x5e82347b59d0 total_ms=1.2730 host_ms=1.5531 err_el=0 err_q0=0 err_q1=0
GGML_OP_PROFILE op=mul_mat name=Qcur_full-35 ne=12288x2048x1x1 type_src0=10 rows=2048 cols=5120 stream=0x5e82347b59d0 total_ms=1.3722 host_ms=1.4674 err_el=0 err_q0=0 err_q1=0
GGML_OP_PROFILE op=mul_mat name=Vcur-35 ne=1024x2048x1x1 type_src0=12 rows=2048 cols=5120 stream=0x5e82347b59d0 total_ms=0.1208 host_ms=0.2387 err_el=0 err_q0=0 err_q1=0
GGML_OP_PROFILE op=mul_mat name=Kcur-35 ne=1024x2048x1x1 type_src0=23 rows=2048 cols=5120 stream=0x5e82347b59d0 total_ms=0.1453 host_ms=0.1827 err_el=0 err_q0=0 err_q1=0
GGML_OP_PROFILE op=mul_mat name=attn_output-35 ne=5120x2048x1x1 type_src0=21 rows=2048 cols=6144 stream=0x5e82347b59d0 total_ms=0.4526 host_ms=1.3076 err_el=0 err_q0=0 err_q1=0
GGML_OP_PROFILE op=mul_mat name=ffn_gate-35 ne=17408x2048x1x1 type_src0=17 rows=2048 cols=5120 stream=0x5e82347b59d0 total_ms=1.9013 host_ms=1.9895 err_el=0 err_q0=0 err_q1=0
GGML_OP_PROFILE op=mul_mat name=ffn_up-35 ne=17408x2048x1x1 type_src0=10 rows=2048 cols=5120 stream=0x5e82347b59d0 total_ms=1.8427 host_ms=1.8983 err_el=0 err_q0=0 err_q1=0
GGML_OP_PROFILE op=mul_mat name=ffn_out-35 ne=5120x2048x1x1 type_src0=18 rows=2048 cols=17408 stream=0x5e82347b59d0 total_ms=1.2725 host_ms=1.5474 err_el=0 err_q0=0 err_q1=0
GGML_OP_PROFILE op=mul_mat name=node_2065 ne=10240x2048x1x1 type_src0=10 rows=2048 cols=5120 stream=0x5e82347b59d0 total_ms=1.1305 host_ms=1.2146 err_el=0 err_q0=0 err_q1=0
GGML_OP_PROFILE op=mul_mat name=node_2086 ne=48x2048x1x1 type_src0=8 rows=2048 cols=5120 stream=0x5e82347b59d0 total_ms=0.0676 host_ms=0.4375 err_el=0 err_q0=0 err_q1=0
GGML_OP_PROFILE op=mul_mat name=node_2092 ne=48x2048x1x1 type_src0=8 rows=2048 cols=5120 stream=0x5e82347b59d0 total_ms=0.0599 host_ms=0.0805 err_el=0 err_q0=0 err_q1=0
GGML_OP_PROFILE op=mul_mat name=z-36 ne=6144x2048x1x1 type_src0=10 rows=2048 cols=5120 stream=0x5e82347b59d0 total_ms=0.7360 host_ms=2.3690 err_el=0 err_q0=0 err_q1=0
GGML_OP_PROFILE op=mul_mat name=linear_attn_out-36 ne=5120x2048x1x1 type_src0=18 rows=2048 cols=6144 stream=0x5e82347b59d0 total_ms=0.4432 host_ms=0.5251 err_el=0 err_q0=0 err_q1=0
GGML_OP_PROFILE op=mul_mat name=ffn_gate-36 ne=17408x2048x1x1 type_src0=10 rows=2048 cols=5120 stream=0x5e82347b59d0 total_ms=1.8227 host_ms=1.9105 err_el=0 err_q0=0 err_q1=0
GGML_OP_PROFILE op=mul_mat name=ffn_up-36 ne=17408x2048x1x1 type_src0=10 rows=2048 cols=5120 stream=0x5e82347b59d0 total_ms=2.1608 host_ms=2.2044 err_el=0 err_q0=0 err_q1=0
GGML_OP_PROFILE op=mul_mat name=ffn_out-36 ne=5120x2048x1x1 type_src0=18 rows=2048 cols=17408 stream=0x5e82347b59d0 total_ms=1.2730 host_ms=1.5592 err_el=0 err_q0=0 err_q1=0
GGML_OP_PROFILE op=mul_mat name=node_2128 ne=10240x2048x1x1 type_src0=10 rows=2048 cols=5120 stream=0x5e82347b59d0 total_ms=1.2011 host_ms=1.2637 err_el=0 err_q0=0 err_q1=0
GGML_OP_PROFILE op=mul_mat name=node_2149 ne=48x2048x1x1 type_src0=8 rows=2048 cols=5120 stream=0x5e82347b59d0 total_ms=0.0676 host_ms=0.4329 err_el=0 err_q0=0 err_q1=0
GGML_OP_PROFILE op=mul_mat name=node_2155 ne=48x2048x1x1 type_src0=8 rows=2048 cols=5120 stream=0x5e82347b59d0 total_ms=0.1515 host_ms=0.1732 err_el=0 err_q0=0 err_q1=0
GGML_OP_PROFILE op=mul_mat name=z-37 ne=6144x2048x1x1 type_src0=10 rows=2048 cols=5120 stream=0x5e82347b59d0 total_ms=0.7342 host_ms=2.3156 err_el=0 err_q0=0 err_q1=0
GGML_OP_PROFILE op=mul_mat name=linear_attn_out-37 ne=5120x2048x1x1 type_src0=18 rows=2048 cols=6144 stream=0x5e82347b59d0 total_ms=0.4453 host_ms=0.5224 err_el=0 err_q0=0 err_q1=0
GGML_OP_PROFILE op=mul_mat name=ffn_gate-37 ne=17408x2048x1x1 type_src0=10 rows=2048 cols=5120 stream=0x5e82347b59d0 total_ms=1.8221 host_ms=1.9112 err_el=0 err_q0=0 err_q1=0
GGML_OP_PROFILE op=mul_mat name=ffn_up-37 ne=17408x2048x1x1 type_src0=10 rows=2048 cols=5120 stream=0x5e82347b59d0 total_ms=1.9069 host_ms=1.9479 err_el=0 err_q0=0 err_q1=0
GGML_OP_PROFILE op=mul_mat name=ffn_out-37 ne=5120x2048x1x1 type_src0=18 rows=2048 cols=17408 stream=0x5e82347b59d0 total_ms=1.2727 host_ms=1.5637 err_el=0 err_q0=0 err_q1=0
GGML_OP_PROFILE op=mul_mat name=node_2191 ne=10240x2048x1x1 type_src0=17 rows=2048 cols=5120 stream=0x5e82347b59d0 total_ms=0.9789 host_ms=1.1476 err_el=0 err_q0=0 err_q1=0
GGML_OP_PROFILE op=mul_mat name=node_2212 ne=48x2048x1x1 type_src0=8 rows=2048 cols=5120 stream=0x5e82347b59d0 total_ms=0.0676 host_ms=0.4090 err_el=0 err_q0=0 err_q1=0
GGML_OP_PROFILE op=mul_mat name=node_2218 ne=48x2048x1x1 type_src0=8 rows=2048 cols=5120 stream=0x5e82347b59d0 total_ms=0.1280 host_ms=0.1757 err_el=0 err_q0=0 err_q1=0
GGML_OP_PROFILE op=mul_mat name=z-38 ne=6144x2048x1x1 type_src0=10 rows=2048 cols=5120 stream=0x5e82347b59d0 total_ms=0.7340 host_ms=2.4184 err_el=0 err_q0=0 err_q1=0
GGML_OP_PROFILE op=mul_mat name=linear_attn_out-38 ne=5120x2048x1x1 type_src0=10 rows=2048 cols=6144 stream=0x5e82347b59d0 total_ms=0.6910 host_ms=0.7824 err_el=0 err_q0=0 err_q1=0
GGML_OP_PROFILE op=mul_mat name=ffn_gate-38 ne=17408x2048x1x1 type_src0=10 rows=2048 cols=5120 stream=0x5e82347b59d0 total_ms=1.8145 host_ms=1.9029 err_el=0 err_q0=0 err_q1=0
GGML_OP_PROFILE op=mul_mat name=ffn_up-38 ne=17408x2048x1x1 type_src0=18 rows=2048 cols=5120 stream=0x5e82347b59d0 total_ms=1.5155 host_ms=1.5554 err_el=0 err_q0=0 err_q1=0
GGML_OP_PROFILE op=mul_mat name=ffn_out-38 ne=5120x2048x1x1 type_src0=18 rows=2048 cols=17408 stream=0x5e82347b59d0 total_ms=1.2751 host_ms=1.5529 err_el=0 err_q0=0 err_q1=0
GGML_OP_PROFILE op=mul_mat name=Qcur_full-39 ne=12288x2048x1x1 type_src0=10 rows=2048 cols=5120 stream=0x5e82347b59d0 total_ms=1.3739 host_ms=1.4625 err_el=0 err_q0=0 err_q1=0
GGML_OP_PROFILE op=mul_mat name=Vcur-39 ne=1024x2048x1x1 type_src0=23 rows=2048 cols=5120 stream=0x5e82347b59d0 total_ms=0.1127 host_ms=0.2668 err_el=0 err_q0=0 err_q1=0
GGML_OP_PROFILE op=mul_mat name=Kcur-39 ne=1024x2048x1x1 type_src0=18 rows=2048 cols=5120 stream=0x5e82347b59d0 total_ms=0.0984 host_ms=0.2173 err_el=0 err_q0=0 err_q1=0
GGML_OP_PROFILE op=mul_mat name=attn_output-39 ne=5120x2048x1x1 type_src0=21 rows=2048 cols=6144 stream=0x5e82347b59d0 total_ms=0.4526 host_ms=1.3249 err_el=0 err_q0=0 err_q1=0
GGML_OP_PROFILE op=mul_mat name=ffn_gate-39 ne=17408x2048x1x1 type_src0=10 rows=2048 cols=5120 stream=0x5e82347b59d0 total_ms=1.8228 host_ms=1.9099 err_el=0 err_q0=0 err_q1=0
GGML_OP_PROFILE op=mul_mat name=ffn_up-39 ne=17408x2048x1x1 type_src0=18 rows=2048 cols=5120 stream=0x5e82347b59d0 total_ms=1.1974 host_ms=1.2371 err_el=0 err_q0=0 err_q1=0
GGML_OP_PROFILE op=mul_mat name=ffn_out-39 ne=5120x2048x1x1 type_src0=18 rows=2048 cols=17408 stream=0x5e82347b59d0 total_ms=1.2766 host_ms=1.5645 err_el=0 err_q0=0 err_q1=0
GGML_OP_PROFILE op=mul_mat name=node_2293 ne=10240x2048x1x1 type_src0=10 rows=2048 cols=5120 stream=0x5e82347b59d0 total_ms=1.1305 host_ms=1.2166 err_el=0 err_q0=0 err_q1=0
GGML_OP_PROFILE op=mul_mat name=node_2314 ne=48x2048x1x1 type_src0=8 rows=2048 cols=5120 stream=0x5e82347b59d0 total_ms=0.0696 host_ms=0.4359 err_el=0 err_q0=0 err_q1=0
GGML_OP_PROFILE op=mul_mat name=node_2320 ne=48x2048x1x1 type_src0=8 rows=2048 cols=5120 stream=0x5e82347b59d0 total_ms=0.0451 host_ms=0.0738 err_el=0 err_q0=0 err_q1=0
GGML_OP_PROFILE op=mul_mat name=z-40 ne=6144x2048x1x1 type_src0=10 rows=2048 cols=5120 stream=0x5e82347b59d0 total_ms=0.7342 host_ms=2.3803 err_el=0 err_q0=0 err_q1=0
GGML_OP_PROFILE op=mul_mat name=linear_attn_out-40 ne=5120x2048x1x1 type_src0=18 rows=2048 cols=6144 stream=0x5e82347b59d0 total_ms=0.4454 host_ms=0.5310 err_el=0 err_q0=0 err_q1=0
GGML_OP_PROFILE op=mul_mat name=ffn_gate-40 ne=17408x2048x1x1 type_src0=10 rows=2048 cols=5120 stream=0x5e82347b59d0 total_ms=2.1156 host_ms=2.2114 err_el=0 err_q0=0 err_q1=0
GGML_OP_PROFILE op=mul_mat name=ffn_up-40 ne=17408x2048x1x1 type_src0=18 rows=2048 cols=5120 stream=0x5e82347b59d0 total_ms=1.1932 host_ms=1.2418 err_el=0 err_q0=0 err_q1=0
GGML_OP_PROFILE op=mul_mat name=ffn_out-40 ne=5120x2048x1x1 type_src0=18 rows=2048 cols=17408 stream=0x5e82347b59d0 total_ms=1.2751 host_ms=1.5550 err_el=0 err_q0=0 err_q1=0
GGML_OP_PROFILE op=mul_mat name=node_2356 ne=10240x2048x1x1 type_src0=10 rows=2048 cols=5120 stream=0x5e82347b59d0 total_ms=1.1325 host_ms=1.2240 err_el=0 err_q0=0 err_q1=0
GGML_OP_PROFILE op=mul_mat name=node_2377 ne=48x2048x1x1 type_src0=8 rows=2048 cols=5120 stream=0x5e82347b59d0 total_ms=0.0676 host_ms=0.4418 err_el=0 err_q0=0 err_q1=0
GGML_OP_PROFILE op=mul_mat name=node_2383 ne=48x2048x1x1 type_src0=8 rows=2048 cols=5120 stream=0x5e82347b59d0 total_ms=0.0470 host_ms=0.0715 err_el=0 err_q0=0 err_q1=0
GGML_OP_PROFILE op=mul_mat name=z-41 ne=6144x2048x1x1 type_src0=10 rows=2048 cols=5120 stream=0x5e82347b59d0 total_ms=0.7321 host_ms=2.3755 err_el=0 err_q0=0 err_q1=0
GGML_OP_PROFILE op=mul_mat name=linear_attn_out-41 ne=5120x2048x1x1 type_src0=18 rows=2048 cols=6144 stream=0x5e82347b59d0 total_ms=0.4436 host_ms=0.5252 err_el=0 err_q0=0 err_q1=0
GGML_OP_PROFILE op=mul_mat name=ffn_gate-41 ne=17408x2048x1x1 type_src0=18 rows=2048 cols=5120 stream=0x5e82347b59d0 total_ms=1.1756 host_ms=1.2638 err_el=0 err_q0=0 err_q1=0
GGML_OP_PROFILE op=mul_mat name=ffn_up-41 ne=17408x2048x1x1 type_src0=18 rows=2048 cols=5120 stream=0x5e82347b59d0 total_ms=1.2005 host_ms=1.2495 err_el=0 err_q0=0 err_q1=0
GGML_OP_PROFILE op=mul_mat name=ffn_out-41 ne=5120x2048x1x1 type_src0=18 rows=2048 cols=17408 stream=0x5e82347b59d0 total_ms=1.5533 host_ms=1.8364 err_el=0 err_q0=0 err_q1=0
GGML_OP_PROFILE op=mul_mat name=node_2419 ne=10240x2048x1x1 type_src0=10 rows=2048 cols=5120 stream=0x5e82347b59d0 total_ms=1.1305 host_ms=1.2316 err_el=0 err_q0=0 err_q1=0
GGML_OP_PROFILE op=mul_mat name=node_2440 ne=48x2048x1x1 type_src0=8 rows=2048 cols=5120 stream=0x5e82347b59d0 total_ms=0.0676 host_ms=0.4465 err_el=0 err_q0=0 err_q1=0
GGML_OP_PROFILE op=mul_mat name=node_2446 ne=48x2048x1x1 type_src0=8 rows=2048 cols=5120 stream=0x5e82347b59d0 total_ms=0.1796 host_ms=0.1992 err_el=0 err_q0=0 err_q1=0
GGML_OP_PROFILE op=mul_mat name=z-42 ne=6144x2048x1x1 type_src0=10 rows=2048 cols=5120 stream=0x5e82347b59d0 total_ms=0.7342 host_ms=2.3702 err_el=0 err_q0=0 err_q1=0
GGML_OP_PROFILE op=mul_mat name=linear_attn_out-42 ne=5120x2048x1x1 type_src0=18 rows=2048 cols=6144 stream=0x5e82347b59d0 total_ms=0.4436 host_ms=0.5300 err_el=0 err_q0=0 err_q1=0
GGML_OP_PROFILE op=mul_mat name=ffn_gate-42 ne=17408x2048x1x1 type_src0=10 rows=2048 cols=5120 stream=0x5e82347b59d0 total_ms=1.8225 host_ms=1.9104 err_el=0 err_q0=0 err_q1=0
GGML_OP_PROFILE op=mul_mat name=ffn_up-42 ne=17408x2048x1x1 type_src0=18 rows=2048 cols=5120 stream=0x5e82347b59d0 total_ms=1.2428 host_ms=1.2823 err_el=0 err_q0=0 err_q1=0
GGML_OP_PROFILE op=mul_mat name=ffn_out-42 ne=5120x2048x1x1 type_src0=10 rows=2048 cols=17408 stream=0x5e82347b59d0 total_ms=1.9581 host_ms=2.2393 err_el=0 err_q0=0 err_q1=0
GGML_OP_PROFILE op=mul_mat name=Qcur_full-43 ne=12288x2048x1x1 type_src0=18 rows=2048 cols=5120 stream=0x5e82347b59d0 total_ms=0.9382 host_ms=1.0149 err_el=0 err_q0=0 err_q1=0
GGML_OP_PROFILE op=mul_mat name=Vcur-43 ne=1024x2048x1x1 type_src0=23 rows=2048 cols=5120 stream=0x5e82347b59d0 total_ms=0.1127 host_ms=0.2323 err_el=0 err_q0=0 err_q1=0
GGML_OP_PROFILE op=mul_mat name=Kcur-43 ne=1024x2048x1x1 type_src0=23 rows=2048 cols=5120 stream=0x5e82347b59d0 total_ms=0.1534 host_ms=0.2205 err_el=0 err_q0=0 err_q1=0
GGML_OP_PROFILE op=mul_mat name=attn_output-43 ne=5120x2048x1x1 type_src0=23 rows=2048 cols=6144 stream=0x5e82347b59d0 total_ms=0.4035 host_ms=1.1416 err_el=0 err_q0=0 err_q1=0
GGML_OP_PROFILE op=mul_mat name=ffn_gate-43 ne=17408x2048x1x1 type_src0=10 rows=2048 cols=5120 stream=0x5e82347b59d0 total_ms=1.8571 host_ms=1.9931 err_el=0 err_q0=0 err_q1=0
GGML_OP_PROFILE op=mul_mat name=ffn_up-43 ne=17408x2048x1x1 type_src0=18 rows=2048 cols=5120 stream=0x5e82347b59d0 total_ms=1.2767 host_ms=1.3281 err_el=0 err_q0=0 err_q1=0
GGML_OP_PROFILE op=mul_mat name=ffn_out-43 ne=5120x2048x1x1 type_src0=10 rows=2048 cols=17408 stream=0x5e82347b59d0 total_ms=1.9557 host_ms=2.2327 err_el=0 err_q0=0 err_q1=0
GGML_OP_PROFILE op=mul_mat name=node_2521 ne=10240x2048x1x1 type_src0=10 rows=2048 cols=5120 stream=0x5e82347b59d0 total_ms=1.1976 host_ms=1.2671 err_el=0 err_q0=0 err_q1=0
GGML_OP_PROFILE op=mul_mat name=node_2542 ne=48x2048x1x1 type_src0=8 rows=2048 cols=5120 stream=0x5e82347b59d0 total_ms=0.0676 host_ms=0.4473 err_el=0 err_q0=0 err_q1=0
GGML_OP_PROFILE op=mul_mat name=node_2548 ne=48x2048x1x1 type_src0=8 rows=2048 cols=5120 stream=0x5e82347b59d0 total_ms=0.0926 host_ms=0.1132 err_el=0 err_q0=0 err_q1=0
GGML_OP_PROFILE op=mul_mat name=z-44 ne=6144x2048x1x1 type_src0=10 rows=2048 cols=5120 stream=0x5e82347b59d0 total_ms=0.7342 host_ms=2.3747 err_el=0 err_q0=0 err_q1=0
GGML_OP_PROFILE op=mul_mat name=linear_attn_out-44 ne=5120x2048x1x1 type_src0=18 rows=2048 cols=6144 stream=0x5e82347b59d0 total_ms=0.4436 host_ms=0.5273 err_el=0 err_q0=0 err_q1=0
GGML_OP_PROFILE op=mul_mat name=ffn_gate-44 ne=17408x2048x1x1 type_src0=10 rows=2048 cols=5120 stream=0x5e82347b59d0 total_ms=2.0992 host_ms=2.1903 err_el=0 err_q0=0 err_q1=0
GGML_OP_PROFILE op=mul_mat name=ffn_up-44 ne=17408x2048x1x1 type_src0=10 rows=2048 cols=5120 stream=0x5e82347b59d0 total_ms=1.8354 host_ms=1.8819 err_el=0 err_q0=0 err_q1=0
GGML_OP_PROFILE op=mul_mat name=ffn_out-44 ne=5120x2048x1x1 type_src0=10 rows=2048 cols=17408 stream=0x5e82347b59d0 total_ms=1.9499 host_ms=2.2354 err_el=0 err_q0=0 err_q1=0
GGML_OP_PROFILE op=mul_mat name=node_2584 ne=10240x2048x1x1 type_src0=18 rows=2048 cols=5120 stream=0x5e82347b59d0 total_ms=0.7285 host_ms=0.8061 err_el=0 err_q0=0 err_q1=0
GGML_OP_PROFILE op=mul_mat name=node_2605 ne=48x2048x1x1 type_src0=8 rows=2048 cols=5120 stream=0x5e82347b59d0 total_ms=0.0676 host_ms=0.4429 err_el=0 err_q0=0 err_q1=0
GGML_OP_PROFILE op=mul_mat name=node_2611 ne=48x2048x1x1 type_src0=8 rows=2048 cols=5120 stream=0x5e82347b59d0 total_ms=0.0988 host_ms=0.1166 err_el=0 err_q0=0 err_q1=0
GGML_OP_PROFILE op=mul_mat name=z-45 ne=6144x2048x1x1 type_src0=17 rows=2048 cols=5120 stream=0x5e82347b59d0 total_ms=0.6400 host_ms=2.2767 err_el=0 err_q0=0 err_q1=0
GGML_OP_PROFILE op=mul_mat name=linear_attn_out-45 ne=5120x2048x1x1 type_src0=10 rows=2048 cols=6144 stream=0x5e82347b59d0 total_ms=0.6955 host_ms=0.7816 err_el=0 err_q0=0 err_q1=0
GGML_OP_PROFILE op=mul_mat name=ffn_gate-45 ne=17408x2048x1x1 type_src0=10 rows=2048 cols=5120 stream=0x5e82347b59d0 total_ms=1.8184 host_ms=1.9067 err_el=0 err_q0=0 err_q1=0
GGML_OP_PROFILE op=mul_mat name=ffn_up-45 ne=17408x2048x1x1 type_src0=10 rows=2048 cols=5120 stream=0x5e82347b59d0 total_ms=2.2081 host_ms=2.2515 err_el=0 err_q0=0 err_q1=0
GGML_OP_PROFILE op=mul_mat name=ffn_out-45 ne=5120x2048x1x1 type_src0=10 rows=2048 cols=17408 stream=0x5e82347b59d0 total_ms=1.9520 host_ms=2.2411 err_el=0 err_q0=0 err_q1=0
GGML_OP_PROFILE op=mul_mat name=node_2647 ne=10240x2048x1x1 type_src0=18 rows=2048 cols=5120 stream=0x5e82347b59d0 total_ms=0.7270 host_ms=0.8264 err_el=0 err_q0=0 err_q1=0
GGML_OP_PROFILE op=mul_mat name=node_2668 ne=48x2048x1x1 type_src0=8 rows=2048 cols=5120 stream=0x5e82347b59d0 total_ms=0.0676 host_ms=0.4434 err_el=0 err_q0=0 err_q1=0
GGML_OP_PROFILE op=mul_mat name=node_2674 ne=48x2048x1x1 type_src0=8 rows=2048 cols=5120 stream=0x5e82347b59d0 total_ms=0.0509 host_ms=0.0744 err_el=0 err_q0=0 err_q1=0
GGML_OP_PROFILE op=mul_mat name=z-46 ne=6144x2048x1x1 type_src0=10 rows=2048 cols=5120 stream=0x5e82347b59d0 total_ms=0.7342 host_ms=2.3826 err_el=0 err_q0=0 err_q1=0
GGML_OP_PROFILE op=mul_mat name=linear_attn_out-46 ne=5120x2048x1x1 type_src0=18 rows=2048 cols=6144 stream=0x5e82347b59d0 total_ms=0.4436 host_ms=0.5301 err_el=0 err_q0=0 err_q1=0
GGML_OP_PROFILE op=mul_mat name=ffn_gate-46 ne=17408x2048x1x1 type_src0=17 rows=2048 cols=5120 stream=0x5e82347b59d0 total_ms=1.5790 host_ms=1.6710 err_el=0 err_q0=0 err_q1=0
GGML_OP_PROFILE op=mul_mat name=ffn_up-46 ne=17408x2048x1x1 type_src0=10 rows=2048 cols=5120 stream=0x5e82347b59d0 total_ms=1.8459 host_ms=1.8946 err_el=0 err_q0=0 err_q1=0
GGML_OP_PROFILE op=mul_mat name=ffn_out-46 ne=5120x2048x1x1 type_src0=10 rows=2048 cols=17408 stream=0x5e82347b59d0 total_ms=1.9499 host_ms=2.2414 err_el=0 err_q0=0 err_q1=0
GGML_OP_PROFILE op=mul_mat name=Qcur_full-47 ne=12288x2048x1x1 type_src0=10 rows=2048 cols=5120 stream=0x5e82347b59d0 total_ms=1.3713 host_ms=1.4551 err_el=0 err_q0=0 err_q1=0
GGML_OP_PROFILE op=mul_mat name=Vcur-47 ne=1024x2048x1x1 type_src0=23 rows=2048 cols=5120 stream=0x5e82347b59d0 total_ms=0.1141 host_ms=0.2515 err_el=0 err_q0=0 err_q1=0
GGML_OP_PROFILE op=mul_mat name=Kcur-47 ne=1024x2048x1x1 type_src0=23 rows=2048 cols=5120 stream=0x5e82347b59d0 total_ms=0.1545 host_ms=0.2224 err_el=0 err_q0=0 err_q1=0
GGML_OP_PROFILE op=mul_mat name=attn_output-47 ne=5120x2048x1x1 type_src0=18 rows=2048 cols=6144 stream=0x5e82347b59d0 total_ms=0.4383 host_ms=1.1715 err_el=0 err_q0=0 err_q1=0
GGML_OP_PROFILE op=mul_mat name=ffn_gate-47 ne=17408x2048x1x1 type_src0=10 rows=2048 cols=5120 stream=0x5e82347b59d0 total_ms=1.8221 host_ms=1.8992 err_el=0 err_q0=0 err_q1=0
GGML_OP_PROFILE op=mul_mat name=ffn_up-47 ne=17408x2048x1x1 type_src0=10 rows=2048 cols=5120 stream=0x5e82347b59d0 total_ms=1.8781 host_ms=1.9196 err_el=0 err_q0=0 err_q1=0
GGML_OP_PROFILE op=mul_mat name=ffn_out-47 ne=5120x2048x1x1 type_src0=10 rows=2048 cols=17408 stream=0x5e82347b59d0 total_ms=1.9516 host_ms=2.2266 err_el=0 err_q0=0 err_q1=0
GGML_OP_PROFILE op=mul_mat name=node_2749 ne=10240x2048x1x1 type_src0=18 rows=2048 cols=5120 stream=0x5e82347b59d0 total_ms=0.7910 host_ms=0.8896 err_el=0 err_q0=0 err_q1=0
GGML_OP_PROFILE op=mul_mat name=node_2770 ne=48x2048x1x1 type_src0=8 rows=2048 cols=5120 stream=0x5e82347b59d0 total_ms=0.0696 host_ms=0.4193 err_el=0 err_q0=0 err_q1=0
GGML_OP_PROFILE op=mul_mat name=node_2776 ne=48x2048x1x1 type_src0=8 rows=2048 cols=5120 stream=0x5e82347b59d0 total_ms=0.1026 host_ms=0.1607 err_el=0 err_q0=0 err_q1=0
GGML_OP_PROFILE op=mul_mat name=z-48 ne=6144x2048x1x1 type_src0=17 rows=2048 cols=5120 stream=0x5e82347b59d0 total_ms=0.6410 host_ms=2.6067 err_el=0 err_q0=0 err_q1=0
GGML_OP_PROFILE op=mul_mat name=linear_attn_out-48 ne=5120x2048x1x1 type_src0=18 rows=2048 cols=6144 stream=0x5e82347b59d0 total_ms=0.4435 host_ms=0.5363 err_el=0 err_q0=0 err_q1=0
GGML_OP_PROFILE op=mul_mat name=ffn_gate-48 ne=17408x2048x1x1 type_src0=10 rows=2048 cols=5120 stream=0x5e82347b59d0 total_ms=1.8222 host_ms=1.9012 err_el=0 err_q0=0 err_q1=0
GGML_OP_PROFILE op=mul_mat name=ffn_up-48 ne=17408x2048x1x1 type_src0=10 rows=2048 cols=5120 stream=0x5e82347b59d0 total_ms=1.8425 host_ms=1.9232 err_el=0 err_q0=0 err_q1=0
GGML_OP_PROFILE op=mul_mat name=ffn_out-48 ne=5120x2048x1x1 type_src0=10 rows=2048 cols=17408 stream=0x5e82347b59d0 total_ms=1.9475 host_ms=2.2295 err_el=0 err_q0=0 err_q1=0
GGML_OP_PROFILE op=mul_mat name=node_2812 ne=10240x2048x1x1 type_src0=18 rows=2048 cols=5120 stream=0x5e82347b59d0 total_ms=0.7267 host_ms=0.8087 err_el=0 err_q0=0 err_q1=0
GGML_OP_PROFILE op=mul_mat name=node_2833 ne=48x2048x1x1 type_src0=8 rows=2048 cols=5120 stream=0x5e82347b59d0 total_ms=0.0676 host_ms=0.4295 err_el=0 err_q0=0 err_q1=0
GGML_OP_PROFILE op=mul_mat name=node_2839 ne=48x2048x1x1 type_src0=8 rows=2048 cols=5120 stream=0x5e82347b59d0 total_ms=0.1377 host_ms=0.2005 err_el=0 err_q0=0 err_q1=0
GGML_OP_PROFILE op=mul_mat name=z-49 ne=6144x2048x1x1 type_src0=22 rows=2048 cols=5120 stream=0x5e82347b59d0 total_ms=0.6318 host_ms=2.2211 err_el=0 err_q0=0 err_q1=0
GGML_OP_PROFILE op=mul_mat name=linear_attn_out-49 ne=5120x2048x1x1 type_src0=18 rows=2048 cols=6144 stream=0x5e82347b59d0 total_ms=0.8368 host_ms=0.9236 err_el=0 err_q0=0 err_q1=0
GGML_OP_PROFILE op=mul_mat name=ffn_gate-49 ne=17408x2048x1x1 type_src0=10 rows=2048 cols=5120 stream=0x5e82347b59d0 total_ms=1.8224 host_ms=1.9077 err_el=0 err_q0=0 err_q1=0
GGML_OP_PROFILE op=mul_mat name=ffn_up-49 ne=17408x2048x1x1 type_src0=18 rows=2048 cols=5120 stream=0x5e82347b59d0 total_ms=1.2640 host_ms=1.3067 err_el=0 err_q0=0 err_q1=0
GGML_OP_PROFILE op=mul_mat name=ffn_out-49 ne=5120x2048x1x1 type_src0=18 rows=2048 cols=17408 stream=0x5e82347b59d0 total_ms=1.2715 host_ms=1.5526 err_el=0 err_q0=0 err_q1=0
GGML_OP_PROFILE op=mul_mat name=node_2875 ne=10240x2048x1x1 type_src0=10 rows=2048 cols=5120 stream=0x5e82347b59d0 total_ms=1.1335 host_ms=1.2353 err_el=0 err_q0=0 err_q1=0
GGML_OP_PROFILE op=mul_mat name=node_2896 ne=48x2048x1x1 type_src0=8 rows=2048 cols=5120 stream=0x5e82347b59d0 total_ms=0.0676 host_ms=0.4372 err_el=0 err_q0=0 err_q1=0
GGML_OP_PROFILE op=mul_mat name=node_2902 ne=48x2048x1x1 type_src0=8 rows=2048 cols=5120 stream=0x5e82347b59d0 total_ms=0.1660 host_ms=0.1868 err_el=0 err_q0=0 err_q1=0
GGML_OP_PROFILE op=mul_mat name=z-50 ne=6144x2048x1x1 type_src0=10 rows=2048 cols=5120 stream=0x5e82347b59d0 total_ms=0.7342 host_ms=2.3818 err_el=0 err_q0=0 err_q1=0
GGML_OP_PROFILE op=mul_mat name=linear_attn_out-50 ne=5120x2048x1x1 type_src0=21 rows=2048 cols=6144 stream=0x5e82347b59d0 total_ms=0.4596 host_ms=0.5443 err_el=0 err_q0=0 err_q1=0
GGML_OP_PROFILE op=mul_mat name=ffn_gate-50 ne=17408x2048x1x1 type_src0=10 rows=2048 cols=5120 stream=0x5e82347b59d0 total_ms=1.8180 host_ms=1.8966 err_el=0 err_q0=0 err_q1=0
GGML_OP_PROFILE op=mul_mat name=ffn_up-50 ne=17408x2048x1x1 type_src0=10 rows=2048 cols=5120 stream=0x5e82347b59d0 total_ms=1.8404 host_ms=1.8834 err_el=0 err_q0=0 err_q1=0
GGML_OP_PROFILE op=mul_mat name=ffn_out-50 ne=5120x2048x1x1 type_src0=18 rows=2048 cols=17408 stream=0x5e82347b59d0 total_ms=1.2707 host_ms=1.5482 err_el=0 err_q0=0 err_q1=0
GGML_OP_PROFILE op=mul_mat name=Qcur_full-51 ne=12288x2048x1x1 type_src0=18 rows=2048 cols=5120 stream=0x5e82347b59d0 total_ms=0.8684 host_ms=0.9620 err_el=0 err_q0=0 err_q1=0
GGML_OP_PROFILE op=mul_mat name=Vcur-51 ne=1024x2048x1x1 type_src0=12 rows=2048 cols=5120 stream=0x5e82347b59d0 total_ms=0.1229 host_ms=0.2435 err_el=0 err_q0=0 err_q1=0
GGML_OP_PROFILE op=mul_mat name=Kcur-51 ne=1024x2048x1x1 type_src0=23 rows=2048 cols=5120 stream=0x5e82347b59d0 total_ms=0.1003 host_ms=0.1383 err_el=0 err_q0=0 err_q1=0
GGML_OP_PROFILE op=mul_mat name=attn_output-51 ne=5120x2048x1x1 type_src0=21 rows=2048 cols=6144 stream=0x5e82347b59d0 total_ms=0.4526 host_ms=1.2702 err_el=0 err_q0=0 err_q1=0
GGML_OP_PROFILE op=mul_mat name=ffn_gate-51 ne=17408x2048x1x1 type_src0=10 rows=2048 cols=5120 stream=0x5e82347b59d0 total_ms=1.8187 host_ms=1.9085 err_el=0 err_q0=0 err_q1=0
GGML_OP_PROFILE op=mul_mat name=ffn_up-51 ne=17408x2048x1x1 type_src0=18 rows=2048 cols=5120 stream=0x5e82347b59d0 total_ms=1.1953 host_ms=1.2341 err_el=0 err_q0=0 err_q1=0
GGML_OP_PROFILE op=mul_mat name=ffn_out-51 ne=5120x2048x1x1 type_src0=18 rows=2048 cols=17408 stream=0x5e82347b59d0 total_ms=1.2710 host_ms=1.5541 err_el=0 err_q0=0 err_q1=0
GGML_OP_PROFILE op=mul_mat name=node_2977 ne=10240x2048x1x1 type_src0=10 rows=2048 cols=5120 stream=0x5e82347b59d0 total_ms=1.1305 host_ms=1.2179 err_el=0 err_q0=0 err_q1=0
GGML_OP_PROFILE op=mul_mat name=node_2998 ne=48x2048x1x1 type_src0=8 rows=2048 cols=5120 stream=0x5e82347b59d0 total_ms=0.0676 host_ms=0.4248 err_el=0 err_q0=0 err_q1=0
GGML_OP_PROFILE op=mul_mat name=node_3004 ne=48x2048x1x1 type_src0=8 rows=2048 cols=5120 stream=0x5e82347b59d0 total_ms=0.0441 host_ms=0.0708 err_el=0 err_q0=0 err_q1=0
GGML_OP_PROFILE op=mul_mat name=z-52 ne=6144x2048x1x1 type_src0=10 rows=2048 cols=5120 stream=0x5e82347b59d0 total_ms=0.7332 host_ms=2.5127 err_el=0 err_q0=0 err_q1=0
GGML_OP_PROFILE op=mul_mat name=linear_attn_out-52 ne=5120x2048x1x1 type_src0=21 rows=2048 cols=6144 stream=0x5e82347b59d0 total_ms=0.4576 host_ms=0.5393 err_el=0 err_q0=0 err_q1=0
GGML_OP_PROFILE op=mul_mat name=ffn_gate-52 ne=17408x2048x1x1 type_src0=10 rows=2048 cols=5120 stream=0x5e82347b59d0 total_ms=1.8186 host_ms=1.9344 err_el=0 err_q0=0 err_q1=0
GGML_OP_PROFILE op=mul_mat name=ffn_up-52 ne=17408x2048x1x1 type_src0=18 rows=2048 cols=5120 stream=0x5e82347b59d0 total_ms=1.2994 host_ms=1.3465 err_el=0 err_q0=0 err_q1=0
GGML_OP_PROFILE op=mul_mat name=ffn_out-52 ne=5120x2048x1x1 type_src0=18 rows=2048 cols=17408 stream=0x5e82347b59d0 total_ms=1.2726 host_ms=1.5502 err_el=0 err_q0=0 err_q1=0
GGML_OP_PROFILE op=mul_mat name=node_3040 ne=10240x2048x1x1 type_src0=10 rows=2048 cols=5120 stream=0x5e82347b59d0 total_ms=1.1297 host_ms=1.1975 err_el=0 err_q0=0 err_q1=0
GGML_OP_PROFILE op=mul_mat name=node_3061 ne=48x2048x1x1 type_src0=8 rows=2048 cols=5120 stream=0x5e82347b59d0 total_ms=0.0676 host_ms=0.4106 err_el=0 err_q0=0 err_q1=0
GGML_OP_PROFILE op=mul_mat name=node_3067 ne=48x2048x1x1 type_src0=8 rows=2048 cols=5120 stream=0x5e82347b59d0 total_ms=0.1259 host_ms=0.1653 err_el=0 err_q0=0 err_q1=0
GGML_OP_PROFILE op=mul_mat name=z-53 ne=6144x2048x1x1 type_src0=10 rows=2048 cols=5120 stream=0x5e82347b59d0 total_ms=0.7321 host_ms=2.4129 err_el=0 err_q0=0 err_q1=0
GGML_OP_PROFILE op=mul_mat name=linear_attn_out-53 ne=5120x2048x1x1 type_src0=21 rows=2048 cols=6144 stream=0x5e82347b59d0 total_ms=0.4579 host_ms=0.5448 err_el=0 err_q0=0 err_q1=0
GGML_OP_PROFILE op=mul_mat name=ffn_gate-53 ne=17408x2048x1x1 type_src0=10 rows=2048 cols=5120 stream=0x5e82347b59d0 total_ms=1.8186 host_ms=1.9914 err_el=0 err_q0=0 err_q1=0
GGML_OP_PROFILE op=mul_mat name=ffn_up-53 ne=17408x2048x1x1 type_src0=18 rows=2048 cols=5120 stream=0x5e82347b59d0 total_ms=1.1977 host_ms=1.2389 err_el=0 err_q0=0 err_q1=0
GGML_OP_PROFILE op=mul_mat name=ffn_out-53 ne=5120x2048x1x1 type_src0=18 rows=2048 cols=17408 stream=0x5e82347b59d0 total_ms=1.2721 host_ms=1.5498 err_el=0 err_q0=0 err_q1=0
GGML_OP_PROFILE op=mul_mat name=node_3103 ne=10240x2048x1x1 type_src0=10 rows=2048 cols=5120 stream=0x5e82347b59d0 total_ms=1.1284 host_ms=1.2135 err_el=0 err_q0=0 err_q1=0
GGML_OP_PROFILE op=mul_mat name=node_3124 ne=48x2048x1x1 type_src0=8 rows=2048 cols=5120 stream=0x5e82347b59d0 total_ms=0.0676 host_ms=0.4416 err_el=0 err_q0=0 err_q1=0
GGML_OP_PROFILE op=mul_mat name=node_3130 ne=48x2048x1x1 type_src0=8 rows=2048 cols=5120 stream=0x5e82347b59d0 total_ms=0.0589 host_ms=0.0800 err_el=0 err_q0=0 err_q1=0
GGML_OP_PROFILE op=mul_mat name=z-54 ne=6144x2048x1x1 type_src0=10 rows=2048 cols=5120 stream=0x5e82347b59d0 total_ms=0.7332 host_ms=2.3778 err_el=0 err_q0=0 err_q1=0
GGML_OP_PROFILE op=mul_mat name=linear_attn_out-54 ne=5120x2048x1x1 type_src0=18 rows=2048 cols=6144 stream=0x5e82347b59d0 total_ms=0.4421 host_ms=0.5289 err_el=0 err_q0=0 err_q1=0
GGML_OP_PROFILE op=mul_mat name=ffn_gate-54 ne=17408x2048x1x1 type_src0=18 rows=2048 cols=5120 stream=0x5e82347b59d0 total_ms=1.1694 host_ms=1.2570 err_el=0 err_q0=0 err_q1=0
GGML_OP_PROFILE op=mul_mat name=ffn_up-54 ne=17408x2048x1x1 type_src0=18 rows=2048 cols=5120 stream=0x5e82347b59d0 total_ms=1.1964 host_ms=1.2333 err_el=0 err_q0=0 err_q1=0
GGML_OP_PROFILE op=mul_mat name=ffn_out-54 ne=5120x2048x1x1 type_src0=21 rows=2048 cols=17408 stream=0x5e82347b59d0 total_ms=1.5987 host_ms=1.8767 err_el=0 err_q0=0 err_q1=0
GGML_OP_PROFILE op=mul_mat name=Qcur_full-55 ne=12288x2048x1x1 type_src0=10 rows=2048 cols=5120 stream=0x5e82347b59d0 total_ms=1.3719 host_ms=1.4681 err_el=0 err_q0=0 err_q1=0
GGML_OP_PROFILE op=mul_mat name=Vcur-55 ne=1024x2048x1x1 type_src0=23 rows=2048 cols=5120 stream=0x5e82347b59d0 total_ms=0.1127 host_ms=0.2333 err_el=0 err_q0=0 err_q1=0
GGML_OP_PROFILE op=mul_mat name=Kcur-55 ne=1024x2048x1x1 type_src0=23 rows=2048 cols=5120 stream=0x5e82347b59d0 total_ms=0.0964 host_ms=0.1343 err_el=0 err_q0=0 err_q1=0
GGML_OP_PROFILE op=mul_mat name=attn_output-55 ne=5120x2048x1x1 type_src0=21 rows=2048 cols=6144 stream=0x5e82347b59d0 total_ms=0.4506 host_ms=1.2753 err_el=0 err_q0=0 err_q1=0
GGML_OP_PROFILE op=mul_mat name=ffn_gate-55 ne=17408x2048x1x1 type_src0=10 rows=2048 cols=5120 stream=0x5e82347b59d0 total_ms=1.8207 host_ms=1.9088 err_el=0 err_q0=0 err_q1=0
GGML_OP_PROFILE op=mul_mat name=ffn_up-55 ne=17408x2048x1x1 type_src0=18 rows=2048 cols=5120 stream=0x5e82347b59d0 total_ms=1.4636 host_ms=1.5014 err_el=0 err_q0=0 err_q1=0
GGML_OP_PROFILE op=mul_mat name=ffn_out-55 ne=5120x2048x1x1 type_src0=21 rows=2048 cols=17408 stream=0x5e82347b59d0 total_ms=1.3039 host_ms=1.5918 err_el=0 err_q0=0 err_q1=0
GGML_OP_PROFILE op=mul_mat name=node_3205 ne=10240x2048x1x1 type_src0=21 rows=2048 cols=5120 stream=0x5e82347b59d0 total_ms=0.7516 host_ms=0.8458 err_el=0 err_q0=0 err_q1=0
GGML_OP_PROFILE op=mul_mat name=node_3226 ne=48x2048x1x1 type_src0=8 rows=2048 cols=5120 stream=0x5e82347b59d0 total_ms=0.0696 host_ms=0.4469 err_el=0 err_q0=0 err_q1=0
GGML_OP_PROFILE op=mul_mat name=node_3232 ne=48x2048x1x1 type_src0=8 rows=2048 cols=5120 stream=0x5e82347b59d0 total_ms=0.0417 host_ms=0.0737 err_el=0 err_q0=0 err_q1=0
GGML_OP_PROFILE op=mul_mat name=z-56 ne=6144x2048x1x1 type_src0=21 rows=2048 cols=5120 stream=0x5e82347b59d0 total_ms=0.4925 host_ms=2.1264 err_el=0 err_q0=0 err_q1=0
GGML_OP_PROFILE op=mul_mat name=linear_attn_out-56 ne=5120x2048x1x1 type_src0=23 rows=2048 cols=6144 stream=0x5e82347b59d0 total_ms=0.4064 host_ms=0.4907 err_el=0 err_q0=0 err_q1=0
GGML_OP_PROFILE op=mul_mat name=ffn_gate-56 ne=17408x2048x1x1 type_src0=21 rows=2048 cols=5120 stream=0x5e82347b59d0 total_ms=1.2104 host_ms=1.3030 err_el=0 err_q0=0 err_q1=0
GGML_OP_PROFILE op=mul_mat name=ffn_up-56 ne=17408x2048x1x1 type_src0=23 rows=2048 cols=5120 stream=0x5e82347b59d0 total_ms=1.1004 host_ms=1.1385 err_el=0 err_q0=0 err_q1=0
GGML_OP_PROFILE op=mul_mat name=ffn_out-56 ne=5120x2048x1x1 type_src0=23 rows=2048 cols=17408 stream=0x5e82347b59d0 total_ms=1.1706 host_ms=1.4470 err_el=0 err_q0=0 err_q1=0
GGML_OP_PROFILE op=mul_mat name=node_3268 ne=10240x2048x1x1 type_src0=18 rows=2048 cols=5120 stream=0x5e82347b59d0 total_ms=0.7270 host_ms=0.8157 err_el=0 err_q0=0 err_q1=0
GGML_OP_PROFILE op=mul_mat name=node_3289 ne=48x2048x1x1 type_src0=8 rows=2048 cols=5120 stream=0x5e82347b59d0 total_ms=0.0676 host_ms=0.4465 err_el=0 err_q0=0 err_q1=0
GGML_OP_PROFILE op=mul_mat name=node_3295 ne=48x2048x1x1 type_src0=8 rows=2048 cols=5120 stream=0x5e82347b59d0 total_ms=0.0509 host_ms=0.0736 err_el=0 err_q0=0 err_q1=0
GGML_OP_PROFILE op=mul_mat name=z-57 ne=6144x2048x1x1 type_src0=21 rows=2048 cols=5120 stream=0x5e82347b59d0 total_ms=0.4925 host_ms=2.1382 err_el=0 err_q0=0 err_q1=0
GGML_OP_PROFILE op=mul_mat name=linear_attn_out-57 ne=5120x2048x1x1 type_src0=23 rows=2048 cols=6144 stream=0x5e82347b59d0 total_ms=0.4068 host_ms=0.4908 err_el=0 err_q0=0 err_q1=0
GGML_OP_PROFILE op=mul_mat name=ffn_gate-57 ne=17408x2048x1x1 type_src0=23 rows=2048 cols=5120 stream=0x5e82347b59d0 total_ms=1.0770 host_ms=1.1620 err_el=0 err_q0=0 err_q1=0
GGML_OP_PROFILE op=mul_mat name=ffn_up-57 ne=17408x2048x1x1 type_src0=23 rows=2048 cols=5120 stream=0x5e82347b59d0 total_ms=1.1010 host_ms=1.1422 err_el=0 err_q0=0 err_q1=0
GGML_OP_PROFILE op=mul_mat name=ffn_out-57 ne=5120x2048x1x1 type_src0=23 rows=2048 cols=17408 stream=0x5e82347b59d0 total_ms=1.4763 host_ms=1.7765 err_el=0 err_q0=0 err_q1=0
GGML_OP_PROFILE op=mul_mat name=node_3331 ne=10240x2048x1x1 type_src0=21 rows=2048 cols=5120 stream=0x5e82347b59d0 total_ms=0.7495 host_ms=0.8416 err_el=0 err_q0=0 err_q1=0
GGML_OP_PROFILE op=mul_mat name=node_3352 ne=48x2048x1x1 type_src0=8 rows=2048 cols=5120 stream=0x5e82347b59d0 total_ms=0.0676 host_ms=0.4422 err_el=0 err_q0=0 err_q1=0
GGML_OP_PROFILE op=mul_mat name=node_3358 ne=48x2048x1x1 type_src0=8 rows=2048 cols=5120 stream=0x5e82347b59d0 total_ms=0.0563 host_ms=0.0749 err_el=0 err_q0=0 err_q1=0
GGML_OP_PROFILE op=mul_mat name=z-58 ne=6144x2048x1x1 type_src0=21 rows=2048 cols=5120 stream=0x5e82347b59d0 total_ms=0.4905 host_ms=2.1333 err_el=0 err_q0=0 err_q1=0
GGML_OP_PROFILE op=mul_mat name=linear_attn_out-58 ne=5120x2048x1x1 type_src0=23 rows=2048 cols=6144 stream=0x5e82347b59d0 total_ms=0.4060 host_ms=0.4942 err_el=0 err_q0=0 err_q1=0
GGML_OP_PROFILE op=mul_mat name=ffn_gate-58 ne=17408x2048x1x1 type_src0=23 rows=2048 cols=5120 stream=0x5e82347b59d0 total_ms=1.0772 host_ms=1.1707 err_el=0 err_q0=0 err_q1=0
GGML_OP_PROFILE op=mul_mat name=ffn_up-58 ne=17408x2048x1x1 type_src0=23 rows=2048 cols=5120 stream=0x5e82347b59d0 total_ms=1.1062 host_ms=1.1477 err_el=0 err_q0=0 err_q1=0
GGML_OP_PROFILE op=mul_mat name=ffn_out-58 ne=5120x2048x1x1 type_src0=23 rows=2048 cols=17408 stream=0x5e82347b59d0 total_ms=1.1706 host_ms=1.4492 err_el=0 err_q0=0 err_q1=0
GGML_OP_PROFILE op=mul_mat name=Qcur_full-59 ne=12288x2048x1x1 type_src0=18 rows=2048 cols=5120 stream=0x5e82347b59d0 total_ms=0.8681 host_ms=0.9599 err_el=0 err_q0=0 err_q1=0
GGML_OP_PROFILE op=mul_mat name=Vcur-59 ne=1024x2048x1x1 type_src0=13 rows=2048 cols=5120 stream=0x5e82347b59d0 total_ms=0.1250 host_ms=0.2473 err_el=0 err_q0=0 err_q1=0
GGML_OP_PROFILE op=mul_mat name=Kcur-59 ne=1024x2048x1x1 type_src0=12 rows=2048 cols=5120 stream=0x5e82347b59d0 total_ms=0.1204 host_ms=0.1556 err_el=0 err_q0=0 err_q1=0
GGML_OP_PROFILE op=mul_mat name=attn_output-59 ne=5120x2048x1x1 type_src0=23 rows=2048 cols=6144 stream=0x5e82347b59d0 total_ms=0.4014 host_ms=1.2209 err_el=0 err_q0=0 err_q1=0
GGML_OP_PROFILE op=mul_mat name=ffn_gate-59 ne=17408x2048x1x1 type_src0=23 rows=2048 cols=5120 stream=0x5e82347b59d0 total_ms=1.3578 host_ms=1.4489 err_el=0 err_q0=0 err_q1=0
GGML_OP_PROFILE op=mul_mat name=ffn_up-59 ne=17408x2048x1x1 type_src0=23 rows=2048 cols=5120 stream=0x5e82347b59d0 total_ms=1.0964 host_ms=1.1411 err_el=0 err_q0=0 err_q1=0
GGML_OP_PROFILE op=mul_mat name=ffn_out-59 ne=5120x2048x1x1 type_src0=23 rows=2048 cols=17408 stream=0x5e82347b59d0 total_ms=1.1703 host_ms=1.4437 err_el=0 err_q0=0 err_q1=0
GGML_OP_PROFILE op=mul_mat name=node_3433 ne=10240x2048x1x1 type_src0=21 rows=2048 cols=5120 stream=0x5e82347b59d0 total_ms=0.7516 host_ms=0.8392 err_el=0 err_q0=0 err_q1=0
GGML_OP_PROFILE op=mul_mat name=node_3454 ne=48x2048x1x1 type_src0=8 rows=2048 cols=5120 stream=0x5e82347b59d0 total_ms=0.0676 host_ms=0.4408 err_el=0 err_q0=0 err_q1=0
GGML_OP_PROFILE op=mul_mat name=node_3460 ne=48x2048x1x1 type_src0=8 rows=2048 cols=5120 stream=0x5e82347b59d0 total_ms=0.0464 host_ms=0.0689 err_el=0 err_q0=0 err_q1=0
GGML_OP_PROFILE op=mul_mat name=z-60 ne=6144x2048x1x1 type_src0=21 rows=2048 cols=5120 stream=0x5e82347b59d0 total_ms=0.4905 host_ms=2.1267 err_el=0 err_q0=0 err_q1=0
GGML_OP_PROFILE op=mul_mat name=linear_attn_out-60 ne=5120x2048x1x1 type_src0=23 rows=2048 cols=6144 stream=0x5e82347b59d0 total_ms=0.4064 host_ms=0.4867 err_el=0 err_q0=0 err_q1=0
GGML_OP_PROFILE op=mul_mat name=ffn_gate-60 ne=17408x2048x1x1 type_src0=23 rows=2048 cols=5120 stream=0x5e82347b59d0 total_ms=1.0752 host_ms=1.1653 err_el=0 err_q0=0 err_q1=0
GGML_OP_PROFILE op=mul_mat name=ffn_up-60 ne=17408x2048x1x1 type_src0=23 rows=2048 cols=5120 stream=0x5e82347b59d0 total_ms=1.1012 host_ms=1.1439 err_el=0 err_q0=0 err_q1=0
GGML_OP_PROFILE op=mul_mat name=ffn_out-60 ne=5120x2048x1x1 type_src0=23 rows=2048 cols=17408 stream=0x5e82347b59d0 total_ms=1.1703 host_ms=1.4445 err_el=0 err_q0=0 err_q1=0
GGML_OP_PROFILE op=mul_mat name=node_3496 ne=10240x2048x1x1 type_src0=21 rows=2048 cols=5120 stream=0x5e82347b59d0 total_ms=0.7516 host_ms=0.8353 err_el=0 err_q0=0 err_q1=0
GGML_OP_PROFILE op=mul_mat name=node_3517 ne=48x2048x1x1 type_src0=8 rows=2048 cols=5120 stream=0x5e82347b59d0 total_ms=0.0676 host_ms=0.4658 err_el=0 err_q0=0 err_q1=0
GGML_OP_PROFILE op=mul_mat name=node_3523 ne=48x2048x1x1 type_src0=8 rows=2048 cols=5120 stream=0x5e82347b59d0 total_ms=0.1743 host_ms=0.1946 err_el=0 err_q0=0 err_q1=0
GGML_OP_PROFILE op=mul_mat name=z-61 ne=6144x2048x1x1 type_src0=21 rows=2048 cols=5120 stream=0x5e82347b59d0 total_ms=0.4925 host_ms=2.1378 err_el=0 err_q0=0 err_q1=0
GGML_OP_PROFILE op=mul_mat name=linear_attn_out-61 ne=5120x2048x1x1 type_src0=21 rows=2048 cols=6144 stream=0x5e82347b59d0 total_ms=0.4533 host_ms=0.5439 err_el=0 err_q0=0 err_q1=0
GGML_OP_PROFILE op=mul_mat name=ffn_gate-61 ne=17408x2048x1x1 type_src0=23 rows=2048 cols=5120 stream=0x5e82347b59d0 total_ms=1.0770 host_ms=1.1685 err_el=0 err_q0=0 err_q1=0
GGML_OP_PROFILE op=mul_mat name=ffn_up-61 ne=17408x2048x1x1 type_src0=23 rows=2048 cols=5120 stream=0x5e82347b59d0 total_ms=1.1193 host_ms=1.1577 err_el=0 err_q0=0 err_q1=0
GGML_OP_PROFILE op=mul_mat name=ffn_out-61 ne=5120x2048x1x1 type_src0=23 rows=2048 cols=17408 stream=0x5e82347b59d0 total_ms=1.1665 host_ms=1.4464 err_el=0 err_q0=0 err_q1=0
GGML_OP_PROFILE op=mul_mat name=node_3559 ne=10240x2048x1x1 type_src0=21 rows=2048 cols=5120 stream=0x5e82347b59d0 total_ms=0.7475 host_ms=0.8351 err_el=0 err_q0=0 err_q1=0
GGML_OP_PROFILE op=mul_mat name=node_3580 ne=48x2048x1x1 type_src0=8 rows=2048 cols=5120 stream=0x5e82347b59d0 total_ms=0.0676 host_ms=0.4517 err_el=0 err_q0=0 err_q1=0
GGML_OP_PROFILE op=mul_mat name=node_3586 ne=48x2048x1x1 type_src0=8 rows=2048 cols=5120 stream=0x5e82347b59d0 total_ms=0.0620 host_ms=0.0829 err_el=0 err_q0=0 err_q1=0
GGML_OP_PROFILE op=mul_mat name=z-62 ne=6144x2048x1x1 type_src0=18 rows=2048 cols=5120 stream=0x5e82347b59d0 total_ms=0.4751 host_ms=2.4257 err_el=0 err_q0=0 err_q1=0
GGML_OP_PROFILE op=mul_mat name=linear_attn_out-62 ne=5120x2048x1x1 type_src0=23 rows=2048 cols=6144 stream=0x5e82347b59d0 total_ms=0.4047 host_ms=0.4895 err_el=0 err_q0=0 err_q1=0
GGML_OP_PROFILE op=mul_mat name=ffn_gate-62 ne=17408x2048x1x1 type_src0=23 rows=2048 cols=5120 stream=0x5e82347b59d0 total_ms=1.0791 host_ms=1.1654 err_el=0 err_q0=0 err_q1=0
GGML_OP_PROFILE op=mul_mat name=ffn_up-62 ne=17408x2048x1x1 type_src0=23 rows=2048 cols=5120 stream=0x5e82347b59d0 total_ms=1.1035 host_ms=1.1437 err_el=0 err_q0=0 err_q1=0
GGML_OP_PROFILE op=mul_mat name=ffn_out-62 ne=5120x2048x1x1 type_src0=21 rows=2048 cols=17408 stream=0x5e82347b59d0 total_ms=1.2976 host_ms=1.5752 err_el=0 err_q0=0 err_q1=0
GGML_OP_PROFILE op=mul_mat name=Qcur_full-63 ne=12288x2048x1x1 type_src0=23 rows=2048 cols=5120 stream=0x5e82347b59d0 total_ms=0.8128 host_ms=0.9047 err_el=0 err_q0=0 err_q1=0
GGML_OP_PROFILE op=mul_mat name=Vcur-63 ne=1024x2048x1x1 type_src0=13 rows=2048 cols=5120 stream=0x5e82347b59d0 total_ms=0.1250 host_ms=0.2473 err_el=0 err_q0=0 err_q1=0
GGML_OP_PROFILE op=mul_mat name=Kcur-63 ne=1024x2048x1x1 type_src0=12 rows=2048 cols=5120 stream=0x5e82347b59d0 total_ms=0.1174 host_ms=0.1574 err_el=0 err_q0=0 err_q1=0
GGML_OP_PROFILE op=mul_mat name=attn_output-63 ne=5120x2048x1x1 type_src0=23 rows=2048 cols=6144 stream=0x5e82347b59d0 total_ms=0.4014 host_ms=1.2187 err_el=0 err_q0=0 err_q1=0
GGML_OP_PROFILE op=mul_mat name=ffn_gate-63 ne=17408x2048x1x1 type_src0=23 rows=2048 cols=5120 stream=0x5e82347b59d0 total_ms=1.0752 host_ms=1.1680 err_el=0 err_q0=0 err_q1=0
GGML_OP_PROFILE op=mul_mat name=ffn_up-63 ne=17408x2048x1x1 type_src0=12 rows=2048 cols=5120 stream=0x5e82347b59d0 total_ms=1.2323 host_ms=1.2686 err_el=0 err_q0=0 err_q1=0
GGML_OP_PROFILE op=mul_mat name=ffn_out-63 ne=5120x2048x1x1 type_src0=12 rows=2048 cols=17408 stream=0x5e82347b59d0 total_ms=1.2996 host_ms=1.5765 err_el=0 err_q0=0 err_q1=0
GGML_OP_PROFILE op=mul_mat name=result_output ne=248320x1x1x1 type_src0=12 rows=1 cols=5120 stream=0x5e82347b59d0 total_ms=0.4424 host_ms=0.5304 err_el=0 err_q0=0 err_q1=0
GGML_OP_PROFILE op=mul_mat name=node_13 ne=10240x2048x1x1 type_src0=18 rows=2048 cols=5120 stream=0x5e82347b59d0 total_ms=0.7148 host_ms=0.8631 err_el=0 err_q0=0 err_q1=0
GGML_OP_PROFILE op=mul_mat name=node_34 ne=48x2048x1x1 type_src0=8 rows=2048 cols=5120 stream=0x5e82347b59d0 total_ms=0.0696 host_ms=0.4596 err_el=0 err_q0=0 err_q1=0
GGML_OP_PROFILE op=mul_mat name=node_40 ne=48x2048x1x1 type_src0=8 rows=2048 cols=5120 stream=0x5e82347b59d0 total_ms=0.0485 host_ms=0.0704 err_el=0 err_q0=0 err_q1=0
GGML_OP_PROFILE op=mul_mat name=z-0 ne=6144x2048x1x1 type_src0=18 rows=2048 cols=5120 stream=0x5e82347b59d0 total_ms=0.4638 host_ms=2.1042 err_el=0 err_q0=0 err_q1=0
GGML_OP_PROFILE op=mul_mat name=linear_attn_out-0 ne=5120x2048x1x1 type_src0=21 rows=2048 cols=6144 stream=0x5e82347b59d0 total_ms=0.4477 host_ms=0.5312 err_el=0 err_q0=0 err_q1=0
GGML_OP_PROFILE op=mul_mat name=ffn_gate-0 ne=17408x2048x1x1 type_src0=19 rows=2048 cols=5120 stream=0x5e82347b59d0 total_ms=1.2039 host_ms=1.2913 err_el=0 err_q0=0 err_q1=0
GGML_OP_PROFILE op=mul_mat name=ffn_up-0 ne=17408x2048x1x1 type_src0=19 rows=2048 cols=5120 stream=0x5e82347b59d0 total_ms=1.2290 host_ms=1.2672 err_el=0 err_q0=0 err_q1=0
GGML_OP_PROFILE op=mul_mat name=ffn_out-0 ne=5120x2048x1x1 type_src0=29 rows=2048 cols=17408 stream=0x5e82347b59d0 total_ms=1.3761 host_ms=1.6562 err_el=0 err_q0=0 err_q1=0
GGML_OP_PROFILE op=mul_mat name=node_76 ne=10240x2048x1x1 type_src0=16 rows=2048 cols=5120 stream=0x5e82347b59d0 total_ms=0.6799 host_ms=0.7686 err_el=0 err_q0=0 err_q1=0
GGML_OP_PROFILE op=mul_mat name=node_97 ne=48x2048x1x1 type_src0=8 rows=2048 cols=5120 stream=0x5e82347b59d0 total_ms=0.0676 host_ms=0.4417 err_el=0 err_q0=0 err_q1=0
GGML_OP_PROFILE op=mul_mat name=node_103 ne=48x2048x1x1 type_src0=8 rows=2048 cols=5120 stream=0x5e82347b59d0 total_ms=0.0436 host_ms=0.0685 err_el=0 err_q0=0 err_q1=0
GGML_OP_PROFILE op=mul_mat name=z-1 ne=6144x2048x1x1 type_src0=22 rows=2048 cols=5120 stream=0x5e82347b59d0 total_ms=0.6267 host_ms=2.5534 err_el=0 err_q0=0 err_q1=0
GGML_OP_PROFILE op=mul_mat name=linear_attn_out-1 ne=5120x2048x1x1 type_src0=21 rows=2048 cols=6144 stream=0x5e82347b59d0 total_ms=0.4520 host_ms=0.5380 err_el=0 err_q0=0 err_q1=0
GGML_OP_PROFILE op=mul_mat name=ffn_gate-1 ne=17408x2048x1x1 type_src0=19 rows=2048 cols=5120 stream=0x5e82347b59d0 total_ms=1.2355 host_ms=1.3067 err_el=0 err_q0=0 err_q1=0
GGML_OP_PROFILE op=mul_mat name=ffn_up-1 ne=17408x2048x1x1 type_src0=19 rows=2048 cols=5120 stream=0x5e82347b59d0 total_ms=1.2798 host_ms=1.3207 err_el=0 err_q0=0 err_q1=0
GGML_OP_PROFILE op=mul_mat name=ffn_out-1 ne=5120x2048x1x1 type_src0=22 rows=2048 cols=17408 stream=0x5e82347b59d0 total_ms=1.6597 host_ms=1.9394 err_el=0 err_q0=0 err_q1=0
GGML_OP_PROFILE op=mul_mat name=node_139 ne=10240x2048x1x1 type_src0=22 rows=2048 cols=5120 stream=0x5e82347b59d0 total_ms=0.9516 host_ms=1.0261 err_el=0 err_q0=0 err_q1=0
GGML_OP_PROFILE op=mul_mat name=node_160 ne=48x2048x1x1 type_src0=8 rows=2048 cols=5120 stream=0x5e82347b59d0 total_ms=0.0676 host_ms=0.3829 err_el=0 err_q0=0 err_q1=0
GGML_OP_PROFILE op=mul_mat name=node_166 ne=48x2048x1x1 type_src0=8 rows=2048 cols=5120 stream=0x5e82347b59d0 total_ms=0.0768 host_ms=0.1559 err_el=0 err_q0=0 err_q1=0
GGML_OP_PROFILE op=mul_mat name=z-2 ne=6144x2048x1x1 type_src0=22 rows=2048 cols=5120 stream=0x5e82347b59d0 total_ms=0.6236 host_ms=2.2010 err_el=0 err_q0=0 err_q1=0
GGML_OP_PROFILE op=mul_mat name=linear_attn_out-2 ne=5120x2048x1x1 type_src0=18 rows=2048 cols=6144 stream=0x5e82347b59d0 total_ms=0.4351 host_ms=0.5225 err_el=0 err_q0=0 err_q1=0
GGML_OP_PROFILE op=mul_mat name=ffn_gate-2 ne=17408x2048x1x1 type_src0=16 rows=2048 cols=5120 stream=0x5e82347b59d0 total_ms=1.3859 host_ms=1.4687 err_el=0 err_q0=0 err_q1=0
GGML_OP_PROFILE op=mul_mat name=ffn_up-2 ne=17408x2048x1x1 type_src0=16 rows=2048 cols=5120 stream=0x5e82347b59d0 total_ms=1.1060 host_ms=1.2256 err_el=0 err_q0=0 err_q1=0
GGML_OP_PROFILE op=mul_mat name=ffn_out-2 ne=5120x2048x1x1 type_src0=10 rows=2048 cols=17408 stream=0x5e82347b59d0 total_ms=1.9352 host_ms=2.2161 err_el=0 err_q0=0 err_q1=0
GGML_OP_PROFILE op=mul_mat name=Qcur_full-3 ne=12288x2048x1x1 type_src0=22 rows=2048 cols=5120 stream=0x5e82347b59d0 total_ms=1.1606 host_ms=1.2430 err_el=0 err_q0=0 err_q1=0
GGML_OP_PROFILE op=mul_mat name=Vcur-3 ne=1024x2048x1x1 type_src0=23 rows=2048 cols=5120 stream=0x5e82347b59d0 total_ms=0.1121 host_ms=0.2547 err_el=0 err_q0=0 err_q1=0
GGML_OP_PROFILE op=mul_mat name=Kcur-3 ne=1024x2048x1x1 type_src0=23 rows=2048 cols=5120 stream=0x5e82347b59d0 total_ms=0.1558 host_ms=0.2257 err_el=0 err_q0=0 err_q1=0
GGML_OP_PROFILE op=mul_mat name=attn_output-3 ne=5120x2048x1x1 type_src0=23 rows=2048 cols=6144 stream=0x5e82347b59d0 total_ms=0.3973 host_ms=1.6500 err_el=0 err_q0=0 err_q1=0
GGML_OP_PROFILE op=mul_mat name=ffn_gate-3 ne=17408x2048x1x1 type_src0=16 rows=2048 cols=5120 stream=0x5e82347b59d0 total_ms=1.0923 host_ms=1.1972 err_el=0 err_q0=0 err_q1=0
GGML_OP_PROFILE op=mul_mat name=ffn_up-3 ne=17408x2048x1x1 type_src0=16 rows=2048 cols=5120 stream=0x5e82347b59d0 total_ms=1.1544 host_ms=1.1955 err_el=0 err_q0=0 err_q1=0
GGML_OP_PROFILE op=mul_mat name=ffn_out-3 ne=5120x2048x1x1 type_src0=22 rows=2048 cols=17408 stream=0x5e82347b59d0 total_ms=1.6536 host_ms=1.9364 err_el=0 err_q0=0 err_q1=0
GGML_OP_PROFILE op=mul_mat name=node_241 ne=10240x2048x1x1 type_src0=16 rows=2048 cols=5120 stream=0x5e82347b59d0 total_ms=0.6799 host_ms=0.9279 err_el=0 err_q0=0 err_q1=0
GGML_OP_PROFILE op=mul_mat name=node_262 ne=48x2048x1x1 type_src0=8 rows=2048 cols=5120 stream=0x5e82347b59d0 total_ms=0.0676 host_ms=0.4031 err_el=0 err_q0=0 err_q1=0
GGML_OP_PROFILE op=mul_mat name=node_268 ne=48x2048x1x1 type_src0=8 rows=2048 cols=5120 stream=0x5e82347b59d0 total_ms=0.1379 host_ms=0.1795 err_el=0 err_q0=0 err_q1=0
GGML_OP_PROFILE op=mul_mat name=z-4 ne=6144x2048x1x1 type_src0=10 rows=2048 cols=5120 stream=0x5e82347b59d0 total_ms=0.7250 host_ms=2.3149 err_el=0 err_q0=0 err_q1=0
GGML_OP_PROFILE op=mul_mat name=linear_attn_out-4 ne=5120x2048x1x1 type_src0=10 rows=2048 cols=6144 stream=0x5e82347b59d0 total_ms=0.6812 host_ms=0.7628 err_el=0 err_q0=0 err_q1=0
GGML_OP_PROFILE op=mul_mat name=ffn_gate-4 ne=17408x2048x1x1 type_src0=16 rows=2048 cols=5120 stream=0x5e82347b59d0 total_ms=1.0936 host_ms=1.1809 err_el=0 err_q0=0 err_q1=0
GGML_OP_PROFILE op=mul_mat name=ffn_up-4 ne=17408x2048x1x1 type_src0=16 rows=2048 cols=5120 stream=0x5e82347b59d0 total_ms=1.1147 host_ms=1.1500 err_el=0 err_q0=0 err_q1=0
GGML_OP_PROFILE op=mul_mat name=ffn_out-4 ne=5120x2048x1x1 type_src0=16 rows=2048 cols=17408 stream=0x5e82347b59d0 total_ms=1.1911 host_ms=1.4660 err_el=0 err_q0=0 err_q1=0
GGML_OP_PROFILE op=mul_mat name=node_304 ne=10240x2048x1x1 type_src0=22 rows=2048 cols=5120 stream=0x5e82347b59d0 total_ms=0.9543 host_ms=1.0416 err_el=0 err_q0=0 err_q1=0
GGML_OP_PROFILE op=mul_mat name=node_325 ne=48x2048x1x1 type_src0=8 rows=2048 cols=5120 stream=0x5e82347b59d0 total_ms=0.0676 host_ms=0.4483 err_el=0 err_q0=0 err_q1=0
GGML_OP_PROFILE op=mul_mat name=node_331 ne=48x2048x1x1 type_src0=8 rows=2048 cols=5120 stream=0x5e82347b59d0 total_ms=0.0435 host_ms=0.0687 err_el=0 err_q0=0 err_q1=0
GGML_OP_PROFILE op=mul_mat name=z-5 ne=6144x2048x1x1 type_src0=10 rows=2048 cols=5120 stream=0x5e82347b59d0 total_ms=0.7239 host_ms=2.3476 err_el=0 err_q0=0 err_q1=0
GGML_OP_PROFILE op=mul_mat name=linear_attn_out-5 ne=5120x2048x1x1 type_src0=18 rows=2048 cols=6144 stream=0x5e82347b59d0 total_ms=0.4354 host_ms=0.5344 err_el=0 err_q0=0 err_q1=0
GGML_OP_PROFILE op=mul_mat name=ffn_gate-5 ne=17408x2048x1x1 type_src0=16 rows=2048 cols=5120 stream=0x5e82347b59d0 total_ms=1.0936 host_ms=1.1803 err_el=0 err_q0=0 err_q1=0
GGML_OP_PROFILE op=mul_mat name=ffn_up-5 ne=17408x2048x1x1 type_src0=22 rows=2048 cols=5120 stream=0x5e82347b59d0 total_ms=1.5586 host_ms=1.6888 err_el=0 err_q0=0 err_q1=0
GGML_OP_PROFILE op=mul_mat name=ffn_out-5 ne=5120x2048x1x1 type_src0=16 rows=2048 cols=17408 stream=0x5e82347b59d0 total_ms=1.1911 host_ms=1.4665 err_el=0 err_q0=0 err_q1=0
GGML_OP_PROFILE op=mul_mat name=node_367 ne=10240x2048x1x1 type_src0=22 rows=2048 cols=5120 stream=0x5e82347b59d0 total_ms=0.9544 host_ms=1.0406 err_el=0 err_q0=0 err_q1=0
GGML_OP_PROFILE op=mul_mat name=node_388 ne=48x2048x1x1 type_src0=8 rows=2048 cols=5120 stream=0x5e82347b59d0 total_ms=0.0676 host_ms=0.4478 err_el=0 err_q0=0 err_q1=0
GGML_OP_PROFILE op=mul_mat name=node_394 ne=48x2048x1x1 type_src0=8 rows=2048 cols=5120 stream=0x5e82347b59d0 total_ms=0.0447 host_ms=0.0699 err_el=0 err_q0=0 err_q1=0
GGML_OP_PROFILE op=mul_mat name=z-6 ne=6144x2048x1x1 type_src0=22 rows=2048 cols=5120 stream=0x5e82347b59d0 total_ms=0.6257 host_ms=2.2632 err_el=0 err_q0=0 err_q1=0
GGML_OP_PROFILE op=mul_mat name=linear_attn_out-6 ne=5120x2048x1x1 type_src0=10 rows=2048 cols=6144 stream=0x5e82347b59d0 total_ms=0.6873 host_ms=0.7751 err_el=0 err_q0=0 err_q1=0
GGML_OP_PROFILE op=mul_mat name=ffn_gate-6 ne=17408x2048x1x1 type_src0=16 rows=2048 cols=5120 stream=0x5e82347b59d0 total_ms=1.0895 host_ms=1.1782 err_el=0 err_q0=0 err_q1=0
GGML_OP_PROFILE op=mul_mat name=ffn_up-6 ne=17408x2048x1x1 type_src0=29 rows=2048 cols=5120 stream=0x5e82347b59d0 total_ms=1.5356 host_ms=1.5769 err_el=0 err_q0=0 err_q1=0
GGML_OP_PROFILE op=mul_mat name=ffn_out-6 ne=5120x2048x1x1 type_src0=16 rows=2048 cols=17408 stream=0x5e82347b59d0 total_ms=1.1949 host_ms=1.4812 err_el=0 err_q0=0 err_q1=0
GGML_OP_PROFILE op=mul_mat name=Qcur_full-7 ne=12288x2048x1x1 type_src0=22 rows=2048 cols=5120 stream=0x5e82347b59d0 total_ms=1.1653 host_ms=1.2575 err_el=0 err_q0=0 err_q1=0
GGML_OP_PROFILE op=mul_mat name=Vcur-7 ne=1024x2048x1x1 type_src0=23 rows=2048 cols=5120 stream=0x5e82347b59d0 total_ms=0.1124 host_ms=0.2310 err_el=0 err_q0=0 err_q1=0
GGML_OP_PROFILE op=mul_mat name=Kcur-7 ne=1024x2048x1x1 type_src0=18 rows=2048 cols=5120 stream=0x5e82347b59d0 total_ms=0.1045 host_ms=0.1449 err_el=0 err_q0=0 err_q1=0
GGML_OP_PROFILE op=mul_mat name=attn_output-7 ne=5120x2048x1x1 type_src0=10 rows=2048 cols=6144 stream=0x5e82347b59d0 total_ms=0.6861 host_ms=2.0182 err_el=0 err_q0=0 err_q1=0
GGML_OP_PROFILE op=mul_mat name=ffn_gate-7 ne=17408x2048x1x1 type_src0=16 rows=2048 cols=5120 stream=0x5e82347b59d0 total_ms=1.1018 host_ms=1.1925 err_el=0 err_q0=0 err_q1=0
GGML_OP_PROFILE op=mul_mat name=ffn_up-7 ne=17408x2048x1x1 type_src0=16 rows=2048 cols=5120 stream=0x5e82347b59d0 total_ms=1.1272 host_ms=1.1657 err_el=0 err_q0=0 err_q1=0
GGML_OP_PROFILE op=mul_mat name=ffn_out-7 ne=5120x2048x1x1 type_src0=17 rows=2048 cols=17408 stream=0x5e82347b59d0 total_ms=1.6843 host_ms=1.9630 err_el=0 err_q0=0 err_q1=0
GGML_OP_PROFILE op=mul_mat name=node_469 ne=10240x2048x1x1 type_src0=19 rows=2048 cols=5120 stream=0x5e82347b59d0 total_ms=0.7537 host_ms=0.8491 err_el=0 err_q0=0 err_q1=0
GGML_OP_PROFILE op=mul_mat name=node_490 ne=48x2048x1x1 type_src0=8 rows=2048 cols=5120 stream=0x5e82347b59d0 total_ms=0.0676 host_ms=0.4435 err_el=0 err_q0=0 err_q1=0
GGML_OP_PROFILE op=mul_mat name=node_496 ne=48x2048x1x1 type_src0=8 rows=2048 cols=5120 stream=0x5e82347b59d0 total_ms=0.0489 host_ms=0.0750 err_el=0 err_q0=0 err_q1=0
GGML_OP_PROFILE op=mul_mat name=z-8 ne=6144x2048x1x1 type_src0=22 rows=2048 cols=5120 stream=0x5e82347b59d0 total_ms=0.8899 host_ms=2.7003 err_el=0 err_q0=0 err_q1=0
GGML_OP_PROFILE op=mul_mat name=linear_attn_out-8 ne=5120x2048x1x1 type_src0=10 rows=2048 cols=6144 stream=0x5e82347b59d0 total_ms=0.6933 host_ms=0.7864 err_el=0 err_q0=0 err_q1=0
GGML_OP_PROFILE op=mul_mat name=ffn_gate-8 ne=17408x2048x1x1 type_src0=16 rows=2048 cols=5120 stream=0x5e82347b59d0 total_ms=1.1025 host_ms=1.1791 err_el=0 err_q0=0 err_q1=0
GGML_OP_PROFILE op=mul_mat name=ffn_up-8 ne=17408x2048x1x1 type_src0=16 rows=2048 cols=5120 stream=0x5e82347b59d0 total_ms=1.1905 host_ms=1.2345 err_el=0 err_q0=0 err_q1=0
GGML_OP_PROFILE op=mul_mat name=ffn_out-8 ne=5120x2048x1x1 type_src0=19 rows=2048 cols=17408 stream=0x5e82347b59d0 total_ms=1.3238 host_ms=1.5951 err_el=0 err_q0=0 err_q1=0
GGML_OP_PROFILE op=mul_mat name=node_532 ne=10240x2048x1x1 type_src0=19 rows=2048 cols=5120 stream=0x5e82347b59d0 total_ms=0.8049 host_ms=0.8790 err_el=0 err_q0=0 err_q1=0
GGML_OP_PROFILE op=mul_mat name=node_553 ne=48x2048x1x1 type_src0=8 rows=2048 cols=5120 stream=0x5e82347b59d0 total_ms=0.0696 host_ms=0.4375 err_el=0 err_q0=0 err_q1=0
GGML_OP_PROFILE op=mul_mat name=node_559 ne=48x2048x1x1 type_src0=8 rows=2048 cols=5120 stream=0x5e82347b59d0 total_ms=0.1791 host_ms=0.2394 err_el=0 err_q0=0 err_q1=0
GGML_OP_PROFILE op=mul_mat name=z-9 ne=6144x2048x1x1 type_src0=16 rows=2048 cols=5120 stream=0x5e82347b59d0 total_ms=0.4516 host_ms=2.0700 err_el=0 err_q0=0 err_q1=0
GGML_OP_PROFILE op=mul_mat name=linear_attn_out-9 ne=5120x2048x1x1 type_src0=10 rows=2048 cols=6144 stream=0x5e82347b59d0 total_ms=0.6931 host_ms=0.7823 err_el=0 err_q0=0 err_q1=0
GGML_OP_PROFILE op=mul_mat name=ffn_gate-9 ne=17408x2048x1x1 type_src0=29 rows=2048 cols=5120 stream=0x5e82347b59d0 total_ms=1.7784 host_ms=1.8580 err_el=0 err_q0=0 err_q1=0
GGML_OP_PROFILE op=mul_mat name=ffn_up-9 ne=17408x2048x1x1 type_src0=19 rows=2048 cols=5120 stream=0x5e82347b59d0 total_ms=1.2369 host_ms=1.2770 err_el=0 err_q0=0 err_q1=0
GGML_OP_PROFILE op=mul_mat name=ffn_out-9 ne=5120x2048x1x1 type_src0=29 rows=2048 cols=17408 stream=0x5e82347b59d0 total_ms=1.3816 host_ms=1.6639 err_el=0 err_q0=0 err_q1=0
GGML_OP_PROFILE op=mul_mat name=node_595 ne=10240x2048x1x1 type_src0=22 rows=2048 cols=5120 stream=0x5e82347b59d0 total_ms=0.9625 host_ms=1.0471 err_el=0 err_q0=0 err_q1=0
GGML_OP_PROFILE op=mul_mat name=node_616 ne=48x2048x1x1 type_src0=8 rows=2048 cols=5120 stream=0x5e82347b59d0 total_ms=0.0676 host_ms=0.4463 err_el=0 err_q0=0 err_q1=0
GGML_OP_PROFILE op=mul_mat name=node_622 ne=48x2048x1x1 type_src0=8 rows=2048 cols=5120 stream=0x5e82347b59d0 total_ms=0.0537 host_ms=0.0756 err_el=0 err_q0=0 err_q1=0
GGML_OP_PROFILE op=mul_mat name=z-10 ne=6144x2048x1x1 type_src0=16 rows=2048 cols=5120 stream=0x5e82347b59d0 total_ms=0.4495 host_ms=2.0844 err_el=0 err_q0=0 err_q1=0
GGML_OP_PROFILE op=mul_mat name=linear_attn_out-10 ne=5120x2048x1x1 type_src0=10 rows=2048 cols=6144 stream=0x5e82347b59d0 total_ms=0.6914 host_ms=0.7752 err_el=0 err_q0=0 err_q1=0
GGML_OP_PROFILE op=mul_mat name=ffn_gate-10 ne=17408x2048x1x1 type_src0=29 rows=2048 cols=5120 stream=0x5e82347b59d0 total_ms=1.5317 host_ms=1.6211 err_el=0 err_q0=0 err_q1=0
GGML_OP_PROFILE op=mul_mat name=ffn_up-10 ne=17408x2048x1x1 type_src0=19 rows=2048 cols=5120 stream=0x5e82347b59d0 total_ms=1.2348 host_ms=1.2722 err_el=0 err_q0=0 err_q1=0
GGML_OP_PROFILE op=mul_mat name=ffn_out-10 ne=5120x2048x1x1 type_src0=29 rows=2048 cols=17408 stream=0x5e82347b59d0 total_ms=1.3812 host_ms=1.6582 err_el=0 err_q0=0 err_q1=0
GGML_OP_PROFILE op=mul_mat name=Qcur_full-11 ne=12288x2048x1x1 type_src0=22 rows=2048 cols=5120 stream=0x5e82347b59d0 total_ms=1.1674 host_ms=1.3349 err_el=0 err_q0=0 err_q1=0
GGML_OP_PROFILE op=mul_mat name=Vcur-11 ne=1024x2048x1x1 type_src0=23 rows=2048 cols=5120 stream=0x5e82347b59d0 total_ms=0.1126 host_ms=0.2354 err_el=0 err_q0=0 err_q1=0
GGML_OP_PROFILE op=mul_mat name=Kcur-11 ne=1024x2048x1x1 type_src0=18 rows=2048 cols=5120 stream=0x5e82347b59d0 total_ms=0.1126 host_ms=0.1477 err_el=0 err_q0=0 err_q1=0
GGML_OP_PROFILE op=mul_mat name=attn_output-11 ne=5120x2048x1x1 type_src0=10 rows=2048 cols=6144 stream=0x5e82347b59d0 total_ms=0.6881 host_ms=2.0189 err_el=0 err_q0=0 err_q1=0
GGML_OP_PROFILE op=mul_mat name=ffn_gate-11 ne=17408x2048x1x1 type_src0=19 rows=2048 cols=5120 stream=0x5e82347b59d0 total_ms=1.2130 host_ms=1.3076 err_el=0 err_q0=0 err_q1=0
GGML_OP_PROFILE op=mul_mat name=ffn_up-11 ne=17408x2048x1x1 type_src0=19 rows=2048 cols=5120 stream=0x5e82347b59d0 total_ms=1.2368 host_ms=1.2764 err_el=0 err_q0=0 err_q1=0
GGML_OP_PROFILE op=mul_mat name=ffn_out-11 ne=5120x2048x1x1 type_src0=19 rows=2048 cols=17408 stream=0x5e82347b59d0 total_ms=1.3263 host_ms=1.6152 err_el=0 err_q0=0 err_q1=0
GGML_OP_PROFILE op=mul_mat name=node_697 ne=10240x2048x1x1 type_src0=19 rows=2048 cols=5120 stream=0x5e82347b59d0 total_ms=0.7536 host_ms=0.8530 err_el=0 err_q0=0 err_q1=0
GGML_OP_PROFILE op=mul_mat name=node_718 ne=48x2048x1x1 type_src0=8 rows=2048 cols=5120 stream=0x5e82347b59d0 total_ms=0.0696 host_ms=0.4495 err_el=0 err_q0=0 err_q1=0
GGML_OP_PROFILE op=mul_mat name=node_724 ne=48x2048x1x1 type_src0=8 rows=2048 cols=5120 stream=0x5e82347b59d0 total_ms=0.0447 host_ms=0.0704 err_el=0 err_q0=0 err_q1=0
GGML_OP_PROFILE op=mul_mat name=z-12 ne=6144x2048x1x1 type_src0=22 rows=2048 cols=5120 stream=0x5e82347b59d0 total_ms=0.6297 host_ms=2.2739 err_el=0 err_q0=0 err_q1=0
GGML_OP_PROFILE op=mul_mat name=linear_attn_out-12 ne=5120x2048x1x1 type_src0=22 rows=2048 cols=6144 stream=0x5e82347b59d0 total_ms=0.5873 host_ms=0.6797 err_el=0 err_q0=0 err_q1=0
GGML_OP_PROFILE op=mul_mat name=ffn_gate-12 ne=17408x2048x1x1 type_src0=29 rows=2048 cols=5120 stream=0x5e82347b59d0 total_ms=1.5296 host_ms=1.6264 err_el=0 err_q0=0 err_q1=0
GGML_OP_PROFILE op=mul_mat name=ffn_up-12 ne=17408x2048x1x1 type_src0=19 rows=2048 cols=5120 stream=0x5e82347b59d0 total_ms=1.2451 host_ms=1.2860 err_el=0 err_q0=0 err_q1=0
GGML_OP_PROFILE op=mul_mat name=ffn_out-12 ne=5120x2048x1x1 type_src0=19 rows=2048 cols=17408 stream=0x5e82347b59d0 total_ms=1.3238 host_ms=1.5987 err_el=0 err_q0=0 err_q1=0
GGML_OP_PROFILE op=mul_mat name=node_760 ne=10240x2048x1x1 type_src0=19 rows=2048 cols=5120 stream=0x5e82347b59d0 total_ms=0.7577 host_ms=0.8471 err_el=0 err_q0=0 err_q1=0
GGML_OP_PROFILE op=mul_mat name=node_781 ne=48x2048x1x1 type_src0=8 rows=2048 cols=5120 stream=0x5e82347b59d0 total_ms=0.0676 host_ms=0.4397 err_el=0 err_q0=0 err_q1=0
GGML_OP_PROFILE op=mul_mat name=node_787 ne=48x2048x1x1 type_src0=8 rows=2048 cols=5120 stream=0x5e82347b59d0 total_ms=0.0555 host_ms=0.0754 err_el=0 err_q0=0 err_q1=0
GGML_OP_PROFILE op=mul_mat name=z-13 ne=6144x2048x1x1 type_src0=16 rows=2048 cols=5120 stream=0x5e82347b59d0 total_ms=0.4516 host_ms=2.0870 err_el=0 err_q0=0 err_q1=0
GGML_OP_PROFILE op=mul_mat name=linear_attn_out-13 ne=5120x2048x1x1 type_src0=22 rows=2048 cols=6144 stream=0x5e82347b59d0 total_ms=0.5910 host_ms=0.6784 err_el=0 err_q0=0 err_q1=0
GGML_OP_PROFILE op=mul_mat name=ffn_gate-13 ne=17408x2048x1x1 type_src0=19 rows=2048 cols=5120 stream=0x5e82347b59d0 total_ms=1.2124 host_ms=1.3002 err_el=0 err_q0=0 err_q1=0
GGML_OP_PROFILE op=mul_mat name=ffn_up-13 ne=17408x2048x1x1 type_src0=19 rows=2048 cols=5120 stream=0x5e82347b59d0 total_ms=1.2392 host_ms=1.2805 err_el=0 err_q0=0 err_q1=0
GGML_OP_PROFILE op=mul_mat name=ffn_out-13 ne=5120x2048x1x1 type_src0=19 rows=2048 cols=17408 stream=0x5e82347b59d0 total_ms=1.6619 host_ms=1.9433 err_el=0 err_q0=0 err_q1=0
GGML_OP_PROFILE op=mul_mat name=node_823 ne=10240x2048x1x1 type_src0=17 rows=2048 cols=5120 stream=0x5e82347b59d0 total_ms=1.0365 host_ms=1.1027 err_el=0 err_q0=0 err_q1=0
GGML_OP_PROFILE op=mul_mat name=node_844 ne=48x2048x1x1 type_src0=8 rows=2048 cols=5120 stream=0x5e82347b59d0 total_ms=0.0676 host_ms=0.4057 err_el=0 err_q0=0 err_q1=0
GGML_OP_PROFILE op=mul_mat name=node_850 ne=48x2048x1x1 type_src0=8 rows=2048 cols=5120 stream=0x5e82347b59d0 total_ms=0.1636 host_ms=0.2309 err_el=0 err_q0=0 err_q1=0
GGML_OP_PROFILE op=mul_mat name=z-14 ne=6144x2048x1x1 type_src0=19 rows=2048 cols=5120 stream=0x5e82347b59d0 total_ms=0.4966 host_ms=2.2010 err_el=0 err_q0=0 err_q1=0
GGML_OP_PROFILE op=mul_mat name=linear_attn_out-14 ne=5120x2048x1x1 type_src0=22 rows=2048 cols=6144 stream=0x5e82347b59d0 total_ms=0.5910 host_ms=0.6791 err_el=0 err_q0=0 err_q1=0
GGML_OP_PROFILE op=mul_mat name=ffn_gate-14 ne=17408x2048x1x1 type_src0=19 rows=2048 cols=5120 stream=0x5e82347b59d0 total_ms=1.2139 host_ms=1.3287 err_el=0 err_q0=0 err_q1=0
GGML_OP_PROFILE op=mul_mat name=ffn_up-14 ne=17408x2048x1x1 type_src0=19 rows=2048 cols=5120 stream=0x5e82347b59d0 total_ms=1.3001 host_ms=1.3433 err_el=0 err_q0=0 err_q1=0
GGML_OP_PROFILE op=mul_mat name=ffn_out-14 ne=5120x2048x1x1 type_src0=19 rows=2048 cols=17408 stream=0x5e82347b59d0 total_ms=1.3239 host_ms=1.6064 err_el=0 err_q0=0 err_q1=0
GGML_OP_PROFILE op=mul_mat name=Qcur_full-15 ne=12288x2048x1x1 type_src0=22 rows=2048 cols=5120 stream=0x5e82347b59d0 total_ms=1.1763 host_ms=1.2519 err_el=0 err_q0=0 err_q1=0
GGML_OP_PROFILE op=mul_mat name=Vcur-15 ne=1024x2048x1x1 type_src0=23 rows=2048 cols=5120 stream=0x5e82347b59d0 total_ms=0.1124 host_ms=0.2236 err_el=0 err_q0=0 err_q1=0
GGML_OP_PROFILE op=mul_mat name=Kcur-15 ne=1024x2048x1x1 type_src0=18 rows=2048 cols=5120 stream=0x5e82347b59d0 total_ms=0.1617 host_ms=0.2314 err_el=0 err_q0=0 err_q1=0
GGML_OP_PROFILE op=mul_mat name=attn_output-15 ne=5120x2048x1x1 type_src0=29 rows=2048 cols=6144 stream=0x5e82347b59d0 total_ms=0.5202 host_ms=1.9096 err_el=0 err_q0=0 err_q1=0
GGML_OP_PROFILE op=mul_mat name=ffn_gate-15 ne=17408x2048x1x1 type_src0=19 rows=2048 cols=5120 stream=0x5e82347b59d0 total_ms=1.2160 host_ms=1.2999 err_el=0 err_q0=0 err_q1=0
GGML_OP_PROFILE op=mul_mat name=ffn_up-15 ne=17408x2048x1x1 type_src0=19 rows=2048 cols=5120 stream=0x5e82347b59d0 total_ms=1.3075 host_ms=1.3507 err_el=0 err_q0=0 err_q1=0
GGML_OP_PROFILE op=mul_mat name=ffn_out-15 ne=5120x2048x1x1 type_src0=19 rows=2048 cols=17408 stream=0x5e82347b59d0 total_ms=1.3300 host_ms=1.6083 err_el=0 err_q0=0 err_q1=0
GGML_OP_PROFILE op=mul_mat name=node_925 ne=10240x2048x1x1 type_src0=10 rows=2048 cols=5120 stream=0x5e82347b59d0 total_ms=1.1849 host_ms=1.2610 err_el=0 err_q0=0 err_q1=0
GGML_OP_PROFILE op=mul_mat name=node_946 ne=48x2048x1x1 type_src0=8 rows=2048 cols=5120 stream=0x5e82347b59d0 total_ms=0.0676 host_ms=0.4245 err_el=0 err_q0=0 err_q1=0
GGML_OP_PROFILE op=mul_mat name=node_952 ne=48x2048x1x1 type_src0=8 rows=2048 cols=5120 stream=0x5e82347b59d0 total_ms=0.2091 host_ms=0.2474 err_el=0 err_q0=0 err_q1=0
GGML_OP_PROFILE op=mul_mat name=z-16 ne=6144x2048x1x1 type_src0=16 rows=2048 cols=5120 stream=0x5e82347b59d0 total_ms=0.4516 host_ms=2.0931 err_el=0 err_q0=0 err_q1=0
GGML_OP_PROFILE op=mul_mat name=linear_attn_out-16 ne=5120x2048x1x1 type_src0=16 rows=2048 cols=6144 stream=0x5e82347b59d0 total_ms=0.4190 host_ms=0.5065 err_el=0 err_q0=0 err_q1=0
GGML_OP_PROFILE op=mul_mat name=ffn_gate-16 ne=17408x2048x1x1 type_src0=19 rows=2048 cols=5120 stream=0x5e82347b59d0 total_ms=1.2142 host_ms=1.3014 err_el=0 err_q0=0 err_q1=0
GGML_OP_PROFILE op=mul_mat name=ffn_up-16 ne=17408x2048x1x1 type_src0=19 rows=2048 cols=5120 stream=0x5e82347b59d0 total_ms=1.6061 host_ms=1.6516 err_el=0 err_q0=0 err_q1=0
GGML_OP_PROFILE op=mul_mat name=ffn_out-16 ne=5120x2048x1x1 type_src0=29 rows=2048 cols=17408 stream=0x5e82347b59d0 total_ms=1.3836 host_ms=1.6615 err_el=0 err_q0=0 err_q1=0
GGML_OP_PROFILE op=mul_mat name=node_988 ne=10240x2048x1x1 type_src0=22 rows=2048 cols=5120 stream=0x5e82347b59d0 total_ms=1.0459 host_ms=1.1001 err_el=0 err_q0=0 err_q1=0
GGML_OP_PROFILE op=mul_mat name=node_1009 ne=48x2048x1x1 type_src0=8 rows=2048 cols=5120 stream=0x5e82347b59d0 total_ms=0.0676 host_ms=0.4394 err_el=0 err_q0=0 err_q1=0
GGML_OP_PROFILE op=mul_mat name=node_1015 ne=48x2048x1x1 type_src0=8 rows=2048 cols=5120 stream=0x5e82347b59d0 total_ms=0.1095 host_ms=0.1623 err_el=0 err_q0=0 err_q1=0
GGML_OP_PROFILE op=mul_mat name=z-17 ne=6144x2048x1x1 type_src0=29 rows=2048 cols=5120 stream=0x5e82347b59d0 total_ms=0.5888 host_ms=2.2160 err_el=0 err_q0=0 err_q1=0
GGML_OP_PROFILE op=mul_mat name=linear_attn_out-17 ne=5120x2048x1x1 type_src0=10 rows=2048 cols=6144 stream=0x5e82347b59d0 total_ms=0.6955 host_ms=0.7821 err_el=0 err_q0=0 err_q1=0
GGML_OP_PROFILE op=mul_mat name=ffn_gate-17 ne=17408x2048x1x1 type_src0=19 rows=2048 cols=5120 stream=0x5e82347b59d0 total_ms=1.2145 host_ms=1.3932 err_el=0 err_q0=0 err_q1=0
GGML_OP_PROFILE op=mul_mat name=ffn_up-17 ne=17408x2048x1x1 type_src0=19 rows=2048 cols=5120 stream=0x5e82347b59d0 total_ms=1.3126 host_ms=1.3976 err_el=0 err_q0=0 err_q1=0
GGML_OP_PROFILE op=mul_mat name=ffn_out-17 ne=5120x2048x1x1 type_src0=19 rows=2048 cols=17408 stream=0x5e82347b59d0 total_ms=1.3260 host_ms=1.6074 err_el=0 err_q0=0 err_q1=0
GGML_OP_PROFILE op=mul_mat name=node_1051 ne=10240x2048x1x1 type_src0=17 rows=2048 cols=5120 stream=0x5e82347b59d0 total_ms=0.9789 host_ms=1.0644 err_el=0 err_q0=0 err_q1=0
GGML_OP_PROFILE op=mul_mat name=node_1072 ne=48x2048x1x1 type_src0=8 rows=2048 cols=5120 stream=0x5e82347b59d0 total_ms=0.0676 host_ms=0.4205 err_el=0 err_q0=0 err_q1=0
GGML_OP_PROFILE op=mul_mat name=node_1078 ne=48x2048x1x1 type_src0=8 rows=2048 cols=5120 stream=0x5e82347b59d0 total_ms=0.1712 host_ms=0.1930 err_el=0 err_q0=0 err_q1=0
GGML_OP_PROFILE op=mul_mat name=z-18 ne=6144x2048x1x1 type_src0=17 rows=2048 cols=5120 stream=0x5e82347b59d0 total_ms=0.6380 host_ms=2.2794 err_el=0 err_q0=0 err_q1=0
GGML_OP_PROFILE op=mul_mat name=linear_attn_out-18 ne=5120x2048x1x1 type_src0=22 rows=2048 cols=6144 stream=0x5e82347b59d0 total_ms=0.5890 host_ms=0.6797 err_el=0 err_q0=0 err_q1=0
GGML_OP_PROFILE op=mul_mat name=ffn_gate-18 ne=17408x2048x1x1 type_src0=19 rows=2048 cols=5120 stream=0x5e82347b59d0 total_ms=1.2139 host_ms=1.2939 err_el=0 err_q0=0 err_q1=0
GGML_OP_PROFILE op=mul_mat name=ffn_up-18 ne=17408x2048x1x1 type_src0=29 rows=2048 cols=5120 stream=0x5e82347b59d0 total_ms=1.5338 host_ms=1.5801 err_el=0 err_q0=0 err_q1=0
GGML_OP_PROFILE op=mul_mat name=ffn_out-18 ne=5120x2048x1x1 type_src0=16 rows=2048 cols=17408 stream=0x5e82347b59d0 total_ms=1.2054 host_ms=1.4962 err_el=0 err_q0=0 err_q1=0
GGML_OP_PROFILE op=mul_mat name=Qcur_full-19 ne=12288x2048x1x1 type_src0=29 rows=2048 cols=5120 stream=0x5e82347b59d0 total_ms=1.1012 host_ms=1.1840 err_el=0 err_q0=0 err_q1=0
GGML_OP_PROFILE op=mul_mat name=Vcur-19 ne=1024x2048x1x1 type_src0=23 rows=2048 cols=5120 stream=0x5e82347b59d0 total_ms=0.1121 host_ms=0.2569 err_el=0 err_q0=0 err_q1=0
GGML_OP_PROFILE op=mul_mat name=Kcur-19 ne=1024x2048x1x1 type_src0=23 rows=2048 cols=5120 stream=0x5e82347b59d0 total_ms=0.1565 host_ms=0.2233 err_el=0 err_q0=0 err_q1=0
GGML_OP_PROFILE op=mul_mat name=attn_output-19 ne=5120x2048x1x1 type_src0=18 rows=2048 cols=6144 stream=0x5e82347b59d0 total_ms=0.4403 host_ms=1.9660 err_el=0 err_q0=0 err_q1=0
GGML_OP_PROFILE op=mul_mat name=ffn_gate-19 ne=17408x2048x1x1 type_src0=29 rows=2048 cols=5120 stream=0x5e82347b59d0 total_ms=1.5398 host_ms=1.6224 err_el=0 err_q0=0 err_q1=0
GGML_OP_PROFILE op=mul_mat name=ffn_up-19 ne=17408x2048x1x1 type_src0=19 rows=2048 cols=5120 stream=0x5e82347b59d0 total_ms=1.3351 host_ms=1.3761 err_el=0 err_q0=0 err_q1=0
GGML_OP_PROFILE op=mul_mat name=ffn_out-19 ne=5120x2048x1x1 type_src0=16 rows=2048 cols=17408 stream=0x5e82347b59d0 total_ms=1.2109 host_ms=1.5246 err_el=0 err_q0=0 err_q1=0
GGML_OP_PROFILE op=mul_mat name=node_1153 ne=10240x2048x1x1 type_src0=10 rows=2048 cols=5120 stream=0x5e82347b59d0 total_ms=1.2073 host_ms=1.2814 err_el=0 err_q0=0 err_q1=0
GGML_OP_PROFILE op=mul_mat name=node_1174 ne=48x2048x1x1 type_src0=8 rows=2048 cols=5120 stream=0x5e82347b59d0 total_ms=0.0676 host_ms=0.4108 err_el=0 err_q0=0 err_q1=0
GGML_OP_PROFILE op=mul_mat name=node_1180 ne=48x2048x1x1 type_src0=8 rows=2048 cols=5120 stream=0x5e82347b59d0 total_ms=0.1700 host_ms=0.1967 err_el=0 err_q0=0 err_q1=0
GGML_OP_PROFILE op=mul_mat name=z-20 ne=6144x2048x1x1 type_src0=22 rows=2048 cols=5120 stream=0x5e82347b59d0 total_ms=0.6308 host_ms=2.2729 err_el=0 err_q0=0 err_q1=0
GGML_OP_PROFILE op=mul_mat name=linear_attn_out-20 ne=5120x2048x1x1 type_src0=10 rows=2048 cols=6144 stream=0x5e82347b59d0 total_ms=0.6944 host_ms=0.7816 err_el=0 err_q0=0 err_q1=0
GGML_OP_PROFILE op=mul_mat name=ffn_gate-20 ne=17408x2048x1x1 type_src0=22 rows=2048 cols=5120 stream=0x5e82347b59d0 total_ms=1.8486 host_ms=1.9228 err_el=0 err_q0=0 err_q1=0
GGML_OP_PROFILE op=mul_mat name=ffn_up-20 ne=17408x2048x1x1 type_src0=10 rows=2048 cols=5120 stream=0x5e82347b59d0 total_ms=1.8975 host_ms=1.9773 err_el=0 err_q0=0 err_q1=0
GGML_OP_PROFILE op=mul_mat name=ffn_out-20 ne=5120x2048x1x1 type_src0=10 rows=2048 cols=17408 stream=0x5e82347b59d0 total_ms=1.9458 host_ms=2.2279 err_el=0 err_q0=0 err_q1=0
GGML_OP_PROFILE op=mul_mat name=node_1216 ne=10240x2048x1x1 type_src0=22 rows=2048 cols=5120 stream=0x5e82347b59d0 total_ms=0.9701 host_ms=1.0539 err_el=0 err_q0=0 err_q1=0
GGML_OP_PROFILE op=mul_mat name=node_1237 ne=48x2048x1x1 type_src0=8 rows=2048 cols=5120 stream=0x5e82347b59d0 total_ms=0.0696 host_ms=0.4061 err_el=0 err_q0=0 err_q1=0
GGML_OP_PROFILE op=mul_mat name=node_1243 ne=48x2048x1x1 type_src0=8 rows=2048 cols=5120 stream=0x5e82347b59d0 total_ms=0.1078 host_ms=0.1659 err_el=0 err_q0=0 err_q1=0
GGML_OP_PROFILE op=mul_mat name=z-21 ne=6144x2048x1x1 type_src0=10 rows=2048 cols=5120 stream=0x5e82347b59d0 total_ms=0.7321 host_ms=2.4070 err_el=0 err_q0=0 err_q1=0
GGML_OP_PROFILE op=mul_mat name=linear_attn_out-21 ne=5120x2048x1x1 type_src0=10 rows=2048 cols=6144 stream=0x5e82347b59d0 total_ms=0.6869 host_ms=0.7640 err_el=0 err_q0=0 err_q1=0
GGML_OP_PROFILE op=mul_mat name=ffn_gate-21 ne=17408x2048x1x1 type_src0=22 rows=2048 cols=5120 stream=0x5e82347b59d0 total_ms=1.5580 host_ms=1.6709 err_el=0 err_q0=0 err_q1=0
GGML_OP_PROFILE op=mul_mat name=ffn_up-21 ne=17408x2048x1x1 type_src0=10 rows=2048 cols=5120 stream=0x5e82347b59d0 total_ms=2.2003 host_ms=2.2467 err_el=0 err_q0=0 err_q1=0
GGML_OP_PROFILE op=mul_mat name=ffn_out-21 ne=5120x2048x1x1 type_src0=22 rows=2048 cols=17408 stream=0x5e82347b59d0 total_ms=1.6724 host_ms=1.9572 err_el=0 err_q0=0 err_q1=0
GGML_OP_PROFILE op=mul_mat name=node_1279 ne=10240x2048x1x1 type_src0=22 rows=2048 cols=5120 stream=0x5e82347b59d0 total_ms=0.9673 host_ms=1.0398 err_el=0 err_q0=0 err_q1=0
GGML_OP_PROFILE op=mul_mat name=node_1300 ne=48x2048x1x1 type_src0=8 rows=2048 cols=5120 stream=0x5e82347b59d0 total_ms=0.0676 host_ms=0.4351 err_el=0 err_q0=0 err_q1=0
GGML_OP_PROFILE op=mul_mat name=node_1306 ne=48x2048x1x1 type_src0=8 rows=2048 cols=5120 stream=0x5e82347b59d0 total_ms=0.0465 host_ms=0.0732 err_el=0 err_q0=0 err_q1=0
GGML_OP_PROFILE op=mul_mat name=z-22 ne=6144x2048x1x1 type_src0=22 rows=2048 cols=5120 stream=0x5e82347b59d0 total_ms=0.6297 host_ms=2.2744 err_el=0 err_q0=0 err_q1=0
GGML_OP_PROFILE op=mul_mat name=linear_attn_out-22 ne=5120x2048x1x1 type_src0=10 rows=2048 cols=6144 stream=0x5e82347b59d0 total_ms=0.6914 host_ms=0.7752 err_el=0 err_q0=0 err_q1=0
GGML_OP_PROFILE op=mul_mat name=ffn_gate-22 ne=17408x2048x1x1 type_src0=22 rows=2048 cols=5120 stream=0x5e82347b59d0 total_ms=1.5839 host_ms=1.6687 err_el=0 err_q0=0 err_q1=0
GGML_OP_PROFILE op=mul_mat name=ffn_up-22 ne=17408x2048x1x1 type_src0=10 rows=2048 cols=5120 stream=0x5e82347b59d0 total_ms=1.8677 host_ms=1.9496 err_el=0 err_q0=0 err_q1=0
GGML_OP_PROFILE op=mul_mat name=ffn_out-22 ne=5120x2048x1x1 type_src0=10 rows=2048 cols=17408 stream=0x5e82347b59d0 total_ms=1.9499 host_ms=2.2863 err_el=0 err_q0=0 err_q1=0
GGML_OP_PROFILE op=mul_mat name=Qcur_full-23 ne=12288x2048x1x1 type_src0=18 rows=2048 cols=5120 stream=0x5e82347b59d0 total_ms=0.8684 host_ms=1.0406 err_el=0 err_q0=0 err_q1=0
GGML_OP_PROFILE op=mul_mat name=Vcur-23 ne=1024x2048x1x1 type_src0=12 rows=2048 cols=5120 stream=0x5e82347b59d0 total_ms=0.1209 host_ms=0.2462 err_el=0 err_q0=0 err_q1=0
GGML_OP_PROFILE op=mul_mat name=Kcur-23 ne=1024x2048x1x1 type_src0=18 rows=2048 cols=5120 stream=0x5e82347b59d0 total_ms=0.1561 host_ms=0.2041 err_el=0 err_q0=0 err_q1=0
GGML_OP_PROFILE op=mul_mat name=attn_output-23 ne=5120x2048x1x1 type_src0=18 rows=2048 cols=6144 stream=0x5e82347b59d0 total_ms=0.4382 host_ms=1.8572 err_el=0 err_q0=0 err_q1=0
GGML_OP_PROFILE op=mul_mat name=ffn_gate-23 ne=17408x2048x1x1 type_src0=22 rows=2048 cols=5120 stream=0x5e82347b59d0 total_ms=1.5636 host_ms=1.6516 err_el=0 err_q0=0 err_q1=0
GGML_OP_PROFILE op=mul_mat name=ffn_up-23 ne=17408x2048x1x1 type_src0=22 rows=2048 cols=5120 stream=0x5e82347b59d0 total_ms=1.5855 host_ms=1.6235 err_el=0 err_q0=0 err_q1=0
GGML_OP_PROFILE op=mul_mat name=ffn_out-23 ne=5120x2048x1x1 type_src0=10 rows=2048 cols=17408 stream=0x5e82347b59d0 total_ms=1.9560 host_ms=2.2336 err_el=0 err_q0=0 err_q1=0
GGML_OP_PROFILE op=mul_mat name=node_1381 ne=10240x2048x1x1 type_src0=22 rows=2048 cols=5120 stream=0x5e82347b59d0 total_ms=0.9708 host_ms=1.0576 err_el=0 err_q0=0 err_q1=0
GGML_OP_PROFILE op=mul_mat name=node_1402 ne=48x2048x1x1 type_src0=8 rows=2048 cols=5120 stream=0x5e82347b59d0 total_ms=0.0676 host_ms=0.4437 err_el=0 err_q0=0 err_q1=0
GGML_OP_PROFILE op=mul_mat name=node_1408 ne=48x2048x1x1 type_src0=8 rows=2048 cols=5120 stream=0x5e82347b59d0 total_ms=0.0454 host_ms=0.0705 err_el=0 err_q0=0 err_q1=0
GGML_OP_PROFILE op=mul_mat name=z-24 ne=6144x2048x1x1 type_src0=10 rows=2048 cols=5120 stream=0x5e82347b59d0 total_ms=0.7332 host_ms=2.5934 err_el=0 err_q0=0 err_q1=0
GGML_OP_PROFILE op=mul_mat name=linear_attn_out-24 ne=5120x2048x1x1 type_src0=22 rows=2048 cols=6144 stream=0x5e82347b59d0 total_ms=0.5929 host_ms=0.7133 err_el=0 err_q0=0 err_q1=0
GGML_OP_PROFILE op=mul_mat name=ffn_gate-24 ne=17408x2048x1x1 type_src0=22 rows=2048 cols=5120 stream=0x5e82347b59d0 total_ms=1.5580 host_ms=1.6399 err_el=0 err_q0=0 err_q1=0
GGML_OP_PROFILE op=mul_mat name=ffn_up-24 ne=17408x2048x1x1 type_src0=22 rows=2048 cols=5120 stream=0x5e82347b59d0 total_ms=1.6241 host_ms=1.6663 err_el=0 err_q0=0 err_q1=0
GGML_OP_PROFILE op=mul_mat name=ffn_out-24 ne=5120x2048x1x1 type_src0=10 rows=2048 cols=17408 stream=0x5e82347b59d0 total_ms=1.9537 host_ms=2.2284 err_el=0 err_q0=0 err_q1=0
GGML_OP_PROFILE op=mul_mat name=node_1444 ne=10240x2048x1x1 type_src0=22 rows=2048 cols=5120 stream=0x5e82347b59d0 total_ms=0.9721 host_ms=1.0584 err_el=0 err_q0=0 err_q1=0
GGML_OP_PROFILE op=mul_mat name=node_1465 ne=48x2048x1x1 type_src0=8 rows=2048 cols=5120 stream=0x5e82347b59d0 total_ms=0.0676 host_ms=0.4419 err_el=0 err_q0=0 err_q1=0
GGML_OP_PROFILE op=mul_mat name=node_1471 ne=48x2048x1x1 type_src0=8 rows=2048 cols=5120 stream=0x5e82347b59d0 total_ms=0.1377 host_ms=0.1611 err_el=0 err_q0=0 err_q1=0
GGML_OP_PROFILE op=mul_mat name=z-25 ne=6144x2048x1x1 type_src0=10 rows=2048 cols=5120 stream=0x5e82347b59d0 total_ms=0.7332 host_ms=2.3784 err_el=0 err_q0=0 err_q1=0
GGML_OP_PROFILE op=mul_mat name=linear_attn_out-25 ne=5120x2048x1x1 type_src0=18 rows=2048 cols=6144 stream=0x5e82347b59d0 total_ms=0.4436 host_ms=0.5270 err_el=0 err_q0=0 err_q1=0
GGML_OP_PROFILE op=mul_mat name=ffn_gate-25 ne=17408x2048x1x1 type_src0=10 rows=2048 cols=5120 stream=0x5e82347b59d0 total_ms=2.1187 host_ms=2.2070 err_el=0 err_q0=0 err_q1=0
GGML_OP_PROFILE op=mul_mat name=ffn_up-25 ne=17408x2048x1x1 type_src0=10 rows=2048 cols=5120 stream=0x5e82347b59d0 total_ms=1.8781 host_ms=1.9264 err_el=0 err_q0=0 err_q1=0
GGML_OP_PROFILE op=mul_mat name=ffn_out-25 ne=5120x2048x1x1 type_src0=10 rows=2048 cols=17408 stream=0x5e82347b59d0 total_ms=1.9496 host_ms=2.2255 err_el=0 err_q0=0 err_q1=0
GGML_OP_PROFILE op=mul_mat name=node_1507 ne=10240x2048x1x1 type_src0=10 rows=2048 cols=5120 stream=0x5e82347b59d0 total_ms=1.1264 host_ms=1.2209 err_el=0 err_q0=0 err_q1=0
GGML_OP_PROFILE op=mul_mat name=node_1528 ne=48x2048x1x1 type_src0=8 rows=2048 cols=5120 stream=0x5e82347b59d0 total_ms=0.0676 host_ms=0.4460 err_el=0 err_q0=0 err_q1=0
GGML_OP_PROFILE op=mul_mat name=node_1534 ne=48x2048x1x1 type_src0=8 rows=2048 cols=5120 stream=0x5e82347b59d0 total_ms=0.0494 host_ms=0.0715 err_el=0 err_q0=0 err_q1=0
GGML_OP_PROFILE op=mul_mat name=z-26 ne=6144x2048x1x1 type_src0=22 rows=2048 cols=5120 stream=0x5e82347b59d0 total_ms=0.6318 host_ms=2.2711 err_el=0 err_q0=0 err_q1=0
GGML_OP_PROFILE op=mul_mat name=linear_attn_out-26 ne=5120x2048x1x1 type_src0=10 rows=2048 cols=6144 stream=0x5e82347b59d0 total_ms=0.6955 host_ms=0.7828 err_el=0 err_q0=0 err_q1=0
GGML_OP_PROFILE op=mul_mat name=ffn_gate-26 ne=17408x2048x1x1 type_src0=10 rows=2048 cols=5120 stream=0x5e82347b59d0 total_ms=1.8145 host_ms=1.9033 err_el=0 err_q0=0 err_q1=0
GGML_OP_PROFILE op=mul_mat name=ffn_up-26 ne=17408x2048x1x1 type_src0=10 rows=2048 cols=5120 stream=0x5e82347b59d0 total_ms=2.1472 host_ms=2.1894 err_el=0 err_q0=0 err_q1=0
GGML_OP_PROFILE op=mul_mat name=ffn_out-26 ne=5120x2048x1x1 type_src0=22 rows=2048 cols=17408 stream=0x5e82347b59d0 total_ms=1.6807 host_ms=1.9661 err_el=0 err_q0=0 err_q1=0
GGML_OP_PROFILE op=mul_mat name=Qcur_full-27 ne=12288x2048x1x1 type_src0=18 rows=2048 cols=5120 stream=0x5e82347b59d0 total_ms=0.8704 host_ms=0.9640 err_el=0 err_q0=0 err_q1=0
GGML_OP_PROFILE op=mul_mat name=Vcur-27 ne=1024x2048x1x1 type_src0=12 rows=2048 cols=5120 stream=0x5e82347b59d0 total_ms=0.1229 host_ms=0.2417 err_el=0 err_q0=0 err_q1=0
GGML_OP_PROFILE op=mul_mat name=Kcur-27 ne=1024x2048x1x1 type_src0=21 rows=2048 cols=5120 stream=0x5e82347b59d0 total_ms=0.1202 host_ms=0.1585 err_el=0 err_q0=0 err_q1=0
GGML_OP_PROFILE op=mul_mat name=attn_output-27 ne=5120x2048x1x1 type_src0=21 rows=2048 cols=6144 stream=0x5e82347b59d0 total_ms=0.4547 host_ms=1.8104 err_el=0 err_q0=0 err_q1=0
GGML_OP_PROFILE op=mul_mat name=ffn_gate-27 ne=17408x2048x1x1 type_src0=22 rows=2048 cols=5120 stream=0x5e82347b59d0 total_ms=1.5646 host_ms=1.6512 err_el=0 err_q0=0 err_q1=0
GGML_OP_PROFILE op=mul_mat name=ffn_up-27 ne=17408x2048x1x1 type_src0=10 rows=2048 cols=5120 stream=0x5e82347b59d0 total_ms=1.8492 host_ms=1.8906 err_el=0 err_q0=0 err_q1=0
GGML_OP_PROFILE op=mul_mat name=ffn_out-27 ne=5120x2048x1x1 type_src0=10 rows=2048 cols=17408 stream=0x5e82347b59d0 total_ms=1.9499 host_ms=2.2268 err_el=0 err_q0=0 err_q1=0
GGML_OP_PROFILE op=mul_mat name=node_1609 ne=10240x2048x1x1 type_src0=10 rows=2048 cols=5120 stream=0x5e82347b59d0 total_ms=1.4121 host_ms=1.5031 err_el=0 err_q0=0 err_q1=0
GGML_OP_PROFILE op=mul_mat name=node_1630 ne=48x2048x1x1 type_src0=8 rows=2048 cols=5120 stream=0x5e82347b59d0 total_ms=0.0676 host_ms=0.4502 err_el=0 err_q0=0 err_q1=0
GGML_OP_PROFILE op=mul_mat name=node_1636 ne=48x2048x1x1 type_src0=8 rows=2048 cols=5120 stream=0x5e82347b59d0 total_ms=0.1761 host_ms=0.1950 err_el=0 err_q0=0 err_q1=0
GGML_OP_PROFILE op=mul_mat name=z-28 ne=6144x2048x1x1 type_src0=10 rows=2048 cols=5120 stream=0x5e82347b59d0 total_ms=0.7321 host_ms=2.3776 err_el=0 err_q0=0 err_q1=0
GGML_OP_PROFILE op=mul_mat name=linear_attn_out-28 ne=5120x2048x1x1 type_src0=10 rows=2048 cols=6144 stream=0x5e82347b59d0 total_ms=0.6893 host_ms=0.7755 err_el=0 err_q0=0 err_q1=0
GGML_OP_PROFILE op=mul_mat name=ffn_gate-28 ne=17408x2048x1x1 type_src0=22 rows=2048 cols=5120 stream=0x5e82347b59d0 total_ms=1.5665 host_ms=1.6502 err_el=0 err_q0=0 err_q1=0
GGML_OP_PROFILE op=mul_mat name=ffn_up-28 ne=17408x2048x1x1 type_src0=22 rows=2048 cols=5120 stream=0x5e82347b59d0 total_ms=1.5916 host_ms=1.6240 err_el=0 err_q0=0 err_q1=0
GGML_OP_PROFILE op=mul_mat name=ffn_out-28 ne=5120x2048x1x1 type_src0=22 rows=2048 cols=17408 stream=0x5e82347b59d0 total_ms=1.6744 host_ms=1.9499 err_el=0 err_q0=0 err_q1=0
GGML_OP_PROFILE op=mul_mat name=node_1672 ne=10240x2048x1x1 type_src0=10 rows=2048 cols=5120 stream=0x5e82347b59d0 total_ms=1.1325 host_ms=1.2200 err_el=0 err_q0=0 err_q1=0
GGML_OP_PROFILE op=mul_mat name=node_1693 ne=48x2048x1x1 type_src0=8 rows=2048 cols=5120 stream=0x5e82347b59d0 total_ms=0.0676 host_ms=0.3937 err_el=0 err_q0=0 err_q1=0
GGML_OP_PROFILE op=mul_mat name=node_1699 ne=48x2048x1x1 type_src0=8 rows=2048 cols=5120 stream=0x5e82347b59d0 total_ms=0.0889 host_ms=0.1120 err_el=0 err_q0=0 err_q1=0
GGML_OP_PROFILE op=mul_mat name=z-29 ne=6144x2048x1x1 type_src0=10 rows=2048 cols=5120 stream=0x5e82347b59d0 total_ms=0.7342 host_ms=2.3664 err_el=0 err_q0=0 err_q1=0
GGML_OP_PROFILE op=mul_mat name=linear_attn_out-29 ne=5120x2048x1x1 type_src0=22 rows=2048 cols=6144 stream=0x5e82347b59d0 total_ms=0.5948 host_ms=0.6774 err_el=0 err_q0=0 err_q1=0
GGML_OP_PROFILE op=mul_mat name=ffn_gate-29 ne=17408x2048x1x1 type_src0=22 rows=2048 cols=5120 stream=0x5e82347b59d0 total_ms=1.5626 host_ms=1.6492 err_el=0 err_q0=0 err_q1=0
GGML_OP_PROFILE op=mul_mat name=ffn_up-29 ne=17408x2048x1x1 type_src0=16 rows=2048 cols=5120 stream=0x5e82347b59d0 total_ms=1.1934 host_ms=1.2350 err_el=0 err_q0=0 err_q1=0
GGML_OP_PROFILE op=mul_mat name=ffn_out-29 ne=5120x2048x1x1 type_src0=22 rows=2048 cols=17408 stream=0x5e82347b59d0 total_ms=1.6780 host_ms=1.9536 err_el=0 err_q0=0 err_q1=0
GGML_OP_PROFILE op=mul_mat name=node_1735 ne=10240x2048x1x1 type_src0=22 rows=2048 cols=5120 stream=0x5e82347b59d0 total_ms=0.9708 host_ms=1.0593 err_el=0 err_q0=0 err_q1=0
GGML_OP_PROFILE op=mul_mat name=node_1756 ne=48x2048x1x1 type_src0=8 rows=2048 cols=5120 stream=0x5e82347b59d0 total_ms=0.0676 host_ms=0.4404 err_el=0 err_q0=0 err_q1=0
GGML_OP_PROFILE op=mul_mat name=node_1762 ne=48x2048x1x1 type_src0=8 rows=2048 cols=5120 stream=0x5e82347b59d0 total_ms=0.1280 host_ms=0.1480 err_el=0 err_q0=0 err_q1=0
GGML_OP_PROFILE op=mul_mat name=z-30 ne=6144x2048x1x1 type_src0=10 rows=2048 cols=5120 stream=0x5e82347b59d0 total_ms=0.7342 host_ms=2.3741 err_el=0 err_q0=0 err_q1=0
GGML_OP_PROFILE op=mul_mat name=linear_attn_out-30 ne=5120x2048x1x1 type_src0=10 rows=2048 cols=6144 stream=0x5e82347b59d0 total_ms=0.6910 host_ms=0.7706 err_el=0 err_q0=0 err_q1=0
GGML_OP_PROFILE op=mul_mat name=ffn_gate-30 ne=17408x2048x1x1 type_src0=29 rows=2048 cols=5120 stream=0x5e82347b59d0 total_ms=1.8411 host_ms=1.9309 err_el=0 err_q0=0 err_q1=0
GGML_OP_PROFILE op=mul_mat name=ffn_up-30 ne=17408x2048x1x1 type_src0=22 rows=2048 cols=5120 stream=0x5e82347b59d0 total_ms=1.5911 host_ms=1.6438 err_el=0 err_q0=0 err_q1=0
GGML_OP_PROFILE op=mul_mat name=ffn_out-30 ne=5120x2048x1x1 type_src0=22 rows=2048 cols=17408 stream=0x5e82347b59d0 total_ms=1.6761 host_ms=1.9475 err_el=0 err_q0=0 err_q1=0
GGML_OP_PROFILE op=mul_mat name=Qcur_full-31 ne=12288x2048x1x1 type_src0=10 rows=2048 cols=5120 stream=0x5e82347b59d0 total_ms=1.3763 host_ms=1.4628 err_el=0 err_q0=0 err_q1=0
GGML_OP_PROFILE op=mul_mat name=Vcur-31 ne=1024x2048x1x1 type_src0=12 rows=2048 cols=5120 stream=0x5e82347b59d0 total_ms=0.1209 host_ms=0.2587 err_el=0 err_q0=0 err_q1=0
GGML_OP_PROFILE op=mul_mat name=Kcur-31 ne=1024x2048x1x1 type_src0=23 rows=2048 cols=5120 stream=0x5e82347b59d0 total_ms=0.1537 host_ms=0.1919 err_el=0 err_q0=0 err_q1=0
GGML_OP_PROFILE op=mul_mat name=attn_output-31 ne=5120x2048x1x1 type_src0=21 rows=2048 cols=6144 stream=0x5e82347b59d0 total_ms=0.4567 host_ms=1.8870 err_el=0 err_q0=0 err_q1=0
GGML_OP_PROFILE op=mul_mat name=ffn_gate-31 ne=17408x2048x1x1 type_src0=16 rows=2048 cols=5120 stream=0x5e82347b59d0 total_ms=1.1200 host_ms=1.2030 err_el=0 err_q0=0 err_q1=0
GGML_OP_PROFILE op=mul_mat name=ffn_up-31 ne=17408x2048x1x1 type_src0=22 rows=2048 cols=5120 stream=0x5e82347b59d0 total_ms=1.5945 host_ms=1.6328 err_el=0 err_q0=0 err_q1=0
GGML_OP_PROFILE op=mul_mat name=ffn_out-31 ne=5120x2048x1x1 type_src0=16 rows=2048 cols=17408 stream=0x5e82347b59d0 total_ms=1.2173 host_ms=1.4877 err_el=0 err_q0=0 err_q1=0
GGML_OP_PROFILE op=mul_mat name=node_1837 ne=10240x2048x1x1 type_src0=18 rows=2048 cols=5120 stream=0x5e82347b59d0 total_ms=0.7250 host_ms=0.9155 err_el=0 err_q0=0 err_q1=0
GGML_OP_PROFILE op=mul_mat name=node_1858 ne=48x2048x1x1 type_src0=8 rows=2048 cols=5120 stream=0x5e82347b59d0 total_ms=0.0676 host_ms=0.4502 err_el=0 err_q0=0 err_q1=0
GGML_OP_PROFILE op=mul_mat name=node_1864 ne=48x2048x1x1 type_src0=8 rows=2048 cols=5120 stream=0x5e82347b59d0 total_ms=0.0959 host_ms=0.1199 err_el=0 err_q0=0 err_q1=0
GGML_OP_PROFILE op=mul_mat name=z-32 ne=6144x2048x1x1 type_src0=10 rows=2048 cols=5120 stream=0x5e82347b59d0 total_ms=0.7342 host_ms=2.3683 err_el=0 err_q0=0 err_q1=0
GGML_OP_PROFILE op=mul_mat name=linear_attn_out-32 ne=5120x2048x1x1 type_src0=18 rows=2048 cols=6144 stream=0x5e82347b59d0 total_ms=0.4435 host_ms=0.5249 err_el=0 err_q0=0 err_q1=0
GGML_OP_PROFILE op=mul_mat name=ffn_gate-32 ne=17408x2048x1x1 type_src0=17 rows=2048 cols=5120 stream=0x5e82347b59d0 total_ms=1.5784 host_ms=1.6664 err_el=0 err_q0=0 err_q1=0
GGML_OP_PROFILE op=mul_mat name=ffn_up-32 ne=17408x2048x1x1 type_src0=10 rows=2048 cols=5120 stream=0x5e82347b59d0 total_ms=1.8859 host_ms=1.9205 err_el=0 err_q0=0 err_q1=0
GGML_OP_PROFILE op=mul_mat name=ffn_out-32 ne=5120x2048x1x1 type_src0=10 rows=2048 cols=17408 stream=0x5e82347b59d0 total_ms=1.9519 host_ms=2.2253 err_el=0 err_q0=0 err_q1=0
GGML_OP_PROFILE op=mul_mat name=node_1900 ne=10240x2048x1x1 type_src0=18 rows=2048 cols=5120 stream=0x5e82347b59d0 total_ms=0.7264 host_ms=0.8083 err_el=0 err_q0=0 err_q1=0
GGML_OP_PROFILE op=mul_mat name=node_1921 ne=48x2048x1x1 type_src0=8 rows=2048 cols=5120 stream=0x5e82347b59d0 total_ms=0.0676 host_ms=0.4314 err_el=0 err_q0=0 err_q1=0
GGML_OP_PROFILE op=mul_mat name=node_1927 ne=48x2048x1x1 type_src0=8 rows=2048 cols=5120 stream=0x5e82347b59d0 total_ms=0.0716 host_ms=0.0909 err_el=0 err_q0=0 err_q1=0
GGML_OP_PROFILE op=mul_mat name=z-33 ne=6144x2048x1x1 type_src0=10 rows=2048 cols=5120 stream=0x5e82347b59d0 total_ms=0.7342 host_ms=2.6715 err_el=0 err_q0=0 err_q1=0
GGML_OP_PROFILE op=mul_mat name=linear_attn_out-33 ne=5120x2048x1x1 type_src0=18 rows=2048 cols=6144 stream=0x5e82347b59d0 total_ms=0.4457 host_ms=0.5331 err_el=0 err_q0=0 err_q1=0
GGML_OP_PROFILE op=mul_mat name=ffn_gate-33 ne=17408x2048x1x1 type_src0=17 rows=2048 cols=5120 stream=0x5e82347b59d0 total_ms=1.5788 host_ms=1.6708 err_el=0 err_q0=0 err_q1=0
GGML_OP_PROFILE op=mul_mat name=ffn_up-33 ne=17408x2048x1x1 type_src0=10 rows=2048 cols=5120 stream=0x5e82347b59d0 total_ms=1.8530 host_ms=1.8969 err_el=0 err_q0=0 err_q1=0
GGML_OP_PROFILE op=mul_mat name=ffn_out-33 ne=5120x2048x1x1 type_src0=17 rows=2048 cols=17408 stream=0x5e82347b59d0 total_ms=1.7048 host_ms=1.9795 err_el=0 err_q0=0 err_q1=0
GGML_OP_PROFILE op=mul_mat name=node_1963 ne=10240x2048x1x1 type_src0=18 rows=2048 cols=5120 stream=0x5e82347b59d0 total_ms=0.7270 host_ms=0.8089 err_el=0 err_q0=0 err_q1=0
GGML_OP_PROFILE op=mul_mat name=node_1984 ne=48x2048x1x1 type_src0=8 rows=2048 cols=5120 stream=0x5e82347b59d0 total_ms=0.0676 host_ms=0.4339 err_el=0 err_q0=0 err_q1=0
GGML_OP_PROFILE op=mul_mat name=node_1990 ne=48x2048x1x1 type_src0=8 rows=2048 cols=5120 stream=0x5e82347b59d0 total_ms=0.2128 host_ms=0.2709 err_el=0 err_q0=0 err_q1=0
GGML_OP_PROFILE op=mul_mat name=z-34 ne=6144x2048x1x1 type_src0=10 rows=2048 cols=5120 stream=0x5e82347b59d0 total_ms=0.7321 host_ms=2.3753 err_el=0 err_q0=0 err_q1=0
GGML_OP_PROFILE op=mul_mat name=linear_attn_out-34 ne=5120x2048x1x1 type_src0=18 rows=2048 cols=6144 stream=0x5e82347b59d0 total_ms=0.4433 host_ms=0.5340 err_el=0 err_q0=0 err_q1=0
GGML_OP_PROFILE op=mul_mat name=ffn_gate-34 ne=17408x2048x1x1 type_src0=10 rows=2048 cols=5120 stream=0x5e82347b59d0 total_ms=1.8204 host_ms=1.9043 err_el=0 err_q0=0 err_q1=0
GGML_OP_PROFILE op=mul_mat name=ffn_up-34 ne=17408x2048x1x1 type_src0=10 rows=2048 cols=5120 stream=0x5e82347b59d0 total_ms=1.8834 host_ms=1.9601 err_el=0 err_q0=0 err_q1=0
GGML_OP_PROFILE op=mul_mat name=ffn_out-34 ne=5120x2048x1x1 type_src0=18 rows=2048 cols=17408 stream=0x5e82347b59d0 total_ms=1.2710 host_ms=1.5484 err_el=0 err_q0=0 err_q1=0
GGML_OP_PROFILE op=mul_mat name=Qcur_full-35 ne=12288x2048x1x1 type_src0=10 rows=2048 cols=5120 stream=0x5e82347b59d0 total_ms=1.3742 host_ms=1.4710 err_el=0 err_q0=0 err_q1=0
GGML_OP_PROFILE op=mul_mat name=Vcur-35 ne=1024x2048x1x1 type_src0=12 rows=2048 cols=5120 stream=0x5e82347b59d0 total_ms=0.1208 host_ms=0.2377 err_el=0 err_q0=0 err_q1=0
GGML_OP_PROFILE op=mul_mat name=Kcur-35 ne=1024x2048x1x1 type_src0=23 rows=2048 cols=5120 stream=0x5e82347b59d0 total_ms=0.1179 host_ms=0.1559 err_el=0 err_q0=0 err_q1=0
GGML_OP_PROFILE op=mul_mat name=attn_output-35 ne=5120x2048x1x1 type_src0=21 rows=2048 cols=6144 stream=0x5e82347b59d0 total_ms=0.4546 host_ms=1.7813 err_el=0 err_q0=0 err_q1=0
GGML_OP_PROFILE op=mul_mat name=ffn_gate-35 ne=17408x2048x1x1 type_src0=17 rows=2048 cols=5120 stream=0x5e82347b59d0 total_ms=1.5804 host_ms=1.6616 err_el=0 err_q0=0 err_q1=0
GGML_OP_PROFILE op=mul_mat name=ffn_up-35 ne=17408x2048x1x1 type_src0=10 rows=2048 cols=5120 stream=0x5e82347b59d0 total_ms=2.3003 host_ms=2.3400 err_el=0 err_q0=0 err_q1=0
GGML_OP_PROFILE op=mul_mat name=ffn_out-35 ne=5120x2048x1x1 type_src0=18 rows=2048 cols=17408 stream=0x5e82347b59d0 total_ms=1.2773 host_ms=1.5546 err_el=0 err_q0=0 err_q1=0
GGML_OP_PROFILE op=mul_mat name=node_2065 ne=10240x2048x1x1 type_src0=10 rows=2048 cols=5120 stream=0x5e82347b59d0 total_ms=1.1325 host_ms=1.2187 err_el=0 err_q0=0 err_q1=0
GGML_OP_PROFILE op=mul_mat name=node_2086 ne=48x2048x1x1 type_src0=8 rows=2048 cols=5120 stream=0x5e82347b59d0 total_ms=0.0676 host_ms=0.4417 err_el=0 err_q0=0 err_q1=0
GGML_OP_PROFILE op=mul_mat name=node_2092 ne=48x2048x1x1 type_src0=8 rows=2048 cols=5120 stream=0x5e82347b59d0 total_ms=0.0461 host_ms=0.1003 err_el=0 err_q0=0 err_q1=0
GGML_OP_PROFILE op=mul_mat name=z-36 ne=6144x2048x1x1 type_src0=10 rows=2048 cols=5120 stream=0x5e82347b59d0 total_ms=0.7363 host_ms=2.2966 err_el=0 err_q0=0 err_q1=0
GGML_OP_PROFILE op=mul_mat name=linear_attn_out-36 ne=5120x2048x1x1 type_src0=18 rows=2048 cols=6144 stream=0x5e82347b59d0 total_ms=0.4434 host_ms=0.5244 err_el=0 err_q0=0 err_q1=0
GGML_OP_PROFILE op=mul_mat name=ffn_gate-36 ne=17408x2048x1x1 type_src0=10 rows=2048 cols=5120 stream=0x5e82347b59d0 total_ms=1.8206 host_ms=1.9050 err_el=0 err_q0=0 err_q1=0
GGML_OP_PROFILE op=mul_mat name=ffn_up-36 ne=17408x2048x1x1 type_src0=10 rows=2048 cols=5120 stream=0x5e82347b59d0 total_ms=1.8793 host_ms=1.9127 err_el=0 err_q0=0 err_q1=0
GGML_OP_PROFILE op=mul_mat name=ffn_out-36 ne=5120x2048x1x1 type_src0=18 rows=2048 cols=17408 stream=0x5e82347b59d0 total_ms=1.2751 host_ms=1.5527 err_el=0 err_q0=0 err_q1=0
GGML_OP_PROFILE op=mul_mat name=node_2128 ne=10240x2048x1x1 type_src0=10 rows=2048 cols=5120 stream=0x5e82347b59d0 total_ms=1.1325 host_ms=1.3096 err_el=0 err_q0=0 err_q1=0
GGML_OP_PROFILE op=mul_mat name=node_2149 ne=48x2048x1x1 type_src0=8 rows=2048 cols=5120 stream=0x5e82347b59d0 total_ms=0.0676 host_ms=0.4083 err_el=0 err_q0=0 err_q1=0
GGML_OP_PROFILE op=mul_mat name=node_2155 ne=48x2048x1x1 type_src0=8 rows=2048 cols=5120 stream=0x5e82347b59d0 total_ms=0.0601 host_ms=0.0812 err_el=0 err_q0=0 err_q1=0
GGML_OP_PROFILE op=mul_mat name=z-37 ne=6144x2048x1x1 type_src0=10 rows=2048 cols=5120 stream=0x5e82347b59d0 total_ms=0.7342 host_ms=2.4286 err_el=0 err_q0=0 err_q1=0
GGML_OP_PROFILE op=mul_mat name=linear_attn_out-37 ne=5120x2048x1x1 type_src0=18 rows=2048 cols=6144 stream=0x5e82347b59d0 total_ms=0.4457 host_ms=0.5326 err_el=0 err_q0=0 err_q1=0
GGML_OP_PROFILE op=mul_mat name=ffn_gate-37 ne=17408x2048x1x1 type_src0=10 rows=2048 cols=5120 stream=0x5e82347b59d0 total_ms=1.8219 host_ms=1.8996 err_el=0 err_q0=0 err_q1=0
GGML_OP_PROFILE op=mul_mat name=ffn_up-37 ne=17408x2048x1x1 type_src0=10 rows=2048 cols=5120 stream=0x5e82347b59d0 total_ms=1.8401 host_ms=1.8825 err_el=0 err_q0=0 err_q1=0
GGML_OP_PROFILE op=mul_mat name=ffn_out-37 ne=5120x2048x1x1 type_src0=18 rows=2048 cols=17408 stream=0x5e82347b59d0 total_ms=1.2768 host_ms=1.5515 err_el=0 err_q0=0 err_q1=0
GGML_OP_PROFILE op=mul_mat name=node_2191 ne=10240x2048x1x1 type_src0=17 rows=2048 cols=5120 stream=0x5e82347b59d0 total_ms=1.0749 host_ms=1.1255 err_el=0 err_q0=0 err_q1=0
GGML_OP_PROFILE op=mul_mat name=node_2212 ne=48x2048x1x1 type_src0=8 rows=2048 cols=5120 stream=0x5e82347b59d0 total_ms=0.0676 host_ms=0.4429 err_el=0 err_q0=0 err_q1=0
GGML_OP_PROFILE op=mul_mat name=node_2218 ne=48x2048x1x1 type_src0=8 rows=2048 cols=5120 stream=0x5e82347b59d0 total_ms=0.0531 host_ms=0.1414 err_el=0 err_q0=0 err_q1=0
GGML_OP_PROFILE op=mul_mat name=z-38 ne=6144x2048x1x1 type_src0=10 rows=2048 cols=5120 stream=0x5e82347b59d0 total_ms=0.7332 host_ms=2.4632 err_el=0 err_q0=0 err_q1=0
GGML_OP_PROFILE op=mul_mat name=linear_attn_out-38 ne=5120x2048x1x1 type_src0=10 rows=2048 cols=6144 stream=0x5e82347b59d0 total_ms=0.6911 host_ms=0.7725 err_el=0 err_q0=0 err_q1=0
GGML_OP_PROFILE op=mul_mat name=ffn_gate-38 ne=17408x2048x1x1 type_src0=10 rows=2048 cols=5120 stream=0x5e82347b59d0 total_ms=1.8145 host_ms=1.9025 err_el=0 err_q0=0 err_q1=0
GGML_OP_PROFILE op=mul_mat name=ffn_up-38 ne=17408x2048x1x1 type_src0=18 rows=2048 cols=5120 stream=0x5e82347b59d0 total_ms=1.2389 host_ms=1.2749 err_el=0 err_q0=0 err_q1=0
GGML_OP_PROFILE op=mul_mat name=ffn_out-38 ne=5120x2048x1x1 type_src0=18 rows=2048 cols=17408 stream=0x5e82347b59d0 total_ms=1.2700 host_ms=1.5520 err_el=0 err_q0=0 err_q1=0
GGML_OP_PROFILE op=mul_mat name=Qcur_full-39 ne=12288x2048x1x1 type_src0=10 rows=2048 cols=5120 stream=0x5e82347b59d0 total_ms=1.6614 host_ms=1.7448 err_el=0 err_q0=0 err_q1=0
GGML_OP_PROFILE op=mul_mat name=Vcur-39 ne=1024x2048x1x1 type_src0=23 rows=2048 cols=5120 stream=0x5e82347b59d0 total_ms=0.1127 host_ms=0.2316 err_el=0 err_q0=0 err_q1=0
GGML_OP_PROFILE op=mul_mat name=Kcur-39 ne=1024x2048x1x1 type_src0=18 rows=2048 cols=5120 stream=0x5e82347b59d0 total_ms=0.1108 host_ms=0.1465 err_el=0 err_q0=0 err_q1=0
GGML_OP_PROFILE op=mul_mat name=attn_output-39 ne=5120x2048x1x1 type_src0=21 rows=2048 cols=6144 stream=0x5e82347b59d0 total_ms=0.4567 host_ms=1.8048 err_el=0 err_q0=0 err_q1=0
GGML_OP_PROFILE op=mul_mat name=ffn_gate-39 ne=17408x2048x1x1 type_src0=10 rows=2048 cols=5120 stream=0x5e82347b59d0 total_ms=1.8225 host_ms=1.9069 err_el=0 err_q0=0 err_q1=0
GGML_OP_PROFILE op=mul_mat name=ffn_up-39 ne=17408x2048x1x1 type_src0=18 rows=2048 cols=5120 stream=0x5e82347b59d0 total_ms=1.2720 host_ms=1.3149 err_el=0 err_q0=0 err_q1=0
GGML_OP_PROFILE op=mul_mat name=ffn_out-39 ne=5120x2048x1x1 type_src0=18 rows=2048 cols=17408 stream=0x5e82347b59d0 total_ms=1.2750 host_ms=1.5534 err_el=0 err_q0=0 err_q1=0
GGML_OP_PROFILE op=mul_mat name=node_2293 ne=10240x2048x1x1 type_src0=10 rows=2048 cols=5120 stream=0x5e82347b59d0 total_ms=1.1326 host_ms=1.2142 err_el=0 err_q0=0 err_q1=0
GGML_OP_PROFILE op=mul_mat name=node_2314 ne=48x2048x1x1 type_src0=8 rows=2048 cols=5120 stream=0x5e82347b59d0 total_ms=0.0676 host_ms=0.4080 err_el=0 err_q0=0 err_q1=0
GGML_OP_PROFILE op=mul_mat name=node_2320 ne=48x2048x1x1 type_src0=8 rows=2048 cols=5120 stream=0x5e82347b59d0 total_ms=0.1276 host_ms=0.1716 err_el=0 err_q0=0 err_q1=0
GGML_OP_PROFILE op=mul_mat name=z-40 ne=6144x2048x1x1 type_src0=10 rows=2048 cols=5120 stream=0x5e82347b59d0 total_ms=0.7321 host_ms=2.3763 err_el=0 err_q0=0 err_q1=0
GGML_OP_PROFILE op=mul_mat name=linear_attn_out-40 ne=5120x2048x1x1 type_src0=18 rows=2048 cols=6144 stream=0x5e82347b59d0 total_ms=0.4451 host_ms=0.5563 err_el=0 err_q0=0 err_q1=0
GGML_OP_PROFILE op=mul_mat name=ffn_gate-40 ne=17408x2048x1x1 type_src0=10 rows=2048 cols=5120 stream=0x5e82347b59d0 total_ms=1.8204 host_ms=1.9025 err_el=0 err_q0=0 err_q1=0
GGML_OP_PROFILE op=mul_mat name=ffn_up-40 ne=17408x2048x1x1 type_src0=18 rows=2048 cols=5120 stream=0x5e82347b59d0 total_ms=1.2782 host_ms=1.3550 err_el=0 err_q0=0 err_q1=0
GGML_OP_PROFILE op=mul_mat name=ffn_out-40 ne=5120x2048x1x1 type_src0=18 rows=2048 cols=17408 stream=0x5e82347b59d0 total_ms=1.2718 host_ms=1.6303 err_el=0 err_q0=0 err_q1=0
GGML_OP_PROFILE op=mul_mat name=node_2356 ne=10240x2048x1x1 type_src0=10 rows=2048 cols=5120 stream=0x5e82347b59d0 total_ms=1.1346 host_ms=1.2221 err_el=0 err_q0=0 err_q1=0
GGML_OP_PROFILE op=mul_mat name=node_2377 ne=48x2048x1x1 type_src0=8 rows=2048 cols=5120 stream=0x5e82347b59d0 total_ms=0.0676 host_ms=0.4433 err_el=0 err_q0=0 err_q1=0
GGML_OP_PROFILE op=mul_mat name=node_2383 ne=48x2048x1x1 type_src0=8 rows=2048 cols=5120 stream=0x5e82347b59d0 total_ms=0.0887 host_ms=0.1158 err_el=0 err_q0=0 err_q1=0
GGML_OP_PROFILE op=mul_mat name=z-41 ne=6144x2048x1x1 type_src0=10 rows=2048 cols=5120 stream=0x5e82347b59d0 total_ms=0.7342 host_ms=2.3660 err_el=0 err_q0=0 err_q1=0
GGML_OP_PROFILE op=mul_mat name=linear_attn_out-41 ne=5120x2048x1x1 type_src0=18 rows=2048 cols=6144 stream=0x5e82347b59d0 total_ms=0.4436 host_ms=0.5311 err_el=0 err_q0=0 err_q1=0
GGML_OP_PROFILE op=mul_mat name=ffn_gate-41 ne=17408x2048x1x1 type_src0=18 rows=2048 cols=5120 stream=0x5e82347b59d0 total_ms=1.1735 host_ms=1.2617 err_el=0 err_q0=0 err_q1=0
GGML_OP_PROFILE op=mul_mat name=ffn_up-41 ne=17408x2048x1x1 type_src0=18 rows=2048 cols=5120 stream=0x5e82347b59d0 total_ms=1.1983 host_ms=1.2416 err_el=0 err_q0=0 err_q1=0
GGML_OP_PROFILE op=mul_mat name=ffn_out-41 ne=5120x2048x1x1 type_src0=18 rows=2048 cols=17408 stream=0x5e82347b59d0 total_ms=1.2751 host_ms=1.5581 err_el=0 err_q0=0 err_q1=0
GGML_OP_PROFILE op=mul_mat name=node_2419 ne=10240x2048x1x1 type_src0=10 rows=2048 cols=5120 stream=0x5e82347b59d0 total_ms=1.2976 host_ms=1.3886 err_el=0 err_q0=0 err_q1=0
GGML_OP_PROFILE op=mul_mat name=node_2440 ne=48x2048x1x1 type_src0=8 rows=2048 cols=5120 stream=0x5e82347b59d0 total_ms=0.0676 host_ms=0.4416 err_el=0 err_q0=0 err_q1=0
GGML_OP_PROFILE op=mul_mat name=node_2446 ne=48x2048x1x1 type_src0=8 rows=2048 cols=5120 stream=0x5e82347b59d0 total_ms=0.1369 host_ms=0.1601 err_el=0 err_q0=0 err_q1=0
GGML_OP_PROFILE op=mul_mat name=z-42 ne=6144x2048x1x1 type_src0=10 rows=2048 cols=5120 stream=0x5e82347b59d0 total_ms=0.7342 host_ms=2.3755 err_el=0 err_q0=0 err_q1=0
GGML_OP_PROFILE op=mul_mat name=linear_attn_out-42 ne=5120x2048x1x1 type_src0=18 rows=2048 cols=6144 stream=0x5e82347b59d0 total_ms=0.4435 host_ms=0.5269 err_el=0 err_q0=0 err_q1=0
GGML_OP_PROFILE op=mul_mat name=ffn_gate-42 ne=17408x2048x1x1 type_src0=10 rows=2048 cols=5120 stream=0x5e82347b59d0 total_ms=1.8206 host_ms=1.9114 err_el=0 err_q0=0 err_q1=0
GGML_OP_PROFILE op=mul_mat name=ffn_up-42 ne=17408x2048x1x1 type_src0=18 rows=2048 cols=5120 stream=0x5e82347b59d0 total_ms=1.1951 host_ms=1.2412 err_el=0 err_q0=0 err_q1=0
GGML_OP_PROFILE op=mul_mat name=ffn_out-42 ne=5120x2048x1x1 type_src0=10 rows=2048 cols=17408 stream=0x5e82347b59d0 total_ms=1.9583 host_ms=2.2379 err_el=0 err_q0=0 err_q1=0
GGML_OP_PROFILE op=mul_mat name=Qcur_full-43 ne=12288x2048x1x1 type_src0=18 rows=2048 cols=5120 stream=0x5e82347b59d0 total_ms=0.8698 host_ms=0.9575 err_el=0 err_q0=0 err_q1=0
GGML_OP_PROFILE op=mul_mat name=Vcur-43 ne=1024x2048x1x1 type_src0=23 rows=2048 cols=5120 stream=0x5e82347b59d0 total_ms=0.1121 host_ms=0.2355 err_el=0 err_q0=0 err_q1=0
GGML_OP_PROFILE op=mul_mat name=Kcur-43 ne=1024x2048x1x1 type_src0=23 rows=2048 cols=5120 stream=0x5e82347b59d0 total_ms=0.1606 host_ms=0.2293 err_el=0 err_q0=0 err_q1=0
GGML_OP_PROFILE op=mul_mat name=attn_output-43 ne=5120x2048x1x1 type_src0=23 rows=2048 cols=6144 stream=0x5e82347b59d0 total_ms=0.4035 host_ms=1.9781 err_el=0 err_q0=0 err_q1=0
GGML_OP_PROFILE op=mul_mat name=ffn_gate-43 ne=17408x2048x1x1 type_src0=10 rows=2048 cols=5120 stream=0x5e82347b59d0 total_ms=1.8254 host_ms=1.9000 err_el=0 err_q0=0 err_q1=0
GGML_OP_PROFILE op=mul_mat name=ffn_up-43 ne=17408x2048x1x1 type_src0=18 rows=2048 cols=5120 stream=0x5e82347b59d0 total_ms=1.2388 host_ms=1.2877 err_el=0 err_q0=0 err_q1=0
GGML_OP_PROFILE op=mul_mat name=ffn_out-43 ne=5120x2048x1x1 type_src0=10 rows=2048 cols=17408 stream=0x5e82347b59d0 total_ms=1.9559 host_ms=2.2385 err_el=0 err_q0=0 err_q1=0
GGML_OP_PROFILE op=mul_mat name=node_2521 ne=10240x2048x1x1 type_src0=10 rows=2048 cols=5120 stream=0x5e82347b59d0 total_ms=1.1278 host_ms=1.1995 err_el=0 err_q0=0 err_q1=0
GGML_OP_PROFILE op=mul_mat name=node_2542 ne=48x2048x1x1 type_src0=8 rows=2048 cols=5120 stream=0x5e82347b59d0 total_ms=0.0676 host_ms=0.4077 err_el=0 err_q0=0 err_q1=0
GGML_OP_PROFILE op=mul_mat name=node_2548 ne=48x2048x1x1 type_src0=8 rows=2048 cols=5120 stream=0x5e82347b59d0 total_ms=0.1136 host_ms=0.1549 err_el=0 err_q0=0 err_q1=0
GGML_OP_PROFILE op=mul_mat name=z-44 ne=6144x2048x1x1 type_src0=10 rows=2048 cols=5120 stream=0x5e82347b59d0 total_ms=0.7342 host_ms=2.3782 err_el=0 err_q0=0 err_q1=0
GGML_OP_PROFILE op=mul_mat name=linear_attn_out-44 ne=5120x2048x1x1 type_src0=18 rows=2048 cols=6144 stream=0x5e82347b59d0 total_ms=0.4455 host_ms=0.5347 err_el=0 err_q0=0 err_q1=0
GGML_OP_PROFILE op=mul_mat name=ffn_gate-44 ne=17408x2048x1x1 type_src0=10 rows=2048 cols=5120 stream=0x5e82347b59d0 total_ms=2.1231 host_ms=2.2025 err_el=0 err_q0=0 err_q1=0
GGML_OP_PROFILE op=mul_mat name=ffn_up-44 ne=17408x2048x1x1 type_src0=10 rows=2048 cols=5120 stream=0x5e82347b59d0 total_ms=1.8427 host_ms=1.8852 err_el=0 err_q0=0 err_q1=0
GGML_OP_PROFILE op=mul_mat name=ffn_out-44 ne=5120x2048x1x1 type_src0=10 rows=2048 cols=17408 stream=0x5e82347b59d0 total_ms=1.9496 host_ms=2.2272 err_el=0 err_q0=0 err_q1=0
GGML_OP_PROFILE op=mul_mat name=node_2584 ne=10240x2048x1x1 type_src0=18 rows=2048 cols=5120 stream=0x5e82347b59d0 total_ms=0.7270 host_ms=0.8172 err_el=0 err_q0=0 err_q1=0
GGML_OP_PROFILE op=mul_mat name=node_2605 ne=48x2048x1x1 type_src0=8 rows=2048 cols=5120 stream=0x5e82347b59d0 total_ms=0.0676 host_ms=0.4426 err_el=0 err_q0=0 err_q1=0
GGML_OP_PROFILE op=mul_mat name=node_2611 ne=48x2048x1x1 type_src0=8 rows=2048 cols=5120 stream=0x5e82347b59d0 total_ms=0.0486 host_ms=0.0704 err_el=0 err_q0=0 err_q1=0
GGML_OP_PROFILE op=mul_mat name=z-45 ne=6144x2048x1x1 type_src0=17 rows=2048 cols=5120 stream=0x5e82347b59d0 total_ms=0.6400 host_ms=2.2833 err_el=0 err_q0=0 err_q1=0
GGML_OP_PROFILE op=mul_mat name=linear_attn_out-45 ne=5120x2048x1x1 type_src0=10 rows=2048 cols=6144 stream=0x5e82347b59d0 total_ms=0.6955 host_ms=0.7836 err_el=0 err_q0=0 err_q1=0
GGML_OP_PROFILE op=mul_mat name=ffn_gate-45 ne=17408x2048x1x1 type_src0=10 rows=2048 cols=5120 stream=0x5e82347b59d0 total_ms=1.8145 host_ms=1.9027 err_el=0 err_q0=0 err_q1=0
GGML_OP_PROFILE op=mul_mat name=ffn_up-45 ne=17408x2048x1x1 type_src0=10 rows=2048 cols=5120 stream=0x5e82347b59d0 total_ms=2.1487 host_ms=2.1893 err_el=0 err_q0=0 err_q1=0
GGML_OP_PROFILE op=mul_mat name=ffn_out-45 ne=5120x2048x1x1 type_src0=10 rows=2048 cols=17408 stream=0x5e82347b59d0 total_ms=1.9499 host_ms=2.2332 err_el=0 err_q0=0 err_q1=0
GGML_OP_PROFILE op=mul_mat name=node_2647 ne=10240x2048x1x1 type_src0=18 rows=2048 cols=5120 stream=0x5e82347b59d0 total_ms=0.7270 host_ms=0.8176 err_el=0 err_q0=0 err_q1=0
GGML_OP_PROFILE op=mul_mat name=node_2668 ne=48x2048x1x1 type_src0=8 rows=2048 cols=5120 stream=0x5e82347b59d0 total_ms=0.0676 host_ms=0.4424 err_el=0 err_q0=0 err_q1=0
GGML_OP_PROFILE op=mul_mat name=node_2674 ne=48x2048x1x1 type_src0=8 rows=2048 cols=5120 stream=0x5e82347b59d0 total_ms=0.1060 host_ms=0.1279 err_el=0 err_q0=0 err_q1=0
GGML_OP_PROFILE op=mul_mat name=z-46 ne=6144x2048x1x1 type_src0=10 rows=2048 cols=5120 stream=0x5e82347b59d0 total_ms=0.7342 host_ms=2.3766 err_el=0 err_q0=0 err_q1=0
GGML_OP_PROFILE op=mul_mat name=linear_attn_out-46 ne=5120x2048x1x1 type_src0=18 rows=2048 cols=6144 stream=0x5e82347b59d0 total_ms=0.4453 host_ms=0.5243 err_el=0 err_q0=0 err_q1=0
GGML_OP_PROFILE op=mul_mat name=ffn_gate-46 ne=17408x2048x1x1 type_src0=17 rows=2048 cols=5120 stream=0x5e82347b59d0 total_ms=1.5804 host_ms=1.6515 err_el=0 err_q0=0 err_q1=0
GGML_OP_PROFILE op=mul_mat name=ffn_up-46 ne=17408x2048x1x1 type_src0=10 rows=2048 cols=5120 stream=0x5e82347b59d0 total_ms=1.8521 host_ms=1.8929 err_el=0 err_q0=0 err_q1=0
GGML_OP_PROFILE op=mul_mat name=ffn_out-46 ne=5120x2048x1x1 type_src0=10 rows=2048 cols=17408 stream=0x5e82347b59d0 total_ms=1.9499 host_ms=2.2281 err_el=0 err_q0=0 err_q1=0
GGML_OP_PROFILE op=mul_mat name=Qcur_full-47 ne=12288x2048x1x1 type_src0=10 rows=2048 cols=5120 stream=0x5e82347b59d0 total_ms=1.3681 host_ms=1.4634 err_el=0 err_q0=0 err_q1=0
GGML_OP_PROFILE op=mul_mat name=Vcur-47 ne=1024x2048x1x1 type_src0=23 rows=2048 cols=5120 stream=0x5e82347b59d0 total_ms=0.1127 host_ms=0.2266 err_el=0 err_q0=0 err_q1=0
GGML_OP_PROFILE op=mul_mat name=Kcur-47 ne=1024x2048x1x1 type_src0=23 rows=2048 cols=5120 stream=0x5e82347b59d0 total_ms=0.0964 host_ms=0.1407 err_el=0 err_q0=0 err_q1=0
GGML_OP_PROFILE op=mul_mat name=attn_output-47 ne=5120x2048x1x1 type_src0=18 rows=2048 cols=6144 stream=0x5e82347b59d0 total_ms=0.4382 host_ms=1.7803 err_el=0 err_q0=0 err_q1=0
GGML_OP_PROFILE op=mul_mat name=ffn_gate-47 ne=17408x2048x1x1 type_src0=10 rows=2048 cols=5120 stream=0x5e82347b59d0 total_ms=1.8221 host_ms=1.9019 err_el=0 err_q0=0 err_q1=0
GGML_OP_PROFILE op=mul_mat name=ffn_up-47 ne=17408x2048x1x1 type_src0=10 rows=2048 cols=5120 stream=0x5e82347b59d0 total_ms=1.8429 host_ms=1.8824 err_el=0 err_q0=0 err_q1=0
GGML_OP_PROFILE op=mul_mat name=ffn_out-47 ne=5120x2048x1x1 type_src0=10 rows=2048 cols=17408 stream=0x5e82347b59d0 total_ms=1.9516 host_ms=2.2342 err_el=0 err_q0=0 err_q1=0
GGML_OP_PROFILE op=mul_mat name=node_2749 ne=10240x2048x1x1 type_src0=18 rows=2048 cols=5120 stream=0x5e82347b59d0 total_ms=0.7291 host_ms=4.5084 err_el=0 err_q0=0 err_q1=0
GGML_OP_PROFILE op=mul_mat name=node_2770 ne=48x2048x1x1 type_src0=8 rows=2048 cols=5120 stream=0x5e82347b59d0 total_ms=0.0676 host_ms=0.2325 err_el=0 err_q0=0 err_q1=0
GGML_OP_PROFILE op=mul_mat name=node_2776 ne=48x2048x1x1 type_src0=8 rows=2048 cols=5120 stream=0x5e82347b59d0 total_ms=0.0522 host_ms=0.0723 err_el=0 err_q0=0 err_q1=0
GGML_OP_PROFILE op=mul_mat name=z-48 ne=6144x2048x1x1 type_src0=17 rows=2048 cols=5120 stream=0x5e82347b59d0 total_ms=0.6396 host_ms=2.2892 err_el=0 err_q0=0 err_q1=0
GGML_OP_PROFILE op=mul_mat name=linear_attn_out-48 ne=5120x2048x1x1 type_src0=18 rows=2048 cols=6144 stream=0x5e82347b59d0 total_ms=0.4436 host_ms=0.5309 err_el=0 err_q0=0 err_q1=0
GGML_OP_PROFILE op=mul_mat name=ffn_gate-48 ne=17408x2048x1x1 type_src0=10 rows=2048 cols=5120 stream=0x5e82347b59d0 total_ms=1.8225 host_ms=1.9091 err_el=0 err_q0=0 err_q1=0
GGML_OP_PROFILE op=mul_mat name=ffn_up-48 ne=17408x2048x1x1 type_src0=10 rows=2048 cols=5120 stream=0x5e82347b59d0 total_ms=1.8397 host_ms=1.8816 err_el=0 err_q0=0 err_q1=0
GGML_OP_PROFILE op=mul_mat name=ffn_out-48 ne=5120x2048x1x1 type_src0=10 rows=2048 cols=17408 stream=0x5e82347b59d0 total_ms=1.9516 host_ms=2.2222 err_el=0 err_q0=0 err_q1=0
GGML_OP_PROFILE op=mul_mat name=node_2812 ne=10240x2048x1x1 type_src0=18 rows=2048 cols=5120 stream=0x5e82347b59d0 total_ms=0.7284 host_ms=0.8138 err_el=0 err_q0=0 err_q1=0
GGML_OP_PROFILE op=mul_mat name=node_2833 ne=48x2048x1x1 type_src0=8 rows=2048 cols=5120 stream=0x5e82347b59d0 total_ms=0.0676 host_ms=1.1116 err_el=0 err_q0=0 err_q1=0
GGML_OP_PROFILE op=mul_mat name=node_2839 ne=48x2048x1x1 type_src0=8 rows=2048 cols=5120 stream=0x5e82347b59d0 total_ms=0.0938 host_ms=0.1086 err_el=0 err_q0=0 err_q1=0
GGML_OP_PROFILE op=mul_mat name=z-49 ne=6144x2048x1x1 type_src0=22 rows=2048 cols=5120 stream=0x5e82347b59d0 total_ms=0.6359 host_ms=2.2623 err_el=0 err_q0=0 err_q1=0
GGML_OP_PROFILE op=mul_mat name=linear_attn_out-49 ne=5120x2048x1x1 type_src0=18 rows=2048 cols=6144 stream=0x5e82347b59d0 total_ms=0.4436 host_ms=0.5209 err_el=0 err_q0=0 err_q1=0
GGML_OP_PROFILE op=mul_mat name=ffn_gate-49 ne=17408x2048x1x1 type_src0=10 rows=2048 cols=5120 stream=0x5e82347b59d0 total_ms=1.8213 host_ms=1.9000 err_el=0 err_q0=0 err_q1=0
GGML_OP_PROFILE op=mul_mat name=ffn_up-49 ne=17408x2048x1x1 type_src0=18 rows=2048 cols=5120 stream=0x5e82347b59d0 total_ms=1.2767 host_ms=1.3551 err_el=0 err_q0=0 err_q1=0
GGML_OP_PROFILE op=mul_mat name=ffn_out-49 ne=5120x2048x1x1 type_src0=18 rows=2048 cols=17408 stream=0x5e82347b59d0 total_ms=1.2728 host_ms=1.5526 err_el=0 err_q0=0 err_q1=0
GGML_OP_PROFILE op=mul_mat name=node_2875 ne=10240x2048x1x1 type_src0=10 rows=2048 cols=5120 stream=0x5e82347b59d0 total_ms=1.1335 host_ms=1.2047 err_el=0 err_q0=0 err_q1=0
GGML_OP_PROFILE op=mul_mat name=node_2896 ne=48x2048x1x1 type_src0=8 rows=2048 cols=5120 stream=0x5e82347b59d0 total_ms=0.0676 host_ms=0.4156 err_el=0 err_q0=0 err_q1=0
GGML_OP_PROFILE op=mul_mat name=node_2902 ne=48x2048x1x1 type_src0=8 rows=2048 cols=5120 stream=0x5e82347b59d0 total_ms=0.1109 host_ms=0.1642 err_el=0 err_q0=0 err_q1=0
GGML_OP_PROFILE op=mul_mat name=z-50 ne=6144x2048x1x1 type_src0=10 rows=2048 cols=5120 stream=0x5e82347b59d0 total_ms=0.7322 host_ms=2.3171 err_el=0 err_q0=0 err_q1=0
GGML_OP_PROFILE op=mul_mat name=linear_attn_out-50 ne=5120x2048x1x1 type_src0=21 rows=2048 cols=6144 stream=0x5e82347b59d0 total_ms=0.4576 host_ms=0.5430 err_el=0 err_q0=0 err_q1=0
GGML_OP_PROFILE op=mul_mat name=ffn_gate-50 ne=17408x2048x1x1 type_src0=10 rows=2048 cols=5120 stream=0x5e82347b59d0 total_ms=1.8207 host_ms=1.9038 err_el=0 err_q0=0 err_q1=0
GGML_OP_PROFILE op=mul_mat name=ffn_up-50 ne=17408x2048x1x1 type_src0=10 rows=2048 cols=5120 stream=0x5e82347b59d0 total_ms=1.8387 host_ms=1.8791 err_el=0 err_q0=0 err_q1=0
GGML_OP_PROFILE op=mul_mat name=ffn_out-50 ne=5120x2048x1x1 type_src0=18 rows=2048 cols=17408 stream=0x5e82347b59d0 total_ms=1.2730 host_ms=1.5516 err_el=0 err_q0=0 err_q1=0
GGML_OP_PROFILE op=mul_mat name=Qcur_full-51 ne=12288x2048x1x1 type_src0=18 rows=2048 cols=5120 stream=0x5e82347b59d0 total_ms=0.8701 host_ms=0.9589 err_el=0 err_q0=0 err_q1=0
GGML_OP_PROFILE op=mul_mat name=Vcur-51 ne=1024x2048x1x1 type_src0=12 rows=2048 cols=5120 stream=0x5e82347b59d0 total_ms=0.1209 host_ms=0.2357 err_el=0 err_q0=0 err_q1=0
GGML_OP_PROFILE op=mul_mat name=Kcur-51 ne=1024x2048x1x1 type_src0=23 rows=2048 cols=5120 stream=0x5e82347b59d0 total_ms=0.1191 host_ms=0.1550 err_el=0 err_q0=0 err_q1=0
GGML_OP_PROFILE op=mul_mat name=attn_output-51 ne=5120x2048x1x1 type_src0=21 rows=2048 cols=6144 stream=0x5e82347b59d0 total_ms=0.4547 host_ms=1.7956 err_el=0 err_q0=0 err_q1=0
GGML_OP_PROFILE op=mul_mat name=ffn_gate-51 ne=17408x2048x1x1 type_src0=10 rows=2048 cols=5120 stream=0x5e82347b59d0 total_ms=1.8207 host_ms=1.9127 err_el=0 err_q0=0 err_q1=0
GGML_OP_PROFILE op=mul_mat name=ffn_up-51 ne=17408x2048x1x1 type_src0=18 rows=2048 cols=5120 stream=0x5e82347b59d0 total_ms=1.6146 host_ms=1.6531 err_el=0 err_q0=0 err_q1=0
GGML_OP_PROFILE op=mul_mat name=ffn_out-51 ne=5120x2048x1x1 type_src0=18 rows=2048 cols=17408 stream=0x5e82347b59d0 total_ms=1.2671 host_ms=1.5412 err_el=0 err_q0=0 err_q1=0
GGML_OP_PROFILE op=mul_mat name=node_2977 ne=10240x2048x1x1 type_src0=10 rows=2048 cols=5120 stream=0x5e82347b59d0 total_ms=1.1305 host_ms=1.2254 err_el=0 err_q0=0 err_q1=0
GGML_OP_PROFILE op=mul_mat name=node_2998 ne=48x2048x1x1 type_src0=8 rows=2048 cols=5120 stream=0x5e82347b59d0 total_ms=0.0676 host_ms=0.4483 err_el=0 err_q0=0 err_q1=0
GGML_OP_PROFILE op=mul_mat name=node_3004 ne=48x2048x1x1 type_src0=8 rows=2048 cols=5120 stream=0x5e82347b59d0 total_ms=0.0604 host_ms=0.0809 err_el=0 err_q0=0 err_q1=0
GGML_OP_PROFILE op=mul_mat name=z-52 ne=6144x2048x1x1 type_src0=10 rows=2048 cols=5120 stream=0x5e82347b59d0 total_ms=0.7342 host_ms=2.3701 err_el=0 err_q0=0 err_q1=0
GGML_OP_PROFILE op=mul_mat name=linear_attn_out-52 ne=5120x2048x1x1 type_src0=21 rows=2048 cols=6144 stream=0x5e82347b59d0 total_ms=0.4556 host_ms=0.5388 err_el=0 err_q0=0 err_q1=0
GGML_OP_PROFILE op=mul_mat name=ffn_gate-52 ne=17408x2048x1x1 type_src0=10 rows=2048 cols=5120 stream=0x5e82347b59d0 total_ms=1.8165 host_ms=1.9076 err_el=0 err_q0=0 err_q1=0
GGML_OP_PROFILE op=mul_mat name=ffn_up-52 ne=17408x2048x1x1 type_src0=18 rows=2048 cols=5120 stream=0x5e82347b59d0 total_ms=1.2072 host_ms=1.2504 err_el=0 err_q0=0 err_q1=0
GGML_OP_PROFILE op=mul_mat name=ffn_out-52 ne=5120x2048x1x1 type_src0=18 rows=2048 cols=17408 stream=0x5e82347b59d0 total_ms=1.2706 host_ms=1.5562 err_el=0 err_q0=0 err_q1=0
GGML_OP_PROFILE op=mul_mat name=node_3040 ne=10240x2048x1x1 type_src0=10 rows=2048 cols=5120 stream=0x5e82347b59d0 total_ms=1.4276 host_ms=1.5189 err_el=0 err_q0=0 err_q1=0
GGML_OP_PROFILE op=mul_mat name=node_3061 ne=48x2048x1x1 type_src0=8 rows=2048 cols=5120 stream=0x5e82347b59d0 total_ms=0.0676 host_ms=0.4455 err_el=0 err_q0=0 err_q1=0
GGML_OP_PROFILE op=mul_mat name=node_3067 ne=48x2048x1x1 type_src0=8 rows=2048 cols=5120 stream=0x5e82347b59d0 total_ms=0.0971 host_ms=0.1230 err_el=0 err_q0=0 err_q1=0
GGML_OP_PROFILE op=mul_mat name=z-53 ne=6144x2048x1x1 type_src0=10 rows=2048 cols=5120 stream=0x5e82347b59d0 total_ms=0.7342 host_ms=2.3773 err_el=0 err_q0=0 err_q1=0
GGML_OP_PROFILE op=mul_mat name=linear_attn_out-53 ne=5120x2048x1x1 type_src0=21 rows=2048 cols=6144 stream=0x5e82347b59d0 total_ms=0.4579 host_ms=0.5403 err_el=0 err_q0=0 err_q1=0
GGML_OP_PROFILE op=mul_mat name=ffn_gate-53 ne=17408x2048x1x1 type_src0=10 rows=2048 cols=5120 stream=0x5e82347b59d0 total_ms=1.8201 host_ms=1.9359 err_el=0 err_q0=0 err_q1=0
GGML_OP_PROFILE op=mul_mat name=ffn_up-53 ne=17408x2048x1x1 type_src0=18 rows=2048 cols=5120 stream=0x5e82347b59d0 total_ms=1.2508 host_ms=1.2938 err_el=0 err_q0=0 err_q1=0
GGML_OP_PROFILE op=mul_mat name=ffn_out-53 ne=5120x2048x1x1 type_src0=18 rows=2048 cols=17408 stream=0x5e82347b59d0 total_ms=1.2686 host_ms=1.5467 err_el=0 err_q0=0 err_q1=0
GGML_OP_PROFILE op=mul_mat name=node_3103 ne=10240x2048x1x1 type_src0=10 rows=2048 cols=5120 stream=0x5e82347b59d0 total_ms=1.1312 host_ms=1.2013 err_el=0 err_q0=0 err_q1=0
GGML_OP_PROFILE op=mul_mat name=node_3124 ne=48x2048x1x1 type_src0=8 rows=2048 cols=5120 stream=0x5e82347b59d0 total_ms=0.0676 host_ms=0.4548 err_el=0 err_q0=0 err_q1=0
GGML_OP_PROFILE op=mul_mat name=node_3130 ne=48x2048x1x1 type_src0=8 rows=2048 cols=5120 stream=0x5e82347b59d0 total_ms=0.0755 host_ms=0.0957 err_el=0 err_q0=0 err_q1=0
GGML_OP_PROFILE op=mul_mat name=z-54 ne=6144x2048x1x1 type_src0=10 rows=2048 cols=5120 stream=0x5e82347b59d0 total_ms=0.7332 host_ms=2.7530 err_el=0 err_q0=0 err_q1=0
GGML_OP_PROFILE op=mul_mat name=linear_attn_out-54 ne=5120x2048x1x1 type_src0=18 rows=2048 cols=6144 stream=0x5e82347b59d0 total_ms=0.4436 host_ms=0.5353 err_el=0 err_q0=0 err_q1=0
GGML_OP_PROFILE op=mul_mat name=ffn_gate-54 ne=17408x2048x1x1 type_src0=18 rows=2048 cols=5120 stream=0x5e82347b59d0 total_ms=1.1694 host_ms=1.2620 err_el=0 err_q0=0 err_q1=0
GGML_OP_PROFILE op=mul_mat name=ffn_up-54 ne=17408x2048x1x1 type_src0=18 rows=2048 cols=5120 stream=0x5e82347b59d0 total_ms=1.1991 host_ms=1.2387 err_el=0 err_q0=0 err_q1=0
GGML_OP_PROFILE op=mul_mat name=ffn_out-54 ne=5120x2048x1x1 type_src0=21 rows=2048 cols=17408 stream=0x5e82347b59d0 total_ms=1.3075 host_ms=1.5817 err_el=0 err_q0=0 err_q1=0
GGML_OP_PROFILE op=mul_mat name=Qcur_full-55 ne=12288x2048x1x1 type_src0=10 rows=2048 cols=5120 stream=0x5e82347b59d0 total_ms=1.3716 host_ms=1.4549 err_el=0 err_q0=0 err_q1=0
GGML_OP_PROFILE op=mul_mat name=Vcur-55 ne=1024x2048x1x1 type_src0=23 rows=2048 cols=5120 stream=0x5e82347b59d0 total_ms=0.1127 host_ms=0.2302 err_el=0 err_q0=0 err_q1=0
GGML_OP_PROFILE op=mul_mat name=Kcur-55 ne=1024x2048x1x1 type_src0=23 rows=2048 cols=5120 stream=0x5e82347b59d0 total_ms=0.1327 host_ms=0.1704 err_el=0 err_q0=0 err_q1=0
GGML_OP_PROFILE op=mul_mat name=attn_output-55 ne=5120x2048x1x1 type_src0=21 rows=2048 cols=6144 stream=0x5e82347b59d0 total_ms=0.4526 host_ms=1.7828 err_el=0 err_q0=0 err_q1=0
GGML_OP_PROFILE op=mul_mat name=ffn_gate-55 ne=17408x2048x1x1 type_src0=10 rows=2048 cols=5120 stream=0x5e82347b59d0 total_ms=1.8173 host_ms=1.9281 err_el=0 err_q0=0 err_q1=0
GGML_OP_PROFILE op=mul_mat name=ffn_up-55 ne=17408x2048x1x1 type_src0=18 rows=2048 cols=5120 stream=0x5e82347b59d0 total_ms=1.5561 host_ms=1.5964 err_el=0 err_q0=0 err_q1=0
GGML_OP_PROFILE op=mul_mat name=ffn_out-55 ne=5120x2048x1x1 type_src0=21 rows=2048 cols=17408 stream=0x5e82347b59d0 total_ms=1.3099 host_ms=1.5905 err_el=0 err_q0=0 err_q1=0
GGML_OP_PROFILE op=mul_mat name=node_3205 ne=10240x2048x1x1 type_src0=21 rows=2048 cols=5120 stream=0x5e82347b59d0 total_ms=0.7496 host_ms=0.8431 err_el=0 err_q0=0 err_q1=0
GGML_OP_PROFILE op=mul_mat name=node_3226 ne=48x2048x1x1 type_src0=8 rows=2048 cols=5120 stream=0x5e82347b59d0 total_ms=0.0676 host_ms=0.4468 err_el=0 err_q0=0 err_q1=0
GGML_OP_PROFILE op=mul_mat name=node_3232 ne=48x2048x1x1 type_src0=8 rows=2048 cols=5120 stream=0x5e82347b59d0 total_ms=0.0786 host_ms=0.1006 err_el=0 err_q0=0 err_q1=0
GGML_OP_PROFILE op=mul_mat name=z-56 ne=6144x2048x1x1 type_src0=21 rows=2048 cols=5120 stream=0x5e82347b59d0 total_ms=0.4925 host_ms=2.1273 err_el=0 err_q0=0 err_q1=0
GGML_OP_PROFILE op=mul_mat name=linear_attn_out-56 ne=5120x2048x1x1 type_src0=23 rows=2048 cols=6144 stream=0x5e82347b59d0 total_ms=0.4084 host_ms=0.4866 err_el=0 err_q0=0 err_q1=0
GGML_OP_PROFILE op=mul_mat name=ffn_gate-56 ne=17408x2048x1x1 type_src0=21 rows=2048 cols=5120 stream=0x5e82347b59d0 total_ms=1.2104 host_ms=1.3009 err_el=0 err_q0=0 err_q1=0
GGML_OP_PROFILE op=mul_mat name=ffn_up-56 ne=17408x2048x1x1 type_src0=23 rows=2048 cols=5120 stream=0x5e82347b59d0 total_ms=1.1012 host_ms=1.1410 err_el=0 err_q0=0 err_q1=0
GGML_OP_PROFILE op=mul_mat name=ffn_out-56 ne=5120x2048x1x1 type_src0=23 rows=2048 cols=17408 stream=0x5e82347b59d0 total_ms=1.1682 host_ms=1.4472 err_el=0 err_q0=0 err_q1=0
GGML_OP_PROFILE op=mul_mat name=node_3268 ne=10240x2048x1x1 type_src0=18 rows=2048 cols=5120 stream=0x5e82347b59d0 total_ms=0.7250 host_ms=0.8135 err_el=0 err_q0=0 err_q1=0
GGML_OP_PROFILE op=mul_mat name=node_3289 ne=48x2048x1x1 type_src0=8 rows=2048 cols=5120 stream=0x5e82347b59d0 total_ms=0.0676 host_ms=0.4394 err_el=0 err_q0=0 err_q1=0
GGML_OP_PROFILE op=mul_mat name=node_3295 ne=48x2048x1x1 type_src0=8 rows=2048 cols=5120 stream=0x5e82347b59d0 total_ms=0.0493 host_ms=0.0806 err_el=0 err_q0=0 err_q1=0
GGML_OP_PROFILE op=mul_mat name=z-57 ne=6144x2048x1x1 type_src0=21 rows=2048 cols=5120 stream=0x5e82347b59d0 total_ms=0.4915 host_ms=2.4009 err_el=0 err_q0=0 err_q1=0
GGML_OP_PROFILE op=mul_mat name=linear_attn_out-57 ne=5120x2048x1x1 type_src0=23 rows=2048 cols=6144 stream=0x5e82347b59d0 total_ms=0.4069 host_ms=0.5002 err_el=0 err_q0=0 err_q1=0
GGML_OP_PROFILE op=mul_mat name=ffn_gate-57 ne=17408x2048x1x1 type_src0=23 rows=2048 cols=5120 stream=0x5e82347b59d0 total_ms=1.0752 host_ms=1.1648 err_el=0 err_q0=0 err_q1=0
GGML_OP_PROFILE op=mul_mat name=ffn_up-57 ne=17408x2048x1x1 type_src0=23 rows=2048 cols=5120 stream=0x5e82347b59d0 total_ms=1.1089 host_ms=1.1537 err_el=0 err_q0=0 err_q1=0
GGML_OP_PROFILE op=mul_mat name=ffn_out-57 ne=5120x2048x1x1 type_src0=23 rows=2048 cols=17408 stream=0x5e82347b59d0 total_ms=1.1698 host_ms=1.4482 err_el=0 err_q0=0 err_q1=0
GGML_OP_PROFILE op=mul_mat name=node_3331 ne=10240x2048x1x1 type_src0=21 rows=2048 cols=5120 stream=0x5e82347b59d0 total_ms=0.7496 host_ms=0.8421 err_el=0 err_q0=0 err_q1=0
GGML_OP_PROFILE op=mul_mat name=node_3352 ne=48x2048x1x1 type_src0=8 rows=2048 cols=5120 stream=0x5e82347b59d0 total_ms=0.0676 host_ms=0.7277 err_el=0 err_q0=0 err_q1=0
GGML_OP_PROFILE op=mul_mat name=node_3358 ne=48x2048x1x1 type_src0=8 rows=2048 cols=5120 stream=0x5e82347b59d0 total_ms=0.0498 host_ms=0.0764 err_el=0 err_q0=0 err_q1=0
GGML_OP_PROFILE op=mul_mat name=z-58 ne=6144x2048x1x1 type_src0=21 rows=2048 cols=5120 stream=0x5e82347b59d0 total_ms=0.4905 host_ms=2.1208 err_el=0 err_q0=0 err_q1=0
GGML_OP_PROFILE op=mul_mat name=linear_attn_out-58 ne=5120x2048x1x1 type_src0=23 rows=2048 cols=6144 stream=0x5e82347b59d0 total_ms=0.4067 host_ms=0.4939 err_el=0 err_q0=0 err_q1=0
GGML_OP_PROFILE op=mul_mat name=ffn_gate-58 ne=17408x2048x1x1 type_src0=23 rows=2048 cols=5120 stream=0x5e82347b59d0 total_ms=1.0752 host_ms=1.1666 err_el=0 err_q0=0 err_q1=0
GGML_OP_PROFILE op=mul_mat name=ffn_up-58 ne=17408x2048x1x1 type_src0=23 rows=2048 cols=5120 stream=0x5e82347b59d0 total_ms=1.1039 host_ms=1.1429 err_el=0 err_q0=0 err_q1=0
GGML_OP_PROFILE op=mul_mat name=ffn_out-58 ne=5120x2048x1x1 type_src0=23 rows=2048 cols=17408 stream=0x5e82347b59d0 total_ms=1.1703 host_ms=1.4507 err_el=0 err_q0=0 err_q1=0
GGML_OP_PROFILE op=mul_mat name=Qcur_full-59 ne=12288x2048x1x1 type_src0=18 rows=2048 cols=5120 stream=0x5e82347b59d0 total_ms=0.8663 host_ms=0.9590 err_el=0 err_q0=0 err_q1=0
GGML_OP_PROFILE op=mul_mat name=Vcur-59 ne=1024x2048x1x1 type_src0=13 rows=2048 cols=5120 stream=0x5e82347b59d0 total_ms=0.1250 host_ms=0.2415 err_el=0 err_q0=0 err_q1=0
GGML_OP_PROFILE op=mul_mat name=Kcur-59 ne=1024x2048x1x1 type_src0=12 rows=2048 cols=5120 stream=0x5e82347b59d0 total_ms=0.1201 host_ms=0.1603 err_el=0 err_q0=0 err_q1=0
GGML_OP_PROFILE op=mul_mat name=attn_output-59 ne=5120x2048x1x1 type_src0=23 rows=2048 cols=6144 stream=0x5e82347b59d0 total_ms=0.4014 host_ms=1.7269 err_el=0 err_q0=0 err_q1=0
GGML_OP_PROFILE op=mul_mat name=ffn_gate-59 ne=17408x2048x1x1 type_src0=23 rows=2048 cols=5120 stream=0x5e82347b59d0 total_ms=1.0772 host_ms=1.1617 err_el=0 err_q0=0 err_q1=0
GGML_OP_PROFILE op=mul_mat name=ffn_up-59 ne=17408x2048x1x1 type_src0=23 rows=2048 cols=5120 stream=0x5e82347b59d0 total_ms=1.1017 host_ms=1.1370 err_el=0 err_q0=0 err_q1=0
GGML_OP_PROFILE op=mul_mat name=ffn_out-59 ne=5120x2048x1x1 type_src0=23 rows=2048 cols=17408 stream=0x5e82347b59d0 total_ms=1.1686 host_ms=1.4589 err_el=0 err_q0=0 err_q1=0
GGML_OP_PROFILE op=mul_mat name=node_3433 ne=10240x2048x1x1 type_src0=21 rows=2048 cols=5120 stream=0x5e82347b59d0 total_ms=0.7495 host_ms=0.8393 err_el=0 err_q0=0 err_q1=0
GGML_OP_PROFILE op=mul_mat name=node_3454 ne=48x2048x1x1 type_src0=8 rows=2048 cols=5120 stream=0x5e82347b59d0 total_ms=0.0676 host_ms=0.4320 err_el=0 err_q0=0 err_q1=0
GGML_OP_PROFILE op=mul_mat name=node_3460 ne=48x2048x1x1 type_src0=8 rows=2048 cols=5120 stream=0x5e82347b59d0 total_ms=0.0519 host_ms=0.0731 err_el=0 err_q0=0 err_q1=0
GGML_OP_PROFILE op=mul_mat name=z-60 ne=6144x2048x1x1 type_src0=21 rows=2048 cols=5120 stream=0x5e82347b59d0 total_ms=0.4905 host_ms=2.1317 err_el=0 err_q0=0 err_q1=0
GGML_OP_PROFILE op=mul_mat name=linear_attn_out-60 ne=5120x2048x1x1 type_src0=23 rows=2048 cols=6144 stream=0x5e82347b59d0 total_ms=0.4055 host_ms=0.5612 err_el=0 err_q0=0 err_q1=0
GGML_OP_PROFILE op=mul_mat name=ffn_gate-60 ne=17408x2048x1x1 type_src0=23 rows=2048 cols=5120 stream=0x5e82347b59d0 total_ms=1.0791 host_ms=1.1635 err_el=0 err_q0=0 err_q1=0
GGML_OP_PROFILE op=mul_mat name=ffn_up-60 ne=17408x2048x1x1 type_src0=23 rows=2048 cols=5120 stream=0x5e82347b59d0 total_ms=1.1086 host_ms=1.1504 err_el=0 err_q0=0 err_q1=0
GGML_OP_PROFILE op=mul_mat name=ffn_out-60 ne=5120x2048x1x1 type_src0=23 rows=2048 cols=17408 stream=0x5e82347b59d0 total_ms=1.1682 host_ms=1.4450 err_el=0 err_q0=0 err_q1=0
GGML_OP_PROFILE op=mul_mat name=node_3496 ne=10240x2048x1x1 type_src0=21 rows=2048 cols=5120 stream=0x5e82347b59d0 total_ms=0.7475 host_ms=0.8415 err_el=0 err_q0=0 err_q1=0
GGML_OP_PROFILE op=mul_mat name=node_3517 ne=48x2048x1x1 type_src0=8 rows=2048 cols=5120 stream=0x5e82347b59d0 total_ms=0.0676 host_ms=0.4346 err_el=0 err_q0=0 err_q1=0
GGML_OP_PROFILE op=mul_mat name=node_3523 ne=48x2048x1x1 type_src0=8 rows=2048 cols=5120 stream=0x5e82347b59d0 total_ms=0.0650 host_ms=0.0833 err_el=0 err_q0=0 err_q1=0
GGML_OP_PROFILE op=mul_mat name=z-61 ne=6144x2048x1x1 type_src0=21 rows=2048 cols=5120 stream=0x5e82347b59d0 total_ms=0.4905 host_ms=2.1387 err_el=0 err_q0=0 err_q1=0
GGML_OP_PROFILE op=mul_mat name=linear_attn_out-61 ne=5120x2048x1x1 type_src0=21 rows=2048 cols=6144 stream=0x5e82347b59d0 total_ms=0.4573 host_ms=0.5370 err_el=0 err_q0=0 err_q1=0
GGML_OP_PROFILE op=mul_mat name=ffn_gate-61 ne=17408x2048x1x1 type_src0=23 rows=2048 cols=5120 stream=0x5e82347b59d0 total_ms=1.0752 host_ms=1.1609 err_el=0 err_q0=0 err_q1=0
GGML_OP_PROFILE op=mul_mat name=ffn_up-61 ne=17408x2048x1x1 type_src0=23 rows=2048 cols=5120 stream=0x5e82347b59d0 total_ms=1.1026 host_ms=1.1390 err_el=0 err_q0=0 err_q1=0
GGML_OP_PROFILE op=mul_mat name=ffn_out-61 ne=5120x2048x1x1 type_src0=23 rows=2048 cols=17408 stream=0x5e82347b59d0 total_ms=1.4582 host_ms=1.7343 err_el=0 err_q0=0 err_q1=0
GGML_OP_PROFILE op=mul_mat name=node_3559 ne=10240x2048x1x1 type_src0=21 rows=2048 cols=5120 stream=0x5e82347b59d0 total_ms=0.8061 host_ms=0.9127 err_el=0 err_q0=0 err_q1=0
GGML_OP_PROFILE op=mul_mat name=node_3580 ne=48x2048x1x1 type_src0=8 rows=2048 cols=5120 stream=0x5e82347b59d0 total_ms=0.0676 host_ms=0.4355 err_el=0 err_q0=0 err_q1=0
GGML_OP_PROFILE op=mul_mat name=node_3586 ne=48x2048x1x1 type_src0=8 rows=2048 cols=5120 stream=0x5e82347b59d0 total_ms=0.0970 host_ms=0.1232 err_el=0 err_q0=0 err_q1=0
GGML_OP_PROFILE op=mul_mat name=z-62 ne=6144x2048x1x1 type_src0=18 rows=2048 cols=5120 stream=0x5e82347b59d0 total_ms=0.4741 host_ms=2.0595 err_el=0 err_q0=0 err_q1=0
GGML_OP_PROFILE op=mul_mat name=linear_attn_out-62 ne=5120x2048x1x1 type_src0=23 rows=2048 cols=6144 stream=0x5e82347b59d0 total_ms=0.4044 host_ms=0.4904 err_el=0 err_q0=0 err_q1=0
GGML_OP_PROFILE op=mul_mat name=ffn_gate-62 ne=17408x2048x1x1 type_src0=23 rows=2048 cols=5120 stream=0x5e82347b59d0 total_ms=1.0780 host_ms=1.1539 err_el=0 err_q0=0 err_q1=0
GGML_OP_PROFILE op=mul_mat name=ffn_up-62 ne=17408x2048x1x1 type_src0=23 rows=2048 cols=5120 stream=0x5e82347b59d0 total_ms=1.1834 host_ms=1.2473 err_el=0 err_q0=0 err_q1=0
GGML_OP_PROFILE op=mul_mat name=ffn_out-62 ne=5120x2048x1x1 type_src0=21 rows=2048 cols=17408 stream=0x5e82347b59d0 total_ms=1.3013 host_ms=1.5838 err_el=0 err_q0=0 err_q1=0
GGML_OP_PROFILE op=mul_mat name=Qcur_full-63 ne=12288x2048x1x1 type_src0=23 rows=2048 cols=5120 stream=0x5e82347b59d0 total_ms=0.8148 host_ms=0.8991 err_el=0 err_q0=0 err_q1=0
GGML_OP_PROFILE op=mul_mat name=Vcur-63 ne=1024x2048x1x1 type_src0=13 rows=2048 cols=5120 stream=0x5e82347b59d0 total_ms=0.1247 host_ms=0.2382 err_el=0 err_q0=0 err_q1=0
GGML_OP_PROFILE op=mul_mat name=Kcur-63 ne=1024x2048x1x1 type_src0=12 rows=2048 cols=5120 stream=0x5e82347b59d0 total_ms=0.1710 host_ms=0.2456 err_el=0 err_q0=0 err_q1=0
GGML_OP_PROFILE op=mul_mat name=attn_output-63 ne=5120x2048x1x1 type_src0=23 rows=2048 cols=6144 stream=0x5e82347b59d0 total_ms=0.4014 host_ms=2.0605 err_el=0 err_q0=0 err_q1=0
GGML_OP_PROFILE op=mul_mat name=ffn_gate-63 ne=17408x2048x1x1 type_src0=23 rows=2048 cols=5120 stream=0x5e82347b59d0 total_ms=1.0767 host_ms=1.1690 err_el=0 err_q0=0 err_q1=0
GGML_OP_PROFILE op=mul_mat name=ffn_up-63 ne=17408x2048x1x1 type_src0=12 rows=2048 cols=5120 stream=0x5e82347b59d0 total_ms=1.3050 host_ms=1.3487 err_el=0 err_q0=0 err_q1=0
GGML_OP_PROFILE op=mul_mat name=ffn_out-63 ne=5120x2048x1x1 type_src0=12 rows=2048 cols=17408 stream=0x5e82347b59d0 total_ms=1.2973 host_ms=1.5749 err_el=0 err_q0=0 err_q1=0
GGML_OP_PROFILE op=mul_mat name=result_output ne=248320x1x1x1 type_src0=12 rows=1 cols=5120 stream=0x5e82347b59d0 total_ms=0.4424 host_ms=0.5240 err_el=0 err_q0=0 err_q1=0
  {
    "build_commit": "be6bf478d",
    "build_number": 11313,
    "cpu_info": "AMD Ryzen 7 7800X3D 8-Core Processor",
    "gpu_info": "NVIDIA GeForce RTX 5090",
    "backends": "CUDA",
    "model_filename": "/mnt/d/CODEX WORKSPACE/beellama-release/models/Qwen3.8-27B-LowGPU-NoMTP-IQ3XXXS.gguf",
    "model_type": "qwen35 27B IQ1_S - 1.5625 bpw",
    "model_size": 9559668736,
    "model_n_params": 26895998464,
    "n_batch": 2048,
    "n_ubatch": 2048,
    "n_threads": 8,
    "cpu_mask": "0x0",
    "cpu_strict": false,
    "poll": 50,
    "type_k": "f16",
    "type_v": "f16",
    "kv_tail_tokens": 0,
    "kv_tail_tokens_effective": 0,
    "kv_tail_type": "f16",
    "kvarn_route_split": 0,
    "kvarn_route_vector": 0,
    "kvarn_route_generic": 0,
    "kvarn_route_prefill": 0,
    "kvarn_route_families": 15,
    "kvarn_route_portable": 0,
    "kvarn_route_amd_generic": 0,
    "kvarn_route_amd_split": 0,
    "kvarn_route_amd_vector": 0,
    "kvarn_route_materialize": 0,
    "kvarn_route_split_reduce": 0,
    "kvarn_route_direct": 0,
    "kvarn_route_compact_tail": 0,
    "kvarn_route_generic_rejected": 0,
    "kv_k_payload_bytes": 0,
    "kv_v_payload_bytes": 0,
    "kv_exact_tail_bytes": 0,
    "kv_exact_history_bytes": 0,
    "kv_exact_overlay_bytes": 0,
    "kv_native_exact_bytes": 0,
    "kv_rollback_reserve_bytes": 0,
    "kv_transient_estimate_bytes": 0,
    "kv_staging_bytes": 0,
    "kv_metadata_bytes": 0,
    "kv_padding_bytes": 0,
    "kv_resident_bytes": 0,
    "kv_global_resident_bytes": 0,
    "kv_swa_resident_bytes": 0,
    "kv_allocated_capacity_tokens": 0,
    "kv_live_tokens": 0,
    "kv_descriptor_bytes": 0,
    "kv_tail_native_bodyless_layers": 0,
    "kv_tail_native_mixed_layers": 0,
    "kv_tail_device_fallback_layers": 0,
    "kv_tail_cpu_layers": 0,
    "kv_partial_output_bytes": 0,
    "kv_partial_meta_bytes": 0,
    "kv_tail_body_meta_bytes": 0,
    "kv_tail_exact_meta_bytes": 0,
    "kv_tail_pack_bytes": 0,
    "kv_tail_body_output_bytes": 0,
    "kv_tail_exact_output_bytes": 0,
    "kv_tail_plan_input_bytes": 0,
    "kv_transient_bytes": 0,
    "kv_peak_bytes": 0,
    "cuda_used_model_bytes": 0,
    "cuda_used_context_bytes": 0,
    "cuda_used_prefill_bytes": 0,
    "cuda_used_peak_bytes": 0,
    "cuda_used_after_context_bytes": 0,
    "cuda_total_bytes": 0,
    "cuda_context_buffer_bytes": 0,
    "cuda_non_kv_context_buffer_bytes": 0,
    "cuda_compute_buffer_bytes": 0,
    "cuda_context_delta_bytes": 0,
    "cuda_peak_delta_bytes": 0,
    "cuda_reconciliation_delta_bytes": 0,
    "cuda_runtime_overhead_bytes": 0,
    "cuda_teardown_delta_bytes": 0,
    "n_gpu_layers": 99,
    "n_cpu_moe": 0,
    "split_mode": "layer",
    "main_gpu": 0,
    "no_kv_offload": false,
    "flash_attn": 1,
    "devices": "auto",
    "tensor_split": "0.00",
    "tensor_buft_overrides": "none",
    "load_mode": "auto",
    "embeddings": false,
    "no_op_offload": 0,
    "no_host": false,
    "fit_target": 0,
    "fit_min_ctx": 0,
    "n_prompt": 4096,
    "n_gen": 0,
    "n_depth": 0,
    "test_time": "2026-09-02T04:07:44Z",
    "avg_ns": 1537656520,
    "stddev_ns": 0,
    "avg_ts": 2663.793862,
    "stddev_ts": 0.000000,
    "samples_ns": [ 1537656520 ],
    "planner_ns": [ 0 ],
    "samples_ts": [ 2663.79 ]
  }
]
