ggml_cuda_init: found 1 CUDA devices (Total VRAM: 32606 MiB):
  Device 0: NVIDIA GeForce RTX 5090, compute capability 12.0, VMM: yes, VRAM: 32606 MiB
[
ESCHA_PROFILE k=2 ic=5120 oc=10240 rows=2048 gen=0 route=mma-fp16-mixedacc total_ms=22.9798 rotate_ms=7.0807 matmul_ms=11.6722 epilogue_ms=4.2268
ESCHA_PROFILE k=2 ic=5120 oc=6144 rows=2048 gen=0 route=mma-fp16-mixedacc total_ms=7.3480 rotate_ms=1.6259 matmul_ms=4.5087 epilogue_ms=1.2135
ESCHA_PROFILE k=2 ic=6144 oc=5120 rows=2048 gen=0 route=mma-fp16-mixedacc total_ms=10.9865 rotate_ms=1.5268 matmul_ms=3.6506 epilogue_ms=5.8092
ESCHA_PROFILE k=2 ic=5120 oc=17408 rows=2048 gen=0 route=mma-fp16-mixedacc total_ms=9.8089 rotate_ms=0.7229 matmul_ms=8.8975 epilogue_ms=0.1884
ESCHA_PROFILE k=3 ic=5120 oc=17408 rows=2048 gen=0 route=mma-fp16-mixedacc total_ms=2.0344 rotate_ms=0.0581 matmul_ms=1.7885 epilogue_ms=0.1878
ESCHA_PROFILE k=3 ic=17408 oc=5120 rows=2048 gen=0 route=mma-fp32-mixedacc total_ms=2.4660 rotate_ms=0.1792 matmul_ms=2.2382 epilogue_ms=0.0485
ESCHA_PROFILE k=2 ic=5120 oc=10240 rows=2048 gen=0 route=mma-fp16-mixedacc total_ms=1.1609 rotate_ms=0.0407 matmul_ms=1.0097 epilogue_ms=0.1106
ESCHA_PROFILE k=2 ic=5120 oc=6144 rows=2048 gen=0 route=mma-fp16-mixedacc total_ms=0.7721 rotate_ms=0.0512 matmul_ms=0.6656 epilogue_ms=0.0553
ESCHA_PROFILE k=2 ic=6144 oc=5120 rows=2048 gen=0 route=mma-fp16-mixedacc total_ms=0.7057 rotate_ms=0.0504 matmul_ms=0.6103 epilogue_ms=0.0450
ESCHA_PROFILE k=2 ic=5120 oc=17408 rows=2048 gen=0 route=mma-fp16-mixedacc total_ms=1.8614 rotate_ms=0.0448 matmul_ms=1.6281 epilogue_ms=0.1884
ESCHA_PROFILE k=3 ic=5120 oc=17408 rows=2048 gen=0 route=mma-fp16-mixedacc total_ms=1.9229 rotate_ms=0.0562 matmul_ms=1.6793 epilogue_ms=0.1874
ESCHA_PROFILE k=3 ic=17408 oc=5120 rows=2048 gen=0 route=mma-fp32-mixedacc total_ms=2.3697 rotate_ms=0.1692 matmul_ms=2.1514 epilogue_ms=0.0492
ESCHA_PROFILE k=2 ic=5120 oc=10240 rows=2048 gen=0 route=mma-fp16-mixedacc total_ms=1.1571 rotate_ms=0.0395 matmul_ms=1.0093 epilogue_ms=0.1083
ESCHA_PROFILE k=2 ic=5120 oc=6144 rows=2048 gen=0 route=mma-fp16-mixedacc total_ms=0.7738 rotate_ms=0.0550 matmul_ms=0.6636 epilogue_ms=0.0553
ESCHA_PROFILE k=2 ic=6144 oc=5120 rows=2048 gen=0 route=mma-fp16-mixedacc total_ms=0.9802 rotate_ms=0.0504 matmul_ms=0.8847 epilogue_ms=0.0450
ESCHA_PROFILE k=2 ic=5120 oc=17408 rows=2048 gen=0 route=mma-fp16-mixedacc total_ms=1.8614 rotate_ms=0.0407 matmul_ms=1.6322 epilogue_ms=0.1884
ESCHA_PROFILE k=3 ic=5120 oc=17408 rows=2048 gen=0 route=mma-fp16-mixedacc total_ms=1.9311 rotate_ms=0.0562 matmul_ms=1.6876 epilogue_ms=0.1874
ESCHA_PROFILE k=3 ic=17408 oc=5120 rows=2048 gen=0 route=mma-fp32-mixedacc total_ms=2.3733 rotate_ms=0.1666 matmul_ms=2.1576 epilogue_ms=0.0491
ESCHA_PROFILE k=2 ic=5120 oc=12288 rows=2048 gen=0 route=mma-fp16-mixedacc total_ms=1.4190 rotate_ms=0.0387 matmul_ms=1.2472 epilogue_ms=0.1331
ESCHA_PROFILE k=2 ic=5120 oc=1024 rows=2048 gen=0 route=mma-fp16-mixedacc total_ms=0.2027 rotate_ms=0.0532 matmul_ms=0.1372 epilogue_ms=0.0123
ESCHA_PROFILE k=2 ic=5120 oc=1024 rows=2048 gen=0 route=mma-fp16-mixedacc total_ms=0.2128 rotate_ms=0.0625 matmul_ms=0.1381 epilogue_ms=0.0123
ESCHA_PROFILE k=2 ic=6144 oc=5120 rows=2048 gen=0 route=mma-fp16-mixedacc total_ms=0.7118 rotate_ms=0.0552 matmul_ms=0.6116 epilogue_ms=0.0450
ESCHA_PROFILE k=2 ic=5120 oc=17408 rows=2048 gen=0 route=mma-fp16-mixedacc total_ms=1.8572 rotate_ms=0.0406 matmul_ms=1.6302 epilogue_ms=0.1864
ESCHA_PROFILE k=3 ic=5120 oc=17408 rows=2048 gen=0 route=mma-fp16-mixedacc total_ms=1.9249 rotate_ms=0.0561 matmul_ms=1.6814 epilogue_ms=0.1874
ESCHA_PROFILE k=3 ic=17408 oc=5120 rows=2048 gen=0 route=mma-fp32-mixedacc total_ms=2.3697 rotate_ms=0.1692 matmul_ms=2.1514 epilogue_ms=0.0491
ESCHA_PROFILE k=2 ic=5120 oc=10240 rows=2048 gen=0 route=mma-fp16-mixedacc total_ms=1.1569 rotate_ms=0.0407 matmul_ms=1.0076 epilogue_ms=0.1086
ESCHA_PROFILE k=2 ic=5120 oc=6144 rows=2048 gen=0 route=mma-fp16-mixedacc total_ms=0.7717 rotate_ms=0.0529 matmul_ms=0.6636 epilogue_ms=0.0553
ESCHA_PROFILE k=2 ic=6144 oc=5120 rows=2048 gen=0 route=mma-fp16-mixedacc total_ms=0.7036 rotate_ms=0.0504 matmul_ms=0.6082 epilogue_ms=0.0451
ESCHA_PROFILE k=2 ic=5120 oc=17408 rows=2048 gen=0 route=mma-fp16-mixedacc total_ms=2.1776 rotate_ms=0.0405 matmul_ms=1.9487 epilogue_ms=0.1884
ESCHA_PROFILE k=3 ic=5120 oc=17408 rows=2048 gen=0 route=mma-fp16-mixedacc total_ms=1.9336 rotate_ms=0.0587 matmul_ms=1.6876 epilogue_ms=0.1874
ESCHA_PROFILE k=3 ic=17408 oc=5120 rows=2048 gen=0 route=mma-fp32-mixedacc total_ms=2.3758 rotate_ms=0.1732 matmul_ms=2.1535 epilogue_ms=0.0492
ESCHA_PROFILE k=2 ic=5120 oc=10240 rows=2048 gen=0 route=mma-fp16-mixedacc total_ms=1.1589 rotate_ms=0.0407 matmul_ms=1.0097 epilogue_ms=0.1085
ESCHA_PROFILE k=2 ic=5120 oc=6144 rows=2048 gen=0 route=mma-fp16-mixedacc total_ms=0.7738 rotate_ms=0.0549 matmul_ms=0.6635 epilogue_ms=0.0553
ESCHA_PROFILE k=2 ic=6144 oc=5120 rows=2048 gen=0 route=mma-fp16-mixedacc total_ms=0.7078 rotate_ms=0.0524 matmul_ms=0.6103 epilogue_ms=0.0451
ESCHA_PROFILE k=2 ic=5120 oc=17408 rows=2048 gen=0 route=mma-fp16-mixedacc total_ms=1.8637 rotate_ms=0.0416 matmul_ms=1.6340 epilogue_ms=0.1882
ESCHA_PROFILE k=3 ic=5120 oc=17408 rows=2048 gen=0 route=mma-fp16-mixedacc total_ms=2.2028 rotate_ms=0.0565 matmul_ms=1.9579 epilogue_ms=0.1884
ESCHA_PROFILE k=3 ic=17408 oc=5120 rows=2048 gen=0 route=mma-fp32-mixedacc total_ms=2.3697 rotate_ms=0.1691 matmul_ms=2.1514 epilogue_ms=0.0492
ESCHA_PROFILE k=2 ic=5120 oc=10240 rows=2048 gen=0 route=mma-fp16-mixedacc total_ms=1.1619 rotate_ms=0.0420 matmul_ms=1.0127 epilogue_ms=0.1072
ESCHA_PROFILE k=2 ic=5120 oc=6144 rows=2048 gen=0 route=mma-fp16-mixedacc total_ms=0.7759 rotate_ms=0.0529 matmul_ms=0.6676 epilogue_ms=0.0553
ESCHA_PROFILE k=2 ic=6144 oc=5120 rows=2048 gen=0 route=mma-fp16-mixedacc total_ms=0.7078 rotate_ms=0.0504 matmul_ms=0.6123 epilogue_ms=0.0451
ESCHA_PROFILE k=2 ic=5120 oc=17408 rows=2048 gen=0 route=mma-fp16-mixedacc total_ms=1.8696 rotate_ms=0.0428 matmul_ms=1.6404 epilogue_ms=0.1864
ESCHA_PROFILE k=3 ic=5120 oc=17408 rows=2048 gen=0 route=mma-fp16-mixedacc total_ms=1.9315 rotate_ms=0.0586 matmul_ms=1.6876 epilogue_ms=0.1853
ESCHA_PROFILE k=3 ic=17408 oc=5120 rows=2048 gen=0 route=mma-fp32-mixedacc total_ms=2.3800 rotate_ms=0.1713 matmul_ms=2.1596 epilogue_ms=0.0491
ESCHA_PROFILE k=2 ic=5120 oc=12288 rows=2048 gen=0 route=mma-fp16-mixedacc total_ms=1.4211 rotate_ms=0.0407 matmul_ms=1.2493 epilogue_ms=0.1311
ESCHA_PROFILE k=2 ic=5120 oc=1024 rows=2048 gen=0 route=mma-fp16-mixedacc total_ms=0.1987 rotate_ms=0.0512 matmul_ms=0.1352 epilogue_ms=0.0123
ESCHA_PROFILE k=2 ic=5120 oc=1024 rows=2048 gen=0 route=mma-fp16-mixedacc total_ms=0.2049 rotate_ms=0.0558 matmul_ms=0.1368 epilogue_ms=0.0123
ESCHA_PROFILE k=2 ic=6144 oc=5120 rows=2048 gen=0 route=mma-fp16-mixedacc total_ms=0.7004 rotate_ms=0.0471 matmul_ms=0.6083 epilogue_ms=0.0450
ESCHA_PROFILE k=2 ic=5120 oc=17408 rows=2048 gen=0 route=mma-fp16-mixedacc total_ms=1.8692 rotate_ms=0.0410 matmul_ms=1.6416 epilogue_ms=0.1866
ESCHA_PROFILE k=3 ic=5120 oc=17408 rows=2048 gen=0 route=mma-fp16-mixedacc total_ms=1.9356 rotate_ms=0.0565 matmul_ms=1.6916 epilogue_ms=0.1874
ESCHA_PROFILE k=3 ic=17408 oc=5120 rows=2048 gen=0 route=mma-fp32-mixedacc total_ms=2.6718 rotate_ms=0.1712 matmul_ms=2.4494 epilogue_ms=0.0512
ESCHA_PROFILE k=2 ic=5120 oc=10240 rows=2048 gen=0 route=mma-fp16-mixedacc total_ms=1.1673 rotate_ms=0.0423 matmul_ms=1.0138 epilogue_ms=0.1113
ESCHA_PROFILE k=2 ic=5120 oc=6144 rows=2048 gen=0 route=mma-fp16-mixedacc total_ms=0.7762 rotate_ms=0.0533 matmul_ms=0.6676 epilogue_ms=0.0553
ESCHA_PROFILE k=2 ic=6144 oc=5120 rows=2048 gen=0 route=mma-fp16-mixedacc total_ms=0.7095 rotate_ms=0.0506 matmul_ms=0.6141 epilogue_ms=0.0448
ESCHA_PROFILE k=2 ic=5120 oc=17408 rows=2048 gen=0 route=mma-fp16-mixedacc total_ms=1.8676 rotate_ms=0.0407 matmul_ms=1.6384 epilogue_ms=0.1884
ESCHA_PROFILE k=3 ic=5120 oc=17408 rows=2048 gen=0 route=mma-fp16-mixedacc total_ms=1.9389 rotate_ms=0.0578 matmul_ms=1.6937 epilogue_ms=0.1874
ESCHA_PROFILE k=3 ic=17408 oc=5120 rows=2048 gen=0 route=mma-fp32-mixedacc total_ms=2.3779 rotate_ms=0.1692 matmul_ms=2.1596 epilogue_ms=0.0491
ESCHA_PROFILE k=2 ic=5120 oc=10240 rows=2048 gen=0 route=mma-fp16-mixedacc total_ms=1.4252 rotate_ms=0.0407 matmul_ms=1.2759 epilogue_ms=0.1085
ESCHA_PROFILE k=2 ic=5120 oc=6144 rows=2048 gen=0 route=mma-fp16-mixedacc total_ms=0.7752 rotate_ms=0.0533 matmul_ms=0.6666 epilogue_ms=0.0553
ESCHA_PROFILE k=2 ic=6144 oc=5120 rows=2048 gen=0 route=mma-fp16-mixedacc total_ms=0.7070 rotate_ms=0.0497 matmul_ms=0.6124 epilogue_ms=0.0450
ESCHA_PROFILE k=2 ic=5120 oc=17408 rows=2048 gen=0 route=mma-fp16-mixedacc total_ms=1.8671 rotate_ms=0.0403 matmul_ms=1.6404 epilogue_ms=0.1864
ESCHA_PROFILE k=3 ic=5120 oc=17408 rows=2048 gen=0 route=mma-fp16-mixedacc total_ms=1.9397 rotate_ms=0.0586 matmul_ms=1.6937 epilogue_ms=0.1874
ESCHA_PROFILE k=3 ic=17408 oc=5120 rows=2048 gen=0 route=mma-fp32-mixedacc total_ms=2.3794 rotate_ms=0.1706 matmul_ms=2.1596 epilogue_ms=0.0492
ESCHA_PROFILE k=2 ic=5120 oc=10240 rows=2048 gen=0 route=mma-fp16-mixedacc total_ms=1.1630 rotate_ms=0.0407 matmul_ms=1.0137 epilogue_ms=0.1086
ESCHA_PROFILE k=2 ic=5120 oc=6144 rows=2048 gen=0 route=mma-fp16-mixedacc total_ms=0.7813 rotate_ms=0.0512 matmul_ms=0.6728 epilogue_ms=0.0573
ESCHA_PROFILE k=2 ic=6144 oc=5120 rows=2048 gen=0 route=mma-fp16-mixedacc total_ms=0.7096 rotate_ms=0.0502 matmul_ms=0.6144 epilogue_ms=0.0451
ESCHA_PROFILE k=2 ic=5120 oc=17408 rows=2048 gen=0 route=mma-fp16-mixedacc total_ms=1.8815 rotate_ms=0.0404 matmul_ms=1.6527 epilogue_ms=0.1884
ESCHA_PROFILE k=3 ic=5120 oc=17408 rows=2048 gen=0 route=mma-fp16-mixedacc total_ms=1.9499 rotate_ms=0.0565 matmul_ms=1.7060 epilogue_ms=0.1874
ESCHA_PROFILE k=3 ic=17408 oc=5120 rows=2048 gen=0 route=mma-fp32-mixedacc total_ms=2.4022 rotate_ms=0.1700 matmul_ms=2.1832 epilogue_ms=0.0491
ESCHA_PROFILE k=2 ic=5120 oc=12288 rows=2048 gen=0 route=mma-fp16-mixedacc total_ms=1.4371 rotate_ms=0.0449 matmul_ms=1.2591 epilogue_ms=0.1331
ESCHA_PROFILE k=2 ic=5120 oc=1024 rows=2048 gen=0 route=mma-fp16-mixedacc total_ms=0.2028 rotate_ms=0.0533 matmul_ms=0.1372 epilogue_ms=0.0123
ESCHA_PROFILE k=2 ic=5120 oc=1024 rows=2048 gen=0 route=mma-fp16-mixedacc total_ms=0.2021 rotate_ms=0.0516 matmul_ms=0.1382 epilogue_ms=0.0123
ESCHA_PROFILE k=2 ic=6144 oc=5120 rows=2048 gen=0 route=mma-fp16-mixedacc total_ms=0.7065 rotate_ms=0.0471 matmul_ms=0.6144 epilogue_ms=0.0451
ESCHA_PROFILE k=2 ic=5120 oc=17408 rows=2048 gen=0 route=mma-fp16-mixedacc total_ms=1.8857 rotate_ms=0.0405 matmul_ms=1.6568 epilogue_ms=0.1884
ESCHA_PROFILE k=3 ic=5120 oc=17408 rows=2048 gen=0 route=mma-fp16-mixedacc total_ms=1.9516 rotate_ms=0.0582 matmul_ms=1.7060 epilogue_ms=0.1874
ESCHA_PROFILE k=3 ic=17408 oc=5120 rows=2048 gen=0 route=mma-fp32-mixedacc total_ms=2.4065 rotate_ms=0.1722 matmul_ms=2.1852 epilogue_ms=0.0491
ESCHA_PROFILE k=2 ic=5120 oc=10240 rows=2048 gen=0 route=mma-fp16-mixedacc total_ms=1.1732 rotate_ms=0.0406 matmul_ms=1.0240 epilogue_ms=0.1085
ESCHA_PROFILE k=2 ic=5120 oc=6144 rows=2048 gen=0 route=mma-fp16-mixedacc total_ms=0.7820 rotate_ms=0.0550 matmul_ms=0.6717 epilogue_ms=0.0553
ESCHA_PROFILE k=2 ic=6144 oc=5120 rows=2048 gen=0 route=mma-fp16-mixedacc total_ms=0.7160 rotate_ms=0.0504 matmul_ms=0.6205 epilogue_ms=0.0450
ESCHA_PROFILE k=2 ic=5120 oc=17408 rows=2048 gen=0 route=mma-fp16-mixedacc total_ms=2.1891 rotate_ms=0.0407 matmul_ms=1.9599 epilogue_ms=0.1884
ESCHA_PROFILE k=3 ic=5120 oc=17408 rows=2048 gen=0 route=mma-fp16-mixedacc total_ms=1.9555 rotate_ms=0.0580 matmul_ms=1.7080 epilogue_ms=0.1894
ESCHA_PROFILE k=3 ic=17408 oc=5120 rows=2048 gen=0 route=mma-fp32-mixedacc total_ms=2.3943 rotate_ms=0.1672 matmul_ms=2.1780 epilogue_ms=0.0491
ESCHA_PROFILE k=2 ic=5120 oc=10240 rows=2048 gen=0 route=mma-fp16-mixedacc total_ms=1.1740 rotate_ms=0.0399 matmul_ms=1.0255 epilogue_ms=0.1085
ESCHA_PROFILE k=2 ic=5120 oc=6144 rows=2048 gen=0 route=mma-fp16-mixedacc total_ms=0.7820 rotate_ms=0.0530 matmul_ms=0.6738 epilogue_ms=0.0553
ESCHA_PROFILE k=2 ic=6144 oc=5120 rows=2048 gen=0 route=mma-fp16-mixedacc total_ms=0.7139 rotate_ms=0.0504 matmul_ms=0.6185 epilogue_ms=0.0450
ESCHA_PROFILE k=2 ic=5120 oc=17408 rows=2048 gen=0 route=mma-fp16-mixedacc total_ms=2.1645 rotate_ms=0.0407 matmul_ms=1.9354 epilogue_ms=0.1884
ESCHA_PROFILE k=3 ic=5120 oc=17408 rows=2048 gen=0 route=mma-fp16-mixedacc total_ms=1.9530 rotate_ms=0.0576 matmul_ms=1.7080 epilogue_ms=0.1874
ESCHA_PROFILE k=3 ic=17408 oc=5120 rows=2048 gen=0 route=mma-fp32-mixedacc total_ms=2.3978 rotate_ms=0.1707 matmul_ms=2.1780 epilogue_ms=0.0491
ESCHA_PROFILE k=2 ic=5120 oc=10240 rows=2048 gen=0 route=mma-fp16-mixedacc total_ms=1.1732 rotate_ms=0.0407 matmul_ms=1.0220 epilogue_ms=0.1106
ESCHA_PROFILE k=2 ic=5120 oc=6144 rows=2048 gen=0 route=mma-fp16-mixedacc total_ms=0.7841 rotate_ms=0.0530 matmul_ms=0.6738 epilogue_ms=0.0573
ESCHA_PROFILE k=2 ic=6144 oc=5120 rows=2048 gen=0 route=mma-fp16-mixedacc total_ms=0.7139 rotate_ms=0.0504 matmul_ms=0.6185 epilogue_ms=0.0451
ESCHA_PROFILE k=2 ic=5120 oc=17408 rows=2048 gen=0 route=mma-fp16-mixedacc total_ms=1.8900 rotate_ms=0.0428 matmul_ms=1.6589 epilogue_ms=0.1884
ESCHA_PROFILE k=3 ic=5120 oc=17408 rows=2048 gen=0 route=mma-fp16-mixedacc total_ms=2.2120 rotate_ms=0.0586 matmul_ms=1.9651 epilogue_ms=0.1884
ESCHA_PROFILE k=3 ic=17408 oc=5120 rows=2048 gen=0 route=mma-fp32-mixedacc total_ms=2.3820 rotate_ms=0.1712 matmul_ms=2.1617 epilogue_ms=0.0491
ESCHA_PROFILE k=2 ic=5120 oc=12288 rows=2048 gen=0 route=mma-fp16-mixedacc total_ms=1.4248 rotate_ms=0.0406 matmul_ms=1.2532 epilogue_ms=0.1311
ESCHA_PROFILE k=2 ic=5120 oc=1024 rows=2048 gen=0 route=mma-fp16-mixedacc total_ms=0.1987 rotate_ms=0.0512 matmul_ms=0.1352 epilogue_ms=0.0123
ESCHA_PROFILE k=2 ic=5120 oc=1024 rows=2048 gen=0 route=mma-fp16-mixedacc total_ms=0.2034 rotate_ms=0.0527 matmul_ms=0.1385 epilogue_ms=0.0123
ESCHA_PROFILE k=2 ic=6144 oc=5120 rows=2048 gen=0 route=mma-fp16-mixedacc total_ms=0.7024 rotate_ms=0.0471 matmul_ms=0.6103 epilogue_ms=0.0450
ESCHA_PROFILE k=2 ic=5120 oc=17408 rows=2048 gen=0 route=mma-fp16-mixedacc total_ms=1.8757 rotate_ms=0.0407 matmul_ms=1.6486 epilogue_ms=0.1864
ESCHA_PROFILE k=3 ic=5120 oc=17408 rows=2048 gen=0 route=mma-fp16-mixedacc total_ms=2.2129 rotate_ms=0.0543 matmul_ms=1.9722 epilogue_ms=0.1864
ESCHA_PROFILE k=3 ic=17408 oc=5120 rows=2048 gen=0 route=mma-fp32-mixedacc total_ms=2.3797 rotate_ms=0.1730 matmul_ms=2.1576 epilogue_ms=0.0492
ESCHA_PROFILE k=2 ic=5120 oc=10240 rows=2048 gen=0 route=mma-fp16-mixedacc total_ms=1.1671 rotate_ms=0.0407 matmul_ms=1.0158 epilogue_ms=0.1106
ESCHA_PROFILE k=2 ic=5120 oc=6144 rows=2048 gen=0 route=mma-fp16-mixedacc total_ms=0.7779 rotate_ms=0.0550 matmul_ms=0.6676 epilogue_ms=0.0553
ESCHA_PROFILE k=2 ic=6144 oc=5120 rows=2048 gen=0 route=mma-fp16-mixedacc total_ms=0.7095 rotate_ms=0.0501 matmul_ms=0.6144 epilogue_ms=0.0451
ESCHA_PROFILE k=2 ic=5120 oc=17408 rows=2048 gen=0 route=mma-fp16-mixedacc total_ms=1.8757 rotate_ms=0.0428 matmul_ms=1.6466 epilogue_ms=0.1864
ESCHA_PROFILE k=3 ic=5120 oc=17408 rows=2048 gen=0 route=mma-fp16-mixedacc total_ms=1.9394 rotate_ms=0.0563 matmul_ms=1.6957 epilogue_ms=0.1874
ESCHA_PROFILE k=3 ic=17408 oc=5120 rows=2048 gen=0 route=mma-fp32-mixedacc total_ms=2.3816 rotate_ms=0.1728 matmul_ms=2.1596 epilogue_ms=0.0492
ESCHA_PROFILE k=2 ic=5120 oc=10240 rows=2048 gen=0 route=mma-fp16-mixedacc total_ms=1.1653 rotate_ms=0.0410 matmul_ms=1.0158 epilogue_ms=0.1085
ESCHA_PROFILE k=2 ic=5120 oc=6144 rows=2048 gen=0 route=mma-fp16-mixedacc total_ms=0.7777 rotate_ms=0.0528 matmul_ms=0.6697 epilogue_ms=0.0553
ESCHA_PROFILE k=2 ic=6144 oc=5120 rows=2048 gen=0 route=mma-fp16-mixedacc total_ms=0.7075 rotate_ms=0.0480 matmul_ms=0.6144 epilogue_ms=0.0451
ESCHA_PROFILE k=2 ic=5120 oc=17408 rows=2048 gen=0 route=mma-fp16-mixedacc total_ms=1.8757 rotate_ms=0.0428 matmul_ms=1.6466 epilogue_ms=0.1864
ESCHA_PROFILE k=3 ic=5120 oc=17408 rows=2048 gen=0 route=mma-fp16-mixedacc total_ms=1.9417 rotate_ms=0.0565 matmul_ms=1.6978 epilogue_ms=0.1874
ESCHA_PROFILE k=3 ic=17408 oc=5120 rows=2048 gen=0 route=mma-fp32-mixedacc total_ms=2.3779 rotate_ms=0.1712 matmul_ms=2.1576 epilogue_ms=0.0491
ESCHA_PROFILE k=2 ic=5120 oc=10240 rows=2048 gen=0 route=mma-fp16-mixedacc total_ms=1.1671 rotate_ms=0.0407 matmul_ms=1.0179 epilogue_ms=0.1085
ESCHA_PROFILE k=2 ic=5120 oc=6144 rows=2048 gen=0 route=mma-fp16-mixedacc total_ms=0.7758 rotate_ms=0.0529 matmul_ms=0.6676 epilogue_ms=0.0553
ESCHA_PROFILE k=2 ic=6144 oc=5120 rows=2048 gen=0 route=mma-fp16-mixedacc total_ms=0.7119 rotate_ms=0.0524 matmul_ms=0.6144 epilogue_ms=0.0451
ESCHA_PROFILE k=2 ic=5120 oc=17408 rows=2048 gen=0 route=mma-fp16-mixedacc total_ms=1.8778 rotate_ms=0.0407 matmul_ms=1.6486 epilogue_ms=0.1884
ESCHA_PROFILE k=3 ic=5120 oc=17408 rows=2048 gen=0 route=mma-fp16-mixedacc total_ms=1.9375 rotate_ms=0.0544 matmul_ms=1.6937 epilogue_ms=0.1894
ESCHA_PROFILE k=3 ic=17408 oc=5120 rows=2048 gen=0 route=mma-fp32-mixedacc total_ms=2.3842 rotate_ms=0.1713 matmul_ms=2.1637 epilogue_ms=0.0491
ESCHA_PROFILE k=2 ic=5120 oc=12288 rows=2048 gen=0 route=mma-fp16-mixedacc total_ms=1.4397 rotate_ms=0.0410 matmul_ms=1.2677 epilogue_ms=0.1311
ESCHA_PROFILE k=2 ic=5120 oc=1024 rows=2048 gen=0 route=mma-fp16-mixedacc total_ms=0.2027 rotate_ms=0.0532 matmul_ms=0.1372 epilogue_ms=0.0123
ESCHA_PROFILE k=2 ic=5120 oc=1024 rows=2048 gen=0 route=mma-fp16-mixedacc total_ms=0.5004 rotate_ms=0.0496 matmul_ms=0.1385 epilogue_ms=0.3123
ESCHA_PROFILE k=2 ic=6144 oc=5120 rows=2048 gen=0 route=mma-fp16-mixedacc total_ms=0.7106 rotate_ms=0.0492 matmul_ms=0.6164 epilogue_ms=0.0450
ESCHA_PROFILE k=2 ic=5120 oc=17408 rows=2048 gen=0 route=mma-fp16-mixedacc total_ms=1.8942 rotate_ms=0.0407 matmul_ms=1.6650 epilogue_ms=0.1884
ESCHA_PROFILE k=3 ic=5120 oc=17408 rows=2048 gen=0 route=mma-fp16-mixedacc total_ms=1.9580 rotate_ms=0.0543 matmul_ms=1.7142 epilogue_ms=0.1894
ESCHA_PROFILE k=3 ic=17408 oc=5120 rows=2048 gen=0 route=mma-fp32-mixedacc total_ms=2.4148 rotate_ms=0.1753 matmul_ms=2.1903 epilogue_ms=0.0491
ESCHA_PROFILE k=2 ic=5120 oc=10240 rows=2048 gen=0 route=mma-fp16-mixedacc total_ms=1.2073 rotate_ms=0.0446 matmul_ms=1.0534 epilogue_ms=0.1093
ESCHA_PROFILE k=2 ic=5120 oc=6144 rows=2048 gen=0 route=mma-fp16-mixedacc total_ms=0.7885 rotate_ms=0.0553 matmul_ms=0.6758 epilogue_ms=0.0574
ESCHA_PROFILE k=2 ic=6144 oc=5120 rows=2048 gen=0 route=mma-fp16-mixedacc total_ms=0.7179 rotate_ms=0.0503 matmul_ms=0.6226 epilogue_ms=0.0450
ESCHA_PROFILE k=2 ic=5120 oc=17408 rows=2048 gen=0 route=mma-fp16-mixedacc total_ms=1.8821 rotate_ms=0.0430 matmul_ms=1.6527 epilogue_ms=0.1864
ESCHA_PROFILE k=3 ic=5120 oc=17408 rows=2048 gen=0 route=mma-fp16-mixedacc total_ms=1.9454 rotate_ms=0.0562 matmul_ms=1.6998 epilogue_ms=0.1894
ESCHA_PROFILE k=3 ic=17408 oc=5120 rows=2048 gen=0 route=mma-fp32-mixedacc total_ms=2.3841 rotate_ms=0.1692 matmul_ms=2.1658 epilogue_ms=0.0491
ESCHA_PROFILE k=2 ic=5120 oc=10240 rows=2048 gen=0 route=mma-fp16-mixedacc total_ms=1.1926 rotate_ms=0.0471 matmul_ms=1.0363 epilogue_ms=0.1092
ESCHA_PROFILE k=2 ic=5120 oc=6144 rows=2048 gen=0 route=mma-fp16-mixedacc total_ms=0.7803 rotate_ms=0.0533 matmul_ms=0.6697 epilogue_ms=0.0574
ESCHA_PROFILE k=2 ic=6144 oc=5120 rows=2048 gen=0 route=mma-fp16-mixedacc total_ms=0.7113 rotate_ms=0.0498 matmul_ms=0.6164 epilogue_ms=0.0451
ESCHA_PROFILE k=2 ic=5120 oc=17408 rows=2048 gen=0 route=mma-fp16-mixedacc total_ms=1.8838 rotate_ms=0.0410 matmul_ms=1.6527 epilogue_ms=0.1902
ESCHA_PROFILE k=3 ic=5120 oc=17408 rows=2048 gen=0 route=mma-fp16-mixedacc total_ms=1.9455 rotate_ms=0.0562 matmul_ms=1.7019 epilogue_ms=0.1874
ESCHA_PROFILE k=3 ic=17408 oc=5120 rows=2048 gen=0 route=mma-fp32-mixedacc total_ms=2.3924 rotate_ms=0.1683 matmul_ms=2.1750 epilogue_ms=0.0491
ESCHA_PROFILE k=2 ic=5120 oc=10240 rows=2048 gen=0 route=mma-fp16-mixedacc total_ms=1.1729 rotate_ms=0.0417 matmul_ms=1.0206 epilogue_ms=0.1106
ESCHA_PROFILE k=2 ic=5120 oc=6144 rows=2048 gen=0 route=mma-fp16-mixedacc total_ms=0.7813 rotate_ms=0.0532 matmul_ms=0.6707 epilogue_ms=0.0573
ESCHA_PROFILE k=2 ic=6144 oc=5120 rows=2048 gen=0 route=mma-fp16-mixedacc total_ms=0.7098 rotate_ms=0.0503 matmul_ms=0.6144 epilogue_ms=0.0451
ESCHA_PROFILE k=2 ic=5120 oc=17408 rows=2048 gen=0 route=mma-fp16-mixedacc total_ms=1.8778 rotate_ms=0.0407 matmul_ms=1.6507 epilogue_ms=0.1864
ESCHA_PROFILE k=3 ic=5120 oc=17408 rows=2048 gen=0 route=mma-fp16-mixedacc total_ms=1.9501 rotate_ms=0.0571 matmul_ms=1.7057 epilogue_ms=0.1874
ESCHA_PROFILE k=3 ic=17408 oc=5120 rows=2048 gen=0 route=mma-fp32-mixedacc total_ms=2.3883 rotate_ms=0.1673 matmul_ms=2.1719 epilogue_ms=0.0492
ESCHA_PROFILE k=2 ic=5120 oc=12288 rows=2048 gen=0 route=mma-fp16-mixedacc total_ms=1.4313 rotate_ms=0.0407 matmul_ms=1.2575 epilogue_ms=0.1331
ESCHA_PROFILE k=2 ic=5120 oc=1024 rows=2048 gen=0 route=mma-fp16-mixedacc total_ms=0.2027 rotate_ms=0.0532 matmul_ms=0.1372 epilogue_ms=0.0123
ESCHA_PROFILE k=2 ic=5120 oc=1024 rows=2048 gen=0 route=mma-fp16-mixedacc total_ms=0.2025 rotate_ms=0.0504 matmul_ms=0.1404 epilogue_ms=0.0117
ESCHA_PROFILE k=2 ic=6144 oc=5120 rows=2048 gen=0 route=mma-fp16-mixedacc total_ms=0.7045 rotate_ms=0.0471 matmul_ms=0.6124 epilogue_ms=0.0450
ESCHA_PROFILE k=2 ic=5120 oc=17408 rows=2048 gen=0 route=mma-fp16-mixedacc total_ms=1.8921 rotate_ms=0.0407 matmul_ms=1.6630 epilogue_ms=0.1884
ESCHA_PROFILE k=3 ic=5120 oc=17408 rows=2048 gen=0 route=mma-fp16-mixedacc total_ms=1.9617 rotate_ms=0.0581 matmul_ms=1.7141 epilogue_ms=0.1894
ESCHA_PROFILE k=3 ic=17408 oc=5120 rows=2048 gen=0 route=mma-fp32-mixedacc total_ms=2.4187 rotate_ms=0.1720 matmul_ms=2.1975 epilogue_ms=0.0491
ESCHA_PROFILE k=2 ic=5120 oc=10240 rows=2048 gen=0 route=mma-fp16-mixedacc total_ms=1.1793 rotate_ms=0.0427 matmul_ms=1.0281 epilogue_ms=0.1086
ESCHA_PROFILE k=2 ic=5120 oc=6144 rows=2048 gen=0 route=mma-fp16-mixedacc total_ms=0.7882 rotate_ms=0.0550 matmul_ms=0.6758 epilogue_ms=0.0573
ESCHA_PROFILE k=2 ic=6144 oc=5120 rows=2048 gen=0 route=mma-fp16-mixedacc total_ms=0.7201 rotate_ms=0.0524 matmul_ms=0.6226 epilogue_ms=0.0450
ESCHA_PROFILE k=2 ic=5120 oc=17408 rows=2048 gen=0 route=mma-fp16-mixedacc total_ms=1.8944 rotate_ms=0.0410 matmul_ms=1.6650 epilogue_ms=0.1884
ESCHA_PROFILE k=3 ic=5120 oc=17408 rows=2048 gen=0 route=mma-fp16-mixedacc total_ms=1.9663 rotate_ms=0.0565 matmul_ms=1.7203 epilogue_ms=0.1894
ESCHA_PROFILE k=3 ic=17408 oc=5120 rows=2048 gen=0 route=mma-fp32-mixedacc total_ms=2.6868 rotate_ms=0.1708 matmul_ms=2.4668 epilogue_ms=0.0491
ESCHA_PROFILE k=2 ic=5120 oc=10240 rows=2048 gen=0 route=mma-fp16-mixedacc total_ms=1.1715 rotate_ms=0.0410 matmul_ms=1.0220 epilogue_ms=0.1085
ESCHA_PROFILE k=2 ic=5120 oc=6144 rows=2048 gen=0 route=mma-fp16-mixedacc total_ms=0.7813 rotate_ms=0.0553 matmul_ms=0.6707 epilogue_ms=0.0553
ESCHA_PROFILE k=2 ic=6144 oc=5120 rows=2048 gen=0 route=mma-fp16-mixedacc total_ms=0.7136 rotate_ms=0.0501 matmul_ms=0.6185 epilogue_ms=0.0450
ESCHA_PROFILE k=2 ic=5120 oc=17408 rows=2048 gen=0 route=mma-fp16-mixedacc total_ms=2.1347 rotate_ms=0.0406 matmul_ms=1.9036 epilogue_ms=0.1905
ESCHA_PROFILE k=3 ic=5120 oc=17408 rows=2048 gen=0 route=mma-fp16-mixedacc total_ms=1.9500 rotate_ms=0.0587 matmul_ms=1.7039 epilogue_ms=0.1874
ESCHA_PROFILE k=3 ic=17408 oc=5120 rows=2048 gen=0 route=mma-fp32-mixedacc total_ms=2.3941 rotate_ms=0.1711 matmul_ms=2.1740 epilogue_ms=0.0491
ESCHA_PROFILE k=2 ic=5120 oc=10240 rows=2048 gen=0 route=mma-fp16-mixedacc total_ms=1.1709 rotate_ms=0.0410 matmul_ms=1.0216 epilogue_ms=0.1083
ESCHA_PROFILE k=2 ic=5120 oc=6144 rows=2048 gen=0 route=mma-fp16-mixedacc total_ms=0.7859 rotate_ms=0.0548 matmul_ms=0.6738 epilogue_ms=0.0573
ESCHA_PROFILE k=2 ic=6144 oc=5120 rows=2048 gen=0 route=mma-fp16-mixedacc total_ms=0.7201 rotate_ms=0.0524 matmul_ms=0.6226 epilogue_ms=0.0451
ESCHA_PROFILE k=2 ic=5120 oc=17408 rows=2048 gen=0 route=mma-fp16-mixedacc total_ms=1.8901 rotate_ms=0.0407 matmul_ms=1.6609 epilogue_ms=0.1884
ESCHA_PROFILE k=3 ic=5120 oc=17408 rows=2048 gen=0 route=mma-fp16-mixedacc total_ms=1.9622 rotate_ms=0.0565 matmul_ms=1.7162 epilogue_ms=0.1895
ESCHA_PROFILE k=3 ic=17408 oc=5120 rows=2048 gen=0 route=mma-fp32-mixedacc total_ms=2.4148 rotate_ms=0.1692 matmul_ms=2.1965 epilogue_ms=0.0491
ESCHA_PROFILE k=2 ic=5120 oc=12288 rows=2048 gen=0 route=mma-fp16-mixedacc total_ms=1.4416 rotate_ms=0.0407 matmul_ms=1.2677 epilogue_ms=0.1331
ESCHA_PROFILE k=2 ic=5120 oc=1024 rows=2048 gen=0 route=mma-fp16-mixedacc total_ms=0.2006 rotate_ms=0.0512 matmul_ms=0.1372 epilogue_ms=0.0123
ESCHA_PROFILE k=2 ic=5120 oc=1024 rows=2048 gen=0 route=mma-fp16-mixedacc total_ms=0.2052 rotate_ms=0.0526 matmul_ms=0.1404 epilogue_ms=0.0123
ESCHA_PROFILE k=2 ic=6144 oc=5120 rows=2048 gen=0 route=mma-fp16-mixedacc total_ms=0.7086 rotate_ms=0.0471 matmul_ms=0.6164 epilogue_ms=0.0451
ESCHA_PROFILE k=2 ic=5120 oc=17408 rows=2048 gen=0 route=mma-fp16-mixedacc total_ms=1.8982 rotate_ms=0.0431 matmul_ms=1.6670 epilogue_ms=0.1881
ESCHA_PROFILE k=3 ic=5120 oc=17408 rows=2048 gen=0 route=mma-fp16-mixedacc total_ms=1.9622 rotate_ms=0.0565 matmul_ms=1.7183 epilogue_ms=0.1874
ESCHA_PROFILE k=3 ic=17408 oc=5120 rows=2048 gen=0 route=mma-fp32-mixedacc total_ms=2.3984 rotate_ms=0.1712 matmul_ms=2.1780 epilogue_ms=0.0491
ESCHA_PROFILE k=2 ic=5120 oc=10240 rows=2048 gen=0 route=mma-fp16-mixedacc total_ms=1.1715 rotate_ms=0.0410 matmul_ms=1.0220 epilogue_ms=0.1085
ESCHA_PROFILE k=2 ic=5120 oc=6144 rows=2048 gen=0 route=mma-fp16-mixedacc total_ms=1.0319 rotate_ms=0.0530 matmul_ms=0.9196 epilogue_ms=0.0594
ESCHA_PROFILE k=2 ic=6144 oc=5120 rows=2048 gen=0 route=mma-fp16-mixedacc total_ms=0.7159 rotate_ms=0.0503 matmul_ms=0.6205 epilogue_ms=0.0450
ESCHA_PROFILE k=2 ic=5120 oc=17408 rows=2048 gen=0 route=mma-fp16-mixedacc total_ms=1.8819 rotate_ms=0.0407 matmul_ms=1.6527 epilogue_ms=0.1884
ESCHA_PROFILE k=3 ic=5120 oc=17408 rows=2048 gen=0 route=mma-fp16-mixedacc total_ms=1.9520 rotate_ms=0.0607 matmul_ms=1.7039 epilogue_ms=0.1874
ESCHA_PROFILE k=3 ic=17408 oc=5120 rows=2048 gen=0 route=mma-fp32-mixedacc total_ms=2.3861 rotate_ms=0.1671 matmul_ms=2.1699 epilogue_ms=0.0492
ESCHA_PROFILE k=2 ic=5120 oc=10240 rows=2048 gen=0 route=mma-fp16-mixedacc total_ms=1.1714 rotate_ms=0.0409 matmul_ms=1.0220 epilogue_ms=0.1085
ESCHA_PROFILE k=2 ic=5120 oc=6144 rows=2048 gen=0 route=mma-fp16-mixedacc total_ms=0.7799 rotate_ms=0.0529 matmul_ms=0.6717 epilogue_ms=0.0553
ESCHA_PROFILE k=2 ic=6144 oc=5120 rows=2048 gen=0 route=mma-fp16-mixedacc total_ms=0.7126 rotate_ms=0.0511 matmul_ms=0.6164 epilogue_ms=0.0450
ESCHA_PROFILE k=2 ic=5120 oc=17408 rows=2048 gen=0 route=mma-fp16-mixedacc total_ms=2.1439 rotate_ms=0.0406 matmul_ms=1.9169 epilogue_ms=0.1864
ESCHA_PROFILE k=3 ic=5120 oc=17408 rows=2048 gen=0 route=mma-fp16-mixedacc total_ms=1.9453 rotate_ms=0.0560 matmul_ms=1.7019 epilogue_ms=0.1874
ESCHA_PROFILE k=3 ic=17408 oc=5120 rows=2048 gen=0 route=mma-fp32-mixedacc total_ms=2.3824 rotate_ms=0.1675 matmul_ms=2.1658 epilogue_ms=0.0491
ESCHA_PROFILE k=2 ic=5120 oc=10240 rows=2048 gen=0 route=mma-fp16-mixedacc total_ms=1.1722 rotate_ms=0.0445 matmul_ms=1.0191 epilogue_ms=0.1085
ESCHA_PROFILE k=2 ic=5120 oc=6144 rows=2048 gen=0 route=mma-fp16-mixedacc total_ms=1.0292 rotate_ms=0.0533 matmul_ms=0.9185 epilogue_ms=0.0573
ESCHA_PROFILE k=2 ic=6144 oc=5120 rows=2048 gen=0 route=mma-fp16-mixedacc total_ms=0.7120 rotate_ms=0.0485 matmul_ms=0.6185 epilogue_ms=0.0450
ESCHA_PROFILE k=2 ic=5120 oc=17408 rows=2048 gen=0 route=mma-fp16-mixedacc total_ms=1.8836 rotate_ms=0.0433 matmul_ms=1.6525 epilogue_ms=0.1878
ESCHA_PROFILE k=3 ic=5120 oc=17408 rows=2048 gen=0 route=mma-fp16-mixedacc total_ms=1.9516 rotate_ms=0.0582 matmul_ms=1.7060 epilogue_ms=0.1874
ESCHA_PROFILE k=3 ic=17408 oc=5120 rows=2048 gen=0 route=mma-fp32-mixedacc total_ms=2.3841 rotate_ms=0.1671 matmul_ms=2.1678 epilogue_ms=0.0491
ESCHA_PROFILE k=2 ic=5120 oc=12288 rows=2048 gen=0 route=mma-fp16-mixedacc total_ms=1.4330 rotate_ms=0.0410 matmul_ms=1.2591 epilogue_ms=0.1329
ESCHA_PROFILE k=2 ic=5120 oc=1024 rows=2048 gen=0 route=mma-fp16-mixedacc total_ms=0.2004 rotate_ms=0.0516 matmul_ms=0.1368 epilogue_ms=0.0120
ESCHA_PROFILE k=2 ic=5120 oc=1024 rows=2048 gen=0 route=mma-fp16-mixedacc total_ms=0.2044 rotate_ms=0.0518 matmul_ms=0.1404 epilogue_ms=0.0123
ESCHA_PROFILE k=2 ic=6144 oc=5120 rows=2048 gen=0 route=mma-fp16-mixedacc total_ms=0.7065 rotate_ms=0.0492 matmul_ms=0.6124 epilogue_ms=0.0450
ESCHA_PROFILE k=2 ic=5120 oc=17408 rows=2048 gen=0 route=mma-fp16-mixedacc total_ms=1.8866 rotate_ms=0.0410 matmul_ms=1.6527 epilogue_ms=0.1929
ESCHA_PROFILE k=3 ic=5120 oc=17408 rows=2048 gen=0 route=mma-fp16-mixedacc total_ms=1.9453 rotate_ms=0.0550 matmul_ms=1.7019 epilogue_ms=0.1884
ESCHA_PROFILE k=3 ic=17408 oc=5120 rows=2048 gen=0 route=mma-fp32-mixedacc total_ms=2.7085 rotate_ms=0.1711 matmul_ms=2.4883 epilogue_ms=0.0491
ESCHA_PROFILE k=2 ic=5120 oc=10240 rows=2048 gen=0 route=mma-fp16-mixedacc total_ms=1.1715 rotate_ms=0.0410 matmul_ms=1.0220 epilogue_ms=0.1085
ESCHA_PROFILE k=2 ic=5120 oc=6144 rows=2048 gen=0 route=mma-fp16-mixedacc total_ms=0.7862 rotate_ms=0.0550 matmul_ms=0.6738 epilogue_ms=0.0573
ESCHA_PROFILE k=2 ic=6144 oc=5120 rows=2048 gen=0 route=mma-fp16-mixedacc total_ms=0.7156 rotate_ms=0.0501 matmul_ms=0.6205 epilogue_ms=0.0451
ESCHA_PROFILE k=2 ic=5120 oc=17408 rows=2048 gen=0 route=mma-fp16-mixedacc total_ms=1.8972 rotate_ms=0.0430 matmul_ms=1.6650 epilogue_ms=0.1892
ESCHA_PROFILE k=3 ic=5120 oc=17408 rows=2048 gen=0 route=mma-fp16-mixedacc total_ms=1.9660 rotate_ms=0.0583 matmul_ms=1.7203 epilogue_ms=0.1874
ESCHA_PROFILE k=3 ic=17408 oc=5120 rows=2048 gen=0 route=mma-fp32-mixedacc total_ms=2.4121 rotate_ms=0.1665 matmul_ms=2.1965 epilogue_ms=0.0491
ESCHA_PROFILE k=2 ic=5120 oc=10240 rows=2048 gen=0 route=mma-fp16-mixedacc total_ms=1.1817 rotate_ms=0.0410 matmul_ms=1.0301 epilogue_ms=0.1106
ESCHA_PROFILE k=2 ic=5120 oc=6144 rows=2048 gen=0 route=mma-fp16-mixedacc total_ms=0.7881 rotate_ms=0.0528 matmul_ms=0.6779 epilogue_ms=0.0573
ESCHA_PROFILE k=2 ic=6144 oc=5120 rows=2048 gen=0 route=mma-fp16-mixedacc total_ms=0.7180 rotate_ms=0.0503 matmul_ms=0.6226 epilogue_ms=0.0450
ESCHA_PROFILE k=2 ic=5120 oc=17408 rows=2048 gen=0 route=mma-fp16-mixedacc total_ms=1.8979 rotate_ms=0.0430 matmul_ms=1.6671 epilogue_ms=0.1878
ESCHA_PROFILE k=3 ic=5120 oc=17408 rows=2048 gen=0 route=mma-fp16-mixedacc total_ms=1.9520 rotate_ms=0.0587 matmul_ms=1.7060 epilogue_ms=0.1874
ESCHA_PROFILE k=3 ic=17408 oc=5120 rows=2048 gen=0 route=mma-fp32-mixedacc total_ms=2.3923 rotate_ms=0.1733 matmul_ms=2.1699 epilogue_ms=0.0491
ESCHA_PROFILE k=2 ic=5120 oc=10240 rows=2048 gen=0 route=mma-fp16-mixedacc total_ms=1.1712 rotate_ms=0.0407 matmul_ms=1.0199 epilogue_ms=0.1106
ESCHA_PROFILE k=2 ic=5120 oc=6144 rows=2048 gen=0 route=mma-fp16-mixedacc total_ms=0.7793 rotate_ms=0.0512 matmul_ms=0.6728 epilogue_ms=0.0553
ESCHA_PROFILE k=2 ic=6144 oc=5120 rows=2048 gen=0 route=mma-fp16-mixedacc total_ms=0.7139 rotate_ms=0.0504 matmul_ms=0.6185 epilogue_ms=0.0450
ESCHA_PROFILE k=2 ic=5120 oc=17408 rows=2048 gen=0 route=mma-fp16-mixedacc total_ms=1.8839 rotate_ms=0.0428 matmul_ms=1.6527 epilogue_ms=0.1884
ESCHA_PROFILE k=3 ic=5120 oc=17408 rows=2048 gen=0 route=mma-fp16-mixedacc total_ms=1.9458 rotate_ms=0.0565 matmul_ms=1.7019 epilogue_ms=0.1874
ESCHA_PROFILE k=3 ic=17408 oc=5120 rows=2048 gen=0 route=mma-fp32-mixedacc total_ms=2.3939 rotate_ms=0.1708 matmul_ms=2.1740 epilogue_ms=0.0491
ESCHA_PROFILE k=2 ic=5120 oc=12288 rows=2048 gen=0 route=mma-fp16-mixedacc total_ms=1.4416 rotate_ms=0.0407 matmul_ms=1.2677 epilogue_ms=0.1331
ESCHA_PROFILE k=2 ic=5120 oc=1024 rows=2048 gen=0 route=mma-fp16-mixedacc total_ms=0.2027 rotate_ms=0.0532 matmul_ms=0.1372 epilogue_ms=0.0123
ESCHA_PROFILE k=2 ic=5120 oc=1024 rows=2048 gen=0 route=mma-fp16-mixedacc total_ms=0.2037 rotate_ms=0.0510 matmul_ms=0.1405 epilogue_ms=0.0123
ESCHA_PROFILE k=2 ic=6144 oc=5120 rows=2048 gen=0 route=mma-fp16-mixedacc total_ms=0.7188 rotate_ms=0.0532 matmul_ms=0.6205 epilogue_ms=0.0451
ESCHA_PROFILE k=2 ic=5120 oc=17408 rows=2048 gen=0 route=mma-fp16-mixedacc total_ms=1.8941 rotate_ms=0.0407 matmul_ms=1.6670 epilogue_ms=0.1864
ESCHA_PROFILE k=3 ic=5120 oc=17408 rows=2048 gen=0 route=mma-fp16-mixedacc total_ms=1.9659 rotate_ms=0.0582 matmul_ms=1.7203 epilogue_ms=0.1874
ESCHA_PROFILE k=3 ic=17408 oc=5120 rows=2048 gen=0 route=mma-fp32-mixedacc total_ms=2.4148 rotate_ms=0.1712 matmul_ms=2.1944 epilogue_ms=0.0491
ESCHA_PROFILE k=2 ic=5120 oc=10240 rows=2048 gen=0 route=mma-fp16-mixedacc total_ms=1.1776 rotate_ms=0.0410 matmul_ms=1.0281 epilogue_ms=0.1085
ESCHA_PROFILE k=2 ic=5120 oc=6144 rows=2048 gen=0 route=mma-fp16-mixedacc total_ms=0.7882 rotate_ms=0.0530 matmul_ms=0.6779 epilogue_ms=0.0573
ESCHA_PROFILE k=2 ic=6144 oc=5120 rows=2048 gen=0 route=mma-fp16-mixedacc total_ms=0.7156 rotate_ms=0.0501 matmul_ms=0.6205 epilogue_ms=0.0451
ESCHA_PROFILE k=2 ic=5120 oc=17408 rows=2048 gen=0 route=mma-fp16-mixedacc total_ms=2.1870 rotate_ms=0.0407 matmul_ms=1.9579 epilogue_ms=0.1884
ESCHA_PROFILE k=3 ic=5120 oc=17408 rows=2048 gen=0 route=mma-fp16-mixedacc total_ms=1.9662 rotate_ms=0.0585 matmul_ms=1.7183 epilogue_ms=0.1894
ESCHA_PROFILE k=3 ic=17408 oc=5120 rows=2048 gen=0 route=mma-fp32-mixedacc total_ms=2.4105 rotate_ms=0.1690 matmul_ms=2.1924 epilogue_ms=0.0491
ESCHA_PROFILE k=2 ic=5120 oc=10240 rows=2048 gen=0 route=mma-fp16-mixedacc total_ms=1.1817 rotate_ms=0.0402 matmul_ms=1.0325 epilogue_ms=0.1091
ESCHA_PROFILE k=2 ic=5120 oc=6144 rows=2048 gen=0 route=mma-fp16-mixedacc total_ms=0.7895 rotate_ms=0.0532 matmul_ms=0.6789 epilogue_ms=0.0573
ESCHA_PROFILE k=2 ic=6144 oc=5120 rows=2048 gen=0 route=mma-fp16-mixedacc total_ms=0.7221 rotate_ms=0.0503 matmul_ms=0.6250 epilogue_ms=0.0468
ESCHA_PROFILE k=2 ic=5120 oc=17408 rows=2048 gen=0 route=mma-fp16-mixedacc total_ms=1.8972 rotate_ms=0.0407 matmul_ms=1.6694 epilogue_ms=0.1871
ESCHA_PROFILE k=3 ic=5120 oc=17408 rows=2048 gen=0 route=mma-fp16-mixedacc total_ms=1.9620 rotate_ms=0.0532 matmul_ms=1.7203 epilogue_ms=0.1884
ESCHA_PROFILE k=3 ic=17408 oc=5120 rows=2048 gen=0 route=mma-fp32-mixedacc total_ms=2.4123 rotate_ms=0.1687 matmul_ms=2.1944 epilogue_ms=0.0491
ESCHA_PROFILE k=2 ic=5120 oc=10240 rows=2048 gen=0 route=mma-fp16-mixedacc total_ms=1.1817 rotate_ms=0.0410 matmul_ms=1.0322 epilogue_ms=0.1085
ESCHA_PROFILE k=2 ic=5120 oc=6144 rows=2048 gen=0 route=mma-fp16-mixedacc total_ms=0.7882 rotate_ms=0.0530 matmul_ms=0.6779 epilogue_ms=0.0573
ESCHA_PROFILE k=2 ic=6144 oc=5120 rows=2048 gen=0 route=mma-fp16-mixedacc total_ms=0.7201 rotate_ms=0.0504 matmul_ms=0.6246 epilogue_ms=0.0450
ESCHA_PROFILE k=2 ic=5120 oc=17408 rows=2048 gen=0 route=mma-fp16-mixedacc total_ms=1.8983 rotate_ms=0.0428 matmul_ms=1.6691 epilogue_ms=0.1864
ESCHA_PROFILE k=3 ic=5120 oc=17408 rows=2048 gen=0 route=mma-fp16-mixedacc total_ms=2.2756 rotate_ms=0.0565 matmul_ms=1.7183 epilogue_ms=0.5007
ESCHA_PROFILE k=3 ic=17408 oc=5120 rows=2048 gen=0 route=mma-fp32-mixedacc total_ms=2.4162 rotate_ms=0.1706 matmul_ms=2.1965 epilogue_ms=0.0491
ESCHA_PROFILE k=2 ic=5120 oc=12288 rows=2048 gen=0 route=mma-fp16-mixedacc total_ms=1.4456 rotate_ms=0.0428 matmul_ms=1.2698 epilogue_ms=0.1331
ESCHA_PROFILE k=2 ic=5120 oc=1024 rows=2048 gen=0 route=mma-fp16-mixedacc total_ms=0.2048 rotate_ms=0.0553 matmul_ms=0.1372 epilogue_ms=0.0123
ESCHA_PROFILE k=2 ic=5120 oc=1024 rows=2048 gen=0 route=mma-fp16-mixedacc total_ms=0.2015 rotate_ms=0.0488 matmul_ms=0.1405 epilogue_ms=0.0123
ESCHA_PROFILE k=2 ic=6144 oc=5120 rows=2048 gen=0 route=mma-fp16-mixedacc total_ms=0.7106 rotate_ms=0.0492 matmul_ms=0.6164 epilogue_ms=0.0451
ESCHA_PROFILE k=2 ic=5120 oc=17408 rows=2048 gen=0 route=mma-fp16-mixedacc total_ms=1.8940 rotate_ms=0.0406 matmul_ms=1.6650 epilogue_ms=0.1884
ESCHA_PROFILE k=3 ic=5120 oc=17408 rows=2048 gen=0 route=mma-fp16-mixedacc total_ms=1.9622 rotate_ms=0.0565 matmul_ms=1.7182 epilogue_ms=0.1874
ESCHA_PROFILE k=3 ic=17408 oc=5120 rows=2048 gen=0 route=mma-fp32-mixedacc total_ms=2.6739 rotate_ms=0.1692 matmul_ms=2.4515 epilogue_ms=0.0532
ESCHA_PROFILE k=2 ic=5120 oc=10240 rows=2048 gen=0 route=mma-fp16-mixedacc total_ms=1.1796 rotate_ms=0.0410 matmul_ms=1.0301 epilogue_ms=0.1085
ESCHA_PROFILE k=2 ic=5120 oc=6144 rows=2048 gen=0 route=mma-fp16-mixedacc total_ms=0.7901 rotate_ms=0.0529 matmul_ms=0.6799 epilogue_ms=0.0573
ESCHA_PROFILE k=2 ic=6144 oc=5120 rows=2048 gen=0 route=mma-fp16-mixedacc total_ms=0.7197 rotate_ms=0.0521 matmul_ms=0.6226 epilogue_ms=0.0451
ESCHA_PROFILE k=2 ic=5120 oc=17408 rows=2048 gen=0 route=mma-fp16-mixedacc total_ms=1.9003 rotate_ms=0.0428 matmul_ms=1.6691 epilogue_ms=0.1884
ESCHA_PROFILE k=3 ic=5120 oc=17408 rows=2048 gen=0 route=mma-fp16-mixedacc total_ms=1.9663 rotate_ms=0.0565 matmul_ms=1.7203 epilogue_ms=0.1894
ESCHA_PROFILE k=3 ic=17408 oc=5120 rows=2048 gen=0 route=mma-fp32-mixedacc total_ms=2.4168 rotate_ms=0.1733 matmul_ms=2.1944 epilogue_ms=0.0491
ESCHA_PROFILE k=2 ic=5120 oc=10240 rows=2048 gen=0 route=mma-fp16-mixedacc total_ms=1.1832 rotate_ms=0.0404 matmul_ms=1.0322 epilogue_ms=0.1106
ESCHA_PROFILE k=2 ic=5120 oc=6144 rows=2048 gen=0 route=mma-fp16-mixedacc total_ms=0.7862 rotate_ms=0.0510 matmul_ms=0.6779 epilogue_ms=0.0574
ESCHA_PROFILE k=2 ic=6144 oc=5120 rows=2048 gen=0 route=mma-fp16-mixedacc total_ms=0.7180 rotate_ms=0.0504 matmul_ms=0.6226 epilogue_ms=0.0451
ESCHA_PROFILE k=2 ic=5120 oc=17408 rows=2048 gen=0 route=mma-fp16-mixedacc total_ms=1.8982 rotate_ms=0.0428 matmul_ms=1.6671 epilogue_ms=0.1884
ESCHA_PROFILE k=3 ic=5120 oc=17408 rows=2048 gen=0 route=mma-fp16-mixedacc total_ms=1.9618 rotate_ms=0.0561 matmul_ms=1.7182 epilogue_ms=0.1874
ESCHA_PROFILE k=3 ic=17408 oc=5120 rows=2048 gen=0 route=mma-fp32-mixedacc total_ms=2.4147 rotate_ms=0.1711 matmul_ms=2.1944 epilogue_ms=0.0491
ESCHA_PROFILE k=2 ic=5120 oc=10240 rows=2048 gen=0 route=mma-fp16-mixedacc total_ms=1.1794 rotate_ms=0.0407 matmul_ms=1.0301 epilogue_ms=0.1085
ESCHA_PROFILE k=2 ic=5120 oc=6144 rows=2048 gen=0 route=mma-fp16-mixedacc total_ms=0.9150 rotate_ms=0.1676 matmul_ms=0.6901 epilogue_ms=0.0573
ESCHA_PROFILE k=2 ic=6144 oc=5120 rows=2048 gen=0 route=mma-fp16-mixedacc total_ms=0.7188 rotate_ms=0.0512 matmul_ms=0.6226 epilogue_ms=0.0450
ESCHA_PROFILE k=2 ic=5120 oc=17408 rows=2048 gen=0 route=mma-fp16-mixedacc total_ms=1.8939 rotate_ms=0.0404 matmul_ms=1.6670 epilogue_ms=0.1864
ESCHA_PROFILE k=3 ic=5120 oc=17408 rows=2048 gen=0 route=mma-fp16-mixedacc total_ms=1.9640 rotate_ms=0.0563 matmul_ms=1.7203 epilogue_ms=0.1874
ESCHA_PROFILE k=3 ic=17408 oc=5120 rows=2048 gen=0 route=mma-fp32-mixedacc total_ms=2.4169 rotate_ms=0.1712 matmul_ms=2.1965 epilogue_ms=0.0492
ESCHA_PROFILE k=2 ic=5120 oc=12288 rows=2048 gen=0 route=mma-fp16-mixedacc total_ms=1.4457 rotate_ms=0.0407 matmul_ms=1.2718 epilogue_ms=0.1331
ESCHA_PROFILE k=2 ic=5120 oc=1024 rows=2048 gen=0 route=mma-fp16-mixedacc total_ms=0.2027 rotate_ms=0.0532 matmul_ms=0.1372 epilogue_ms=0.0123
ESCHA_PROFILE k=2 ic=5120 oc=1024 rows=2048 gen=0 route=mma-fp16-mixedacc total_ms=0.2083 rotate_ms=0.0556 matmul_ms=0.1405 epilogue_ms=0.0123
ESCHA_PROFILE k=2 ic=6144 oc=5120 rows=2048 gen=0 route=mma-fp16-mixedacc total_ms=0.7106 rotate_ms=0.0492 matmul_ms=0.6164 epilogue_ms=0.0451
ESCHA_PROFILE k=2 ic=5120 oc=17408 rows=2048 gen=0 route=mma-fp16-mixedacc total_ms=1.8985 rotate_ms=0.0410 matmul_ms=1.6691 epilogue_ms=0.1884
ESCHA_PROFILE k=3 ic=5120 oc=17408 rows=2048 gen=0 route=mma-fp16-mixedacc total_ms=1.9633 rotate_ms=0.0556 matmul_ms=1.7203 epilogue_ms=0.1874
ESCHA_PROFILE k=3 ic=17408 oc=5120 rows=2048 gen=0 route=mma-fp32-mixedacc total_ms=2.4107 rotate_ms=0.1692 matmul_ms=2.1924 epilogue_ms=0.0491
ESCHA_PROFILE k=2 ic=5120 oc=10240 rows=2048 gen=0 route=mma-fp16-mixedacc total_ms=1.1794 rotate_ms=0.0407 matmul_ms=1.0301 epilogue_ms=0.1085
ESCHA_PROFILE k=2 ic=5120 oc=6144 rows=2048 gen=0 route=mma-fp16-mixedacc total_ms=0.7882 rotate_ms=0.0529 matmul_ms=0.6779 epilogue_ms=0.0573
ESCHA_PROFILE k=2 ic=6144 oc=5120 rows=2048 gen=0 route=mma-fp16-mixedacc total_ms=0.7160 rotate_ms=0.0484 matmul_ms=0.6226 epilogue_ms=0.0451
ESCHA_PROFILE k=2 ic=5120 oc=17408 rows=2048 gen=0 route=mma-fp16-mixedacc total_ms=1.8940 rotate_ms=0.0405 matmul_ms=1.6650 epilogue_ms=0.1884
ESCHA_PROFILE k=3 ic=5120 oc=17408 rows=2048 gen=0 route=mma-fp16-mixedacc total_ms=2.2903 rotate_ms=0.0570 matmul_ms=2.0469 epilogue_ms=0.1864
ESCHA_PROFILE k=3 ic=17408 oc=5120 rows=2048 gen=0 route=mma-fp32-mixedacc total_ms=2.4118 rotate_ms=0.1682 matmul_ms=2.1944 epilogue_ms=0.0491
ESCHA_PROFILE k=2 ic=5120 oc=10240 rows=2048 gen=0 route=mma-fp16-mixedacc total_ms=1.1817 rotate_ms=0.0410 matmul_ms=1.0322 epilogue_ms=0.1085
ESCHA_PROFILE k=2 ic=5120 oc=6144 rows=2048 gen=0 route=mma-fp16-mixedacc total_ms=0.7875 rotate_ms=0.0532 matmul_ms=0.6768 epilogue_ms=0.0574
ESCHA_PROFILE k=2 ic=6144 oc=5120 rows=2048 gen=0 route=mma-fp16-mixedacc total_ms=0.7201 rotate_ms=0.0524 matmul_ms=0.6226 epilogue_ms=0.0450
ESCHA_PROFILE k=2 ic=5120 oc=17408 rows=2048 gen=0 route=mma-fp16-mixedacc total_ms=1.8942 rotate_ms=0.0428 matmul_ms=1.6629 epilogue_ms=0.1884
ESCHA_PROFILE k=3 ic=5120 oc=17408 rows=2048 gen=0 route=mma-fp16-mixedacc total_ms=1.9684 rotate_ms=0.0565 matmul_ms=1.7244 epilogue_ms=0.1874
ESCHA_PROFILE k=3 ic=17408 oc=5120 rows=2048 gen=0 route=mma-fp32-mixedacc total_ms=2.4127 rotate_ms=0.1692 matmul_ms=2.1944 epilogue_ms=0.0491
ESCHA_PROFILE k=2 ic=5120 oc=10240 rows=2048 gen=0 route=mma-fp16-mixedacc total_ms=1.1817 rotate_ms=0.0410 matmul_ms=1.0301 epilogue_ms=0.1106
ESCHA_PROFILE k=2 ic=5120 oc=6144 rows=2048 gen=0 route=mma-fp16-mixedacc total_ms=0.7895 rotate_ms=0.0532 matmul_ms=0.6789 epilogue_ms=0.0573
ESCHA_PROFILE k=2 ic=6144 oc=5120 rows=2048 gen=0 route=mma-fp16-mixedacc total_ms=0.7201 rotate_ms=0.0504 matmul_ms=0.6246 epilogue_ms=0.0450
ESCHA_PROFILE k=2 ic=5120 oc=17408 rows=2048 gen=0 route=mma-fp16-mixedacc total_ms=1.8942 rotate_ms=0.0407 matmul_ms=1.6671 epilogue_ms=0.1864
ESCHA_PROFILE k=3 ic=5120 oc=17408 rows=2048 gen=0 route=mma-fp16-mixedacc total_ms=1.9519 rotate_ms=0.0565 matmul_ms=1.7080 epilogue_ms=0.1874
ESCHA_PROFILE k=3 ic=17408 oc=5120 rows=2048 gen=0 route=mma-fp32-mixedacc total_ms=2.3941 rotate_ms=0.1741 matmul_ms=2.1709 epilogue_ms=0.0491
ESCHA_PROFILE k=2 ic=5120 oc=12288 rows=2048 gen=0 route=mma-fp16-mixedacc total_ms=1.4334 rotate_ms=0.0407 matmul_ms=1.2595 epilogue_ms=0.1331
ESCHA_PROFILE k=2 ic=5120 oc=1024 rows=2048 gen=0 route=mma-fp16-mixedacc total_ms=0.2007 rotate_ms=0.0512 matmul_ms=0.1372 epilogue_ms=0.0123
ESCHA_PROFILE k=2 ic=5120 oc=1024 rows=2048 gen=0 route=mma-fp16-mixedacc total_ms=0.2061 rotate_ms=0.0534 matmul_ms=0.1405 epilogue_ms=0.0123
ESCHA_PROFILE k=2 ic=6144 oc=5120 rows=2048 gen=0 route=mma-fp16-mixedacc total_ms=0.7045 rotate_ms=0.0471 matmul_ms=0.6123 epilogue_ms=0.0451
ESCHA_PROFILE k=2 ic=5120 oc=17408 rows=2048 gen=0 route=mma-fp16-mixedacc total_ms=1.8819 rotate_ms=0.0407 matmul_ms=1.6548 epilogue_ms=0.1864
ESCHA_PROFILE k=3 ic=5120 oc=17408 rows=2048 gen=0 route=mma-fp16-mixedacc total_ms=1.9496 rotate_ms=0.0562 matmul_ms=1.7060 epilogue_ms=0.1874
ESCHA_PROFILE k=3 ic=17408 oc=5120 rows=2048 gen=0 route=mma-fp32-mixedacc total_ms=2.6974 rotate_ms=0.1733 matmul_ms=2.1699 epilogue_ms=0.3543
ESCHA_PROFILE k=2 ic=5120 oc=10240 rows=2048 gen=0 route=mma-fp16-mixedacc total_ms=1.1715 rotate_ms=0.0410 matmul_ms=1.0219 epilogue_ms=0.1086
ESCHA_PROFILE k=2 ic=5120 oc=6144 rows=2048 gen=0 route=mma-fp16-mixedacc total_ms=0.7882 rotate_ms=0.0550 matmul_ms=0.6758 epilogue_ms=0.0573
ESCHA_PROFILE k=2 ic=6144 oc=5120 rows=2048 gen=0 route=mma-fp16-mixedacc total_ms=0.7177 rotate_ms=0.0500 matmul_ms=0.6226 epilogue_ms=0.0451
ESCHA_PROFILE k=2 ic=5120 oc=17408 rows=2048 gen=0 route=mma-fp16-mixedacc total_ms=1.8942 rotate_ms=0.0407 matmul_ms=1.6670 epilogue_ms=0.1864
ESCHA_PROFILE k=3 ic=5120 oc=17408 rows=2048 gen=0 route=mma-fp16-mixedacc total_ms=1.9602 rotate_ms=0.0545 matmul_ms=1.7183 epilogue_ms=0.1874
ESCHA_PROFILE k=3 ic=17408 oc=5120 rows=2048 gen=0 route=mma-fp32-mixedacc total_ms=2.4189 rotate_ms=0.1753 matmul_ms=2.1944 epilogue_ms=0.0491
ESCHA_PROFILE k=2 ic=5120 oc=10240 rows=2048 gen=0 route=mma-fp16-mixedacc total_ms=1.1793 rotate_ms=0.0406 matmul_ms=1.0301 epilogue_ms=0.1085
ESCHA_PROFILE k=2 ic=5120 oc=6144 rows=2048 gen=0 route=mma-fp16-mixedacc total_ms=0.7882 rotate_ms=0.0530 matmul_ms=0.6779 epilogue_ms=0.0573
ESCHA_PROFILE k=2 ic=6144 oc=5120 rows=2048 gen=0 route=mma-fp16-mixedacc total_ms=0.7218 rotate_ms=0.0506 matmul_ms=0.6243 epilogue_ms=0.0469
ESCHA_PROFILE k=2 ic=5120 oc=17408 rows=2048 gen=0 route=mma-fp16-mixedacc total_ms=1.8979 rotate_ms=0.0406 matmul_ms=1.6689 epilogue_ms=0.1884
ESCHA_PROFILE k=3 ic=5120 oc=17408 rows=2048 gen=0 route=mma-fp16-mixedacc total_ms=1.9662 rotate_ms=0.0575 matmul_ms=1.7203 epilogue_ms=0.1884
ESCHA_PROFILE k=3 ic=17408 oc=5120 rows=2048 gen=0 route=mma-fp32-mixedacc total_ms=2.6879 rotate_ms=0.1689 matmul_ms=2.4699 epilogue_ms=0.0491
ESCHA_PROFILE k=2 ic=5120 oc=10240 rows=2048 gen=0 route=mma-fp16-mixedacc total_ms=1.1817 rotate_ms=0.0410 matmul_ms=1.0322 epilogue_ms=0.1085
ESCHA_PROFILE k=2 ic=5120 oc=6144 rows=2048 gen=0 route=mma-fp16-mixedacc total_ms=0.7875 rotate_ms=0.0533 matmul_ms=0.6768 epilogue_ms=0.0574
ESCHA_PROFILE k=2 ic=6144 oc=5120 rows=2048 gen=0 route=mma-fp16-mixedacc total_ms=0.7180 rotate_ms=0.0504 matmul_ms=0.6226 epilogue_ms=0.0450
ESCHA_PROFILE k=2 ic=5120 oc=17408 rows=2048 gen=0 route=mma-fp16-mixedacc total_ms=1.8982 rotate_ms=0.0407 matmul_ms=1.6711 epilogue_ms=0.1864
ESCHA_PROFILE k=3 ic=5120 oc=17408 rows=2048 gen=0 route=mma-fp16-mixedacc total_ms=1.9720 rotate_ms=0.0582 matmul_ms=1.7244 epilogue_ms=0.1894
ESCHA_PROFILE k=3 ic=17408 oc=5120 rows=2048 gen=0 route=mma-fp32-mixedacc total_ms=2.4226 rotate_ms=0.1729 matmul_ms=2.2006 epilogue_ms=0.0491
ESCHA_PROFILE k=2 ic=5120 oc=12288 rows=2048 gen=0 route=mma-fp16-mixedacc total_ms=1.4457 rotate_ms=0.0407 matmul_ms=1.2739 epilogue_ms=0.1311
ESCHA_PROFILE k=2 ic=5120 oc=1024 rows=2048 gen=0 route=mma-fp16-mixedacc total_ms=0.2027 rotate_ms=0.0532 matmul_ms=0.1372 epilogue_ms=0.0123
ESCHA_PROFILE k=2 ic=5120 oc=1024 rows=2048 gen=0 route=mma-fp16-mixedacc total_ms=0.2068 rotate_ms=0.0540 matmul_ms=0.1405 epilogue_ms=0.0123
ESCHA_PROFILE k=2 ic=6144 oc=5120 rows=2048 gen=0 route=mma-fp16-mixedacc total_ms=0.9892 rotate_ms=0.0492 matmul_ms=0.8950 epilogue_ms=0.0450
ESCHA_PROFILE k=2 ic=5120 oc=17408 rows=2048 gen=0 route=mma-fp16-mixedacc total_ms=1.8985 rotate_ms=0.0410 matmul_ms=1.6691 epilogue_ms=0.1884
ESCHA_PROFILE k=3 ic=5120 oc=17408 rows=2048 gen=0 route=mma-fp16-mixedacc total_ms=1.9659 rotate_ms=0.0581 matmul_ms=1.7203 epilogue_ms=0.1874
ESCHA_PROFILE k=3 ic=17408 oc=5120 rows=2048 gen=0 route=mma-fp32-mixedacc total_ms=2.4124 rotate_ms=0.1688 matmul_ms=2.1944 epilogue_ms=0.0491
ESCHA_PROFILE k=2 ic=5120 oc=10240 rows=2048 gen=0 route=mma-fp16-mixedacc total_ms=1.1837 rotate_ms=0.0410 matmul_ms=1.0322 epilogue_ms=0.1106
ESCHA_PROFILE k=2 ic=5120 oc=6144 rows=2048 gen=0 route=mma-fp16-mixedacc total_ms=0.7882 rotate_ms=0.0530 matmul_ms=0.6779 epilogue_ms=0.0574
ESCHA_PROFILE k=2 ic=6144 oc=5120 rows=2048 gen=0 route=mma-fp16-mixedacc total_ms=0.7219 rotate_ms=0.0522 matmul_ms=0.6246 epilogue_ms=0.0450
ESCHA_PROFILE k=2 ic=5120 oc=17408 rows=2048 gen=0 route=mma-fp16-mixedacc total_ms=2.1624 rotate_ms=0.0427 matmul_ms=1.9313 epilogue_ms=0.1884
ESCHA_PROFILE k=3 ic=5120 oc=17408 rows=2048 gen=0 route=mma-fp16-mixedacc total_ms=1.9639 rotate_ms=0.0562 matmul_ms=1.7203 epilogue_ms=0.1874
ESCHA_PROFILE k=3 ic=17408 oc=5120 rows=2048 gen=0 route=mma-fp32-mixedacc total_ms=2.4107 rotate_ms=0.1692 matmul_ms=2.1924 epilogue_ms=0.0491
ESCHA_PROFILE k=2 ic=5120 oc=10240 rows=2048 gen=0 route=mma-fp16-mixedacc total_ms=1.1834 rotate_ms=0.0407 matmul_ms=1.0322 epilogue_ms=0.1106
ESCHA_PROFILE k=2 ic=5120 oc=6144 rows=2048 gen=0 route=mma-fp16-mixedacc total_ms=0.7903 rotate_ms=0.0550 matmul_ms=0.6779 epilogue_ms=0.0573
ESCHA_PROFILE k=2 ic=6144 oc=5120 rows=2048 gen=0 route=mma-fp16-mixedacc total_ms=0.7180 rotate_ms=0.0504 matmul_ms=0.6226 epilogue_ms=0.0450
ESCHA_PROFILE k=2 ic=5120 oc=17408 rows=2048 gen=0 route=mma-fp16-mixedacc total_ms=2.1754 rotate_ms=0.0406 matmul_ms=1.6709 epilogue_ms=0.4639
ESCHA_PROFILE k=3 ic=5120 oc=17408 rows=2048 gen=0 route=mma-fp16-mixedacc total_ms=1.9666 rotate_ms=0.0558 matmul_ms=1.7224 epilogue_ms=0.1884
ESCHA_PROFILE k=3 ic=17408 oc=5120 rows=2048 gen=0 route=mma-fp32-mixedacc total_ms=2.4103 rotate_ms=0.1708 matmul_ms=2.1903 epilogue_ms=0.0491
ESCHA_PROFILE k=2 ic=5120 oc=10240 rows=2048 gen=0 route=mma-fp16-mixedacc total_ms=1.1814 rotate_ms=0.0406 matmul_ms=1.0322 epilogue_ms=0.1085
ESCHA_PROFILE k=2 ic=5120 oc=6144 rows=2048 gen=0 route=mma-fp16-mixedacc total_ms=0.7902 rotate_ms=0.0550 matmul_ms=0.6779 epilogue_ms=0.0574
ESCHA_PROFILE k=2 ic=6144 oc=5120 rows=2048 gen=0 route=mma-fp16-mixedacc total_ms=0.7196 rotate_ms=0.0520 matmul_ms=0.6226 epilogue_ms=0.0451
ESCHA_PROFILE k=2 ic=5120 oc=17408 rows=2048 gen=0 route=mma-fp16-mixedacc total_ms=1.8999 rotate_ms=0.0412 matmul_ms=1.6706 epilogue_ms=0.1882
ESCHA_PROFILE k=3 ic=5120 oc=17408 rows=2048 gen=0 route=mma-fp16-mixedacc total_ms=2.2034 rotate_ms=0.0581 matmul_ms=1.9569 epilogue_ms=0.1884
ESCHA_PROFILE k=3 ic=17408 oc=5120 rows=2048 gen=0 route=mma-fp32-mixedacc total_ms=2.4141 rotate_ms=0.1706 matmul_ms=2.1944 epilogue_ms=0.0491
ESCHA_PROFILE k=2 ic=5120 oc=12288 rows=2048 gen=0 route=mma-fp16-mixedacc total_ms=1.4436 rotate_ms=0.0407 matmul_ms=1.2718 epilogue_ms=0.1311
ESCHA_PROFILE k=2 ic=5120 oc=1024 rows=2048 gen=0 route=mma-fp16-mixedacc total_ms=0.2027 rotate_ms=0.0532 matmul_ms=0.1372 epilogue_ms=0.0123
ESCHA_PROFILE k=2 ic=5120 oc=1024 rows=2048 gen=0 route=mma-fp16-mixedacc total_ms=0.2331 rotate_ms=0.0803 matmul_ms=0.1405 epilogue_ms=0.0123
ESCHA_PROFILE k=2 ic=6144 oc=5120 rows=2048 gen=0 route=mma-fp16-mixedacc total_ms=0.7106 rotate_ms=0.0471 matmul_ms=0.6185 epilogue_ms=0.0450
ESCHA_PROFILE k=2 ic=5120 oc=17408 rows=2048 gen=0 route=mma-fp16-mixedacc total_ms=1.9003 rotate_ms=0.0407 matmul_ms=1.6711 epilogue_ms=0.1884
ESCHA_PROFILE k=3 ic=5120 oc=17408 rows=2048 gen=0 route=mma-fp16-mixedacc total_ms=1.9659 rotate_ms=0.0562 matmul_ms=1.7203 epilogue_ms=0.1894
ESCHA_PROFILE k=3 ic=17408 oc=5120 rows=2048 gen=0 route=mma-fp32-mixedacc total_ms=2.6984 rotate_ms=0.1712 matmul_ms=2.4781 epilogue_ms=0.0491
ESCHA_PROFILE k=2 ic=5120 oc=10240 rows=2048 gen=0 route=mma-fp16-mixedacc total_ms=1.1851 rotate_ms=0.0404 matmul_ms=1.0340 epilogue_ms=0.1106
ESCHA_PROFILE k=2 ic=5120 oc=6144 rows=2048 gen=0 route=mma-fp16-mixedacc total_ms=0.7883 rotate_ms=0.0530 matmul_ms=0.6779 epilogue_ms=0.0574
ESCHA_PROFILE k=2 ic=6144 oc=5120 rows=2048 gen=0 route=mma-fp16-mixedacc total_ms=0.7197 rotate_ms=0.0501 matmul_ms=0.6246 epilogue_ms=0.0450
ESCHA_PROFILE k=2 ic=5120 oc=17408 rows=2048 gen=0 route=mma-fp16-mixedacc total_ms=1.8983 rotate_ms=0.0407 matmul_ms=1.6711 epilogue_ms=0.1864
ESCHA_PROFILE k=3 ic=5120 oc=17408 rows=2048 gen=0 route=mma-fp16-mixedacc total_ms=1.9677 rotate_ms=0.0579 matmul_ms=1.7223 epilogue_ms=0.1874
ESCHA_PROFILE k=3 ic=17408 oc=5120 rows=2048 gen=0 route=mma-fp32-mixedacc total_ms=2.4107 rotate_ms=0.1712 matmul_ms=2.1903 epilogue_ms=0.0491
ESCHA_PROFILE k=2 ic=5120 oc=10240 rows=2048 gen=0 route=mma-fp16-mixedacc total_ms=1.1878 rotate_ms=0.0410 matmul_ms=1.0376 epilogue_ms=0.1092
ESCHA_PROFILE k=2 ic=5120 oc=6144 rows=2048 gen=0 route=mma-fp16-mixedacc total_ms=0.7905 rotate_ms=0.0532 matmul_ms=0.6799 epilogue_ms=0.0573
ESCHA_PROFILE k=2 ic=6144 oc=5120 rows=2048 gen=0 route=mma-fp16-mixedacc total_ms=0.7195 rotate_ms=0.0519 matmul_ms=0.6226 epilogue_ms=0.0451
ESCHA_PROFILE k=2 ic=5120 oc=17408 rows=2048 gen=0 route=mma-fp16-mixedacc total_ms=1.8985 rotate_ms=0.0430 matmul_ms=1.6671 epilogue_ms=0.1884
ESCHA_PROFILE k=3 ic=5120 oc=17408 rows=2048 gen=0 route=mma-fp16-mixedacc total_ms=1.9622 rotate_ms=0.0565 matmul_ms=1.7182 epilogue_ms=0.1874
ESCHA_PROFILE k=3 ic=17408 oc=5120 rows=2048 gen=0 route=mma-fp32-mixedacc total_ms=2.4185 rotate_ms=0.1749 matmul_ms=2.1944 epilogue_ms=0.0491
ESCHA_PROFILE k=2 ic=5120 oc=10240 rows=2048 gen=0 route=mma-fp16-mixedacc total_ms=1.1796 rotate_ms=0.0409 matmul_ms=1.0301 epilogue_ms=0.1085
ESCHA_PROFILE k=2 ic=5120 oc=6144 rows=2048 gen=0 route=mma-fp16-mixedacc total_ms=0.7913 rotate_ms=0.0540 matmul_ms=0.6799 epilogue_ms=0.0573
ESCHA_PROFILE k=2 ic=6144 oc=5120 rows=2048 gen=0 route=mma-fp16-mixedacc total_ms=0.7180 rotate_ms=0.0504 matmul_ms=0.6226 epilogue_ms=0.0451
ESCHA_PROFILE k=2 ic=5120 oc=17408 rows=2048 gen=0 route=mma-fp16-mixedacc total_ms=1.9022 rotate_ms=0.0426 matmul_ms=1.6712 epilogue_ms=0.1884
ESCHA_PROFILE k=3 ic=5120 oc=17408 rows=2048 gen=0 route=mma-fp16-mixedacc total_ms=1.9683 rotate_ms=0.0565 matmul_ms=1.7244 epilogue_ms=0.1874
ESCHA_PROFILE k=3 ic=17408 oc=5120 rows=2048 gen=0 route=mma-fp32-mixedacc total_ms=2.4117 rotate_ms=0.1682 matmul_ms=2.1944 epilogue_ms=0.0491
ESCHA_PROFILE k=2 ic=5120 oc=12288 rows=2048 gen=0 route=mma-fp16-mixedacc total_ms=1.4500 rotate_ms=0.0410 matmul_ms=1.2759 epilogue_ms=0.1331
ESCHA_PROFILE k=2 ic=5120 oc=1024 rows=2048 gen=0 route=mma-fp16-mixedacc total_ms=0.2048 rotate_ms=0.0533 matmul_ms=0.1393 epilogue_ms=0.0123
ESCHA_PROFILE k=2 ic=5120 oc=1024 rows=2048 gen=0 route=mma-fp16-mixedacc total_ms=0.2102 rotate_ms=0.0574 matmul_ms=0.1405 epilogue_ms=0.0123
ESCHA_PROFILE k=2 ic=6144 oc=5120 rows=2048 gen=0 route=mma-fp16-mixedacc total_ms=0.7086 rotate_ms=0.0471 matmul_ms=0.6164 epilogue_ms=0.0450
ESCHA_PROFILE k=2 ic=5120 oc=17408 rows=2048 gen=0 route=mma-fp16-mixedacc total_ms=1.9003 rotate_ms=0.0407 matmul_ms=1.6712 epilogue_ms=0.1884
ESCHA_PROFILE k=3 ic=5120 oc=17408 rows=2048 gen=0 route=mma-fp16-mixedacc total_ms=1.9663 rotate_ms=0.0565 matmul_ms=1.7223 epilogue_ms=0.1874
ESCHA_PROFILE k=3 ic=17408 oc=5120 rows=2048 gen=0 route=mma-fp32-mixedacc total_ms=2.4103 rotate_ms=0.1708 matmul_ms=2.1903 epilogue_ms=0.0491
ESCHA_PROFILE k=2 ic=5120 oc=10240 rows=2048 gen=0 route=mma-fp16-mixedacc total_ms=1.1817 rotate_ms=0.0409 matmul_ms=1.0322 epilogue_ms=0.1085
ESCHA_PROFILE k=2 ic=5120 oc=6144 rows=2048 gen=0 route=mma-fp16-mixedacc total_ms=0.7903 rotate_ms=0.0530 matmul_ms=0.6799 epilogue_ms=0.0573
ESCHA_PROFILE k=2 ic=6144 oc=5120 rows=2048 gen=0 route=mma-fp16-mixedacc total_ms=0.7201 rotate_ms=0.0524 matmul_ms=0.6226 epilogue_ms=0.0451
ESCHA_PROFILE k=2 ic=5120 oc=17408 rows=2048 gen=0 route=mma-fp16-mixedacc total_ms=1.9005 rotate_ms=0.0410 matmul_ms=1.6712 epilogue_ms=0.1884
ESCHA_PROFILE k=3 ic=5120 oc=17408 rows=2048 gen=0 route=mma-fp16-mixedacc total_ms=1.9643 rotate_ms=0.0565 matmul_ms=1.7203 epilogue_ms=0.1874
ESCHA_PROFILE k=3 ic=17408 oc=5120 rows=2048 gen=0 route=mma-fp32-mixedacc total_ms=2.4124 rotate_ms=0.1708 matmul_ms=2.1924 epilogue_ms=0.0491
ESCHA_PROFILE k=2 ic=5120 oc=10240 rows=2048 gen=0 route=mma-fp16-mixedacc total_ms=1.1814 rotate_ms=0.0407 matmul_ms=1.0322 epilogue_ms=0.1085
ESCHA_PROFILE k=2 ic=5120 oc=6144 rows=2048 gen=0 route=mma-fp16-mixedacc total_ms=0.7923 rotate_ms=0.0551 matmul_ms=0.6799 epilogue_ms=0.0573
ESCHA_PROFILE k=2 ic=6144 oc=5120 rows=2048 gen=0 route=mma-fp16-mixedacc total_ms=0.7197 rotate_ms=0.0500 matmul_ms=0.6247 epilogue_ms=0.0450
ESCHA_PROFILE k=2 ic=5120 oc=17408 rows=2048 gen=0 route=mma-fp16-mixedacc total_ms=1.9023 rotate_ms=0.0407 matmul_ms=1.6732 epilogue_ms=0.1884
ESCHA_PROFILE k=3 ic=5120 oc=17408 rows=2048 gen=0 route=mma-fp16-mixedacc total_ms=1.9659 rotate_ms=0.0582 matmul_ms=1.7182 epilogue_ms=0.1894
ESCHA_PROFILE k=3 ic=17408 oc=5120 rows=2048 gen=0 route=mma-fp32-mixedacc total_ms=2.4189 rotate_ms=0.1733 matmul_ms=2.1965 epilogue_ms=0.0491
ESCHA_PROFILE k=2 ic=5120 oc=10240 rows=2048 gen=0 route=mma-fp16-mixedacc total_ms=1.1817 rotate_ms=0.0410 matmul_ms=1.0322 epilogue_ms=0.1085
ESCHA_PROFILE k=2 ic=5120 oc=6144 rows=2048 gen=0 route=mma-fp16-mixedacc total_ms=0.7882 rotate_ms=0.0530 matmul_ms=0.6779 epilogue_ms=0.0574
ESCHA_PROFILE k=2 ic=6144 oc=5120 rows=2048 gen=0 route=mma-fp16-mixedacc total_ms=5.7456 rotate_ms=5.0803 matmul_ms=0.6203 epilogue_ms=0.0450
ESCHA_PROFILE k=2 ic=5120 oc=17408 rows=2048 gen=0 route=mma-fp16-mixedacc total_ms=1.8798 rotate_ms=0.0407 matmul_ms=1.6527 epilogue_ms=0.1864
ESCHA_PROFILE k=3 ic=5120 oc=17408 rows=2048 gen=0 route=mma-fp16-mixedacc total_ms=2.2415 rotate_ms=0.0594 matmul_ms=1.7019 epilogue_ms=0.4803
ESCHA_PROFILE k=3 ic=17408 oc=5120 rows=2048 gen=0 route=mma-fp32-mixedacc total_ms=2.3801 rotate_ms=0.1714 matmul_ms=2.1596 epilogue_ms=0.0491
ESCHA_PROFILE k=2 ic=5120 oc=12288 rows=2048 gen=0 route=mma-fp16-mixedacc total_ms=1.4295 rotate_ms=0.0389 matmul_ms=1.2575 epilogue_ms=0.1331
ESCHA_PROFILE k=2 ic=5120 oc=1024 rows=2048 gen=0 route=mma-fp16-mixedacc total_ms=0.2007 rotate_ms=0.0533 matmul_ms=0.1352 epilogue_ms=0.0123
ESCHA_PROFILE k=2 ic=5120 oc=1024 rows=2048 gen=0 route=mma-fp16-mixedacc total_ms=0.2077 rotate_ms=0.0534 matmul_ms=0.1413 epilogue_ms=0.0130
ESCHA_PROFILE k=2 ic=6144 oc=5120 rows=2048 gen=0 route=mma-fp16-mixedacc total_ms=0.7024 rotate_ms=0.0471 matmul_ms=0.6103 epilogue_ms=0.0450
ESCHA_PROFILE k=2 ic=5120 oc=17408 rows=2048 gen=0 route=mma-fp16-mixedacc total_ms=1.8774 rotate_ms=0.0406 matmul_ms=1.6484 epilogue_ms=0.1884
ESCHA_PROFILE k=3 ic=5120 oc=17408 rows=2048 gen=0 route=mma-fp16-mixedacc total_ms=1.9435 rotate_ms=0.0563 matmul_ms=1.6978 epilogue_ms=0.1894
ESCHA_PROFILE k=3 ic=17408 oc=5120 rows=2048 gen=0 route=mma-fp32-mixedacc total_ms=2.3796 rotate_ms=0.1688 matmul_ms=2.1617 epilogue_ms=0.0491
ESCHA_PROFILE k=2 ic=5120 oc=10240 rows=2048 gen=0 route=mma-fp16-mixedacc total_ms=1.2121 rotate_ms=0.0788 matmul_ms=1.0240 epilogue_ms=0.1093
ESCHA_PROFILE k=2 ic=5120 oc=6144 rows=2048 gen=0 route=mma-fp16-mixedacc total_ms=0.7830 rotate_ms=0.0589 matmul_ms=0.6689 epilogue_ms=0.0553
ESCHA_PROFILE k=2 ic=6144 oc=5120 rows=2048 gen=0 route=mma-fp16-mixedacc total_ms=0.7058 rotate_ms=0.0504 matmul_ms=0.6103 epilogue_ms=0.0450
ESCHA_PROFILE k=2 ic=5120 oc=17408 rows=2048 gen=0 route=mma-fp16-mixedacc total_ms=1.8693 rotate_ms=0.0425 matmul_ms=1.6384 epilogue_ms=0.1884
ESCHA_PROFILE k=3 ic=5120 oc=17408 rows=2048 gen=0 route=mma-fp16-mixedacc total_ms=1.9274 rotate_ms=0.0545 matmul_ms=1.6855 epilogue_ms=0.1874
ESCHA_PROFILE k=3 ic=17408 oc=5120 rows=2048 gen=0 route=mma-fp32-mixedacc total_ms=2.3899 rotate_ms=0.1801 matmul_ms=2.1607 epilogue_ms=0.0492
ESCHA_PROFILE k=2 ic=5120 oc=10240 rows=2048 gen=0 route=mma-fp16-mixedacc total_ms=1.1675 rotate_ms=0.0466 matmul_ms=1.0106 epilogue_ms=0.1103
ESCHA_PROFILE k=2 ic=5120 oc=6144 rows=2048 gen=0 route=mma-fp16-mixedacc total_ms=0.7759 rotate_ms=0.0530 matmul_ms=0.6676 epilogue_ms=0.0553
ESCHA_PROFILE k=2 ic=6144 oc=5120 rows=2048 gen=0 route=mma-fp16-mixedacc total_ms=0.7116 rotate_ms=0.0522 matmul_ms=0.6144 epilogue_ms=0.0450
ESCHA_PROFILE k=2 ic=5120 oc=17408 rows=2048 gen=0 route=mma-fp16-mixedacc total_ms=1.8692 rotate_ms=0.0450 matmul_ms=1.6379 epilogue_ms=0.1863
ESCHA_PROFILE k=3 ic=5120 oc=17408 rows=2048 gen=0 route=mma-fp16-mixedacc total_ms=2.2289 rotate_ms=0.0560 matmul_ms=1.9845 epilogue_ms=0.1884
ESCHA_PROFILE k=3 ic=17408 oc=5120 rows=2048 gen=0 route=mma-fp32-mixedacc total_ms=2.3780 rotate_ms=0.1672 matmul_ms=2.1617 epilogue_ms=0.0491
ESCHA_PROFILE k=2 ic=5120 oc=10240 rows=2048 gen=0 route=mma-fp16-mixedacc total_ms=1.1609 rotate_ms=0.0407 matmul_ms=1.0117 epilogue_ms=0.1086
ESCHA_PROFILE k=2 ic=5120 oc=6144 rows=2048 gen=0 route=mma-fp16-mixedacc total_ms=0.7779 rotate_ms=0.0530 matmul_ms=0.6697 epilogue_ms=0.0553
ESCHA_PROFILE k=2 ic=6144 oc=5120 rows=2048 gen=0 route=mma-fp16-mixedacc total_ms=0.7097 rotate_ms=0.0502 matmul_ms=0.6144 epilogue_ms=0.0450
ESCHA_PROFILE k=2 ic=5120 oc=17408 rows=2048 gen=0 route=mma-fp16-mixedacc total_ms=1.8676 rotate_ms=0.0407 matmul_ms=1.6404 epilogue_ms=0.1864
ESCHA_PROFILE k=3 ic=5120 oc=17408 rows=2048 gen=0 route=mma-fp16-mixedacc total_ms=1.9356 rotate_ms=0.0565 matmul_ms=1.6916 epilogue_ms=0.1874
ESCHA_PROFILE k=3 ic=17408 oc=5120 rows=2048 gen=0 route=mma-fp32-mixedacc total_ms=2.7031 rotate_ms=0.1688 matmul_ms=2.4852 epilogue_ms=0.0491
ESCHA_PROFILE k=2 ic=5120 oc=12288 rows=2048 gen=0 route=mma-fp16-mixedacc total_ms=1.4231 rotate_ms=0.0407 matmul_ms=1.2513 epilogue_ms=0.1311
ESCHA_PROFILE k=2 ic=5120 oc=1024 rows=2048 gen=0 route=mma-fp16-mixedacc total_ms=0.2069 rotate_ms=0.0563 matmul_ms=0.1384 epilogue_ms=0.0123
ESCHA_PROFILE k=2 ic=5120 oc=1024 rows=2048 gen=0 route=mma-fp16-mixedacc total_ms=0.2028 rotate_ms=0.0522 matmul_ms=0.1383 epilogue_ms=0.0123
ESCHA_PROFILE k=2 ic=6144 oc=5120 rows=2048 gen=0 route=mma-fp16-mixedacc total_ms=0.7325 rotate_ms=0.0682 matmul_ms=0.6185 epilogue_ms=0.0458
ESCHA_PROFILE k=2 ic=5120 oc=17408 rows=2048 gen=0 route=mma-fp16-mixedacc total_ms=1.8757 rotate_ms=0.0407 matmul_ms=1.6466 epilogue_ms=0.1884
ESCHA_PROFILE k=3 ic=5120 oc=17408 rows=2048 gen=0 route=mma-fp16-mixedacc total_ms=1.9356 rotate_ms=0.0545 matmul_ms=1.6937 epilogue_ms=0.1874
ESCHA_PROFILE k=3 ic=17408 oc=5120 rows=2048 gen=0 route=mma-fp32-mixedacc total_ms=2.6401 rotate_ms=0.1672 matmul_ms=2.4218 epilogue_ms=0.0512
ESCHA_PROFILE k=2 ic=5120 oc=10240 rows=2048 gen=0 route=mma-fp16-mixedacc total_ms=1.1653 rotate_ms=0.0410 matmul_ms=1.0158 epilogue_ms=0.1086
ESCHA_PROFILE k=2 ic=5120 oc=6144 rows=2048 gen=0 route=mma-fp16-mixedacc total_ms=0.7803 rotate_ms=0.0553 matmul_ms=0.6679 epilogue_ms=0.0571
ESCHA_PROFILE k=2 ic=6144 oc=5120 rows=2048 gen=0 route=mma-fp16-mixedacc total_ms=0.7076 rotate_ms=0.0502 matmul_ms=0.6124 epilogue_ms=0.0450
ESCHA_PROFILE k=2 ic=5120 oc=17408 rows=2048 gen=0 route=mma-fp16-mixedacc total_ms=1.8715 rotate_ms=0.0406 matmul_ms=1.6425 epilogue_ms=0.1884
ESCHA_PROFILE k=3 ic=5120 oc=17408 rows=2048 gen=0 route=mma-fp16-mixedacc total_ms=1.9376 rotate_ms=0.0545 matmul_ms=1.6957 epilogue_ms=0.1874
ESCHA_PROFILE k=3 ic=17408 oc=5120 rows=2048 gen=0 route=mma-fp32-mixedacc total_ms=2.3796 rotate_ms=0.1729 matmul_ms=2.1576 epilogue_ms=0.0491
ESCHA_PROFILE k=2 ic=5120 oc=10240 rows=2048 gen=0 route=mma-fp16-mixedacc total_ms=1.1672 rotate_ms=0.0436 matmul_ms=1.0150 epilogue_ms=0.1086
ESCHA_PROFILE k=2 ic=5120 oc=6144 rows=2048 gen=0 route=mma-fp16-mixedacc total_ms=0.7799 rotate_ms=0.0528 matmul_ms=0.6697 epilogue_ms=0.0573
ESCHA_PROFILE k=2 ic=6144 oc=5120 rows=2048 gen=0 route=mma-fp16-mixedacc total_ms=0.7098 rotate_ms=0.0504 matmul_ms=0.6144 epilogue_ms=0.0451
ESCHA_PROFILE k=2 ic=5120 oc=17408 rows=2048 gen=0 route=mma-fp16-mixedacc total_ms=1.8716 rotate_ms=0.0407 matmul_ms=1.6425 epilogue_ms=0.1884
ESCHA_PROFILE k=3 ic=5120 oc=17408 rows=2048 gen=0 route=mma-fp16-mixedacc total_ms=1.9376 rotate_ms=0.0565 matmul_ms=1.6937 epilogue_ms=0.1874
ESCHA_PROFILE k=3 ic=17408 oc=5120 rows=2048 gen=0 route=mma-fp32-mixedacc total_ms=2.3754 rotate_ms=0.1707 matmul_ms=2.1555 epilogue_ms=0.0491
ESCHA_PROFILE k=2 ic=5120 oc=10240 rows=2048 gen=0 route=mma-fp16-mixedacc total_ms=1.1630 rotate_ms=0.0407 matmul_ms=1.0138 epilogue_ms=0.1085
ESCHA_PROFILE k=2 ic=5120 oc=6144 rows=2048 gen=0 route=mma-fp16-mixedacc total_ms=0.7762 rotate_ms=0.0532 matmul_ms=0.6676 epilogue_ms=0.0553
ESCHA_PROFILE k=2 ic=6144 oc=5120 rows=2048 gen=0 route=mma-fp16-mixedacc total_ms=0.7118 rotate_ms=0.0524 matmul_ms=0.6144 epilogue_ms=0.0451
ESCHA_PROFILE k=2 ic=5120 oc=17408 rows=2048 gen=0 route=mma-fp16-mixedacc total_ms=1.8777 rotate_ms=0.0413 matmul_ms=1.6483 epilogue_ms=0.1881
ESCHA_PROFILE k=3 ic=5120 oc=17408 rows=2048 gen=0 route=mma-fp16-mixedacc total_ms=1.9411 rotate_ms=0.0539 matmul_ms=1.6998 epilogue_ms=0.1874
ESCHA_PROFILE k=3 ic=17408 oc=5120 rows=2048 gen=0 route=mma-fp32-mixedacc total_ms=2.3861 rotate_ms=0.1692 matmul_ms=2.1678 epilogue_ms=0.0491
ESCHA_PROFILE k=2 ic=5120 oc=12288 rows=2048 gen=0 route=mma-fp16-mixedacc total_ms=1.4293 rotate_ms=0.0407 matmul_ms=1.2575 epilogue_ms=0.1311
ESCHA_PROFILE k=2 ic=5120 oc=1024 rows=2048 gen=0 route=mma-fp16-mixedacc total_ms=0.2027 rotate_ms=0.0532 matmul_ms=0.1372 epilogue_ms=0.0123
ESCHA_PROFILE k=2 ic=5120 oc=1024 rows=2048 gen=0 route=mma-fp16-mixedacc total_ms=0.2052 rotate_ms=0.0509 matmul_ms=0.1406 epilogue_ms=0.0137
ESCHA_PROFILE k=2 ic=6144 oc=5120 rows=2048 gen=0 route=mma-fp16-mixedacc total_ms=0.7066 rotate_ms=0.0492 matmul_ms=0.6124 epilogue_ms=0.0450
ESCHA_PROFILE k=2 ic=5120 oc=17408 rows=2048 gen=0 route=mma-fp16-mixedacc total_ms=1.8801 rotate_ms=0.0410 matmul_ms=1.6507 epilogue_ms=0.1884
ESCHA_PROFILE k=3 ic=5120 oc=17408 rows=2048 gen=0 route=mma-fp16-mixedacc total_ms=1.9477 rotate_ms=0.0584 matmul_ms=1.7019 epilogue_ms=0.1874
ESCHA_PROFILE k=3 ic=17408 oc=5120 rows=2048 gen=0 route=mma-fp32-mixedacc total_ms=2.3883 rotate_ms=0.1683 matmul_ms=2.1709 epilogue_ms=0.0491
ESCHA_PROFILE k=2 ic=5120 oc=10240 rows=2048 gen=0 route=mma-fp16-mixedacc total_ms=1.1653 rotate_ms=0.0389 matmul_ms=1.0179 epilogue_ms=0.1085
ESCHA_PROFILE k=2 ic=5120 oc=6144 rows=2048 gen=0 route=mma-fp16-mixedacc total_ms=0.7820 rotate_ms=0.0550 matmul_ms=0.6697 epilogue_ms=0.0574
ESCHA_PROFILE k=2 ic=6144 oc=5120 rows=2048 gen=0 route=mma-fp16-mixedacc total_ms=0.7139 rotate_ms=0.0504 matmul_ms=0.6185 epilogue_ms=0.0450
ESCHA_PROFILE k=2 ic=5120 oc=17408 rows=2048 gen=0 route=mma-fp16-mixedacc total_ms=1.8798 rotate_ms=0.0407 matmul_ms=1.6507 epilogue_ms=0.1884
ESCHA_PROFILE k=3 ic=5120 oc=17408 rows=2048 gen=0 route=mma-fp16-mixedacc total_ms=1.9445 rotate_ms=0.0573 matmul_ms=1.6998 epilogue_ms=0.1874
ESCHA_PROFILE k=3 ic=17408 oc=5120 rows=2048 gen=0 route=mma-fp32-mixedacc total_ms=2.3883 rotate_ms=0.1714 matmul_ms=2.1678 epilogue_ms=0.0491
ESCHA_PROFILE k=2 ic=5120 oc=10240 rows=2048 gen=0 route=mma-fp16-mixedacc total_ms=1.1674 rotate_ms=0.0389 matmul_ms=1.0199 epilogue_ms=0.1086
ESCHA_PROFILE k=2 ic=5120 oc=6144 rows=2048 gen=0 route=mma-fp16-mixedacc total_ms=0.7779 rotate_ms=0.0530 matmul_ms=0.6697 epilogue_ms=0.0553
ESCHA_PROFILE k=2 ic=6144 oc=5120 rows=2048 gen=0 route=mma-fp16-mixedacc total_ms=0.7160 rotate_ms=0.0504 matmul_ms=0.6205 epilogue_ms=0.0450
ESCHA_PROFILE k=2 ic=5120 oc=17408 rows=2048 gen=0 route=mma-fp16-mixedacc total_ms=1.8880 rotate_ms=0.0407 matmul_ms=1.6609 epilogue_ms=0.1864
ESCHA_PROFILE k=3 ic=5120 oc=17408 rows=2048 gen=0 route=mma-fp16-mixedacc total_ms=2.2417 rotate_ms=0.0585 matmul_ms=1.9948 epilogue_ms=0.1884
ESCHA_PROFILE k=3 ic=17408 oc=5120 rows=2048 gen=0 route=mma-fp32-mixedacc total_ms=2.4149 rotate_ms=0.1714 matmul_ms=2.1944 epilogue_ms=0.0491
ESCHA_PROFILE k=2 ic=5120 oc=10240 rows=2048 gen=0 route=mma-fp16-mixedacc total_ms=1.1773 rotate_ms=0.0407 matmul_ms=1.0260 epilogue_ms=0.1106
ESCHA_PROFILE k=2 ic=5120 oc=6144 rows=2048 gen=0 route=mma-fp16-mixedacc total_ms=0.7861 rotate_ms=0.0530 matmul_ms=0.6758 epilogue_ms=0.0573
ESCHA_PROFILE k=2 ic=6144 oc=5120 rows=2048 gen=0 route=mma-fp16-mixedacc total_ms=0.7160 rotate_ms=0.0504 matmul_ms=0.6205 epilogue_ms=0.0451
ESCHA_PROFILE k=2 ic=5120 oc=17408 rows=2048 gen=0 route=mma-fp16-mixedacc total_ms=1.8900 rotate_ms=0.0407 matmul_ms=1.6609 epilogue_ms=0.1884
ESCHA_PROFILE k=3 ic=5120 oc=17408 rows=2048 gen=0 route=mma-fp16-mixedacc total_ms=1.9602 rotate_ms=0.0586 matmul_ms=1.7142 epilogue_ms=0.1874
ESCHA_PROFILE k=3 ic=17408 oc=5120 rows=2048 gen=0 route=mma-fp32-mixedacc total_ms=2.6376 rotate_ms=0.3931 matmul_ms=2.1955 epilogue_ms=0.0491
ESCHA_PROFILE k=2 ic=5120 oc=12288 rows=2048 gen=0 route=mma-fp16-mixedacc total_ms=1.4416 rotate_ms=0.0407 matmul_ms=1.2677 epilogue_ms=0.1331
ESCHA_PROFILE k=2 ic=5120 oc=1024 rows=2048 gen=0 route=mma-fp16-mixedacc total_ms=0.2027 rotate_ms=0.0532 matmul_ms=0.1372 epilogue_ms=0.0123
ESCHA_PROFILE k=2 ic=5120 oc=1024 rows=2048 gen=0 route=mma-fp16-mixedacc total_ms=0.2082 rotate_ms=0.0540 matmul_ms=0.1421 epilogue_ms=0.0120
ESCHA_PROFILE k=2 ic=6144 oc=5120 rows=2048 gen=0 route=mma-fp16-mixedacc total_ms=0.7106 rotate_ms=0.0492 matmul_ms=0.6164 epilogue_ms=0.0450
ESCHA_PROFILE k=2 ic=5120 oc=17408 rows=2048 gen=0 route=mma-fp16-mixedacc total_ms=1.8936 rotate_ms=0.0405 matmul_ms=1.6646 epilogue_ms=0.1884
ESCHA_PROFILE k=3 ic=5120 oc=17408 rows=2048 gen=0 route=mma-fp16-mixedacc total_ms=1.9600 rotate_ms=0.0554 matmul_ms=1.7162 epilogue_ms=0.1884
ESCHA_PROFILE k=3 ic=17408 oc=5120 rows=2048 gen=0 route=mma-fp32-mixedacc total_ms=2.4148 rotate_ms=0.1692 matmul_ms=2.1965 epilogue_ms=0.0491
ESCHA_PROFILE k=2 ic=5120 oc=10240 rows=2048 gen=0 route=mma-fp16-mixedacc total_ms=1.1796 rotate_ms=0.0410 matmul_ms=1.0281 epilogue_ms=0.1106
ESCHA_PROFILE k=2 ic=5120 oc=6144 rows=2048 gen=0 route=mma-fp16-mixedacc total_ms=0.7879 rotate_ms=0.0548 matmul_ms=0.6758 epilogue_ms=0.0574
ESCHA_PROFILE k=2 ic=6144 oc=5120 rows=2048 gen=0 route=mma-fp16-mixedacc total_ms=0.7180 rotate_ms=0.0504 matmul_ms=0.6226 epilogue_ms=0.0450
ESCHA_PROFILE k=2 ic=5120 oc=17408 rows=2048 gen=0 route=mma-fp16-mixedacc total_ms=1.9003 rotate_ms=0.0410 matmul_ms=1.6711 epilogue_ms=0.1881
ESCHA_PROFILE k=3 ic=5120 oc=17408 rows=2048 gen=0 route=mma-fp16-mixedacc total_ms=1.9663 rotate_ms=0.0586 matmul_ms=1.7203 epilogue_ms=0.1874
ESCHA_PROFILE k=3 ic=17408 oc=5120 rows=2048 gen=0 route=mma-fp32-mixedacc total_ms=2.4107 rotate_ms=0.1712 matmul_ms=2.1903 epilogue_ms=0.0491
ESCHA_PROFILE k=2 ic=5120 oc=10240 rows=2048 gen=0 route=mma-fp16-mixedacc total_ms=1.1776 rotate_ms=0.0410 matmul_ms=1.0281 epilogue_ms=0.1085
ESCHA_PROFILE k=2 ic=5120 oc=6144 rows=2048 gen=0 route=mma-fp16-mixedacc total_ms=0.7882 rotate_ms=0.0530 matmul_ms=0.6779 epilogue_ms=0.0574
ESCHA_PROFILE k=2 ic=6144 oc=5120 rows=2048 gen=0 route=mma-fp16-mixedacc total_ms=0.7204 rotate_ms=0.0508 matmul_ms=0.6246 epilogue_ms=0.0450
ESCHA_PROFILE k=2 ic=5120 oc=17408 rows=2048 gen=0 route=mma-fp16-mixedacc total_ms=1.8979 rotate_ms=0.0410 matmul_ms=1.6692 epilogue_ms=0.1878
ESCHA_PROFILE k=3 ic=5120 oc=17408 rows=2048 gen=0 route=mma-fp16-mixedacc total_ms=1.9602 rotate_ms=0.0545 matmul_ms=1.7183 epilogue_ms=0.1874
ESCHA_PROFILE k=3 ic=17408 oc=5120 rows=2048 gen=0 route=mma-fp32-mixedacc total_ms=2.4146 rotate_ms=0.1700 matmul_ms=2.1955 epilogue_ms=0.0491
ESCHA_PROFILE k=2 ic=5120 oc=10240 rows=2048 gen=0 route=mma-fp16-mixedacc total_ms=1.1817 rotate_ms=0.0410 matmul_ms=1.0301 epilogue_ms=0.1106
ESCHA_PROFILE k=2 ic=5120 oc=6144 rows=2048 gen=0 route=mma-fp16-mixedacc total_ms=0.7905 rotate_ms=0.0553 matmul_ms=0.6779 epilogue_ms=0.0573
ESCHA_PROFILE k=2 ic=6144 oc=5120 rows=2048 gen=0 route=mma-fp16-mixedacc total_ms=0.7201 rotate_ms=0.0504 matmul_ms=0.6246 epilogue_ms=0.0450
ESCHA_PROFILE k=2 ic=5120 oc=17408 rows=2048 gen=0 route=mma-fp16-mixedacc total_ms=1.8962 rotate_ms=0.0428 matmul_ms=1.6650 epilogue_ms=0.1884
ESCHA_PROFILE k=3 ic=5120 oc=17408 rows=2048 gen=0 route=mma-fp16-mixedacc total_ms=1.9598 rotate_ms=0.0541 matmul_ms=1.7183 epilogue_ms=0.1874
ESCHA_PROFILE k=3 ic=17408 oc=5120 rows=2048 gen=0 route=mma-fp32-mixedacc total_ms=2.4066 rotate_ms=0.1692 matmul_ms=2.1883 epilogue_ms=0.0491
ESCHA_PROFILE k=2 ic=5120 oc=12288 rows=2048 gen=0 route=mma-fp16-mixedacc total_ms=1.4436 rotate_ms=0.0407 matmul_ms=1.2698 epilogue_ms=0.1331
ESCHA_PROFILE k=2 ic=5120 oc=1024 rows=2048 gen=0 route=mma-fp16-mixedacc total_ms=0.2027 rotate_ms=0.0532 matmul_ms=0.1372 epilogue_ms=0.0123
ESCHA_PROFILE k=2 ic=5120 oc=1024 rows=2048 gen=0 route=mma-fp16-mixedacc total_ms=0.2028 rotate_ms=0.0500 matmul_ms=0.1405 epilogue_ms=0.0123
ESCHA_PROFILE k=2 ic=6144 oc=5120 rows=2048 gen=0 route=mma-fp16-mixedacc total_ms=0.7106 rotate_ms=0.0471 matmul_ms=0.6185 epilogue_ms=0.0450
ESCHA_PROFILE k=2 ic=5120 oc=17408 rows=2048 gen=0 route=mma-fp16-mixedacc total_ms=1.8964 rotate_ms=0.0410 matmul_ms=1.6671 epilogue_ms=0.1884
ESCHA_PROFILE k=3 ic=5120 oc=17408 rows=2048 gen=0 route=mma-fp16-mixedacc total_ms=1.9622 rotate_ms=0.0565 matmul_ms=1.7183 epilogue_ms=0.1874
ESCHA_PROFILE k=3 ic=17408 oc=5120 rows=2048 gen=0 route=mma-fp32-mixedacc total_ms=2.4087 rotate_ms=0.1692 matmul_ms=2.1903 epilogue_ms=0.0491
ESCHA_PROFILE k=2 ic=5120 oc=10240 rows=2048 gen=0 route=mma-fp16-mixedacc total_ms=1.1796 rotate_ms=0.0410 matmul_ms=1.0281 epilogue_ms=0.1106
ESCHA_PROFILE k=2 ic=5120 oc=6144 rows=2048 gen=0 route=mma-fp16-mixedacc total_ms=0.7882 rotate_ms=0.0530 matmul_ms=0.6779 epilogue_ms=0.0573
ESCHA_PROFILE k=2 ic=6144 oc=5120 rows=2048 gen=0 route=mma-fp16-mixedacc total_ms=0.7180 rotate_ms=0.0504 matmul_ms=0.6226 epilogue_ms=0.0451
ESCHA_PROFILE k=2 ic=5120 oc=17408 rows=2048 gen=0 route=mma-fp16-mixedacc total_ms=2.1819 rotate_ms=0.0407 matmul_ms=1.9548 epilogue_ms=0.1864
ESCHA_PROFILE k=3 ic=5120 oc=17408 rows=2048 gen=0 route=mma-fp16-mixedacc total_ms=1.9639 rotate_ms=0.0562 matmul_ms=1.7183 epilogue_ms=0.1894
ESCHA_PROFILE k=3 ic=17408 oc=5120 rows=2048 gen=0 route=mma-fp32-mixedacc total_ms=2.4178 rotate_ms=0.1701 matmul_ms=2.1985 epilogue_ms=0.0491
ESCHA_PROFILE k=2 ic=5120 oc=10240 rows=2048 gen=0 route=mma-fp16-mixedacc total_ms=1.1773 rotate_ms=0.0407 matmul_ms=1.0281 epilogue_ms=0.1086
ESCHA_PROFILE k=2 ic=5120 oc=6144 rows=2048 gen=0 route=mma-fp16-mixedacc total_ms=0.7892 rotate_ms=0.0550 matmul_ms=0.6769 epilogue_ms=0.0573
ESCHA_PROFILE k=2 ic=6144 oc=5120 rows=2048 gen=0 route=mma-fp16-mixedacc total_ms=0.7200 rotate_ms=0.0503 matmul_ms=0.6246 epilogue_ms=0.0450
ESCHA_PROFILE k=2 ic=5120 oc=17408 rows=2048 gen=0 route=mma-fp16-mixedacc total_ms=1.8979 rotate_ms=0.0430 matmul_ms=1.6667 epilogue_ms=0.1882
ESCHA_PROFILE k=3 ic=5120 oc=17408 rows=2048 gen=0 route=mma-fp16-mixedacc total_ms=1.9599 rotate_ms=0.0553 matmul_ms=1.7183 epilogue_ms=0.1864
ESCHA_PROFILE k=3 ic=17408 oc=5120 rows=2048 gen=0 route=mma-fp32-mixedacc total_ms=2.4126 rotate_ms=0.1732 matmul_ms=2.1903 epilogue_ms=0.0491
ESCHA_PROFILE k=2 ic=5120 oc=10240 rows=2048 gen=0 route=mma-fp16-mixedacc total_ms=1.1831 rotate_ms=0.0426 matmul_ms=1.0299 epilogue_ms=0.1106
ESCHA_PROFILE k=2 ic=5120 oc=6144 rows=2048 gen=0 route=mma-fp16-mixedacc total_ms=0.7862 rotate_ms=0.0530 matmul_ms=0.6758 epilogue_ms=0.0574
ESCHA_PROFILE k=2 ic=6144 oc=5120 rows=2048 gen=0 route=mma-fp16-mixedacc total_ms=0.7180 rotate_ms=0.0504 matmul_ms=0.6226 epilogue_ms=0.0451
ESCHA_PROFILE k=2 ic=5120 oc=17408 rows=2048 gen=0 route=mma-fp16-mixedacc total_ms=1.8941 rotate_ms=0.0407 matmul_ms=1.6650 epilogue_ms=0.1884
ESCHA_PROFILE k=3 ic=5120 oc=17408 rows=2048 gen=0 route=mma-fp16-mixedacc total_ms=1.9682 rotate_ms=0.0553 matmul_ms=1.7244 epilogue_ms=0.1884
ESCHA_PROFILE k=3 ic=17408 oc=5120 rows=2048 gen=0 route=mma-fp32-mixedacc total_ms=2.4107 rotate_ms=0.1712 matmul_ms=2.1903 epilogue_ms=0.0491
ESCHA_PROFILE k=2 ic=5120 oc=12288 rows=2048 gen=0 route=mma-fp16-mixedacc total_ms=1.4457 rotate_ms=0.0407 matmul_ms=1.2718 epilogue_ms=0.1331
ESCHA_PROFILE k=2 ic=5120 oc=1024 rows=2048 gen=0 route=mma-fp16-mixedacc total_ms=0.2007 rotate_ms=0.0512 matmul_ms=0.1372 epilogue_ms=0.0123
ESCHA_PROFILE k=2 ic=5120 oc=1024 rows=2048 gen=0 route=mma-fp16-mixedacc total_ms=0.2072 rotate_ms=0.0547 matmul_ms=0.1402 epilogue_ms=0.0123
ESCHA_PROFILE k=2 ic=6144 oc=5120 rows=2048 gen=0 route=mma-fp16-mixedacc total_ms=0.7086 rotate_ms=0.0471 matmul_ms=0.6164 epilogue_ms=0.0450
ESCHA_PROFILE k=2 ic=5120 oc=17408 rows=2048 gen=0 route=mma-fp16-mixedacc total_ms=1.8962 rotate_ms=0.0407 matmul_ms=1.6670 epilogue_ms=0.1884
ESCHA_PROFILE k=3 ic=5120 oc=17408 rows=2048 gen=0 route=mma-fp16-mixedacc total_ms=1.9479 rotate_ms=0.0565 matmul_ms=1.7039 epilogue_ms=0.1874
ESCHA_PROFILE k=3 ic=17408 oc=5120 rows=2048 gen=0 route=mma-fp32-mixedacc total_ms=2.7209 rotate_ms=0.1712 matmul_ms=2.5006 epilogue_ms=0.0491
ESCHA_PROFILE k=2 ic=5120 oc=10240 rows=2048 gen=0 route=mma-fp16-mixedacc total_ms=1.1715 rotate_ms=0.0410 matmul_ms=1.0220 epilogue_ms=0.1085
ESCHA_PROFILE k=2 ic=5120 oc=6144 rows=2048 gen=0 route=mma-fp16-mixedacc total_ms=0.7841 rotate_ms=0.0550 matmul_ms=0.6717 epilogue_ms=0.0573
ESCHA_PROFILE k=2 ic=6144 oc=5120 rows=2048 gen=0 route=mma-fp16-mixedacc total_ms=0.7139 rotate_ms=0.0504 matmul_ms=0.6185 epilogue_ms=0.0450
ESCHA_PROFILE k=2 ic=5120 oc=17408 rows=2048 gen=0 route=mma-fp16-mixedacc total_ms=1.8838 rotate_ms=0.0427 matmul_ms=1.6548 epilogue_ms=0.1864
ESCHA_PROFILE k=3 ic=5120 oc=17408 rows=2048 gen=0 route=mma-fp16-mixedacc total_ms=1.9478 rotate_ms=0.0565 matmul_ms=1.7039 epilogue_ms=0.1874
ESCHA_PROFILE k=3 ic=17408 oc=5120 rows=2048 gen=0 route=mma-fp32-mixedacc total_ms=2.3857 rotate_ms=0.1688 matmul_ms=2.1678 epilogue_ms=0.0491
ESCHA_PROFILE k=2 ic=5120 oc=10240 rows=2048 gen=0 route=mma-fp16-mixedacc total_ms=1.1776 rotate_ms=0.0410 matmul_ms=1.0281 epilogue_ms=0.1086
ESCHA_PROFILE k=2 ic=5120 oc=6144 rows=2048 gen=0 route=mma-fp16-mixedacc total_ms=0.7880 rotate_ms=0.0527 matmul_ms=0.6779 epilogue_ms=0.0573
ESCHA_PROFILE k=2 ic=6144 oc=5120 rows=2048 gen=0 route=mma-fp16-mixedacc total_ms=0.7200 rotate_ms=0.0503 matmul_ms=0.6246 epilogue_ms=0.0450
ESCHA_PROFILE k=2 ic=5120 oc=17408 rows=2048 gen=0 route=mma-fp16-mixedacc total_ms=1.8962 rotate_ms=0.0407 matmul_ms=1.6670 epilogue_ms=0.1884
ESCHA_PROFILE k=3 ic=5120 oc=17408 rows=2048 gen=0 route=mma-fp16-mixedacc total_ms=1.9619 rotate_ms=0.0563 matmul_ms=1.7183 epilogue_ms=0.1874
ESCHA_PROFILE k=3 ic=17408 oc=5120 rows=2048 gen=0 route=mma-fp32-mixedacc total_ms=2.4168 rotate_ms=0.1692 matmul_ms=2.1985 epilogue_ms=0.0491
ESCHA_PROFILE k=2 ic=5120 oc=10240 rows=2048 gen=0 route=mma-fp16-mixedacc total_ms=1.1794 rotate_ms=0.0407 matmul_ms=1.0301 epilogue_ms=0.1085
ESCHA_PROFILE k=2 ic=5120 oc=6144 rows=2048 gen=0 route=mma-fp16-mixedacc total_ms=0.7884 rotate_ms=0.0532 matmul_ms=0.6779 epilogue_ms=0.0573
ESCHA_PROFILE k=2 ic=6144 oc=5120 rows=2048 gen=0 route=mma-fp16-mixedacc total_ms=0.7176 rotate_ms=0.0500 matmul_ms=0.6226 epilogue_ms=0.0451
ESCHA_PROFILE k=2 ic=5120 oc=17408 rows=2048 gen=0 route=mma-fp16-mixedacc total_ms=1.8962 rotate_ms=0.0407 matmul_ms=1.6671 epilogue_ms=0.1884
ESCHA_PROFILE k=3 ic=5120 oc=17408 rows=2048 gen=0 route=mma-fp16-mixedacc total_ms=1.9594 rotate_ms=0.0537 matmul_ms=1.7183 epilogue_ms=0.1874
ESCHA_PROFILE k=3 ic=17408 oc=5120 rows=2048 gen=0 route=mma-fp32-mixedacc total_ms=2.4168 rotate_ms=0.1712 matmul_ms=2.1965 epilogue_ms=0.0491
ESCHA_PROFILE k=2 ic=5120 oc=12288 rows=2048 gen=0 route=mma-fp16-mixedacc total_ms=1.4456 rotate_ms=0.0410 matmul_ms=1.2718 epilogue_ms=0.1328
ESCHA_PROFILE k=2 ic=5120 oc=1024 rows=2048 gen=0 route=mma-fp16-mixedacc total_ms=0.2045 rotate_ms=0.0530 matmul_ms=0.1393 epilogue_ms=0.0123
ESCHA_PROFILE k=2 ic=5120 oc=1024 rows=2048 gen=0 route=mma-fp16-mixedacc total_ms=0.2063 rotate_ms=0.0519 matmul_ms=0.1424 epilogue_ms=0.0120
ESCHA_PROFILE k=2 ic=6144 oc=5120 rows=2048 gen=0 route=mma-fp16-mixedacc total_ms=0.7107 rotate_ms=0.0492 matmul_ms=0.6164 epilogue_ms=0.0451
ESCHA_PROFILE k=2 ic=5120 oc=17408 rows=2048 gen=0 route=mma-fp16-mixedacc total_ms=1.8983 rotate_ms=0.0407 matmul_ms=1.6691 epilogue_ms=0.1884
ESCHA_PROFILE k=3 ic=5120 oc=17408 rows=2048 gen=0 route=mma-fp16-mixedacc total_ms=1.9622 rotate_ms=0.0565 matmul_ms=1.7183 epilogue_ms=0.1874
ESCHA_PROFILE k=3 ic=17408 oc=5120 rows=2048 gen=0 route=mma-fp32-mixedacc total_ms=2.4157 rotate_ms=0.1721 matmul_ms=2.1944 epilogue_ms=0.0491
ESCHA_PROFILE k=2 ic=5120 oc=10240 rows=2048 gen=0 route=mma-fp16-mixedacc total_ms=1.1815 rotate_ms=0.0407 matmul_ms=1.0322 epilogue_ms=0.1085
ESCHA_PROFILE k=2 ic=5120 oc=6144 rows=2048 gen=0 route=mma-fp16-mixedacc total_ms=0.7882 rotate_ms=0.0530 matmul_ms=0.6779 epilogue_ms=0.0574
ESCHA_PROFILE k=2 ic=6144 oc=5120 rows=2048 gen=0 route=mma-fp16-mixedacc total_ms=1.0815 rotate_ms=0.0504 matmul_ms=0.9841 epilogue_ms=0.0471
ESCHA_PROFILE k=2 ic=5120 oc=17408 rows=2048 gen=0 route=mma-fp16-mixedacc total_ms=1.8982 rotate_ms=0.0407 matmul_ms=1.6691 epilogue_ms=0.1884
ESCHA_PROFILE k=3 ic=5120 oc=17408 rows=2048 gen=0 route=mma-fp16-mixedacc total_ms=1.9620 rotate_ms=0.0542 matmul_ms=1.7203 epilogue_ms=0.1874
ESCHA_PROFILE k=3 ic=17408 oc=5120 rows=2048 gen=0 route=mma-fp32-mixedacc total_ms=2.4168 rotate_ms=0.1692 matmul_ms=2.1985 epilogue_ms=0.0491
ESCHA_PROFILE k=2 ic=5120 oc=10240 rows=2048 gen=0 route=mma-fp16-mixedacc total_ms=1.1837 rotate_ms=0.0410 matmul_ms=1.0322 epilogue_ms=0.1106
ESCHA_PROFILE k=2 ic=5120 oc=6144 rows=2048 gen=0 route=mma-fp16-mixedacc total_ms=0.7924 rotate_ms=0.0551 matmul_ms=0.6799 epilogue_ms=0.0573
ESCHA_PROFILE k=2 ic=6144 oc=5120 rows=2048 gen=0 route=mma-fp16-mixedacc total_ms=0.7201 rotate_ms=0.0504 matmul_ms=0.6246 epilogue_ms=0.0450
ESCHA_PROFILE k=2 ic=5120 oc=17408 rows=2048 gen=0 route=mma-fp16-mixedacc total_ms=2.1696 rotate_ms=0.0407 matmul_ms=1.9404 epilogue_ms=0.1884
ESCHA_PROFILE k=3 ic=5120 oc=17408 rows=2048 gen=0 route=mma-fp16-mixedacc total_ms=1.9659 rotate_ms=0.0561 matmul_ms=1.7224 epilogue_ms=0.1874
ESCHA_PROFILE k=3 ic=17408 oc=5120 rows=2048 gen=0 route=mma-fp32-mixedacc total_ms=2.4086 rotate_ms=0.1692 matmul_ms=2.1903 epilogue_ms=0.0492
ESCHA_PROFILE k=2 ic=5120 oc=10240 rows=2048 gen=0 route=mma-fp16-mixedacc total_ms=1.1796 rotate_ms=0.0410 matmul_ms=1.0301 epilogue_ms=0.1086
ESCHA_PROFILE k=2 ic=5120 oc=6144 rows=2048 gen=0 route=mma-fp16-mixedacc total_ms=0.7903 rotate_ms=0.0550 matmul_ms=0.6779 epilogue_ms=0.0573
ESCHA_PROFILE k=2 ic=6144 oc=5120 rows=2048 gen=0 route=mma-fp16-mixedacc total_ms=0.7238 rotate_ms=0.0507 matmul_ms=0.6267 epilogue_ms=0.0465
ESCHA_PROFILE k=2 ic=5120 oc=17408 rows=2048 gen=0 route=mma-fp16-mixedacc total_ms=1.9003 rotate_ms=0.0407 matmul_ms=1.6712 epilogue_ms=0.1884
ESCHA_PROFILE k=3 ic=5120 oc=17408 rows=2048 gen=0 route=mma-fp16-mixedacc total_ms=1.9681 rotate_ms=0.0573 matmul_ms=1.7224 epilogue_ms=0.1884
ESCHA_PROFILE k=3 ic=17408 oc=5120 rows=2048 gen=0 route=mma-fp32-mixedacc total_ms=2.4127 rotate_ms=0.1692 matmul_ms=2.1944 epilogue_ms=0.0491
ESCHA_PROFILE k=2 ic=5120 oc=12288 rows=2048 gen=0 route=mma-fp16-mixedacc total_ms=1.4474 rotate_ms=0.0406 matmul_ms=1.2736 epilogue_ms=0.1331
ESCHA_PROFILE k=2 ic=5120 oc=1024 rows=2048 gen=0 route=mma-fp16-mixedacc total_ms=0.2027 rotate_ms=0.0532 matmul_ms=0.1372 epilogue_ms=0.0123
ESCHA_PROFILE k=2 ic=5120 oc=1024 rows=2048 gen=0 route=mma-fp16-mixedacc total_ms=0.2095 rotate_ms=0.0580 matmul_ms=0.1393 epilogue_ms=0.0123
ESCHA_PROFILE k=2 ic=6144 oc=5120 rows=2048 gen=0 route=mma-fp16-mixedacc total_ms=0.7127 rotate_ms=0.0492 matmul_ms=0.6185 epilogue_ms=0.0450
ESCHA_PROFILE k=2 ic=5120 oc=17408 rows=2048 gen=0 route=mma-fp16-mixedacc total_ms=1.9054 rotate_ms=0.0461 matmul_ms=1.6701 epilogue_ms=0.1892
ESCHA_PROFILE k=3 ic=5120 oc=17408 rows=2048 gen=0 route=mma-fp16-mixedacc total_ms=1.9679 rotate_ms=0.0572 matmul_ms=1.7244 epilogue_ms=0.1864
ESCHA_PROFILE k=3 ic=17408 oc=5120 rows=2048 gen=0 route=mma-fp32-mixedacc total_ms=2.4125 rotate_ms=0.1741 matmul_ms=2.1893 epilogue_ms=0.0491
ESCHA_PROFILE k=2 ic=5120 oc=10240 rows=2048 gen=0 route=mma-fp16-mixedacc total_ms=1.1813 rotate_ms=0.0419 matmul_ms=1.0301 epilogue_ms=0.1093
ESCHA_PROFILE k=2 ic=5120 oc=6144 rows=2048 gen=0 route=mma-fp16-mixedacc total_ms=0.7886 rotate_ms=0.0534 matmul_ms=0.6779 epilogue_ms=0.0573
ESCHA_PROFILE k=2 ic=6144 oc=5120 rows=2048 gen=0 route=mma-fp16-mixedacc total_ms=0.7201 rotate_ms=0.0504 matmul_ms=0.6246 epilogue_ms=0.0451
ESCHA_PROFILE k=2 ic=5120 oc=17408 rows=2048 gen=0 route=mma-fp16-mixedacc total_ms=1.8983 rotate_ms=0.0428 matmul_ms=1.6671 epilogue_ms=0.1884
ESCHA_PROFILE k=3 ic=5120 oc=17408 rows=2048 gen=0 route=mma-fp16-mixedacc total_ms=1.9620 rotate_ms=0.0563 matmul_ms=1.7182 epilogue_ms=0.1874
ESCHA_PROFILE k=3 ic=17408 oc=5120 rows=2048 gen=0 route=mma-fp32-mixedacc total_ms=2.6891 rotate_ms=0.1731 matmul_ms=2.4648 epilogue_ms=0.0512
ESCHA_PROFILE k=2 ic=5120 oc=10240 rows=2048 gen=0 route=mma-fp16-mixedacc total_ms=1.1814 rotate_ms=0.0407 matmul_ms=1.0322 epilogue_ms=0.1085
ESCHA_PROFILE k=2 ic=5120 oc=6144 rows=2048 gen=0 route=mma-fp16-mixedacc total_ms=0.7867 rotate_ms=0.0535 matmul_ms=0.6758 epilogue_ms=0.0574
ESCHA_PROFILE k=2 ic=6144 oc=5120 rows=2048 gen=0 route=mma-fp16-mixedacc total_ms=0.7179 rotate_ms=0.0503 matmul_ms=0.6226 epilogue_ms=0.0450
ESCHA_PROFILE k=2 ic=5120 oc=17408 rows=2048 gen=0 route=mma-fp16-mixedacc total_ms=1.8979 rotate_ms=0.0408 matmul_ms=1.6687 epilogue_ms=0.1884
ESCHA_PROFILE k=3 ic=5120 oc=17408 rows=2048 gen=0 route=mma-fp16-mixedacc total_ms=1.9684 rotate_ms=0.0565 matmul_ms=1.7223 epilogue_ms=0.1895
ESCHA_PROFILE k=3 ic=17408 oc=5120 rows=2048 gen=0 route=mma-fp32-mixedacc total_ms=2.4125 rotate_ms=0.1669 matmul_ms=2.1965 epilogue_ms=0.0491
ESCHA_PROFILE k=2 ic=5120 oc=10240 rows=2048 gen=0 route=mma-fp16-mixedacc total_ms=1.4323 rotate_ms=0.0407 matmul_ms=1.2831 epilogue_ms=0.1085
ESCHA_PROFILE k=2 ic=5120 oc=6144 rows=2048 gen=0 route=mma-fp16-mixedacc total_ms=0.7882 rotate_ms=0.0530 matmul_ms=0.6779 epilogue_ms=0.0574
ESCHA_PROFILE k=2 ic=6144 oc=5120 rows=2048 gen=0 route=mma-fp16-mixedacc total_ms=0.7207 rotate_ms=0.0510 matmul_ms=0.6246 epilogue_ms=0.0450
ESCHA_PROFILE k=2 ic=5120 oc=17408 rows=2048 gen=0 route=mma-fp16-mixedacc total_ms=1.9003 rotate_ms=0.0407 matmul_ms=1.6712 epilogue_ms=0.1884
ESCHA_PROFILE k=3 ic=5120 oc=17408 rows=2048 gen=0 route=mma-fp16-mixedacc total_ms=2.2366 rotate_ms=0.0565 matmul_ms=1.9937 epilogue_ms=0.1864
ESCHA_PROFILE k=3 ic=17408 oc=5120 rows=2048 gen=0 route=mma-fp32-mixedacc total_ms=2.4147 rotate_ms=0.1712 matmul_ms=2.1944 epilogue_ms=0.0491
ESCHA_PROFILE k=2 ic=5120 oc=12288 rows=2048 gen=0 route=mma-fp16-mixedacc total_ms=1.6945 rotate_ms=0.0407 matmul_ms=1.5206 epilogue_ms=0.1331
ESCHA_PROFILE k=2 ic=5120 oc=1024 rows=2048 gen=0 route=mma-fp16-mixedacc total_ms=0.2007 rotate_ms=0.0512 matmul_ms=0.1372 epilogue_ms=0.0123
ESCHA_PROFILE k=2 ic=5120 oc=1024 rows=2048 gen=0 route=mma-fp16-mixedacc total_ms=0.2382 rotate_ms=0.0854 matmul_ms=0.1405 epilogue_ms=0.0123
ESCHA_PROFILE k=2 ic=6144 oc=5120 rows=2048 gen=0 route=mma-fp16-mixedacc total_ms=0.7106 rotate_ms=0.0471 matmul_ms=0.6185 epilogue_ms=0.0450
ESCHA_PROFILE k=2 ic=5120 oc=17408 rows=2048 gen=0 route=mma-fp16-mixedacc total_ms=1.8980 rotate_ms=0.0405 matmul_ms=1.6691 epilogue_ms=0.1884
ESCHA_PROFILE k=3 ic=5120 oc=17408 rows=2048 gen=0 route=mma-fp16-mixedacc total_ms=1.9642 rotate_ms=0.0565 matmul_ms=1.7183 epilogue_ms=0.1894
ESCHA_PROFILE k=3 ic=17408 oc=5120 rows=2048 gen=0 route=mma-fp32-mixedacc total_ms=2.4104 rotate_ms=0.1689 matmul_ms=2.1924 epilogue_ms=0.0491
ESCHA_PROFILE k=2 ic=5120 oc=10240 rows=2048 gen=0 route=mma-fp16-mixedacc total_ms=1.1922 rotate_ms=0.0461 matmul_ms=1.0355 epilogue_ms=0.1106
ESCHA_PROFILE k=2 ic=5120 oc=6144 rows=2048 gen=0 route=mma-fp16-mixedacc total_ms=1.0950 rotate_ms=0.3536 matmul_ms=0.6840 epilogue_ms=0.0573
ESCHA_PROFILE k=2 ic=6144 oc=5120 rows=2048 gen=0 route=mma-fp16-mixedacc total_ms=0.7201 rotate_ms=0.0504 matmul_ms=0.6246 epilogue_ms=0.0450
ESCHA_PROFILE k=2 ic=5120 oc=17408 rows=2048 gen=0 route=mma-fp16-mixedacc total_ms=1.8982 rotate_ms=0.0407 matmul_ms=1.6691 epilogue_ms=0.1884
ESCHA_PROFILE k=3 ic=5120 oc=17408 rows=2048 gen=0 route=mma-fp16-mixedacc total_ms=1.9622 rotate_ms=0.0565 matmul_ms=1.7182 epilogue_ms=0.1874
ESCHA_PROFILE k=3 ic=17408 oc=5120 rows=2048 gen=0 route=mma-fp32-mixedacc total_ms=2.4125 rotate_ms=0.1710 matmul_ms=2.1924 epilogue_ms=0.0491
ESCHA_PROFILE k=2 ic=5120 oc=10240 rows=2048 gen=0 route=mma-fp16-mixedacc total_ms=1.1817 rotate_ms=0.0410 matmul_ms=1.0301 epilogue_ms=0.1106
ESCHA_PROFILE k=2 ic=5120 oc=6144 rows=2048 gen=0 route=mma-fp16-mixedacc total_ms=0.7921 rotate_ms=0.0569 matmul_ms=0.6779 epilogue_ms=0.0573
ESCHA_PROFILE k=2 ic=6144 oc=5120 rows=2048 gen=0 route=mma-fp16-mixedacc total_ms=0.9892 rotate_ms=0.0502 matmul_ms=0.8940 epilogue_ms=0.0450
ESCHA_PROFILE k=2 ic=5120 oc=17408 rows=2048 gen=0 route=mma-fp16-mixedacc total_ms=1.8944 rotate_ms=0.0410 matmul_ms=1.6671 epilogue_ms=0.1864
ESCHA_PROFILE k=3 ic=5120 oc=17408 rows=2048 gen=0 route=mma-fp16-mixedacc total_ms=1.9684 rotate_ms=0.0586 matmul_ms=1.7224 epilogue_ms=0.1874
ESCHA_PROFILE k=3 ic=17408 oc=5120 rows=2048 gen=0 route=mma-fp32-mixedacc total_ms=2.4121 rotate_ms=0.1706 matmul_ms=2.1924 epilogue_ms=0.0491
ESCHA_PROFILE k=2 ic=5120 oc=10240 rows=2048 gen=0 route=mma-fp16-mixedacc total_ms=1.1816 rotate_ms=0.0409 matmul_ms=1.0301 epilogue_ms=0.1106
ESCHA_PROFILE k=2 ic=5120 oc=6144 rows=2048 gen=0 route=mma-fp16-mixedacc total_ms=0.7903 rotate_ms=0.0530 matmul_ms=0.6799 epilogue_ms=0.0573
ESCHA_PROFILE k=2 ic=6144 oc=5120 rows=2048 gen=0 route=mma-fp16-mixedacc total_ms=0.7200 rotate_ms=0.0504 matmul_ms=0.6246 epilogue_ms=0.0451
ESCHA_PROFILE k=2 ic=5120 oc=17408 rows=2048 gen=0 route=mma-fp16-mixedacc total_ms=2.1727 rotate_ms=0.0407 matmul_ms=1.9436 epilogue_ms=0.1884
ESCHA_PROFILE k=3 ic=5120 oc=17408 rows=2048 gen=0 route=mma-fp16-mixedacc total_ms=1.9604 rotate_ms=0.0547 matmul_ms=1.7183 epilogue_ms=0.1874
ESCHA_PROFILE k=3 ic=17408 oc=5120 rows=2048 gen=0 route=mma-fp32-mixedacc total_ms=2.4086 rotate_ms=0.1712 matmul_ms=2.1883 epilogue_ms=0.0492
ESCHA_PROFILE k=2 ic=5120 oc=12288 rows=2048 gen=0 route=mma-fp16-mixedacc total_ms=1.4457 rotate_ms=0.0407 matmul_ms=1.2718 epilogue_ms=0.1331
ESCHA_PROFILE k=2 ic=5120 oc=1024 rows=2048 gen=0 route=mma-fp16-mixedacc total_ms=0.2027 rotate_ms=0.0532 matmul_ms=0.1372 epilogue_ms=0.0123
ESCHA_PROFILE k=2 ic=5120 oc=1024 rows=2048 gen=0 route=mma-fp16-mixedacc total_ms=0.2064 rotate_ms=0.0537 matmul_ms=0.1405 epilogue_ms=0.0123
ESCHA_PROFILE k=2 ic=6144 oc=5120 rows=2048 gen=0 route=mma-fp16-mixedacc total_ms=0.7107 rotate_ms=0.0471 matmul_ms=0.6185 epilogue_ms=0.0451
ESCHA_PROFILE k=2 ic=5120 oc=17408 rows=2048 gen=0 route=mma-fp16-mixedacc total_ms=1.8961 rotate_ms=0.0406 matmul_ms=1.6691 epilogue_ms=0.1864
ESCHA_PROFILE k=3 ic=5120 oc=17408 rows=2048 gen=0 route=mma-fp16-mixedacc total_ms=2.2239 rotate_ms=0.0561 matmul_ms=1.9794 epilogue_ms=0.1884
ESCHA_PROFILE k=3 ic=17408 oc=5120 rows=2048 gen=0 route=mma-fp32-mixedacc total_ms=2.4149 rotate_ms=0.1693 matmul_ms=2.1965 epilogue_ms=0.0491
ESCHA_PROFILE k=2 ic=5120 oc=10240 rows=2048 gen=0 route=mma-fp16-mixedacc total_ms=1.1815 rotate_ms=0.0407 matmul_ms=1.0322 epilogue_ms=0.1085
ESCHA_PROFILE k=2 ic=5120 oc=6144 rows=2048 gen=0 route=mma-fp16-mixedacc total_ms=0.7882 rotate_ms=0.0530 matmul_ms=0.6779 epilogue_ms=0.0574
ESCHA_PROFILE k=2 ic=6144 oc=5120 rows=2048 gen=0 route=mma-fp16-mixedacc total_ms=0.7180 rotate_ms=0.0504 matmul_ms=0.6226 epilogue_ms=0.0451
ESCHA_PROFILE k=2 ic=5120 oc=17408 rows=2048 gen=0 route=mma-fp16-mixedacc total_ms=1.8942 rotate_ms=0.0407 matmul_ms=1.6671 epilogue_ms=0.1864
ESCHA_PROFILE k=3 ic=5120 oc=17408 rows=2048 gen=0 route=mma-fp16-mixedacc total_ms=2.2267 rotate_ms=0.0579 matmul_ms=1.9804 epilogue_ms=0.1884
ESCHA_PROFILE k=3 ic=17408 oc=5120 rows=2048 gen=0 route=mma-fp32-mixedacc total_ms=2.4108 rotate_ms=0.1714 matmul_ms=2.1903 epilogue_ms=0.0491
ESCHA_PROFILE k=2 ic=5120 oc=10240 rows=2048 gen=0 route=mma-fp16-mixedacc total_ms=1.1776 rotate_ms=0.0389 matmul_ms=1.0301 epilogue_ms=0.1085
ESCHA_PROFILE k=2 ic=5120 oc=6144 rows=2048 gen=0 route=mma-fp16-mixedacc total_ms=0.7881 rotate_ms=0.0529 matmul_ms=0.6779 epilogue_ms=0.0574
ESCHA_PROFILE k=2 ic=6144 oc=5120 rows=2048 gen=0 route=mma-fp16-mixedacc total_ms=0.7217 rotate_ms=0.0500 matmul_ms=0.6267 epilogue_ms=0.0450
ESCHA_PROFILE k=2 ic=5120 oc=17408 rows=2048 gen=0 route=mma-fp16-mixedacc total_ms=1.8983 rotate_ms=0.0407 matmul_ms=1.6691 epilogue_ms=0.1884
ESCHA_PROFILE k=3 ic=5120 oc=17408 rows=2048 gen=0 route=mma-fp16-mixedacc total_ms=1.9641 rotate_ms=0.0564 matmul_ms=1.7203 epilogue_ms=0.1874
ESCHA_PROFILE k=3 ic=17408 oc=5120 rows=2048 gen=0 route=mma-fp32-mixedacc total_ms=2.7107 rotate_ms=0.1712 matmul_ms=2.4904 epilogue_ms=0.0491
ESCHA_PROFILE k=2 ic=5120 oc=10240 rows=2048 gen=0 route=mma-fp16-mixedacc total_ms=1.1817 rotate_ms=0.0409 matmul_ms=1.0322 epilogue_ms=0.1085
ESCHA_PROFILE k=2 ic=5120 oc=6144 rows=2048 gen=0 route=mma-fp16-mixedacc total_ms=0.7882 rotate_ms=0.0530 matmul_ms=0.6779 epilogue_ms=0.0574
ESCHA_PROFILE k=2 ic=6144 oc=5120 rows=2048 gen=0 route=mma-fp16-mixedacc total_ms=0.7188 rotate_ms=0.0491 matmul_ms=0.6246 epilogue_ms=0.0450
ESCHA_PROFILE k=2 ic=5120 oc=17408 rows=2048 gen=0 route=mma-fp16-mixedacc total_ms=1.9003 rotate_ms=0.0428 matmul_ms=1.6691 epilogue_ms=0.1884
ESCHA_PROFILE k=3 ic=5120 oc=17408 rows=2048 gen=0 route=mma-fp16-mixedacc total_ms=1.9658 rotate_ms=0.0570 matmul_ms=1.7224 epilogue_ms=0.1864
ESCHA_PROFILE k=3 ic=17408 oc=5120 rows=2048 gen=0 route=mma-fp32-mixedacc total_ms=2.6912 rotate_ms=0.1732 matmul_ms=2.4668 epilogue_ms=0.0512
ESCHA_PROFILE k=2 ic=5120 oc=12288 rows=2048 gen=0 route=mma-fp16-mixedacc total_ms=1.4480 rotate_ms=0.0410 matmul_ms=1.2739 epilogue_ms=0.1331
ESCHA_PROFILE k=2 ic=5120 oc=1024 rows=2048 gen=0 route=mma-fp16-mixedacc total_ms=0.2045 rotate_ms=0.0530 matmul_ms=0.1393 epilogue_ms=0.0123
ESCHA_PROFILE k=2 ic=5120 oc=1024 rows=2048 gen=0 route=mma-fp16-mixedacc total_ms=0.2078 rotate_ms=0.0550 matmul_ms=0.1405 epilogue_ms=0.0123
ESCHA_PROFILE k=2 ic=6144 oc=5120 rows=2048 gen=0 route=mma-fp16-mixedacc total_ms=0.7106 rotate_ms=0.0492 matmul_ms=0.6164 epilogue_ms=0.0451
ESCHA_PROFILE k=2 ic=5120 oc=17408 rows=2048 gen=0 route=mma-fp16-mixedacc total_ms=1.9003 rotate_ms=0.0407 matmul_ms=1.6712 epilogue_ms=0.1884
ESCHA_PROFILE k=3 ic=5120 oc=17408 rows=2048 gen=0 route=mma-fp16-mixedacc total_ms=1.9662 rotate_ms=0.0564 matmul_ms=1.7224 epilogue_ms=0.1874
ESCHA_PROFILE k=3 ic=17408 oc=5120 rows=2048 gen=0 route=mma-fp32-mixedacc total_ms=2.4107 rotate_ms=0.1712 matmul_ms=2.1903 epilogue_ms=0.0491
ESCHA_PROFILE k=2 ic=5120 oc=10240 rows=2048 gen=0 route=mma-fp16-mixedacc total_ms=1.1796 rotate_ms=0.0410 matmul_ms=1.0301 epilogue_ms=0.1085
ESCHA_PROFILE k=2 ic=5120 oc=6144 rows=2048 gen=0 route=mma-fp16-mixedacc total_ms=0.7902 rotate_ms=0.0529 matmul_ms=0.6799 epilogue_ms=0.0573
ESCHA_PROFILE k=2 ic=6144 oc=5120 rows=2048 gen=0 route=mma-fp16-mixedacc total_ms=0.7180 rotate_ms=0.0484 matmul_ms=0.6246 epilogue_ms=0.0451
ESCHA_PROFILE k=2 ic=5120 oc=17408 rows=2048 gen=0 route=mma-fp16-mixedacc total_ms=1.8983 rotate_ms=0.0407 matmul_ms=1.6711 epilogue_ms=0.1864
ESCHA_PROFILE k=3 ic=5120 oc=17408 rows=2048 gen=0 route=mma-fp16-mixedacc total_ms=1.9662 rotate_ms=0.0565 matmul_ms=1.7203 epilogue_ms=0.1894
ESCHA_PROFILE k=3 ic=17408 oc=5120 rows=2048 gen=0 route=mma-fp32-mixedacc total_ms=2.4168 rotate_ms=0.1712 matmul_ms=2.1965 epilogue_ms=0.0491
ESCHA_PROFILE k=2 ic=5120 oc=10240 rows=2048 gen=0 route=mma-fp16-mixedacc total_ms=1.1815 rotate_ms=0.0407 matmul_ms=1.0322 epilogue_ms=0.1085
ESCHA_PROFILE k=2 ic=5120 oc=6144 rows=2048 gen=0 route=mma-fp16-mixedacc total_ms=0.7882 rotate_ms=0.0530 matmul_ms=0.6779 epilogue_ms=0.0574
ESCHA_PROFILE k=2 ic=6144 oc=5120 rows=2048 gen=0 route=mma-fp16-mixedacc total_ms=0.7217 rotate_ms=0.0526 matmul_ms=0.6243 epilogue_ms=0.0448
ESCHA_PROFILE k=2 ic=5120 oc=17408 rows=2048 gen=0 route=mma-fp16-mixedacc total_ms=1.9026 rotate_ms=0.0410 matmul_ms=1.6712 epilogue_ms=0.1904
ESCHA_PROFILE k=3 ic=5120 oc=17408 rows=2048 gen=0 route=mma-fp16-mixedacc total_ms=1.9683 rotate_ms=0.0565 matmul_ms=1.7244 epilogue_ms=0.1874
ESCHA_PROFILE k=3 ic=17408 oc=5120 rows=2048 gen=0 route=mma-fp32-mixedacc total_ms=2.4189 rotate_ms=0.1733 matmul_ms=2.1965 epilogue_ms=0.0491
ESCHA_PROFILE k=2 ic=5120 oc=10240 rows=2048 gen=0 route=mma-fp16-mixedacc total_ms=1.1817 rotate_ms=0.0410 matmul_ms=1.0322 epilogue_ms=0.1085
ESCHA_PROFILE k=2 ic=5120 oc=6144 rows=2048 gen=0 route=mma-fp16-mixedacc total_ms=0.7902 rotate_ms=0.0550 matmul_ms=0.6779 epilogue_ms=0.0573
ESCHA_PROFILE k=2 ic=6144 oc=5120 rows=2048 gen=0 route=mma-fp16-mixedacc total_ms=0.7209 rotate_ms=0.0512 matmul_ms=0.6246 epilogue_ms=0.0450
ESCHA_PROFILE k=2 ic=5120 oc=17408 rows=2048 gen=0 route=mma-fp16-mixedacc total_ms=1.9003 rotate_ms=0.0407 matmul_ms=1.6712 epilogue_ms=0.1884
ESCHA_PROFILE k=3 ic=5120 oc=17408 rows=2048 gen=0 route=mma-fp16-mixedacc total_ms=1.9684 rotate_ms=0.0566 matmul_ms=1.7244 epilogue_ms=0.1874
ESCHA_PROFILE k=3 ic=17408 oc=5120 rows=2048 gen=0 route=mma-fp32-mixedacc total_ms=2.4085 rotate_ms=0.1701 matmul_ms=2.1893 epilogue_ms=0.0491
ESCHA_PROFILE k=2 ic=5120 oc=12288 rows=2048 gen=0 route=mma-fp16-mixedacc total_ms=1.4476 rotate_ms=0.0412 matmul_ms=1.2737 epilogue_ms=0.1328
ESCHA_PROFILE k=2 ic=5120 oc=1024 rows=2048 gen=0 route=mma-fp16-mixedacc total_ms=0.2048 rotate_ms=0.0533 matmul_ms=0.1393 epilogue_ms=0.0123
ESCHA_PROFILE k=2 ic=5120 oc=1024 rows=2048 gen=0 route=mma-fp16-mixedacc total_ms=0.2128 rotate_ms=0.0593 matmul_ms=0.1412 epilogue_ms=0.0123
ESCHA_PROFILE k=2 ic=6144 oc=5120 rows=2048 gen=0 route=mma-fp16-mixedacc total_ms=0.7106 rotate_ms=0.0471 matmul_ms=0.6185 epilogue_ms=0.0450
ESCHA_PROFILE k=2 ic=5120 oc=17408 rows=2048 gen=0 route=mma-fp16-mixedacc total_ms=1.8981 rotate_ms=0.0406 matmul_ms=1.6691 epilogue_ms=0.1884
ESCHA_PROFILE k=3 ic=5120 oc=17408 rows=2048 gen=0 route=mma-fp16-mixedacc total_ms=1.9640 rotate_ms=0.0553 matmul_ms=1.7203 epilogue_ms=0.1884
ESCHA_PROFILE k=3 ic=17408 oc=5120 rows=2048 gen=0 route=mma-fp32-mixedacc total_ms=2.4154 rotate_ms=0.1698 matmul_ms=2.1965 epilogue_ms=0.0491
ESCHA_PROFILE k=2 ic=5120 oc=10240 rows=2048 gen=0 route=mma-fp16-mixedacc total_ms=1.1858 rotate_ms=0.0410 matmul_ms=1.0342 epilogue_ms=0.1106
ESCHA_PROFILE k=2 ic=5120 oc=6144 rows=2048 gen=0 route=mma-fp16-mixedacc total_ms=0.7903 rotate_ms=0.0550 matmul_ms=0.6779 epilogue_ms=0.0573
ESCHA_PROFILE k=2 ic=6144 oc=5120 rows=2048 gen=0 route=mma-fp16-mixedacc total_ms=0.7194 rotate_ms=0.0497 matmul_ms=0.6246 epilogue_ms=0.0451
ESCHA_PROFILE k=2 ic=5120 oc=17408 rows=2048 gen=0 route=mma-fp16-mixedacc total_ms=1.8985 rotate_ms=0.0410 matmul_ms=1.6691 epilogue_ms=0.1884
ESCHA_PROFILE k=3 ic=5120 oc=17408 rows=2048 gen=0 route=mma-fp16-mixedacc total_ms=2.2549 rotate_ms=0.0564 matmul_ms=2.0101 epilogue_ms=0.1884
ESCHA_PROFILE k=3 ic=17408 oc=5120 rows=2048 gen=0 route=mma-fp32-mixedacc total_ms=2.4105 rotate_ms=0.1710 matmul_ms=2.1903 epilogue_ms=0.0492
ESCHA_PROFILE k=2 ic=5120 oc=10240 rows=2048 gen=0 route=mma-fp16-mixedacc total_ms=1.1817 rotate_ms=0.0410 matmul_ms=1.0322 epilogue_ms=0.1085
ESCHA_PROFILE k=2 ic=5120 oc=6144 rows=2048 gen=0 route=mma-fp16-mixedacc total_ms=0.7882 rotate_ms=0.0509 matmul_ms=0.6799 epilogue_ms=0.0573
ESCHA_PROFILE k=2 ic=6144 oc=5120 rows=2048 gen=0 route=mma-fp16-mixedacc total_ms=0.7201 rotate_ms=0.0504 matmul_ms=0.6246 epilogue_ms=0.0450
ESCHA_PROFILE k=2 ic=5120 oc=17408 rows=2048 gen=0 route=mma-fp16-mixedacc total_ms=1.9023 rotate_ms=0.0428 matmul_ms=1.6712 epilogue_ms=0.1884
ESCHA_PROFILE k=3 ic=5120 oc=17408 rows=2048 gen=0 route=mma-fp16-mixedacc total_ms=1.9642 rotate_ms=0.0565 matmul_ms=1.7203 epilogue_ms=0.1874
ESCHA_PROFILE k=3 ic=17408 oc=5120 rows=2048 gen=0 route=mma-fp32-mixedacc total_ms=2.4156 rotate_ms=0.1700 matmul_ms=2.1965 epilogue_ms=0.0491
ESCHA_PROFILE k=2 ic=5120 oc=10240 rows=2048 gen=0 route=mma-fp16-mixedacc total_ms=1.1837 rotate_ms=0.0409 matmul_ms=1.0322 epilogue_ms=0.1106
ESCHA_PROFILE k=2 ic=5120 oc=6144 rows=2048 gen=0 route=mma-fp16-mixedacc total_ms=0.7930 rotate_ms=0.0557 matmul_ms=0.6799 epilogue_ms=0.0573
ESCHA_PROFILE k=2 ic=6144 oc=5120 rows=2048 gen=0 route=mma-fp16-mixedacc total_ms=0.7210 rotate_ms=0.0513 matmul_ms=0.6246 epilogue_ms=0.0450
ESCHA_PROFILE k=2 ic=5120 oc=17408 rows=2048 gen=0 route=mma-fp16-mixedacc total_ms=1.8978 rotate_ms=0.0410 matmul_ms=1.6690 epilogue_ms=0.1878
ESCHA_PROFILE k=3 ic=5120 oc=17408 rows=2048 gen=0 route=mma-fp16-mixedacc total_ms=1.9642 rotate_ms=0.0565 matmul_ms=1.7182 epilogue_ms=0.1894
ESCHA_PROFILE k=3 ic=17408 oc=5120 rows=2048 gen=0 route=mma-fp32-mixedacc total_ms=2.6913 rotate_ms=0.1712 matmul_ms=2.4689 epilogue_ms=0.0512
ESCHA_PROFILE k=2 ic=5120 oc=12288 rows=2048 gen=0 route=mma-fp16-mixedacc total_ms=1.4475 rotate_ms=0.0405 matmul_ms=1.2739 epilogue_ms=0.1331
ESCHA_PROFILE k=2 ic=5120 oc=1024 rows=2048 gen=0 route=mma-fp16-mixedacc total_ms=0.2042 rotate_ms=0.0530 matmul_ms=0.1389 epilogue_ms=0.0123
ESCHA_PROFILE k=2 ic=5120 oc=1024 rows=2048 gen=0 route=mma-fp16-mixedacc total_ms=0.2042 rotate_ms=0.0514 matmul_ms=0.1405 epilogue_ms=0.0123
ESCHA_PROFILE k=2 ic=6144 oc=5120 rows=2048 gen=0 route=mma-fp16-mixedacc total_ms=0.7127 rotate_ms=0.0492 matmul_ms=0.6185 epilogue_ms=0.0450
ESCHA_PROFILE k=2 ic=5120 oc=17408 rows=2048 gen=0 route=mma-fp16-mixedacc total_ms=1.9003 rotate_ms=0.0407 matmul_ms=1.6712 epilogue_ms=0.1884
ESCHA_PROFILE k=3 ic=5120 oc=17408 rows=2048 gen=0 route=mma-fp16-mixedacc total_ms=1.9643 rotate_ms=0.0565 matmul_ms=1.7203 epilogue_ms=0.1874
ESCHA_PROFILE k=3 ic=17408 oc=5120 rows=2048 gen=0 route=mma-fp32-mixedacc total_ms=2.4146 rotate_ms=0.1690 matmul_ms=2.1965 epilogue_ms=0.0491
ESCHA_PROFILE k=2 ic=5120 oc=10240 rows=2048 gen=0 route=mma-fp16-mixedacc total_ms=1.1817 rotate_ms=0.0410 matmul_ms=1.0322 epilogue_ms=0.1085
ESCHA_PROFILE k=2 ic=5120 oc=6144 rows=2048 gen=0 route=mma-fp16-mixedacc total_ms=0.7892 rotate_ms=0.0520 matmul_ms=0.6799 epilogue_ms=0.0573
ESCHA_PROFILE k=2 ic=6144 oc=5120 rows=2048 gen=0 route=mma-fp16-mixedacc total_ms=0.7180 rotate_ms=0.0504 matmul_ms=0.6226 epilogue_ms=0.0451
ESCHA_PROFILE k=2 ic=5120 oc=17408 rows=2048 gen=0 route=mma-fp16-mixedacc total_ms=1.8999 rotate_ms=0.0430 matmul_ms=1.6687 epilogue_ms=0.1882
ESCHA_PROFILE k=3 ic=5120 oc=17408 rows=2048 gen=0 route=mma-fp16-mixedacc total_ms=1.9640 rotate_ms=0.0543 matmul_ms=1.7224 epilogue_ms=0.1874
ESCHA_PROFILE k=3 ic=17408 oc=5120 rows=2048 gen=0 route=mma-fp32-mixedacc total_ms=2.4164 rotate_ms=0.1708 matmul_ms=2.1965 epilogue_ms=0.0491
ESCHA_PROFILE k=2 ic=5120 oc=10240 rows=2048 gen=0 route=mma-fp16-mixedacc total_ms=1.1817 rotate_ms=0.0410 matmul_ms=1.0322 epilogue_ms=0.1085
ESCHA_PROFILE k=2 ic=5120 oc=6144 rows=2048 gen=0 route=mma-fp16-mixedacc total_ms=0.7905 rotate_ms=0.0532 matmul_ms=0.6799 epilogue_ms=0.0574
ESCHA_PROFILE k=2 ic=6144 oc=5120 rows=2048 gen=0 route=mma-fp16-mixedacc total_ms=0.7186 rotate_ms=0.0512 matmul_ms=0.6224 epilogue_ms=0.0450
ESCHA_PROFILE k=2 ic=5120 oc=17408 rows=2048 gen=0 route=mma-fp16-mixedacc total_ms=1.8964 rotate_ms=0.0410 matmul_ms=1.6691 epilogue_ms=0.1864
ESCHA_PROFILE k=3 ic=5120 oc=17408 rows=2048 gen=0 route=mma-fp16-mixedacc total_ms=1.9659 rotate_ms=0.0582 matmul_ms=1.7203 epilogue_ms=0.1874
ESCHA_PROFILE k=3 ic=17408 oc=5120 rows=2048 gen=0 route=mma-fp32-mixedacc total_ms=2.6718 rotate_ms=0.1692 matmul_ms=2.4515 epilogue_ms=0.0512
ESCHA_PROFILE k=2 ic=5120 oc=10240 rows=2048 gen=0 route=mma-fp16-mixedacc total_ms=1.1794 rotate_ms=0.0407 matmul_ms=1.0301 epilogue_ms=0.1086
ESCHA_PROFILE k=2 ic=5120 oc=6144 rows=2048 gen=0 route=mma-fp16-mixedacc total_ms=0.7892 rotate_ms=0.0530 matmul_ms=0.6789 epilogue_ms=0.0573
ESCHA_PROFILE k=2 ic=6144 oc=5120 rows=2048 gen=0 route=mma-fp16-mixedacc total_ms=0.7188 rotate_ms=0.0512 matmul_ms=0.6226 epilogue_ms=0.0451
ESCHA_PROFILE k=2 ic=5120 oc=17408 rows=2048 gen=0 route=mma-fp16-mixedacc total_ms=1.9003 rotate_ms=0.0407 matmul_ms=1.6712 epilogue_ms=0.1884
ESCHA_PROFILE k=3 ic=5120 oc=17408 rows=2048 gen=0 route=mma-fp16-mixedacc total_ms=1.9677 rotate_ms=0.0559 matmul_ms=1.7244 epilogue_ms=0.1874
ESCHA_PROFILE k=3 ic=17408 oc=5120 rows=2048 gen=0 route=mma-fp32-mixedacc total_ms=2.4148 rotate_ms=0.1692 matmul_ms=2.1965 epilogue_ms=0.0491
ESCHA_PROFILE k=2 ic=5120 oc=12288 rows=2048 gen=0 route=mma-fp16-mixedacc total_ms=1.4476 rotate_ms=0.0406 matmul_ms=1.2739 epilogue_ms=0.1331
ESCHA_PROFILE k=2 ic=5120 oc=1024 rows=2048 gen=0 route=mma-fp16-mixedacc total_ms=0.2028 rotate_ms=0.0533 matmul_ms=0.1372 epilogue_ms=0.0123
ESCHA_PROFILE k=2 ic=5120 oc=1024 rows=2048 gen=0 route=mma-fp16-mixedacc total_ms=0.2100 rotate_ms=0.0583 matmul_ms=0.1395 epilogue_ms=0.0123
ESCHA_PROFILE k=2 ic=6144 oc=5120 rows=2048 gen=0 route=mma-fp16-mixedacc total_ms=0.7106 rotate_ms=0.0471 matmul_ms=0.6185 epilogue_ms=0.0450
ESCHA_PROFILE k=2 ic=5120 oc=17408 rows=2048 gen=0 route=mma-fp16-mixedacc total_ms=2.1829 rotate_ms=0.0407 matmul_ms=1.9538 epilogue_ms=0.1884
ESCHA_PROFILE k=3 ic=5120 oc=17408 rows=2048 gen=0 route=mma-fp16-mixedacc total_ms=1.9684 rotate_ms=0.0586 matmul_ms=1.7223 epilogue_ms=0.1874
ESCHA_PROFILE k=3 ic=17408 oc=5120 rows=2048 gen=0 route=mma-fp32-mixedacc total_ms=2.4106 rotate_ms=0.1691 matmul_ms=2.1924 epilogue_ms=0.0492
ESCHA_PROFILE k=2 ic=5120 oc=10240 rows=2048 gen=0 route=mma-fp16-mixedacc total_ms=1.1817 rotate_ms=0.0410 matmul_ms=1.0322 epilogue_ms=0.1085
ESCHA_PROFILE k=2 ic=5120 oc=6144 rows=2048 gen=0 route=mma-fp16-mixedacc total_ms=0.7882 rotate_ms=0.0530 matmul_ms=0.6779 epilogue_ms=0.0573
ESCHA_PROFILE k=2 ic=6144 oc=5120 rows=2048 gen=0 route=mma-fp16-mixedacc total_ms=0.7197 rotate_ms=0.0508 matmul_ms=0.6241 epilogue_ms=0.0448
ESCHA_PROFILE k=2 ic=5120 oc=17408 rows=2048 gen=0 route=mma-fp16-mixedacc total_ms=1.8983 rotate_ms=0.0407 matmul_ms=1.6691 epilogue_ms=0.1884
ESCHA_PROFILE k=3 ic=5120 oc=17408 rows=2048 gen=0 route=mma-fp16-mixedacc total_ms=1.9681 rotate_ms=0.0553 matmul_ms=1.7244 epilogue_ms=0.1884
ESCHA_PROFILE k=3 ic=17408 oc=5120 rows=2048 gen=0 route=mma-fp32-mixedacc total_ms=2.4127 rotate_ms=0.1712 matmul_ms=2.1924 epilogue_ms=0.0491
ESCHA_PROFILE k=2 ic=5120 oc=10240 rows=2048 gen=0 route=mma-fp16-mixedacc total_ms=1.1858 rotate_ms=0.0410 matmul_ms=1.0342 epilogue_ms=0.1106
ESCHA_PROFILE k=2 ic=5120 oc=6144 rows=2048 gen=0 route=mma-fp16-mixedacc total_ms=0.7885 rotate_ms=0.0532 matmul_ms=0.6779 epilogue_ms=0.0574
ESCHA_PROFILE k=2 ic=6144 oc=5120 rows=2048 gen=0 route=mma-fp16-mixedacc total_ms=0.7201 rotate_ms=0.0504 matmul_ms=0.6246 epilogue_ms=0.0450
ESCHA_PROFILE k=2 ic=5120 oc=17408 rows=2048 gen=0 route=mma-fp16-mixedacc total_ms=1.9003 rotate_ms=0.0407 matmul_ms=1.6712 epilogue_ms=0.1884
ESCHA_PROFILE k=3 ic=5120 oc=17408 rows=2048 gen=0 route=mma-fp16-mixedacc total_ms=2.2837 rotate_ms=0.0565 matmul_ms=1.7203 epilogue_ms=0.5069
ESCHA_PROFILE k=3 ic=17408 oc=5120 rows=2048 gen=0 route=mma-fp32-mixedacc total_ms=2.4109 rotate_ms=0.1715 matmul_ms=2.1903 epilogue_ms=0.0491
ESCHA_PROFILE k=2 ic=5120 oc=10240 rows=2048 gen=0 route=mma-fp16-mixedacc total_ms=1.1796 rotate_ms=0.0410 matmul_ms=1.0301 epilogue_ms=0.1086
ESCHA_PROFILE k=2 ic=5120 oc=6144 rows=2048 gen=0 route=mma-fp16-mixedacc total_ms=0.7922 rotate_ms=0.0549 matmul_ms=0.6799 epilogue_ms=0.0573
ESCHA_PROFILE k=2 ic=6144 oc=5120 rows=2048 gen=0 route=mma-fp16-mixedacc total_ms=0.7201 rotate_ms=0.0504 matmul_ms=0.6246 epilogue_ms=0.0450
ESCHA_PROFILE k=2 ic=5120 oc=17408 rows=2048 gen=0 route=mma-fp16-mixedacc total_ms=1.8982 rotate_ms=0.0407 matmul_ms=1.6691 epilogue_ms=0.1884
ESCHA_PROFILE k=3 ic=5120 oc=17408 rows=2048 gen=0 route=mma-fp16-mixedacc total_ms=2.2356 rotate_ms=0.0565 matmul_ms=1.9907 epilogue_ms=0.1884
ESCHA_PROFILE k=3 ic=17408 oc=5120 rows=2048 gen=0 route=mma-fp32-mixedacc total_ms=2.4168 rotate_ms=0.1712 matmul_ms=2.1965 epilogue_ms=0.0491
ESCHA_PROFILE k=2 ic=5120 oc=12288 rows=2048 gen=0 route=mma-fp16-mixedacc total_ms=1.4457 rotate_ms=0.0407 matmul_ms=1.2739 epilogue_ms=0.1311
ESCHA_PROFILE k=2 ic=5120 oc=1024 rows=2048 gen=0 route=mma-fp16-mixedacc total_ms=0.2007 rotate_ms=0.0512 matmul_ms=0.1372 epilogue_ms=0.0123
ESCHA_PROFILE k=2 ic=5120 oc=1024 rows=2048 gen=0 route=mma-fp16-mixedacc total_ms=0.2067 rotate_ms=0.0540 matmul_ms=0.1405 epilogue_ms=0.0123
ESCHA_PROFILE k=2 ic=6144 oc=5120 rows=2048 gen=0 route=mma-fp16-mixedacc total_ms=0.7086 rotate_ms=0.0471 matmul_ms=0.6164 epilogue_ms=0.0451
ESCHA_PROFILE k=2 ic=5120 oc=17408 rows=2048 gen=0 route=mma-fp16-mixedacc total_ms=1.9003 rotate_ms=0.0407 matmul_ms=1.6712 epilogue_ms=0.1884
ESCHA_PROFILE k=3 ic=5120 oc=17408 rows=2048 gen=0 route=mma-fp16-mixedacc total_ms=1.9679 rotate_ms=0.0581 matmul_ms=1.7223 epilogue_ms=0.1874
ESCHA_PROFILE k=3 ic=17408 oc=5120 rows=2048 gen=0 route=mma-fp32-mixedacc total_ms=2.4107 rotate_ms=0.1692 matmul_ms=2.1924 epilogue_ms=0.0491
ESCHA_PROFILE k=2 ic=5120 oc=10240 rows=2048 gen=0 route=mma-fp16-mixedacc total_ms=1.4756 rotate_ms=0.0410 matmul_ms=1.3261 epilogue_ms=0.1085
ESCHA_PROFILE k=2 ic=5120 oc=6144 rows=2048 gen=0 route=mma-fp16-mixedacc total_ms=0.7903 rotate_ms=0.0530 matmul_ms=0.6799 epilogue_ms=0.0573
ESCHA_PROFILE k=2 ic=6144 oc=5120 rows=2048 gen=0 route=mma-fp16-mixedacc total_ms=0.7180 rotate_ms=0.0504 matmul_ms=0.6226 epilogue_ms=0.0451
ESCHA_PROFILE k=2 ic=5120 oc=17408 rows=2048 gen=0 route=mma-fp16-mixedacc total_ms=1.8985 rotate_ms=0.0410 matmul_ms=1.6691 epilogue_ms=0.1884
ESCHA_PROFILE k=3 ic=5120 oc=17408 rows=2048 gen=0 route=mma-fp16-mixedacc total_ms=1.9643 rotate_ms=0.0545 matmul_ms=1.7223 epilogue_ms=0.1874
ESCHA_PROFILE k=3 ic=17408 oc=5120 rows=2048 gen=0 route=mma-fp32-mixedacc total_ms=2.4185 rotate_ms=0.1750 matmul_ms=2.1944 epilogue_ms=0.0491
ESCHA_PROFILE k=2 ic=5120 oc=10240 rows=2048 gen=0 route=mma-fp16-mixedacc total_ms=1.1794 rotate_ms=0.0407 matmul_ms=1.0301 epilogue_ms=0.1085
ESCHA_PROFILE k=2 ic=5120 oc=6144 rows=2048 gen=0 route=mma-fp16-mixedacc total_ms=0.7903 rotate_ms=0.0530 matmul_ms=0.6799 epilogue_ms=0.0574
ESCHA_PROFILE k=2 ic=6144 oc=5120 rows=2048 gen=0 route=mma-fp16-mixedacc total_ms=0.7180 rotate_ms=0.0504 matmul_ms=0.6226 epilogue_ms=0.0450
ESCHA_PROFILE k=2 ic=5120 oc=17408 rows=2048 gen=0 route=mma-fp16-mixedacc total_ms=1.8962 rotate_ms=0.0407 matmul_ms=1.6671 epilogue_ms=0.1884
ESCHA_PROFILE k=3 ic=5120 oc=17408 rows=2048 gen=0 route=mma-fp16-mixedacc total_ms=1.9600 rotate_ms=0.0564 matmul_ms=1.7182 epilogue_ms=0.1854
ESCHA_PROFILE k=3 ic=17408 oc=5120 rows=2048 gen=0 route=mma-fp32-mixedacc total_ms=2.7537 rotate_ms=0.1753 matmul_ms=2.5293 epilogue_ms=0.0491
ESCHA_PROFILE k=2 ic=5120 oc=10240 rows=2048 gen=0 route=mma-fp16-mixedacc total_ms=1.1776 rotate_ms=0.0410 matmul_ms=1.0281 epilogue_ms=0.1085
ESCHA_PROFILE k=2 ic=5120 oc=6144 rows=2048 gen=0 route=mma-fp16-mixedacc total_ms=0.7903 rotate_ms=0.0530 matmul_ms=0.6799 epilogue_ms=0.0573
ESCHA_PROFILE k=2 ic=6144 oc=5120 rows=2048 gen=0 route=mma-fp16-mixedacc total_ms=0.7202 rotate_ms=0.0505 matmul_ms=0.6246 epilogue_ms=0.0450
ESCHA_PROFILE k=2 ic=5120 oc=17408 rows=2048 gen=0 route=mma-fp16-mixedacc total_ms=1.8962 rotate_ms=0.0407 matmul_ms=1.6671 epilogue_ms=0.1884
ESCHA_PROFILE k=3 ic=5120 oc=17408 rows=2048 gen=0 route=mma-fp16-mixedacc total_ms=1.9603 rotate_ms=0.0536 matmul_ms=1.7203 epilogue_ms=0.1864
ESCHA_PROFILE k=3 ic=17408 oc=5120 rows=2048 gen=0 route=mma-fp32-mixedacc total_ms=2.4127 rotate_ms=0.1712 matmul_ms=2.1924 epilogue_ms=0.0491
ESCHA_PROFILE k=2 ic=5120 oc=12288 rows=2048 gen=0 route=mma-fp16-mixedacc total_ms=1.4477 rotate_ms=0.0407 matmul_ms=1.2739 epilogue_ms=0.1331
ESCHA_PROFILE k=2 ic=5120 oc=1024 rows=2048 gen=0 route=mma-fp16-mixedacc total_ms=0.2042 rotate_ms=0.0534 matmul_ms=0.1385 epilogue_ms=0.0123
ESCHA_PROFILE k=2 ic=5120 oc=1024 rows=2048 gen=0 route=mma-fp16-mixedacc total_ms=0.2082 rotate_ms=0.0534 matmul_ms=0.1426 epilogue_ms=0.0123
ESCHA_PROFILE k=2 ic=6144 oc=5120 rows=2048 gen=0 route=mma-fp16-mixedacc total_ms=0.7127 rotate_ms=0.0471 matmul_ms=0.6205 epilogue_ms=0.0450
ESCHA_PROFILE k=2 ic=5120 oc=17408 rows=2048 gen=0 route=mma-fp16-mixedacc total_ms=1.9003 rotate_ms=0.0428 matmul_ms=1.6691 epilogue_ms=0.1884
ESCHA_PROFILE k=3 ic=5120 oc=17408 rows=2048 gen=0 route=mma-fp16-mixedacc total_ms=1.9663 rotate_ms=0.0565 matmul_ms=1.7203 epilogue_ms=0.1894
ESCHA_PROFILE k=3 ic=17408 oc=5120 rows=2048 gen=0 route=mma-fp32-mixedacc total_ms=2.4083 rotate_ms=0.1709 matmul_ms=2.1883 epilogue_ms=0.0491
ESCHA_PROFILE k=2 ic=5120 oc=10240 rows=2048 gen=0 route=mma-fp16-mixedacc total_ms=1.1813 rotate_ms=0.0406 matmul_ms=1.0322 epilogue_ms=0.1085
ESCHA_PROFILE k=2 ic=5120 oc=6144 rows=2048 gen=0 route=mma-fp16-mixedacc total_ms=0.7892 rotate_ms=0.0530 matmul_ms=0.6789 epilogue_ms=0.0574
ESCHA_PROFILE k=2 ic=6144 oc=5120 rows=2048 gen=0 route=mma-fp16-mixedacc total_ms=0.7180 rotate_ms=0.0504 matmul_ms=0.6226 epilogue_ms=0.0451
ESCHA_PROFILE k=2 ic=5120 oc=17408 rows=2048 gen=0 route=mma-fp16-mixedacc total_ms=1.9026 rotate_ms=0.0410 matmul_ms=1.6732 epilogue_ms=0.1884
ESCHA_PROFILE k=3 ic=5120 oc=17408 rows=2048 gen=0 route=mma-fp16-mixedacc total_ms=1.9660 rotate_ms=0.0582 matmul_ms=1.7203 epilogue_ms=0.1874
ESCHA_PROFILE k=3 ic=17408 oc=5120 rows=2048 gen=0 route=mma-fp32-mixedacc total_ms=2.4086 rotate_ms=0.1712 matmul_ms=2.1883 epilogue_ms=0.0491
ESCHA_PROFILE k=2 ic=5120 oc=10240 rows=2048 gen=0 route=mma-fp16-mixedacc total_ms=1.1794 rotate_ms=0.0407 matmul_ms=1.0301 epilogue_ms=0.1086
ESCHA_PROFILE k=2 ic=5120 oc=6144 rows=2048 gen=0 route=mma-fp16-mixedacc total_ms=0.7903 rotate_ms=0.0530 matmul_ms=0.6799 epilogue_ms=0.0573
ESCHA_PROFILE k=2 ic=6144 oc=5120 rows=2048 gen=0 route=mma-fp16-mixedacc total_ms=0.7221 rotate_ms=0.0504 matmul_ms=0.6267 epilogue_ms=0.0450
ESCHA_PROFILE k=2 ic=5120 oc=17408 rows=2048 gen=0 route=mma-fp16-mixedacc total_ms=2.1873 rotate_ms=0.0410 matmul_ms=1.9579 epilogue_ms=0.1884
ESCHA_PROFILE k=3 ic=5120 oc=17408 rows=2048 gen=0 route=mma-fp16-mixedacc total_ms=1.9658 rotate_ms=0.0581 matmul_ms=1.7203 epilogue_ms=0.1874
ESCHA_PROFILE k=3 ic=17408 oc=5120 rows=2048 gen=0 route=mma-fp32-mixedacc total_ms=2.4144 rotate_ms=0.1749 matmul_ms=2.1903 epilogue_ms=0.0491
ESCHA_PROFILE k=2 ic=5120 oc=10240 rows=2048 gen=0 route=mma-fp16-mixedacc total_ms=1.1909 rotate_ms=0.0428 matmul_ms=1.0375 epilogue_ms=0.1106
ESCHA_PROFILE k=2 ic=5120 oc=6144 rows=2048 gen=0 route=mma-fp16-mixedacc total_ms=0.7879 rotate_ms=0.0527 matmul_ms=0.6779 epilogue_ms=0.0573
ESCHA_PROFILE k=2 ic=6144 oc=5120 rows=2048 gen=0 route=mma-fp16-mixedacc total_ms=0.7178 rotate_ms=0.0501 matmul_ms=0.6226 epilogue_ms=0.0450
ESCHA_PROFILE k=2 ic=5120 oc=17408 rows=2048 gen=0 route=mma-fp16-mixedacc total_ms=1.9020 rotate_ms=0.0430 matmul_ms=1.6714 epilogue_ms=0.1876
ESCHA_PROFILE k=3 ic=5120 oc=17408 rows=2048 gen=0 route=mma-fp16-mixedacc total_ms=2.3164 rotate_ms=0.0564 matmul_ms=2.0716 epilogue_ms=0.1884
ESCHA_PROFILE k=3 ic=17408 oc=5120 rows=2048 gen=0 route=mma-fp32-mixedacc total_ms=2.4129 rotate_ms=0.1694 matmul_ms=2.1944 epilogue_ms=0.0491
ESCHA_PROFILE k=2 ic=5120 oc=12288 rows=2048 gen=0 route=mma-fp16-mixedacc total_ms=1.4456 rotate_ms=0.0406 matmul_ms=1.2718 epilogue_ms=0.1331
ESCHA_PROFILE k=2 ic=5120 oc=1024 rows=2048 gen=0 route=mma-fp16-mixedacc total_ms=0.2027 rotate_ms=0.0532 matmul_ms=0.1372 epilogue_ms=0.0123
ESCHA_PROFILE k=2 ic=5120 oc=1024 rows=2048 gen=0 route=mma-fp16-mixedacc total_ms=0.2097 rotate_ms=0.0550 matmul_ms=0.1425 epilogue_ms=0.0123
ESCHA_PROFILE k=2 ic=6144 oc=5120 rows=2048 gen=0 route=mma-fp16-mixedacc total_ms=0.7106 rotate_ms=0.0471 matmul_ms=0.6185 epilogue_ms=0.0450
ESCHA_PROFILE k=2 ic=5120 oc=17408 rows=2048 gen=0 route=mma-fp16-mixedacc total_ms=1.8982 rotate_ms=0.0387 matmul_ms=1.6712 epilogue_ms=0.1884
ESCHA_PROFILE k=3 ic=5120 oc=17408 rows=2048 gen=0 route=mma-fp16-mixedacc total_ms=1.9663 rotate_ms=0.0565 matmul_ms=1.7224 epilogue_ms=0.1874
ESCHA_PROFILE k=3 ic=17408 oc=5120 rows=2048 gen=0 route=mma-fp32-mixedacc total_ms=2.4146 rotate_ms=0.1700 matmul_ms=2.1955 epilogue_ms=0.0491
  {
    "build_commit": "7b1880f41",
    "build_number": 11284,
    "cpu_info": "AMD Ryzen 7 7800X3D 8-Core Processor",
    "gpu_info": "NVIDIA GeForce RTX 5090",
    "backends": "CUDA",
    "model_filename": "/mnt/d/CODEX WORKSPACE/escha-w2-lowgpu/weights/escha-w2-lowgpu-mono-parity.gguf",
    "model_type": "qwen35 27B F16",
    "model_size": 8608061440,
    "model_n_params": 4784193024,
    "n_batch": 2048,
    "n_ubatch": 2048,
    "n_threads": 8,
    "cpu_mask": "0x0",
    "cpu_strict": false,
    "poll": 50,
    "type_k": "f16",
    "type_v": "f16",
    "kv_tail_tokens": 0,
    "kv_tail_tokens_effective": 0,
    "kv_tail_type": "f16",
    "kvarn_route_split": 0,
    "kvarn_route_vector": 0,
    "kvarn_route_generic": 0,
    "kvarn_route_prefill": 0,
    "kvarn_route_families": 15,
    "kvarn_route_portable": 0,
    "kvarn_route_amd_generic": 0,
    "kvarn_route_amd_split": 0,
    "kvarn_route_amd_vector": 0,
    "kvarn_route_materialize": 0,
    "kvarn_route_split_reduce": 0,
    "kvarn_route_direct": 0,
    "kvarn_route_compact_tail": 0,
    "kvarn_route_generic_rejected": 0,
    "kv_k_payload_bytes": 0,
    "kv_v_payload_bytes": 0,
    "kv_exact_tail_bytes": 0,
    "kv_exact_history_bytes": 0,
    "kv_exact_overlay_bytes": 0,
    "kv_native_exact_bytes": 0,
    "kv_rollback_reserve_bytes": 0,
    "kv_transient_estimate_bytes": 0,
    "kv_staging_bytes": 0,
    "kv_metadata_bytes": 0,
    "kv_padding_bytes": 0,
    "kv_resident_bytes": 0,
    "kv_global_resident_bytes": 0,
    "kv_swa_resident_bytes": 0,
    "kv_allocated_capacity_tokens": 0,
    "kv_live_tokens": 0,
    "kv_descriptor_bytes": 0,
    "kv_tail_native_bodyless_layers": 0,
    "kv_tail_native_mixed_layers": 0,
    "kv_tail_device_fallback_layers": 0,
    "kv_tail_cpu_layers": 0,
    "kv_partial_output_bytes": 0,
    "kv_partial_meta_bytes": 0,
    "kv_tail_body_meta_bytes": 0,
    "kv_tail_exact_meta_bytes": 0,
    "kv_tail_pack_bytes": 0,
    "kv_tail_body_output_bytes": 0,
    "kv_tail_exact_output_bytes": 0,
    "kv_tail_plan_input_bytes": 0,
    "kv_transient_bytes": 0,
    "kv_peak_bytes": 0,
    "cuda_used_model_bytes": 0,
    "cuda_used_context_bytes": 0,
    "cuda_used_prefill_bytes": 0,
    "cuda_used_peak_bytes": 0,
    "cuda_used_after_context_bytes": 0,
    "cuda_total_bytes": 0,
    "cuda_context_buffer_bytes": 0,
    "cuda_non_kv_context_buffer_bytes": 0,
    "cuda_compute_buffer_bytes": 0,
    "cuda_context_delta_bytes": 0,
    "cuda_peak_delta_bytes": 0,
    "cuda_reconciliation_delta_bytes": 0,
    "cuda_runtime_overhead_bytes": 0,
    "cuda_teardown_delta_bytes": 0,
    "n_gpu_layers": 99,
    "n_cpu_moe": 0,
    "split_mode": "layer",
    "main_gpu": 0,
    "no_kv_offload": false,
    "flash_attn": 1,
    "devices": "auto",
    "tensor_split": "0.00",
    "tensor_buft_overrides": "none",
    "load_mode": "auto",
    "embeddings": false,
    "no_op_offload": 0,
    "no_host": false,
    "fit_target": 0,
    "fit_min_ctx": 0,
    "n_prompt": 2048,
    "n_gen": 0,
    "n_depth": 0,
    "test_time": "2026-09-01T13:01:18Z",
    "avg_ns": 1005622316,
    "stddev_ns": 0,
    "avg_ts": 2036.549873,
    "stddev_ts": 0.000000,
    "samples_ns": [ 1005622316 ],
    "planner_ns": [ 0 ],
    "samples_ts": [ 2036.55 ]
  }
]
